"BRAHMS","MASTER","gbifID","SarkID","ACCESSION","DETBY","DETDATE","LATDEC","LONGDEC","ALT","SP1","Species","roots","basisOfRecord","Ploidy","Source","countryCode","COUNTRY","genomeSize","GenomeSizeMethod","subclade","PClade"
NA,870,NA,885,"CIP 760030","","",-15.2764,-72.8617,3000,"acroscopicum_24","acroscopicum","tuberous","germplasm",24,"SŠrkinen","","","1.85","FCM","Petota","3"
NA,874,NA,889,"CIP 762869","","",-16.6192,-71.1739,3327,"acroscopicum_24","acroscopicum","tuberous","germplasm",24,"SŠrkinen","","","1.85","FCM","Petota","3"
NA,876,NA,891,"CIP 762867","","",-16.8644,-70.6703,3876,"acroscopicum_24","acroscopicum","tuberous","germplasm",24,"SŠrkinen","","","1.85","FCM","Petota","3"
NA,883,NA,898,"CIP 762863","","",-17.4511,-70.0131,3418,"acroscopicum_24","acroscopicum","tuberous","germplasm",24,"SŠrkinen","","","1.85","FCM","Petota","3"
NA,886,NA,901,"CIP 761268","","",-6.2431,-78.6144,2780,"acroscopicum_24","acroscopicum","tuberous","germplasm",24,"SŠrkinen","","","1.85","FCM","Petota","3"
NA,1,NA,1,"CIP 763516","","",-9.8972,-77.7447,4200,"acaule_48","acaule","tuberous","germplasm",48,"SŠrkinen","","","3.05","FCM","NA","NA"
NA,2,NA,2,"CIP 761464","","",-8.4544,-77.6961,4100,"acaule_48","acaule","tuberous","germplasm",48,"SŠrkinen","","","3.05","FCM","NA","NA"
NA,3,NA,3,"CIP 762478","","",-9.7586,-77.4428,3512,"acaule_48","acaule","tuberous","germplasm",48,"SŠrkinen","","","3.05","FCM","NA","NA"
NA,5,NA,5,"CIP 761057","","",-9.8831,-77.2947,4247,"acaule_48","acaule","tuberous","germplasm",48,"SŠrkinen","","","3.05","FCM","NA","NA"
NA,6,NA,6,"CIP 762417","","",-10.1914,-77.2319,4146,"acaule_48","acaule","tuberous","germplasm",48,"SŠrkinen","","","3.05","FCM","NA","NA"
NA,14,NA,14,"CIP 761438","","",-9.4564,-77.0772,4140,"acaule_48","acaule","tuberous","germplasm",48,"SŠrkinen","","","3.05","FCM","NA","NA"
NA,15,NA,15,"CIP 764217","","",-10.4617,-76.945,NA,"acaule_48","acaule","tuberous","germplasm",48,"SŠrkinen","","","3.05","FCM","NA","NA"
NA,17,NA,17,"CIP 761509","","",-10.5761,-76.7675,3947,"acaule_48","acaule","tuberous","germplasm",48,"SŠrkinen","","","3.05","FCM","NA","NA"
NA,20,NA,20,"CIP 762065","","",-11.8092,-76.6306,1609,"acaule_48","acaule","tuberous","germplasm",48,"SŠrkinen","","","3.05","FCM","NA","NA"
NA,24,NA,24,"CIP 761200","","",-11.4061,-76.5761,3643,"acaule_48","acaule","tuberous","germplasm",48,"SŠrkinen","","","3.05","FCM","NA","NA"
NA,26,NA,26,"CIP 761859","","",-11.0042,-76.3669,4295,"acaule_48","acaule","tuberous","germplasm",48,"SŠrkinen","","","3.05","FCM","NA","NA"
NA,28,NA,28,"CIP 761528","","",-11.5903,-76.3553,4573,"acaule_48","acaule","tuberous","germplasm",48,"SŠrkinen","","","3.05","FCM","NA","NA"
NA,29,NA,29,"CIP 762074","","",-12.2078,-76.3492,3873,"acaule_48","acaule","tuberous","germplasm",48,"SŠrkinen","","","3.05","FCM","NA","NA"
NA,32,NA,32,"CIP 762117","","",-11.7075,-76.2686,3734,"acaule_48","acaule","tuberous","germplasm",48,"SŠrkinen","","","3.05","FCM","NA","NA"
NA,33,NA,33,"CIP 762285","","",-10.7519,-76.2672,4272,"acaule_48","acaule","tuberous","germplasm",48,"SŠrkinen","","","3.05","FCM","NA","NA"
NA,41,NA,41,"CIP 761026","","",-12.1375,-76.2319,3044,"acaule_48","acaule","tuberous","germplasm",48,"SŠrkinen","","","3.05","FCM","NA","NA"
NA,45,NA,45,"CIP 762282","","",-11.5858,-76.0625,4231,"acaule_48","acaule","tuberous","germplasm",48,"SŠrkinen","","","3.05","FCM","NA","NA"
NA,46,NA,46,"CIP 764012","","",-10.9183,-76.0503,3889,"acaule_48","acaule","tuberous","germplasm",48,"SŠrkinen","","","3.05","FCM","NA","NA"
NA,51,NA,51,"CIP 762283","","",-11.4558,-75.955,3889,"acaule_48","acaule","tuberous","germplasm",48,"SŠrkinen","","","3.05","FCM","NA","NA"
NA,53,NA,53,"CIP 761852","","",-10.8558,-75.91,4179,"acaule_48","acaule","tuberous","germplasm",48,"SŠrkinen","","","3.05","FCM","NA","NA"
NA,57,NA,57,"CIP 761225","","",-11.6053,-75.8567,3600,"acaule_48","acaule","tuberous","germplasm",48,"SŠrkinen","","","3.05","FCM","NA","NA"
NA,61,NA,61,"CIP 761307","","",-10.7661,-75.7953,4000,"acaule_48","acaule","tuberous","germplasm",48,"SŠrkinen","","","3.05","FCM","NA","NA"
NA,65,NA,65,"CIP 761025","","",-10.7556,-75.6383,3126,"acaule_48","acaule","tuberous","germplasm",48,"SŠrkinen","","","3.05","FCM","NA","NA"
NA,67,NA,67,"CIP 761522","","",-12.7878,-74.9733,3681,"acaule_48","acaule","tuberous","germplasm",48,"SŠrkinen","","","3.05","FCM","NA","NA"
NA,70,NA,70,"CIP 761537","","",-13.4703,-74.8625,3810,"acaule_48","acaule","tuberous","germplasm",48,"SŠrkinen","","","3.05","FCM","NA","NA"
NA,71,NA,71,"CIP 761525","","",-13.1033,-74.7381,4100,"acaule_48","acaule","tuberous","germplasm",48,"SŠrkinen","","","3.05","FCM","NA","NA"
NA,73,NA,73,"CIP 764211","","",-9.1723,-74.3568,NA,"acaule_48","acaule","tuberous","germplasm",48,"SŠrkinen","","","3.05","FCM","NA","NA"
NA,74,NA,74,"CIP 761024","","",-14.4872,-74.3044,4000,"acaule_48","acaule","tuberous","germplasm",48,"SŠrkinen","","","3.05","FCM","NA","NA"
NA,80,NA,80,"CIP 763414","","",-13.3694,-74.1914,3724,"acaule_48","acaule","tuberous","germplasm",48,"SŠrkinen","","","3.05","FCM","NA","NA"
NA,84,NA,84,"CIP 761826","","",-14.6908,-74.1258,3242,"acaule_48","acaule","tuberous","germplasm",48,"SŠrkinen","","","3.05","FCM","NA","NA"
NA,92,NA,92,"CIP 761823","","",-14.2333,-74.0414,3178,"acaule_48","acaule","tuberous","germplasm",48,"SŠrkinen","","","3.05","FCM","NA","NA"
NA,93,NA,93,"CIP 761821","","",-14.6753,-74.0169,4200,"acaule_48","acaule","tuberous","germplasm",48,"SŠrkinen","","","3.05","FCM","NA","NA"
NA,100,NA,100,"CIP 761824","","",-13.5278,-73.8181,2235,"acaule_48","acaule","tuberous","germplasm",48,"SŠrkinen","","","3.05","FCM","NA","NA"
NA,103,NA,103,"CIP 761143","","",-15.2819,-73.5978,3400,"acaule_48","acaule","tuberous","germplasm",48,"SŠrkinen","","","3.05","FCM","NA","NA"
NA,106,NA,106,"CIP 764243","","",-14.5461,-73.5278,NA,"acaule_48","acaule","tuberous","germplasm",48,"SŠrkinen","","","3.05","FCM","NA","NA"
NA,108,NA,108,"CIP 761142","","",-13.7906,-73.4719,3890,"acaule_48","acaule","tuberous","germplasm",48,"SŠrkinen","","","3.05","FCM","NA","NA"
NA,109,NA,109,"CIP 764209","","",-14.2233,-73.0153,NA,"acaule_48","acaule","tuberous","germplasm",48,"SŠrkinen","","","3.05","FCM","NA","NA"
NA,110,NA,110,"CIP 760008","","",-13.5011,-72.8972,3051,"acaule_48","acaule","tuberous","germplasm",48,"SŠrkinen","","","3.05","FCM","NA","NA"
NA,112,NA,112,"CIP 761135","","",-14.5181,-72.7503,3900,"acaule_48","acaule","tuberous","germplasm",48,"SŠrkinen","","","3.05","FCM","NA","NA"
NA,114,NA,114,"CIP 762009","","",-13.1083,-72.5928,1588,"acaule_48","acaule","tuberous","germplasm",48,"SŠrkinen","","","3.05","FCM","NA","NA"
NA,115,NA,115,"CIP 761727","","",-13.7486,-72.2736,3861,"acaule_48","acaule","tuberous","germplasm",48,"SŠrkinen","","","3.05","FCM","NA","NA"
NA,116,NA,116,"CIP 761553","","",-14.2839,-72.0406,3551,"acaule_48","acaule","tuberous","germplasm",48,"SŠrkinen","","","3.05","FCM","NA","NA"
NA,117,NA,117,"CIP 761986","","",-13.0819,-72.0247,4100,"acaule_48","acaule","tuberous","germplasm",48,"SŠrkinen","","","3.05","FCM","NA","NA"
NA,119,NA,119,"CIP 761134","","",-14.6736,-72.0231,3924,"acaule_48","acaule","tuberous","germplasm",48,"SŠrkinen","","","3.05","FCM","NA","NA"
NA,128,NA,128,"CIP 761125","","",-13.3592,-71.8189,3831,"acaule_48","acaule","tuberous","germplasm",48,"SŠrkinen","","","3.05","FCM","NA","NA"
NA,133,NA,133,"CIP 761955","","",-15.5786,-71.7192,4350,"acaule_48","acaule","tuberous","germplasm",48,"SŠrkinen","","","3.05","FCM","NA","NA"
NA,140,NA,140,"CIP 761681","","",-13.9461,-71.6031,3783,"acaule_48","acaule","tuberous","germplasm",48,"SŠrkinen","","","3.05","FCM","NA","NA"
NA,141,NA,141,"CIP 761946","","",-15.9606,-71.5964,3794,"acaule_48","acaule","tuberous","germplasm",48,"SŠrkinen","","","3.05","FCM","NA","NA"
NA,147,NA,147,"CIP 762384","","",-14.4914,-71.4783,3857,"acaule_48","acaule","tuberous","germplasm",48,"SŠrkinen","","","3.05","FCM","NA","NA"
NA,152,NA,152,"CIP 761956","","",-15.485,-71.4567,3813,"acaule_48","acaule","tuberous","germplasm",48,"SŠrkinen","","","3.05","FCM","NA","NA"
NA,156,NA,156,"CIP 762567","","",-14.7925,-71.4119,3909,"acaule_48","acaule","tuberous","germplasm",48,"SŠrkinen","","","3.05","FCM","NA","NA"
NA,169,NA,169,"CIP 762420","","",-14.3844,-71.2981,4000,"acaule_48","acaule","tuberous","germplasm",48,"SŠrkinen","","","3.05","FCM","NA","NA"
NA,172,NA,172,"CIP 762427","","",-14.9719,-71.2708,4221,"acaule_48","acaule","tuberous","germplasm",48,"SŠrkinen","","","3.05","FCM","NA","NA"
NA,173,NA,173,"CIP 763204","","",-15.4989,-71.2236,3488,"acaule_48","acaule","tuberous","germplasm",48,"SŠrkinen","","","3.05","FCM","NA","NA"
NA,176,NA,176,"CIP 761620","","",-14.3736,-71.0961,4145,"acaule_48","acaule","tuberous","germplasm",48,"SŠrkinen","","","3.05","FCM","NA","NA"
NA,179,NA,179,"CIP 762213","","",-15.0475,-70.9583,4444,"acaule_48","acaule","tuberous","germplasm",48,"SŠrkinen","","","3.05","FCM","NA","NA"
NA,183,NA,183,"CIP 761229","","",-13.595,-70.9564,2783,"acaule_48","acaule","tuberous","germplasm",48,"SŠrkinen","","","3.05","FCM","NA","NA"
NA,184,NA,184,"CIP 761616","","",-14.5097,-70.9233,4153,"acaule_48","acaule","tuberous","germplasm",48,"SŠrkinen","","","3.05","FCM","NA","NA"
NA,186,NA,186,"CIP 760346","","",-14.5742,-70.8122,4175,"acaule_48","acaule","tuberous","germplasm",48,"SŠrkinen","","","3.05","FCM","NA","NA"
NA,193,NA,193,"CIP 761963","","",-15.6014,-70.785,4050,"acaule_48","acaule","tuberous","germplasm",48,"SŠrkinen","","","3.05","FCM","NA","NA"
NA,196,NA,196,"CIP 761961","","",-15.8589,-70.7528,4154,"acaule_48","acaule","tuberous","germplasm",48,"SŠrkinen","","","3.05","FCM","NA","NA"
NA,200,NA,200,"CIP 762865","","",-16.8653,-70.6706,3876,"acaule_48","acaule","tuberous","germplasm",48,"SŠrkinen","","","3.05","FCM","NA","NA"
NA,201,NA,201,"CIP 761972","","",-14.4511,-70.66,4055,"acaule_48","acaule","tuberous","germplasm",48,"SŠrkinen","","","3.05","FCM","NA","NA"
NA,204,NA,204,"CIP 761944","","",-17.1161,-70.3886,4405,"acaule_48","acaule","tuberous","germplasm",48,"SŠrkinen","","","3.05","FCM","NA","NA"
NA,205,NA,205,"CIP 760342","","",-15.7914,-70.36,3934,"acaule_48","acaule","tuberous","germplasm",48,"SŠrkinen","","","3.05","FCM","NA","NA"
NA,206,NA,206,"CIP 762378","","",-15.565,-70.3008,3859,"acaule_48","acaule","tuberous","germplasm",48,"SŠrkinen","","","3.05","FCM","NA","NA"
NA,214,NA,214,"CIP 761939","","",-17.2681,-70.2497,3328,"acaule_48","acaule","tuberous","germplasm",48,"SŠrkinen","","","3.05","FCM","NA","NA"
NA,216,NA,216,"CIP 762545","","",-15.3125,-70.2347,3900,"acaule_48","acaule","tuberous","germplasm",48,"SŠrkinen","","","3.05","FCM","NA","NA"
NA,221,NA,221,"CIP 761971","","",-14.4167,-70.0919,4300,"acaule_48","acaule","tuberous","germplasm",48,"SŠrkinen","","","3.05","FCM","NA","NA"
NA,223,NA,223,"CIP 762345","","",-15.7125,-70.0831,3822,"acaule_48","acaule","tuberous","germplasm",48,"SŠrkinen","","","3.05","FCM","NA","NA"
NA,230,NA,230,"CIP 761625","","",-15.9417,-69.9175,3820,"acaule_48","acaule","tuberous","germplasm",48,"SŠrkinen","","","3.05","FCM","NA","NA"
NA,232,NA,232,"CIP 760339","","",-15.2922,-69.8264,3950,"acaule_48","acaule","tuberous","germplasm",48,"SŠrkinen","","","3.05","FCM","NA","NA"
NA,235,NA,235,"CIP 761330","","",-15.9742,-69.7989,3827,"acaule_48","acaule","tuberous","germplasm",48,"SŠrkinen","","","3.05","FCM","NA","NA"
NA,239,NA,239,"CIP 762337","","",-14.2172,-69.7406,4156,"acaule_48","acaule","tuberous","germplasm",48,"SŠrkinen","","","3.05","FCM","NA","NA"
NA,240,NA,240,"CIP 761627","","",-16.0772,-69.6708,3843,"acaule_48","acaule","tuberous","germplasm",48,"SŠrkinen","","","3.05","FCM","NA","NA"
NA,241,NA,241,"CIP 762205","","",-14.31,-69.6308,3800,"acaule_48","acaule","tuberous","germplasm",48,"SŠrkinen","","","3.05","FCM","NA","NA"
NA,244,NA,244,"CIP 762194","","",-14.5206,-69.5547,4000,"acaule_48","acaule","tuberous","germplasm",48,"SŠrkinen","","","3.05","FCM","NA","NA"
NA,248,NA,248,"CIP 762209","","",-15.1183,-69.5514,3928,"acaule_48","acaule","tuberous","germplasm",48,"SŠrkinen","","","3.05","FCM","NA","NA"
NA,258,NA,258,"CIP 761331","","",-16.2147,-69.4592,3900,"acaule_48","acaule","tuberous","germplasm",48,"SŠrkinen","","","3.05","FCM","NA","NA"
NA,260,NA,260,"CIP 762145","","",-15.0083,-69.3933,4300,"acaule_48","acaule","tuberous","germplasm",48,"SŠrkinen","","","3.05","FCM","NA","NA"
NA,275,NA,275,"CIP 761332","","",-16.2728,-69.2931,3880,"acaule_48","acaule","tuberous","germplasm",48,"SŠrkinen","","","3.05","FCM","NA","NA"
NA,278,NA,278,"CIP 761286","","",-16.15,-69.0833,3825,"acaule_48","acaule","tuberous","germplasm",48,"SŠrkinen","","","3.05","FCM","NA","NA"
NA,282,NA,282,"CIP 762158","","",-14.8,-69.0833,4278,"acaule_48","acaule","tuberous","germplasm",48,"SŠrkinen","","","3.05","FCM","NA","NA"
NA,288,NA,288,"CIP 761340","","",-15.4,-69.0667,4215,"acaule_48","acaule","tuberous","germplasm",48,"SŠrkinen","","","3.05","FCM","NA","NA"
NA,289,NA,289,"CIP 761347","","",-15.75,-69.0667,3854,"acaule_48","acaule","tuberous","germplasm",48,"SŠrkinen","","","3.05","FCM","NA","NA"
NA,295,NA,295,"CIP 761336","","",-16.2167,-68.8333,3824,"acaule_48","acaule","tuberous","germplasm",48,"SŠrkinen","","","3.05","FCM","NA","NA"
NA,296,NA,296,"CIP 762301","","",-15.9667,-68.7167,3823,"acaule_48","acaule","tuberous","germplasm",48,"SŠrkinen","","","3.05","FCM","NA","NA"
NA,298,NA,298,"CIP 760332","","",-16.55,-68.7,3838,"acaule_48","acaule","tuberous","germplasm",48,"SŠrkinen","","","3.05","FCM","NA","NA"
NA,304,NA,304,"CIP 760316","","",-17.0167,-68.6167,3925,"acaule_48","acaule","tuberous","germplasm",48,"SŠrkinen","","","3.05","FCM","NA","NA"
NA,305,NA,305,"CIP 761290","","",-16.1667,-68.5667,3930,"acaule_48","acaule","tuberous","germplasm",48,"SŠrkinen","","","3.05","FCM","NA","NA"
NA,309,NA,309,"CIP 761294","","",-16.0667,-68.4667,4511,"acaule_48","acaule","tuberous","germplasm",48,"SŠrkinen","","","3.05","FCM","NA","NA"
NA,310,NA,310,"CIP 760314","","",-17.1667,-68.45,3988,"acaule_48","acaule","tuberous","germplasm",48,"SŠrkinen","","","3.05","FCM","NA","NA"
NA,312,NA,312,"CIP 762163","","",-14.6778,-68.3567,4368,"acaule_48","acaule","tuberous","germplasm",48,"SŠrkinen","","","3.05","FCM","NA","NA"
NA,317,NA,317,"CIP 764301","","",-16.65,-68.3,NA,"acaule_48","acaule","tuberous","germplasm",48,"SŠrkinen","","","3.05","FCM","NA","NA"
NA,318,NA,318,"CIP 762297","","",-15.3,-68.25,593,"acaule_48","acaule","tuberous","germplasm",48,"SŠrkinen","","","3.05","FCM","NA","NA"
NA,319,NA,319,"CIP 762299","","",-15.5478,-68.1789,4413,"acaule_48","acaule","tuberous","germplasm",48,"SŠrkinen","","","3.05","FCM","NA","NA"
NA,323,NA,323,"CIP 760212","","",-17.2333,-67.9167,3813,"acaule_48","acaule","tuberous","germplasm",48,"SŠrkinen","","","3.05","FCM","NA","NA"
NA,331,NA,331,"CIP 762307","","",-17.0833,-67.3167,4496,"acaule_48","acaule","tuberous","germplasm",48,"SŠrkinen","","","3.05","FCM","NA","NA"
NA,334,NA,334,"CIP 761350","","",-16.9833,-67.2167,3042,"acaule_48","acaule","tuberous","germplasm",48,"SŠrkinen","","","3.05","FCM","NA","NA"
NA,335,NA,335,"CIP 760882","","",-17.65,-67.1667,3783,"acaule_48","acaule","tuberous","germplasm",48,"SŠrkinen","","","3.05","FCM","NA","NA"
NA,337,NA,337,"CIP 761404","","",-18.1667,-67.0333,3720,"acaule_48","acaule","tuberous","germplasm",48,"SŠrkinen","","","3.05","FCM","NA","NA"
NA,338,NA,338,"CIP 760816","","",-17.7167,-66.9833,4118,"acaule_48","acaule","tuberous","germplasm",48,"SŠrkinen","","","3.05","FCM","NA","NA"
NA,339,NA,339,"CIP 760884","","",-18.7167,-66.8667,3718,"acaule_48","acaule","tuberous","germplasm",48,"SŠrkinen","","","3.05","FCM","NA","NA"
NA,340,NA,340,"CIP 760483","","",-18.2667,-66.85,4169,"acaule_48","acaule","tuberous","germplasm",48,"SŠrkinen","","","3.05","FCM","NA","NA"
NA,341,NA,341,"CIP 760448","","",-17.0667,-66.8167,3056,"acaule_48","acaule","tuberous","germplasm",48,"SŠrkinen","","","3.05","FCM","NA","NA"
NA,342,NA,342,"CIP 762565","","",-17.505,-66.6842,4100,"acaule_48","acaule","tuberous","germplasm",48,"SŠrkinen","","","3.05","FCM","NA","NA"
NA,346,NA,346,"CIP 760484","","",-18.2167,-66.4833,3454,"acaule_48","acaule","tuberous","germplasm",48,"SŠrkinen","","","3.05","FCM","NA","NA"
NA,348,NA,348,"CIP 760216","","",-17.4,-66.2831,2549,"acaule_48","acaule","tuberous","germplasm",48,"SŠrkinen","","","3.05","FCM","NA","NA"
NA,353,NA,353,"CIP 760496","","",-18.6667,-66.0167,4686,"acaule_48","acaule","tuberous","germplasm",48,"SŠrkinen","","","3.05","FCM","NA","NA"
NA,354,NA,354,"CIP 760267","","",-19.3747,-65.9442,3925,"acaule_48","acaule","tuberous","germplasm",48,"SŠrkinen","","","3.05","FCM","NA","NA"
NA,360,NA,360,"CIP 760510","","",-21.3703,-65.9439,3900,"acaule_48","acaule","tuberous","germplasm",48,"SŠrkinen","","","3.05","FCM","NA","NA"
NA,363,NA,363,"CIP 760495","","",-18.8333,-65.8333,3970,"acaule_48","acaule","tuberous","germplasm",48,"SŠrkinen","","","3.05","FCM","NA","NA"
NA,364,NA,364,"CIP 760526","","",-20.8333,-65.6833,2648,"acaule_48","acaule","tuberous","germplasm",48,"SŠrkinen","","","3.05","FCM","NA","NA"
NA,365,NA,365,"CIP 760213","","",-17.4333,-65.5833,4116,"acaule_48","acaule","tuberous","germplasm",48,"SŠrkinen","","","3.05","FCM","NA","NA"
NA,367,NA,367,"CIP 760456","","",-16.9167,-65.3667,259,"acaule_48","acaule","tuberous","germplasm",48,"SŠrkinen","","","3.05","FCM","NA","NA"
NA,368,NA,368,"CIP 760225","","",-20.4,-65.3,3579,"acaule_48","acaule","tuberous","germplasm",48,"SŠrkinen","","","3.05","FCM","NA","NA"
NA,369,NA,369,"CIP 761376","","",-21.7833,-65.1833,2710,"acaule_48","acaule","tuberous","germplasm",48,"SŠrkinen","","","3.05","FCM","NA","NA"
NA,370,NA,370,"CIP 764228","","",-23.6,-65.1333,NA,"acaule_48","acaule","tuberous","germplasm",48,"SŠrkinen","","","3.05","FCM","NA","NA"
NA,371,NA,371,"CIP 761385","","",-21.95,-65.1158,3853,"acaule_48","acaule","tuberous","germplasm",48,"SŠrkinen","","","3.05","FCM","NA","NA"
NA,377,NA,377,"CIP 760296","","",-21.7522,-65.0111,3700,"acaule_48","acaule","tuberous","germplasm",48,"SŠrkinen","","","3.05","FCM","NA","NA"
NA,682,NA,682,"472639","","",-23.196984,-65.685554,NA,"acaule_48","acaule","tuberous","germplasm",48,"SŠrkinen","","","3.05","FCM","NA","NA"
NA,684,NA,684,"472642","","",-23.233334,-65.549999,NA,"acaule_48","acaule","tuberous","germplasm",48,"SŠrkinen","","","3.05","FCM","NA","NA"
NA,685,NA,685,"472643","","",-22.403406,-64.916153,NA,"acaule_48","acaule","tuberous","germplasm",48,"SŠrkinen","","","3.05","FCM","NA","NA"
NA,686,NA,686,"472646","","",-22.166667,-65.366665,NA,"acaule_48","acaule","tuberous","germplasm",48,"SŠrkinen","","","3.05","FCM","NA","NA"
NA,688,NA,688,"472649","","",-22.349999,-65.066669,NA,"acaule_48","acaule","tuberous","germplasm",48,"SŠrkinen","","","3.05","FCM","NA","NA"
NA,689,NA,689,"472651","","",-21.95,-66.164888,NA,"acaule_48","acaule","tuberous","germplasm",48,"SŠrkinen","","","3.05","FCM","NA","NA"
NA,691,NA,691,"472681","","",-22.601083,-66.338333,NA,"acaule_48","acaule","tuberous","germplasm",48,"SŠrkinen","","","3.05","FCM","NA","NA"
NA,692,NA,692,"472682","","",-22.484416,-66.221622,NA,"acaule_48","acaule","tuberous","germplasm",48,"SŠrkinen","","","3.05","FCM","NA","NA"
NA,695,NA,695,"472691","","",-25.533334,-64.083328,NA,"acaule_48","acaule","tuberous","germplasm",48,"SŠrkinen","","","3.05","FCM","NA","NA"
NA,696,NA,696,"472693","","",-24.333523,-65.624404,NA,"acaule_48","acaule","tuberous","germplasm",48,"SŠrkinen","","","3.05","FCM","NA","NA"
NA,698,NA,698,"472696","","",-25.366665,-66.01667,NA,"acaule_48","acaule","tuberous","germplasm",48,"SŠrkinen","","","3.05","FCM","NA","NA"
NA,701,NA,701,"472763","","",-22.916667,-65.733334,NA,"acaule_48","acaule","tuberous","germplasm",48,"SŠrkinen","","","3.05","FCM","NA","NA"
NA,702,NA,702,"472767","","",-22.266665,-66.398514,NA,"acaule_48","acaule","tuberous","germplasm",48,"SŠrkinen","","","3.05","FCM","NA","NA"
NA,705,NA,705,"472790","","",-22.288644,-66.050234,NA,"acaule_48","acaule","tuberous","germplasm",48,"SŠrkinen","","","3.05","FCM","NA","NA"
NA,706,NA,706,"473165","","",-22.96155,-65.43798,NA,"acaule_48","acaule","tuberous","germplasm",48,"SŠrkinen","","","3.05","FCM","NA","NA"
NA,707,NA,707,"473399","","",-22.368202,-65.32886,NA,"acaule_48","acaule","tuberous","germplasm",48,"SŠrkinen","","","3.05","FCM","NA","NA"
NA,708,NA,708,"473431","","",-13.334915,-72.170868,NA,"acaule_48","acaule","tuberous","germplasm",48,"SŠrkinen","","","3.05","FCM","NA","NA"
NA,710,NA,710,"473434","","",-14.006656,-72.949459,NA,"acaule_48","acaule","tuberous","germplasm",48,"SŠrkinen","","","3.05","FCM","NA","NA"
NA,711,NA,711,"473438","","",-13.898589,-73.992756,NA,"acaule_48","acaule","tuberous","germplasm",48,"SŠrkinen","","","3.05","FCM","NA","NA"
NA,716,NA,716,"498187","","",-17.333333,-67.733334,NA,"acaule_48","acaule","tuberous","germplasm",48,"SŠrkinen","","","3.05","FCM","NA","NA"
NA,719,NA,719,"568894","","",-17.223411,-67.136443,NA,"acaule_48","acaule","tuberous","germplasm",48,"SŠrkinen","","","3.05","FCM","NA","NA"
NA,722,NA,722,"PI 208856","","",-26.866667,-65.683333,NA,"acaule_48","acaule","tuberous","germplasm",48,"SŠrkinen","","","3.05","FCM","NA","NA"
NA,726,NA,726,"PI 217449","","",-23.583333,-65.333333,NA,"acaule_48","acaule","tuberous","germplasm",48,"SŠrkinen","","","3.05","FCM","NA","NA"
NA,727,NA,727,"PI 246504","","",-15.683333,-70.516667,NA,"acaule_48","acaule","tuberous","germplasm",48,"SŠrkinen","","","3.05","FCM","NA","NA"
NA,729,NA,729,"PI 266386","","",-11.6,-75.366667,NA,"acaule_48","acaule","tuberous","germplasm",48,"SŠrkinen","","","3.05","FCM","NA","NA"
NA,731,NA,731,"PI 275128","","",-22.332778,-65.466944,NA,"acaule_48","acaule","tuberous","germplasm",48,"SŠrkinen","","","3.05","FCM","NA","NA"
NA,733,NA,733,"PI 275130","","",-25.15,-65.85,NA,"acaule_48","acaule","tuberous","germplasm",48,"SŠrkinen","","","3.05","FCM","NA","NA"
NA,736,NA,736,"PI 320276","","",-22.166667,-65.216667,NA,"acaule_48","acaule","tuberous","germplasm",48,"SŠrkinen","","","3.05","FCM","NA","NA"
NA,737,NA,737,"PI 365309","","",-9.866667,-76.533333,NA,"acaule_48","acaule","tuberous","germplasm",48,"SŠrkinen","","","3.05","FCM","NA","NA"
NA,738,NA,738,"PI 472637","","",-23.55,-64.95,NA,"acaule_48","acaule","tuberous","germplasm",48,"SŠrkinen","","","3.05","FCM","NA","NA"
NA,739,NA,739,"PI 472638","","",-24.032778,-65.55,NA,"acaule_48","acaule","tuberous","germplasm",48,"SŠrkinen","","","3.05","FCM","NA","NA"
NA,745,NA,745,"PI 472648","","",-22.833333,-65.966667,NA,"acaule_48","acaule","tuberous","germplasm",48,"SŠrkinen","","","3.05","FCM","NA","NA"
NA,748,NA,748,"PI 472656","","",-22.116667,-65.7,NA,"acaule_48","acaule","tuberous","germplasm",48,"SŠrkinen","","","3.05","FCM","NA","NA"
NA,752,NA,752,"PI 472666","","",-21.883333,-66.033333,NA,"acaule_48","acaule","tuberous","germplasm",48,"SŠrkinen","","","3.05","FCM","NA","NA"
NA,762,NA,762,"PI 472686","","",-22.116667,-65.466667,NA,"acaule_48","acaule","tuberous","germplasm",48,"SŠrkinen","","","3.05","FCM","NA","NA"
NA,765,NA,765,"PI 472692","","",-23.666667,-63.4,NA,"acaule_48","acaule","tuberous","germplasm",48,"SŠrkinen","","","3.05","FCM","NA","NA"
NA,771,NA,771,"PI 472719","","",-23.166667,-64.95,NA,"acaule_48","acaule","tuberous","germplasm",48,"SŠrkinen","","","3.05","FCM","NA","NA"
NA,772,NA,772,"PI 472720","","",-23.183333,-65.05,NA,"acaule_48","acaule","tuberous","germplasm",48,"SŠrkinen","","","3.05","FCM","NA","NA"
NA,781,NA,781,"PI 472779","","",-23.1,-65.166667,NA,"acaule_48","acaule","tuberous","germplasm",48,"SŠrkinen","","","3.05","FCM","NA","NA"
NA,795,NA,795,"PI 473319","","",-19.333333,-65.166667,NA,"acaule_48","acaule","tuberous","germplasm",48,"SŠrkinen","","","3.05","FCM","NA","NA"
NA,796,NA,796,"PI 473320","","",-19.633333,-65.066667,NA,"acaule_48","acaule","tuberous","germplasm",48,"SŠrkinen","","","3.05","FCM","NA","NA"
NA,797,NA,797,"PI 473322","","",-21.516667,-65.05,NA,"acaule_48","acaule","tuberous","germplasm",48,"SŠrkinen","","","3.05","FCM","NA","NA"
NA,799,NA,799,"PI 473325","","",-17.033333,-68.85,NA,"acaule_48","acaule","tuberous","germplasm",48,"SŠrkinen","","","3.05","FCM","NA","NA"
NA,801,NA,801,"PI 473327","","",-15.3,-69.966667,NA,"acaule_48","acaule","tuberous","germplasm",48,"SŠrkinen","","","3.05","FCM","NA","NA"
NA,805,NA,805,"PI 473484","","",-15.2,-71.766667,NA,"acaule_48","acaule","tuberous","germplasm",48,"SŠrkinen","","","3.05","FCM","NA","NA"
NA,811,NA,811,"PI 473513","","",-13.516667,-71.983333,NA,"acaule_48","acaule","tuberous","germplasm",48,"SŠrkinen","","","3.05","FCM","NA","NA"
NA,815,NA,815,"PI 498066","","",-19.6,-65.95,NA,"acaule_48","acaule","tuberous","germplasm",48,"SŠrkinen","","","3.05","FCM","NA","NA"
NA,816,NA,816,"PI 498081","","",-17.233333,-66.05,NA,"acaule_48","acaule","tuberous","germplasm",48,"SŠrkinen","","","3.05","FCM","NA","NA"
NA,819,NA,819,"PI 498178","","",-14.566667,-73.783333,NA,"acaule_48","acaule","tuberous","germplasm",48,"SŠrkinen","","","3.05","FCM","NA","NA"
NA,828,NA,828,"PI 498188","","",-21.45,-65.716667,NA,"acaule_48","acaule","tuberous","germplasm",48,"SŠrkinen","","","3.05","FCM","NA","NA"
NA,833,NA,833,"PI 498197","","",-7.466667,-76.616667,NA,"acaule_48","acaule","tuberous","germplasm",48,"SŠrkinen","","","3.05","FCM","NA","NA"
NA,835,NA,835,"PI 498297","","",-13.533333,-72.45,NA,"acaule_48","acaule","tuberous","germplasm",48,"SŠrkinen","","","3.05","FCM","NA","NA"
NA,837,NA,837,"PI 545837","","",-17.416667,-66.833333,NA,"acaule_48","acaule","tuberous","germplasm",48,"SŠrkinen","","","3.05","FCM","NA","NA"
NA,841,NA,841,"PI 545841","","",-21.133333,-65.8,NA,"acaule_48","acaule","tuberous","germplasm",48,"SŠrkinen","","","3.05","FCM","NA","NA"
NA,842,NA,842,"PI 545842","","",-19.533333,-65.733333,NA,"acaule_48","acaule","tuberous","germplasm",48,"SŠrkinen","","","3.05","FCM","NA","NA"
NA,849,NA,849,"PI 545937","","",-17.033333,-67.85,NA,"acaule_48","acaule","tuberous","germplasm",48,"SŠrkinen","","","3.05","FCM","NA","NA"
NA,851,NA,851,"PI 545942","","",-15.716667,-68.85,NA,"acaule_48","acaule","tuberous","germplasm",48,"SŠrkinen","","","3.05","FCM","NA","NA"
NA,853,NA,853,"PI 545944","","",-17.333333,-67.383333,NA,"acaule_48","acaule","tuberous","germplasm",48,"SŠrkinen","","","3.05","FCM","NA","NA"
NA,855,NA,855,"PI 545946","","",-17.966667,-66.933333,NA,"acaule_48","acaule","tuberous","germplasm",48,"SŠrkinen","","","3.05","FCM","NA","NA"
NA,857,NA,857,"PI 545952","","",-17.783333,-66.816667,NA,"acaule_48","acaule","tuberous","germplasm",48,"SŠrkinen","","","3.05","FCM","NA","NA"
NA,858,NA,858,"PI 545954","","",-19.516667,-64.683333,NA,"acaule_48","acaule","tuberous","germplasm",48,"SŠrkinen","","","3.05","FCM","NA","NA"
NA,861,NA,861,"PI 558024","","",-24.1,-65.666667,NA,"acaule_48","acaule","tuberous","germplasm",48,"SŠrkinen","","","3.05","FCM","NA","NA"
NA,933,NA,948,"PI 275132","","",-23.716667,-65.283333,NA,"aemulans_48","aemulans","tuberous","germplasm",48,"SŠrkinen","","","3.24","FCM","NA","NA"
NA,934,NA,949,"PI 275133","","",-28.966667,-67.7,NA,"aemulans_48","aemulans","tuberous","germplasm",48,"SŠrkinen","","","3.24","FCM","NA","NA"
NA,935,NA,950,"PI 472794","","",-23.583333,-65.2,NA,"aemulans_48","aemulans","tuberous","germplasm",48,"SŠrkinen","","","3.24","FCM","NA","NA"
NA,1053,NA,1270,"CIP 762818","","",-2.5608,-78.005,621,"andreanum_24","andreanum","tuberous","germplasm",24,"SŠrkinen","","","1.8","FCM","NA","NA"
NA,1056,NA,1273,"CIP 762806","","",-0.6353,-77.72,2650,"andreanum_24","andreanum","tuberous","germplasm",24,"SŠrkinen","","","1.8","FCM","NA","NA"
NA,1057,NA,1274,"CIP 764057","","",1.2167,-77.2667,NA,"andreanum_24","andreanum","tuberous","germplasm",24,"SŠrkinen","","","1.8","FCM","NA","NA"
NA,1058,NA,1275,"CIP 762677","","",1.2192,-76.9561,2086,"andreanum_24","andreanum","tuberous","germplasm",24,"SŠrkinen","","","1.8","FCM","NA","NA"
NA,1059,NA,1276,"CIP 763108","","",2.385,-76.8558,NA,"andreanum_24","andreanum","tuberous","germplasm",24,"SŠrkinen","","","1.8","FCM","NA","NA"
NA,1158,NA,1375,"567813","","",1.545452,-77.1175,NA,"andreanum_24","andreanum","tuberous","germplasm",24,"SŠrkinen","","","1.8","FCM","NA","NA"
NA,1159,NA,1376,"567819","","",0.642858,-77.668447,NA,"andreanum_24","andreanum","tuberous","germplasm",24,"SŠrkinen","","","1.8","FCM","NA","NA"
NA,1163,NA,1380,"597668","","",0.766274,-76.582947,NA,"andreanum_24","andreanum","tuberous","germplasm",24,"SŠrkinen","","","1.8","FCM","NA","NA"
NA,1064,NA,1281,"CIP 762800","","",-2.0136,-78.9272,3770,"andreanum_48","andreanum","tuberous","germplasm",48,"SŠrkinen","","","3.57","FCM","NA","NA"
NA,1065,NA,1282,"CIP 762798","","",-1.6333,-78.8725,3725,"andreanum_48","andreanum","tuberous","germplasm",48,"SŠrkinen","","","3.57","FCM","NA","NA"
NA,1066,NA,1283,"CIP 762816","","",-2.005,-78.6892,3600,"andreanum_48","andreanum","tuberous","germplasm",48,"SŠrkinen","","","3.57","FCM","NA","NA"
NA,1067,NA,1284,"CIP 761161","","",-1.2558,-78.6094,3550,"andreanum_48","andreanum","tuberous","germplasm",48,"SŠrkinen","","","3.57","FCM","NA","NA"
NA,1070,NA,1287,"CIP 763798","","",-0.6167,-78.5667,2786,"andreanum_48","andreanum","tuberous","germplasm",48,"SŠrkinen","","","3.57","FCM","NA","NA"
NA,1075,NA,1292,"CIP 761608","","",-0.7833,-78.4833,3582,"andreanum_48","andreanum","tuberous","germplasm",48,"SŠrkinen","","","3.57","FCM","NA","NA"
NA,1076,NA,1293,"CIP 761595","","",-1.8333,-78.4167,3944,"andreanum_48","andreanum","tuberous","germplasm",48,"SŠrkinen","","","3.57","FCM","NA","NA"
NA,1077,NA,1294,"CIP 763776","","",-2.7167,-78.25,621,"andreanum_48","andreanum","tuberous","germplasm",48,"SŠrkinen","","","3.57","FCM","NA","NA"
NA,1078,NA,1295,"CIP 762787","","",-0.0033,-78.0622,3450,"andreanum_48","andreanum","tuberous","germplasm",48,"SŠrkinen","","","3.57","FCM","NA","NA"
NA,1080,NA,1297,"CIP 761597","","",-1.6167,-76.7967,3200,"andreanum_48","andreanum","tuberous","germplasm",48,"SŠrkinen","","","3.57","FCM","NA","NA"
NA,1085,NA,1302,"CIP 761834","","",-0.0167,-78.45,2536,"andreanum_48","andreanum","tuberous","germplasm",48,"SŠrkinen","","","3.57","FCM","NA","NA"
NA,1086,NA,1303,"CIP 763795","","",-0.3,-78.2667,2439,"andreanum_48","andreanum","tuberous","germplasm",48,"SŠrkinen","","","3.57","FCM","NA","NA"
NA,1088,NA,1305,"CIP 762804","","",-0.8,-77.7167,2939,"andreanum_48","andreanum","tuberous","germplasm",48,"SŠrkinen","","","3.57","FCM","NA","NA"
NA,1090,NA,1307,"CIP 762711","","",1.0833,-77.6,2973,"andreanum_48","andreanum","tuberous","germplasm",48,"SŠrkinen","","","3.57","FCM","NA","NA"
NA,1166,NA,1383,"PI 246971","","",-1.616667,-79,NA,"andreanum_48","andreanum","tuberous","germplasm",48,"SŠrkinen","","","3.57","FCM","NA","NA"
NA,1170,NA,1387,"PI 498177","","",0.9,-77.783333,NA,"andreanum_48","andreanum","tuberous","germplasm",48,"SŠrkinen","","","3.57","FCM","NA","NA"
NA,1438,NA,2004,"CIP 761393","","",-17.925,-65.4689,2300,"brevicaule_24","brevicaule","tuberous","germplasm",24,"SŠrkinen","","","1.72","FCM","Petota","4 South"
NA,1439,NA,2005,"CIP 761394","","",-17.9331,-65.1669,2266,"brevicaule_24","brevicaule","tuberous","germplasm",24,"SŠrkinen","","","1.72","FCM","Petota","4 South"
NA,1442,NA,2008,"CIP 760424","","",-18.1667,-65.1667,2293,"brevicaule_24","brevicaule","tuberous","germplasm",24,"SŠrkinen","","","1.72","FCM","Petota","4 South"
NA,1447,NA,2013,"CIP 760471","","",-17.7072,-65.15,3004,"brevicaule_24","brevicaule","tuberous","germplasm",24,"SŠrkinen","","","1.72","FCM","Petota","4 South"
NA,1450,NA,2016,"CIP 764189","","",-20.4167,-65.1333,NA,"brevicaule_24","brevicaule","tuberous","germplasm",24,"SŠrkinen","","","1.72","FCM","Petota","4 South"
NA,1451,NA,2017,"CIP 762310","","",-17.7333,-64.8667,2367,"brevicaule_24","brevicaule","tuberous","germplasm",24,"SŠrkinen","","","1.72","FCM","Petota","4 South"
NA,1453,NA,2019,"CIP 760468","","",-19.9561,-64.4769,2100,"brevicaule_24","brevicaule","tuberous","germplasm",24,"SŠrkinen","","","1.72","FCM","Petota","4 South"
NA,1462,NA,2028,"CIP 761812","","",-14.2233,-73.0153,3545,"brevicaule_24","brevicaule","tuberous","germplasm",24,"SŠrkinen","","","1.72","FCM","Petota","4 South"
NA,1464,NA,2030,"CIP 762928","","",-12.445,-74.7811,3345,"brevicaule_24","brevicaule","tuberous","germplasm",24,"SŠrkinen","","","1.72","FCM","Petota","4 South"
NA,1466,NA,2032,"CIP 762926","","",-12.4061,-74.6619,2989,"brevicaule_24","brevicaule","tuberous","germplasm",24,"SŠrkinen","","","1.72","FCM","Petota","4 South"
NA,1467,NA,2033,"CIP 763146","","",-15.6667,-69.1333,4215,"brevicaule_24","brevicaule","tuberous","germplasm",24,"SŠrkinen","","","1.72","FCM","Petota","4 South"
NA,1468,NA,2034,"CIP 762304","","",-16.8897,-67.1492,3042,"brevicaule_24","brevicaule","tuberous","germplasm",24,"SŠrkinen","","","1.72","FCM","Petota","4 South"
NA,1469,NA,2035,"CIP 763145","","",-17.8833,-66.5333,3631,"brevicaule_24","brevicaule","tuberous","germplasm",24,"SŠrkinen","","","1.72","FCM","Petota","4 South"
NA,1471,NA,2037,"CIP 760245","","",-17.4,-66.2831,2549,"brevicaule_24","brevicaule","tuberous","germplasm",24,"SŠrkinen","","","1.72","FCM","Petota","4 South"
NA,1476,NA,2042,"CIP 763144","","",-17.3833,-66.15,2583,"brevicaule_24","brevicaule","tuberous","germplasm",24,"SŠrkinen","","","1.72","FCM","Petota","4 South"
NA,1478,NA,2044,"CIP 760461","","",-17.3833,-66.0333,2846,"brevicaule_24","brevicaule","tuberous","germplasm",24,"SŠrkinen","","","1.72","FCM","Petota","4 South"
NA,1480,NA,2046,"CIP 763095","","",-19.5836,-65.7531,3324,"brevicaule_24","brevicaule","tuberous","germplasm",24,"SŠrkinen","","","1.72","FCM","Petota","4 South"
NA,1481,NA,2047,"CIP 761074","","",-18.9833,-65.3667,3133,"brevicaule_24","brevicaule","tuberous","germplasm",24,"SŠrkinen","","","1.72","FCM","Petota","4 South"
NA,1482,NA,2048,"CIP 762364","","",-13.1556,-73.1317,3700,"brevicaule_24","brevicaule","tuberous","germplasm",24,"SŠrkinen","","","1.72","FCM","Petota","4 South"
NA,1488,NA,2054,"CIP 761667","","",-13.4978,-72.8928,3068,"brevicaule_24","brevicaule","tuberous","germplasm",24,"SŠrkinen","","","1.72","FCM","Petota","4 South"
NA,1495,NA,2061,"CIP 764198","","",-13.5728,-72.6267,NA,"brevicaule_24","brevicaule","tuberous","germplasm",24,"SŠrkinen","","","1.72","FCM","Petota","4 South"
NA,1498,NA,2064,"CIP 761810","","",-13.5072,-72.5325,2881,"brevicaule_24","brevicaule","tuberous","germplasm",24,"SŠrkinen","","","1.72","FCM","Petota","4 South"
NA,1500,NA,2066,"CIP 761689","","",-13.2031,-72.5028,3700,"brevicaule_24","brevicaule","tuberous","germplasm",24,"SŠrkinen","","","1.72","FCM","Petota","4 South"
NA,1510,NA,2076,"CIP 761728","","",-13.7453,-72.3558,3404,"brevicaule_24","brevicaule","tuberous","germplasm",24,"SŠrkinen","","","1.72","FCM","Petota","4 South"
NA,1511,NA,2077,"CIP 761729","","",-13.6128,-72.2722,3600,"brevicaule_24","brevicaule","tuberous","germplasm",24,"SŠrkinen","","","1.72","FCM","Petota","4 South"
NA,1516,NA,2082,"CIP 762363","","",-13.2739,-72.2236,2972,"brevicaule_24","brevicaule","tuberous","germplasm",24,"SŠrkinen","","","1.72","FCM","Petota","4 South"
NA,1517,NA,2083,"CIP 761715","","",-13.9172,-72.2133,3600,"brevicaule_24","brevicaule","tuberous","germplasm",24,"SŠrkinen","","","1.72","FCM","Petota","4 South"
NA,1519,NA,2085,"CIP 761736","","",-14.3414,-71.9292,3945,"brevicaule_24","brevicaule","tuberous","germplasm",24,"SŠrkinen","","","1.72","FCM","Petota","4 South"
NA,1522,NA,2088,"CIP 764230","","",-24.7667,-65.7333,2320,"brevicaule_24","brevicaule","tuberous","germplasm",24,"SŠrkinen","","","1.72","FCM","Petota","4 South"
NA,1526,NA,2092,"CIP 763702","","",-24.2967,-64.8203,NA,"brevicaule_24","brevicaule","tuberous","germplasm",24,"SŠrkinen","","","1.72","FCM","Petota","4 South"
NA,1528,NA,2094,"CIP 761701","","",-14.2014,-72.9214,4500,"brevicaule_24","brevicaule","tuberous","germplasm",24,"SŠrkinen","","","1.72","FCM","Petota","4 South"
NA,1529,NA,2095,"CIP 761712","","",-14.5181,-72.7503,3550,"brevicaule_24","brevicaule","tuberous","germplasm",24,"SŠrkinen","","","1.72","FCM","Petota","4 South"
NA,1530,NA,2096,"CIP 761766","","",-13.8875,-72.6397,4162,"brevicaule_24","brevicaule","tuberous","germplasm",24,"SŠrkinen","","","1.72","FCM","Petota","4 South"
NA,1533,NA,2099,"CIP 761765","","",-14.2125,-72.5667,3800,"brevicaule_24","brevicaule","tuberous","germplasm",24,"SŠrkinen","","","1.72","FCM","Petota","4 South"
NA,1536,NA,2102,"CIP 761679","","",-13.8858,-71.4383,3500,"brevicaule_24","brevicaule","tuberous","germplasm",24,"SŠrkinen","","","1.72","FCM","Petota","4 South"
NA,1538,NA,2104,"CIP 761156","","",-15.8392,-70.0292,3856,"brevicaule_24","brevicaule","tuberous","germplasm",24,"SŠrkinen","","","1.72","FCM","Petota","4 South"
NA,1539,NA,2105,"CIP 762490","","",-16.1833,-69.0833,4006,"brevicaule_24","brevicaule","tuberous","germplasm",24,"SŠrkinen","","","1.72","FCM","Petota","4 South"
NA,1540,NA,2106,"CIP 760333","","",-16.5647,-69.0408,3824,"brevicaule_24","brevicaule","tuberous","germplasm",24,"SŠrkinen","","","1.72","FCM","Petota","4 South"
NA,1541,NA,2107,"CIP 760598","","",-16.2333,-68.85,4002,"brevicaule_24","brevicaule","tuberous","germplasm",24,"SŠrkinen","","","1.72","FCM","Petota","4 South"
NA,1542,NA,2108,"CIP 760328","","",-17.2667,-68.7167,3884,"brevicaule_24","brevicaule","tuberous","germplasm",24,"SŠrkinen","","","1.72","FCM","Petota","4 South"
NA,1545,NA,2111,"CIP 760805","","",-16.6833,-68.0333,2923,"brevicaule_24","brevicaule","tuberous","germplasm",24,"SŠrkinen","","","1.72","FCM","Petota","4 South"
NA,1546,NA,2112,"CIP 763061","","",-23.9433,-67.9739,4368,"brevicaule_24","brevicaule","tuberous","germplasm",24,"SŠrkinen","","","1.72","FCM","Petota","4 South"
NA,1548,NA,2114,"CIP 760895","","",-18.6,-66.9167,3720,"brevicaule_24","brevicaule","tuberous","germplasm",24,"SŠrkinen","","","1.72","FCM","Petota","4 South"
NA,1550,NA,2116,"CIP 763148","","",-18.1667,-66.4333,3684,"brevicaule_24","brevicaule","tuberous","germplasm",24,"SŠrkinen","","","1.72","FCM","Petota","4 South"
NA,1553,NA,2119,"CIP 763087","","",-19.7939,-65.5028,3278,"brevicaule_24","brevicaule","tuberous","germplasm",24,"SŠrkinen","","","1.72","FCM","Petota","4 South"
NA,1554,NA,2120,"CIP 763139","","",-23.85,-65.4667,2099,"brevicaule_24","brevicaule","tuberous","germplasm",24,"SŠrkinen","","","1.72","FCM","Petota","4 South"
NA,1557,NA,2123,"CIP 760684","","",-23.5667,-65.3333,3660,"brevicaule_24","brevicaule","tuberous","germplasm",24,"SŠrkinen","","","1.72","FCM","Petota","4 South"
NA,1558,NA,2124,"CIP 763022","","",-19.0431,-65.2592,3200,"brevicaule_24","brevicaule","tuberous","germplasm",24,"SŠrkinen","","","1.72","FCM","Petota","4 South"
NA,1561,NA,2127,"CIP 760673","","",-22.7972,-64.9094,3250,"brevicaule_24","brevicaule","tuberous","germplasm",24,"SŠrkinen","","","1.72","FCM","Petota","4 South"
NA,1566,NA,2132,"CIP 762555","","",-13.2369,-72.3181,2700,"brevicaule_24","brevicaule","tuberous","germplasm",24,"SŠrkinen","","","1.72","FCM","Petota","4 South"
NA,1573,NA,2139,"CIP 762361","","",-13.245,-72.1317,3000,"brevicaule_24","brevicaule","tuberous","germplasm",24,"SŠrkinen","","","1.72","FCM","Petota","4 South"
NA,1581,NA,2147,"CIP 761746","","",-13.5347,-71.925,3400,"brevicaule_24","brevicaule","tuberous","germplasm",24,"SŠrkinen","","","1.72","FCM","Petota","4 South"
NA,1586,NA,2152,"CIP 761740","","",-13.5525,-71.8314,3250,"brevicaule_24","brevicaule","tuberous","germplasm",24,"SŠrkinen","","","1.72","FCM","Petota","4 South"
NA,1589,NA,2155,"CIP 762399","","",-14.0536,-71.6244,3800,"brevicaule_24","brevicaule","tuberous","germplasm",24,"SŠrkinen","","","1.72","FCM","Petota","4 South"
NA,1590,NA,2156,"CIP 761698","","",-13.3186,-71.5956,2923,"brevicaule_24","brevicaule","tuberous","germplasm",24,"SŠrkinen","","","1.72","FCM","Petota","4 South"
NA,1592,NA,2158,"CIP 761012","","",-13.8211,-71.5406,3214,"brevicaule_24","brevicaule","tuberous","germplasm",24,"SŠrkinen","","","1.72","FCM","Petota","4 South"
NA,1593,NA,2159,"CIP 761693","","",-13.3219,-71.4961,2980,"brevicaule_24","brevicaule","tuberous","germplasm",24,"SŠrkinen","","","1.72","FCM","Petota","4 South"
NA,1595,NA,2161,"CIP 761757","","",-13.4992,-71.0192,3250,"brevicaule_24","brevicaule","tuberous","germplasm",24,"SŠrkinen","","","1.72","FCM","Petota","4 South"
NA,1596,NA,2162,"CIP 762733","","",-14.0561,-70.4703,4200,"brevicaule_24","brevicaule","tuberous","germplasm",24,"SŠrkinen","","","1.72","FCM","Petota","4 South"
NA,1598,NA,2164,"CIP 761001","","",-16.05,-68.6833,3848,"brevicaule_24","brevicaule","tuberous","germplasm",24,"SŠrkinen","","","1.72","FCM","Petota","4 South"
NA,1602,NA,2168,"CIP 760234","","",-17.7167,-66.2333,2525,"brevicaule_24","brevicaule","tuberous","germplasm",24,"SŠrkinen","","","1.72","FCM","Petota","4 South"
NA,1609,NA,2175,"CIP 760445","","",-17.7453,-65.9689,3241,"brevicaule_24","brevicaule","tuberous","germplasm",24,"SŠrkinen","","","1.72","FCM","Petota","4 South"
NA,1612,NA,2178,"CIP 760239","","",-17.5667,-65.7667,2809,"brevicaule_24","brevicaule","tuberous","germplasm",24,"SŠrkinen","","","1.72","FCM","Petota","4 South"
NA,1613,NA,2179,"CIP 761358","","",-19.5833,-65.2833,3271,"brevicaule_24","brevicaule","tuberous","germplasm",24,"SŠrkinen","","","1.72","FCM","Petota","4 South"
NA,1615,NA,2181,"CIP 762309","","",-17.7167,-65.0333,3398,"brevicaule_24","brevicaule","tuberous","germplasm",24,"SŠrkinen","","","1.72","FCM","Petota","4 South"
NA,1616,NA,2182,"CIP 763932","","",-19.1808,-64.9864,3000,"brevicaule_24","brevicaule","tuberous","germplasm",24,"SŠrkinen","","","1.72","FCM","Petota","4 South"
NA,1617,NA,2183,"CIP 760230","","",-17.1775,-64.885,2600,"brevicaule_24","brevicaule","tuberous","germplasm",24,"SŠrkinen","","","1.72","FCM","Petota","4 South"
NA,1618,NA,2184,"CIP 763138","","",-28.5833,-68.15,2850,"brevicaule_24","brevicaule","tuberous","germplasm",24,"SŠrkinen","","","1.72","FCM","Petota","4 South"
NA,1620,NA,2186,"CIP 763132","","",-28.8333,-67.6667,2199,"brevicaule_24","brevicaule","tuberous","germplasm",24,"SŠrkinen","","","1.72","FCM","Petota","4 South"
NA,1634,NA,2200,"CIP 761285","","",-16.0167,-69.1667,3852,"brevicaule_24","brevicaule","tuberous","germplasm",24,"SŠrkinen","","","1.72","FCM","Petota","4 South"
NA,1645,NA,2211,"CIP 764236","","",-23.9333,-66.35,3700,"brevicaule_24","brevicaule","tuberous","germplasm",24,"SŠrkinen","","","1.72","FCM","Petota","4 South"
NA,1646,NA,2212,"CIP 763705","","",-24.2667,-66.3167,NA,"brevicaule_24","brevicaule","tuberous","germplasm",24,"SŠrkinen","","","1.72","FCM","Petota","4 South"
NA,1647,NA,2213,"CIP 760676","","",-23.2,-65.4689,3995,"brevicaule_24","brevicaule","tuberous","germplasm",24,"SŠrkinen","","","1.72","FCM","Petota","4 South"
NA,1650,NA,2216,"CIP 763137","","",-22.7167,-65.2,3606,"brevicaule_24","brevicaule","tuberous","germplasm",24,"SŠrkinen","","","1.72","FCM","Petota","4 South"
NA,1651,NA,2217,"CIP 763711","","",-22.2667,-65.1833,3717,"brevicaule_24","brevicaule","tuberous","germplasm",24,"SŠrkinen","","","1.72","FCM","Petota","4 South"
NA,1653,NA,2219,"CIP 760760","","",-22.5,-65.1167,3390,"brevicaule_24","brevicaule","tuberous","germplasm",24,"SŠrkinen","","","1.72","FCM","Petota","4 South"
NA,1965,NA,2531,"472996","","",-23.235486,-65.030255,NA,"brevicaule_24","brevicaule","tuberous","germplasm",24,"SŠrkinen","","","1.72","FCM","Petota","4 South"
NA,1966,NA,2532,"472998","","",-25.424672,-66.292877,NA,"brevicaule_24","brevicaule","tuberous","germplasm",24,"SŠrkinen","","","1.72","FCM","Petota","4 South"
NA,1973,NA,2539,"473448","","",-15.349999,-73.885712,NA,"brevicaule_24","brevicaule","tuberous","germplasm",24,"SŠrkinen","","","1.72","FCM","Petota","4 South"
NA,1978,NA,2544,"498332","","",-24.36211,-65.648804,NA,"brevicaule_24","brevicaule","tuberous","germplasm",24,"SŠrkinen","","","1.72","FCM","Petota","4 South"
NA,1979,NA,2545,"558061","","",-19.550555,-65.453335,NA,"brevicaule_24","brevicaule","tuberous","germplasm",24,"SŠrkinen","","","1.72","FCM","Petota","4 South"
NA,1984,NA,2550,"568968","","",-18.500001,-64.166672,NA,"brevicaule_24","brevicaule","tuberous","germplasm",24,"SŠrkinen","","","1.72","FCM","Petota","4 South"
NA,1996,NA,2562,"PI 283090","","",-15.8,-69.4,NA,"brevicaule_24","brevicaule","tuberous","germplasm",24,"SŠrkinen","","","1.72","FCM","Petota","4 South"
NA,1999,NA,2565,"PI 310958","","",-13.316667,-72.033333,NA,"brevicaule_24","brevicaule","tuberous","germplasm",24,"SŠrkinen","","","1.72","FCM","Petota","4 South"
NA,2002,NA,2568,"PI 414145","","",-23.7,-65.583333,NA,"brevicaule_24","brevicaule","tuberous","germplasm",24,"SŠrkinen","","","1.72","FCM","Petota","4 South"
NA,2003,NA,2569,"PI 414151","","",-17.566667,-66.35,NA,"brevicaule_24","brevicaule","tuberous","germplasm",24,"SŠrkinen","","","1.72","FCM","Petota","4 South"
NA,2006,NA,2572,"PI 442667","","",-24.333333,-66.05,NA,"brevicaule_24","brevicaule","tuberous","germplasm",24,"SŠrkinen","","","1.72","FCM","Petota","4 South"
NA,2007,NA,2573,"PI 442668","","",-23.633333,-65.45,NA,"brevicaule_24","brevicaule","tuberous","germplasm",24,"SŠrkinen","","","1.72","FCM","Petota","4 South"
NA,2023,NA,2589,"PI 472970","","",-25.116667,-66.116667,NA,"brevicaule_24","brevicaule","tuberous","germplasm",24,"SŠrkinen","","","1.72","FCM","Petota","4 South"
NA,2024,NA,2590,"PI 472979","","",-25.3,-66.383333,NA,"brevicaule_24","brevicaule","tuberous","germplasm",24,"SŠrkinen","","","1.72","FCM","Petota","4 South"
NA,2025,NA,2591,"PI 472981","","",-28.666667,-67.75,NA,"brevicaule_24","brevicaule","tuberous","germplasm",24,"SŠrkinen","","","1.72","FCM","Petota","4 South"
NA,2026,NA,2592,"PI 472982","","",-25.4,-65.933333,NA,"brevicaule_24","brevicaule","tuberous","germplasm",24,"SŠrkinen","","","1.72","FCM","Petota","4 South"
NA,2062,NA,2628,"PI 473064","","",-24.533333,-66.2,NA,"brevicaule_24","brevicaule","tuberous","germplasm",24,"SŠrkinen","","","1.72","FCM","Petota","4 South"
NA,2076,NA,2642,"PI 473424","","",-25.95,-66,NA,"brevicaule_24","brevicaule","tuberous","germplasm",24,"SŠrkinen","","","1.72","FCM","Petota","4 South"
NA,2079,NA,2645,"PI 473451","","",-15.55,-73.633333,NA,"brevicaule_24","brevicaule","tuberous","germplasm",24,"SŠrkinen","","","1.72","FCM","Petota","4 South"
NA,2082,NA,2648,"PI 498071","","",-19.333333,-65.166667,NA,"brevicaule_24","brevicaule","tuberous","germplasm",24,"SŠrkinen","","","1.72","FCM","Petota","4 South"
NA,2096,NA,2662,"PI 498218","","",-15.783333,-68.166667,NA,"brevicaule_24","brevicaule","tuberous","germplasm",24,"SŠrkinen","","","1.72","FCM","Petota","4 South"
NA,2105,NA,2671,"PI 500052","","",-25.116667,-65.95,NA,"brevicaule_24","brevicaule","tuberous","germplasm",24,"SŠrkinen","","","1.72","FCM","Petota","4 South"
NA,2114,NA,2680,"PI 545875","","",-19.366667,-64.783333,NA,"brevicaule_24","brevicaule","tuberous","germplasm",24,"SŠrkinen","","","1.72","FCM","Petota","4 South"
NA,2117,NA,2683,"PI 545883","","",-17.166667,-66.9,NA,"brevicaule_24","brevicaule","tuberous","germplasm",24,"SŠrkinen","","","1.72","FCM","Petota","4 South"
NA,2131,NA,2697,"PI 545968","","",-17.633333,-66.65,NA,"brevicaule_24","brevicaule","tuberous","germplasm",24,"SŠrkinen","","","1.72","FCM","Petota","4 South"
NA,2133,NA,2699,"PI 545970","","",-15.6,-69.016667,NA,"brevicaule_24","brevicaule","tuberous","germplasm",24,"SŠrkinen","","","1.72","FCM","Petota","4 South"
NA,2138,NA,2704,"PI 545984","","",-17.966667,-66.933333,NA,"brevicaule_24","brevicaule","tuberous","germplasm",24,"SŠrkinen","","","1.72","FCM","Petota","4 South"
NA,2141,NA,2707,"PI 545987","","",-18.016667,-66.366667,NA,"brevicaule_24","brevicaule","tuberous","germplasm",24,"SŠrkinen","","","1.72","FCM","Petota","4 South"
NA,2183,NA,2749,"PI 597715","","",-17.283333,-65.783333,NA,"brevicaule_24","brevicaule","tuberous","germplasm",24,"SŠrkinen","","","1.72","FCM","Petota","4 South"
NA,2184,NA,2750,"PI 597716","","",-17.483333,-65.55,NA,"brevicaule_24","brevicaule","tuberous","germplasm",24,"SŠrkinen","","","1.72","FCM","Petota","4 South"
NA,2197,NA,2763,"PI473495","","",-19.6,-65.916667,NA,"brevicaule_24","brevicaule","tuberous","germplasm",24,"SŠrkinen","","","1.72","FCM","Petota","4 South"
NA,1520,NA,2086,"CIP 763015","","",-19.9,-64.5333,2863,"brevicaule_48","brevicaule","tuberous","germplasm",48,"SŠrkinen","","","3.26","FCM","Petota","4 South"
NA,1521,NA,2087,"CIP 763016","","",-20.1,-64.4167,2497,"brevicaule_48","brevicaule","tuberous","germplasm",48,"SŠrkinen","","","3.26","FCM","Petota","4 South"
NA,1622,NA,2188,"CIP 760268","","",-19.3747,-65.9442,3900,"brevicaule_48","brevicaule","tuberous","germplasm",48,"SŠrkinen","","","3.26","FCM","Petota","4 South"
NA,1626,NA,2192,"CIP 760511","","",-19.45,-65.8,3705,"brevicaule_48","brevicaule","tuberous","germplasm",48,"SŠrkinen","","","3.26","FCM","Petota","4 South"
NA,1627,NA,2193,"CIP 760298","","",-21.3167,-65.7667,3160,"brevicaule_48","brevicaule","tuberous","germplasm",48,"SŠrkinen","","","3.26","FCM","Petota","4 South"
NA,1630,NA,2196,"CIP 763042","","",-20.8333,-65.6833,2648,"brevicaule_48","brevicaule","tuberous","germplasm",48,"SŠrkinen","","","3.26","FCM","Petota","4 South"
NA,1632,NA,2198,"CIP 763086","","",-19.1667,-64.9167,3252,"brevicaule_48","brevicaule","tuberous","germplasm",48,"SŠrkinen","","","3.26","FCM","Petota","4 South"
NA,1633,NA,2199,"CIP 761357","","",-16.7081,-64.6617,2760,"brevicaule_48","brevicaule","tuberous","germplasm",48,"SŠrkinen","","","3.26","FCM","Petota","4 South"
NA,1970,NA,2536,"473051","","",-23.196984,-65.685554,NA,"brevicaule_48","brevicaule","tuberous","germplasm",48,"SŠrkinen","","","3.26","FCM","Petota","4 South"
NA,1971,NA,2537,"473058","","",-22.966928,-65.388222,NA,"brevicaule_48","brevicaule","tuberous","germplasm",48,"SŠrkinen","","","3.26","FCM","Petota","4 South"
NA,1976,NA,2542,"498286","","",-20.583333,-65.166672,NA,"brevicaule_48","brevicaule","tuberous","germplasm",48,"SŠrkinen","","","3.26","FCM","Petota","4 South"
NA,1991,NA,2557,"PI 258906","","",-19.766667,-65.466667,NA,"brevicaule_48","brevicaule","tuberous","germplasm",48,"SŠrkinen","","","3.26","FCM","Petota","4 South"
NA,1992,NA,2558,"PI 258909","","",-18.382778,-66.966944,NA,"brevicaule_48","brevicaule","tuberous","germplasm",48,"SŠrkinen","","","3.26","FCM","Petota","4 South"
NA,1993,NA,2559,"PI 265882","","",-19.033333,-65.283333,NA,"brevicaule_48","brevicaule","tuberous","germplasm",48,"SŠrkinen","","","3.26","FCM","Petota","4 South"
NA,2008,NA,2574,"PI 442670","","",-23.616667,-65.533333,NA,"brevicaule_48","brevicaule","tuberous","germplasm",48,"SŠrkinen","","","3.26","FCM","Petota","4 South"
NA,2010,NA,2576,"PI 442672","","",-23.566667,-65.266667,NA,"brevicaule_48","brevicaule","tuberous","germplasm",48,"SŠrkinen","","","3.26","FCM","Petota","4 South"
NA,2020,NA,2586,"PI 458392","","",-19.916667,-65.666667,NA,"brevicaule_48","brevicaule","tuberous","germplasm",48,"SŠrkinen","","","3.26","FCM","Petota","4 South"
NA,2021,NA,2587,"PI 472875","","",-23.25,-65.216667,NA,"brevicaule_48","brevicaule","tuberous","germplasm",48,"SŠrkinen","","","3.26","FCM","Petota","4 South"
NA,2022,NA,2588,"PI 472918","","",-23.2,-65.316944,NA,"brevicaule_48","brevicaule","tuberous","germplasm",48,"SŠrkinen","","","3.26","FCM","Petota","4 South"
NA,2041,NA,2607,"PI 473024","","",-23.583333,-65.366667,NA,"brevicaule_48","brevicaule","tuberous","germplasm",48,"SŠrkinen","","","3.26","FCM","Petota","4 South"
NA,2054,NA,2620,"PI 473042","","",-23.2,-65.45,NA,"brevicaule_48","brevicaule","tuberous","germplasm",48,"SŠrkinen","","","3.26","FCM","Petota","4 South"
NA,2116,NA,2682,"PI 545881","","",-19.55,-64.65,NA,"brevicaule_48","brevicaule","tuberous","germplasm",48,"SŠrkinen","","","3.26","FCM","Petota","4 South"
NA,2125,NA,2691,"PI 545914","","",-19.183333,-65.166667,NA,"brevicaule_48","brevicaule","tuberous","germplasm",48,"SŠrkinen","","","3.26","FCM","Petota","4 South"
NA,2128,NA,2694,"PI 545918","","",-19.483333,-65.633333,NA,"brevicaule_48","brevicaule","tuberous","germplasm",48,"SŠrkinen","","","3.26","FCM","Petota","4 South"
NA,2129,NA,2695,"PI 545919","","",-19.516667,-65.533333,NA,"brevicaule_48","brevicaule","tuberous","germplasm",48,"SŠrkinen","","","3.26","FCM","Petota","4 South"
NA,2155,NA,2721,"PI 558064","","",-23.966667,-65.633333,NA,"brevicaule_48","brevicaule","tuberous","germplasm",48,"SŠrkinen","","","3.26","FCM","Petota","4 South"
NA,2157,NA,2723,"PI 558068","","",-23.5,-65.45,NA,"brevicaule_48","brevicaule","tuberous","germplasm",48,"SŠrkinen","","","3.26","FCM","Petota","4 South"
NA,2169,NA,2735,"PI 558076","","",-23.166667,-65.1,NA,"brevicaule_48","brevicaule","tuberous","germplasm",48,"SŠrkinen","","","3.26","FCM","Petota","4 South"
NA,2182,NA,2748,"PI 597697","","",-19.583333,-65.4,NA,"brevicaule_48","brevicaule","tuberous","germplasm",48,"SŠrkinen","","","3.26","FCM","Petota","4 South"
NA,2188,NA,2754,"PI 597746","","",-20.366667,-65.116667,NA,"brevicaule_48","brevicaule","tuberous","germplasm",48,"SŠrkinen","","","3.26","FCM","Petota","4 South"
NA,2209,NA,2805,"CIP 760642","","",18.85,-101.887,1880,"bulbocastanum_24","bulbocastanum","tuberous","germplasm",24,"SŠrkinen","","","1.53","FCM","NA","NA"
NA,2210,NA,2806,"CIP 761898","","",19.65,-100.75,2100,"bulbocastanum_24","bulbocastanum","tuberous","germplasm",24,"SŠrkinen","","","1.53","FCM","NA","NA"
NA,2211,NA,2807,"CIP 761897","","",19.3333,-100.4167,1995,"bulbocastanum_24","bulbocastanum","tuberous","germplasm",24,"SŠrkinen","","","1.53","FCM","NA","NA"
NA,2212,NA,2808,"CIP 763835","","",19.5167,-100.25,1995,"bulbocastanum_24","bulbocastanum","tuberous","germplasm",24,"SŠrkinen","","","1.53","FCM","NA","NA"
NA,2213,NA,2809,"CIP 761933","","",19.2883,-99.6672,2680,"bulbocastanum_24","bulbocastanum","tuberous","germplasm",24,"SŠrkinen","","","1.53","FCM","NA","NA"
NA,2214,NA,2810,"CIP 761896","","",21.2167,-99.0333,1825,"bulbocastanum_24","bulbocastanum","tuberous","germplasm",24,"SŠrkinen","","","1.53","FCM","NA","NA"
NA,2215,NA,2811,"CIP 761888","","",17.0333,-96.7667,1609,"bulbocastanum_24","bulbocastanum","tuberous","germplasm",24,"SŠrkinen","","","1.53","FCM","NA","NA"
NA,2282,NA,2878,"595471","","",19.425475,-98.728252,NA,"bulbocastanum_24","bulbocastanum","tuberous","germplasm",24,"SŠrkinen","","","1.53","FCM","NA","NA"
NA,2283,NA,2879,"PI 243345","","",19.35,-99.2,NA,"bulbocastanum_24","bulbocastanum","tuberous","germplasm",24,"SŠrkinen","","","1.53","FCM","NA","NA"
NA,2286,NA,2882,"PI 275191","","",18.816667,-97.433333,NA,"bulbocastanum_24","bulbocastanum","tuberous","germplasm",24,"SŠrkinen","","","1.53","FCM","NA","NA"
NA,2287,NA,2883,"PI 275192","","",19.183333,-98.216667,NA,"bulbocastanum_24","bulbocastanum","tuberous","germplasm",24,"SŠrkinen","","","1.53","FCM","NA","NA"
NA,2290,NA,2886,"PI 275196","","",17.5,-96.45,NA,"bulbocastanum_24","bulbocastanum","tuberous","germplasm",24,"SŠrkinen","","","1.53","FCM","NA","NA"
NA,2291,NA,2887,"PI 275198","","",19.716667,-99.783333,NA,"bulbocastanum_24","bulbocastanum","tuberous","germplasm",24,"SŠrkinen","","","1.53","FCM","NA","NA"
NA,2292,NA,2888,"PI 275200","","",15.2115,-91.5187,NA,"bulbocastanum_24","bulbocastanum","tuberous","germplasm",24,"SŠrkinen","","","1.53","FCM","NA","NA"
NA,2297,NA,2893,"PI 545711","","",17.55,-99.5,NA,"bulbocastanum_24","bulbocastanum","tuberous","germplasm",24,"SŠrkinen","","","1.53","FCM","NA","NA"
NA,2299,NA,2895,"PI 604064","","",15.1551,-90.2917,NA,"bulbocastanum_24","bulbocastanum","tuberous","germplasm",24,"SŠrkinen","","","1.53","FCM","NA","NA"
NA,2306,NA,2947,"CIP 763007","","",-15.8744,-68.6417,NA,"candolleanum_24","candolleanum","tuberous","germplasm",24,"SŠrkinen","","","1.89","FCM","NA","NA"
NA,2307,NA,2948,"CIP 760019","","",-8.2672,-77.8525,3176,"candolleanum_24","candolleanum","tuberous","germplasm",24,"SŠrkinen","","","1.89","FCM","NA","NA"
NA,2308,NA,2949,"CIP 761836","","",-9.5167,-76.7583,3939,"candolleanum_24","candolleanum","tuberous","germplasm",24,"SŠrkinen","","","1.89","FCM","NA","NA"
NA,2309,NA,2950,"CIP 762069","","",-10.5633,-76.5731,3000,"candolleanum_24","candolleanum","tuberous","germplasm",24,"SŠrkinen","","","1.89","FCM","NA","NA"
NA,2313,NA,2954,"CIP 761053","","",-10.4786,-76.3236,2800,"candolleanum_24","candolleanum","tuberous","germplasm",24,"SŠrkinen","","","1.89","FCM","NA","NA"
NA,2314,NA,2955,"CIP 760016","","",-10.1297,-76.2044,2077,"candolleanum_24","candolleanum","tuberous","germplasm",24,"SŠrkinen","","","1.89","FCM","NA","NA"
NA,2319,NA,2960,"CIP 760012","","",-9.8742,-76.8119,3607,"candolleanum_24","candolleanum","tuberous","germplasm",24,"SŠrkinen","","","1.89","FCM","NA","NA"
NA,2320,NA,2961,"CIP 762628","","",-10.8375,-76.7981,3280,"candolleanum_24","candolleanum","tuberous","germplasm",24,"SŠrkinen","","","1.89","FCM","NA","NA"
NA,2322,NA,2963,"CIP 762079","","",-11.7022,-76.7094,2348,"candolleanum_24","candolleanum","tuberous","germplasm",24,"SŠrkinen","","","1.89","FCM","NA","NA"
NA,2323,NA,2964,"CIP 761157","","",-9.7483,-76.6481,3449,"candolleanum_24","candolleanum","tuberous","germplasm",24,"SŠrkinen","","","1.89","FCM","NA","NA"
NA,2325,NA,2966,"CIP 764043","","",-11.7708,-76.6114,1874,"candolleanum_24","candolleanum","tuberous","germplasm",24,"SŠrkinen","","","1.89","FCM","NA","NA"
NA,2326,NA,2967,"CIP 761201","","",-11.4061,-76.5761,3643,"candolleanum_24","candolleanum","tuberous","germplasm",24,"SŠrkinen","","","1.89","FCM","NA","NA"
NA,2328,NA,2969,"CIP 761572","","",-11.5608,-76.4431,3465,"candolleanum_24","candolleanum","tuberous","germplasm",24,"SŠrkinen","","","1.89","FCM","NA","NA"
NA,2332,NA,2973,"CIP 763218","","",-12.0694,-76.2725,3044,"candolleanum_24","candolleanum","tuberous","germplasm",24,"SŠrkinen","","","1.89","FCM","NA","NA"
NA,2339,NA,2980,"CIP 761193","","",-10.7014,-76.2467,3900,"candolleanum_24","candolleanum","tuberous","germplasm",24,"SŠrkinen","","","1.89","FCM","NA","NA"
NA,2340,NA,2981,"CIP 762235","","",-11.6508,-76.2394,4148,"candolleanum_24","candolleanum","tuberous","germplasm",24,"SŠrkinen","","","1.89","FCM","NA","NA"
NA,2359,NA,3000,"CIP 762061","","",-11.7875,-75.98,4683,"candolleanum_24","candolleanum","tuberous","germplasm",24,"SŠrkinen","","","1.89","FCM","NA","NA"
NA,2363,NA,3004,"CIP 762286","","",-10.5672,-75.9503,4582,"candolleanum_24","candolleanum","tuberous","germplasm",24,"SŠrkinen","","","1.89","FCM","NA","NA"
NA,2373,NA,3014,"CIP 761226","","",-11.6053,-75.8567,3500,"candolleanum_24","candolleanum","tuberous","germplasm",24,"SŠrkinen","","","1.89","FCM","NA","NA"
NA,2374,NA,3015,"CIP 763471","","",-10.8267,-75.8506,3618,"candolleanum_24","candolleanum","tuberous","germplasm",24,"SŠrkinen","","","1.89","FCM","NA","NA"
NA,2375,NA,3016,"CIP 762081","","",-12.2736,-75.8503,3869,"candolleanum_24","candolleanum","tuberous","germplasm",24,"SŠrkinen","","","1.89","FCM","NA","NA"
NA,2389,NA,3030,"CIP 761574","","",-12.7731,-75.7267,4286,"candolleanum_24","candolleanum","tuberous","germplasm",24,"SŠrkinen","","","1.89","FCM","NA","NA"
NA,2392,NA,3033,"CIP 761191","","",-11.77,-75.7153,3538,"candolleanum_24","candolleanum","tuberous","germplasm",24,"SŠrkinen","","","1.89","FCM","NA","NA"
NA,2393,NA,3034,"CIP 762080","","",-12.2889,-75.7044,3600,"candolleanum_24","candolleanum","tuberous","germplasm",24,"SŠrkinen","","","1.89","FCM","NA","NA"
NA,2394,NA,3035,"CIP 761299","","",-11.5253,-75.6167,3700,"candolleanum_24","candolleanum","tuberous","germplasm",24,"SŠrkinen","","","1.89","FCM","NA","NA"
NA,2401,NA,3042,"CIP 761296","","",-12.0247,-75.5172,3564,"candolleanum_24","candolleanum","tuberous","germplasm",24,"SŠrkinen","","","1.89","FCM","NA","NA"
NA,2409,NA,3050,"CIP 762290","","",-12.4856,-75.4372,3400,"candolleanum_24","candolleanum","tuberous","germplasm",24,"SŠrkinen","","","1.89","FCM","NA","NA"
NA,2412,NA,3053,"CIP 761298","","",-11.87,-75.3056,3750,"candolleanum_24","candolleanum","tuberous","germplasm",24,"SŠrkinen","","","1.89","FCM","NA","NA"
NA,2414,NA,3055,"CIP 762289","","",-12.3122,-75.29,3543,"candolleanum_24","candolleanum","tuberous","germplasm",24,"SŠrkinen","","","1.89","FCM","NA","NA"
NA,2417,NA,3058,"CIP 761319","","",-11.9931,-75.0722,4369,"candolleanum_24","candolleanum","tuberous","germplasm",24,"SŠrkinen","","","1.89","FCM","NA","NA"
NA,2419,NA,3060,"CIP 761521","","",-12.6047,-75.0267,4092,"candolleanum_24","candolleanum","tuberous","germplasm",24,"SŠrkinen","","","1.89","FCM","NA","NA"
NA,2430,NA,3071,"CIP 761527","","",-12.7719,-74.9278,3733,"candolleanum_24","candolleanum","tuberous","germplasm",24,"SŠrkinen","","","1.89","FCM","NA","NA"
NA,2431,NA,3072,"CIP 761303","","",-11.5044,-74.9261,3853,"candolleanum_24","candolleanum","tuberous","germplasm",24,"SŠrkinen","","","1.89","FCM","NA","NA"
NA,2432,NA,3073,"CIP 762997","","",-12.0025,-74.9217,3628,"candolleanum_24","candolleanum","tuberous","germplasm",24,"SŠrkinen","","","1.89","FCM","NA","NA"
NA,2438,NA,3079,"CIP 761538","","",-13.4703,-74.8625,3810,"candolleanum_24","candolleanum","tuberous","germplasm",24,"SŠrkinen","","","1.89","FCM","NA","NA"
NA,2442,NA,3083,"CIP 761520","","",-12.4628,-74.7903,2840,"candolleanum_24","candolleanum","tuberous","germplasm",24,"SŠrkinen","","","1.89","FCM","NA","NA"
NA,2443,NA,3084,"CIP 761524","","",-13.1033,-74.7381,3800,"candolleanum_24","candolleanum","tuberous","germplasm",24,"SŠrkinen","","","1.89","FCM","NA","NA"
NA,2445,NA,3086,"CIP 761519","","",-11.7503,-74.7222,3645,"candolleanum_24","candolleanum","tuberous","germplasm",24,"SŠrkinen","","","1.89","FCM","NA","NA"
NA,2446,NA,3087,"CIP 763648","","",-12.3767,-74.6892,3300,"candolleanum_24","candolleanum","tuberous","germplasm",24,"SŠrkinen","","","1.89","FCM","NA","NA"
NA,2449,NA,3090,"CIP 762550","","",-12.6494,-74.6319,2489,"candolleanum_24","candolleanum","tuberous","germplasm",24,"SŠrkinen","","","1.89","FCM","NA","NA"
NA,2451,NA,3092,"CIP 763010","","",-12.5372,-74.5453,3023,"candolleanum_24","candolleanum","tuberous","germplasm",24,"SŠrkinen","","","1.89","FCM","NA","NA"
NA,2454,NA,3095,"CIP 761152","","",-13.4994,-74.4869,3400,"candolleanum_24","candolleanum","tuberous","germplasm",24,"SŠrkinen","","","1.89","FCM","NA","NA"
NA,2456,NA,3097,"CIP 763650","","",-12.6042,-74.4519,3910,"candolleanum_24","candolleanum","tuberous","germplasm",24,"SŠrkinen","","","1.89","FCM","NA","NA"
NA,2458,NA,3099,"CIP 762045","","",-14.6161,-74.3461,3750,"candolleanum_24","candolleanum","tuberous","germplasm",24,"SŠrkinen","","","1.89","FCM","NA","NA"
NA,2462,NA,3103,"CIP 761171","","",-13.3914,-74.2664,3587,"candolleanum_24","candolleanum","tuberous","germplasm",24,"SŠrkinen","","","1.89","FCM","NA","NA"
NA,2463,NA,3104,"CIP 762042","","",-14.6217,-74.2336,3291,"candolleanum_24","candolleanum","tuberous","germplasm",24,"SŠrkinen","","","1.89","FCM","NA","NA"
NA,2466,NA,3107,"CIP 762040","","",-14.6908,-74.1258,3242,"candolleanum_24","candolleanum","tuberous","germplasm",24,"SŠrkinen","","","1.89","FCM","NA","NA"
NA,2469,NA,3110,"CIP 760145","","",-14.6753,-74.0169,3700,"candolleanum_24","candolleanum","tuberous","germplasm",24,"SŠrkinen","","","1.89","FCM","NA","NA"
NA,2471,NA,3112,"CIP 761535","","",-12.8597,-74.0161,3945,"candolleanum_24","candolleanum","tuberous","germplasm",24,"SŠrkinen","","","1.89","FCM","NA","NA"
NA,2472,NA,3113,"CIP 760363","","",-13.4147,-73.91,3800,"candolleanum_24","candolleanum","tuberous","germplasm",24,"SŠrkinen","","","1.89","FCM","NA","NA"
NA,2473,NA,3114,"CIP 761820","","",-15.0186,-73.9067,3884,"candolleanum_24","candolleanum","tuberous","germplasm",24,"SŠrkinen","","","1.89","FCM","NA","NA"
NA,2474,NA,3115,"CIP 761534","","",-12.7347,-73.905,3550,"candolleanum_24","candolleanum","tuberous","germplasm",24,"SŠrkinen","","","1.89","FCM","NA","NA"
NA,2478,NA,3119,"CIP 761480","","",-15.1056,-73.7,3800,"candolleanum_24","candolleanum","tuberous","germplasm",24,"SŠrkinen","","","1.89","FCM","NA","NA"
NA,2480,NA,3121,"CIP 761138","","",-14.2961,-73.4786,3820,"candolleanum_24","candolleanum","tuberous","germplasm",24,"SŠrkinen","","","1.89","FCM","NA","NA"
NA,2481,NA,3122,"CIP 760357","","",-13.6561,-73.3864,2967,"candolleanum_24","candolleanum","tuberous","germplasm",24,"SŠrkinen","","","1.89","FCM","NA","NA"
NA,2487,NA,3128,"CIP 761146","","",-15.1622,-73.3178,2976,"candolleanum_24","candolleanum","tuberous","germplasm",24,"SŠrkinen","","","1.89","FCM","NA","NA"
NA,2488,NA,3129,"CIP 761817","","",-14.5883,-73.2947,3600,"candolleanum_24","candolleanum","tuberous","germplasm",24,"SŠrkinen","","","1.89","FCM","NA","NA"
NA,2492,NA,3133,"CIP 761815","","",-14.4153,-73.205,3312,"candolleanum_24","candolleanum","tuberous","germplasm",24,"SŠrkinen","","","1.89","FCM","NA","NA"
NA,2494,NA,3135,"CIP 761141","","",-13.6289,-73.165,2734,"candolleanum_24","candolleanum","tuberous","germplasm",24,"SŠrkinen","","","1.89","FCM","NA","NA"
NA,2496,NA,3137,"CIP 761664","","",-13.4756,-72.9786,3900,"candolleanum_24","candolleanum","tuberous","germplasm",24,"SŠrkinen","","","1.89","FCM","NA","NA"
NA,2503,NA,3144,"CIP 762560","","",-14.3561,-72.8878,3381,"candolleanum_24","candolleanum","tuberous","germplasm",24,"SŠrkinen","","","1.89","FCM","NA","NA"
NA,2504,NA,3145,"CIP 762023","","",-13.6683,-72.8822,3388,"candolleanum_24","candolleanum","tuberous","germplasm",24,"SŠrkinen","","","1.89","FCM","NA","NA"
NA,2512,NA,3153,"CIP 761707","","",-14.5181,-72.7503,4280,"candolleanum_24","candolleanum","tuberous","germplasm",24,"SŠrkinen","","","1.89","FCM","NA","NA"
NA,2519,NA,3160,"CIP 763309","","",-13.8875,-72.6397,4162,"candolleanum_24","candolleanum","tuberous","germplasm",24,"SŠrkinen","","","1.89","FCM","NA","NA"
NA,2522,NA,3163,"CIP 761778","","",-14.1761,-72.6058,3680,"candolleanum_24","candolleanum","tuberous","germplasm",24,"SŠrkinen","","","1.89","FCM","NA","NA"
NA,2523,NA,3164,"CIP 762008","","",-13.1083,-72.5928,1588,"candolleanum_24","candolleanum","tuberous","germplasm",24,"SŠrkinen","","","1.89","FCM","NA","NA"
NA,2525,NA,3166,"CIP 761983","","",-14.7139,-72.4642,4874,"candolleanum_24","candolleanum","tuberous","germplasm",24,"SŠrkinen","","","1.89","FCM","NA","NA"
NA,2529,NA,3170,"CIP 761749","","",-13.4736,-72.4481,3730,"candolleanum_24","candolleanum","tuberous","germplasm",24,"SŠrkinen","","","1.89","FCM","NA","NA"
NA,2537,NA,3178,"CIP 761717","","",-13.7511,-72.3417,3700,"candolleanum_24","candolleanum","tuberous","germplasm",24,"SŠrkinen","","","1.89","FCM","NA","NA"
NA,2548,NA,3189,"CIP 762011","","",-13.2369,-72.3181,3700,"candolleanum_24","candolleanum","tuberous","germplasm",24,"SŠrkinen","","","1.89","FCM","NA","NA"
NA,2555,NA,3196,"CIP 762859","","",-13.8378,-72.2522,4181,"candolleanum_24","candolleanum","tuberous","germplasm",24,"SŠrkinen","","","1.89","FCM","NA","NA"
NA,2557,NA,3198,"CIP 761734","","",-13.5622,-72.2081,3849,"candolleanum_24","candolleanum","tuberous","germplasm",24,"SŠrkinen","","","1.89","FCM","NA","NA"
NA,2559,NA,3200,"CIP 761131","","",-14.4097,-72.2058,3869,"candolleanum_24","candolleanum","tuberous","germplasm",24,"SŠrkinen","","","1.89","FCM","NA","NA"
NA,2564,NA,3205,"CIP 761123","","",-13.245,-72.1317,3750,"candolleanum_24","candolleanum","tuberous","germplasm",24,"SŠrkinen","","","1.89","FCM","NA","NA"
NA,2568,NA,3209,"CIP 761801","","",-13.0819,-72.0247,4874,"candolleanum_24","candolleanum","tuberous","germplasm",24,"SŠrkinen","","","1.89","FCM","NA","NA"
NA,2571,NA,3212,"CIP 761126","","",-13.4197,-71.9978,3855,"candolleanum_24","candolleanum","tuberous","germplasm",24,"SŠrkinen","","","1.89","FCM","NA","NA"
NA,2578,NA,3219,"CIP 761737","","",-14.3414,-71.9292,3945,"candolleanum_24","candolleanum","tuberous","germplasm",24,"SŠrkinen","","","1.89","FCM","NA","NA"
NA,2579,NA,3220,"CIP 761649","","",-13.6631,-71.9211,3414,"candolleanum_24","candolleanum","tuberous","germplasm",24,"SŠrkinen","","","1.89","FCM","NA","NA"
NA,2581,NA,3222,"CIP 761804","","",-13.2458,-71.9106,3752,"candolleanum_24","candolleanum","tuberous","germplasm",24,"SŠrkinen","","","1.89","FCM","NA","NA"
NA,2599,NA,3240,"CIP 763935","","",-13.5825,-71.8136,3119,"candolleanum_24","candolleanum","tuberous","germplasm",24,"SŠrkinen","","","1.89","FCM","NA","NA"
NA,2608,NA,3249,"CIP 762439","","",-14.7822,-71.6892,4041,"candolleanum_24","candolleanum","tuberous","germplasm",24,"SŠrkinen","","","1.89","FCM","NA","NA"
NA,2611,NA,3252,"CIP 762392","","",-13.8928,-71.6725,3650,"candolleanum_24","candolleanum","tuberous","germplasm",24,"SŠrkinen","","","1.89","FCM","NA","NA"
NA,2617,NA,3258,"CIP 764046","","",-13.3219,-71.4961,2950,"candolleanum_24","candolleanum","tuberous","germplasm",24,"SŠrkinen","","","1.89","FCM","NA","NA"
NA,2618,NA,3259,"CIP 761635","","",-13.9836,-71.4889,3426,"candolleanum_24","candolleanum","tuberous","germplasm",24,"SŠrkinen","","","1.89","FCM","NA","NA"
NA,2621,NA,3262,"CIP 761409","","",-14.4914,-71.4783,3857,"candolleanum_24","candolleanum","tuberous","germplasm",24,"SŠrkinen","","","1.89","FCM","NA","NA"
NA,2622,NA,3263,"CIP 761954","","",-15.485,-71.4567,3813,"candolleanum_24","candolleanum","tuberous","germplasm",24,"SŠrkinen","","","1.89","FCM","NA","NA"
NA,2627,NA,3268,"CIP 762447","","",-14.7925,-71.4119,3909,"candolleanum_24","candolleanum","tuberous","germplasm",24,"SŠrkinen","","","1.89","FCM","NA","NA"
NA,2635,NA,3276,"CIP 760348","","",-14.1747,-71.3706,3559,"candolleanum_24","candolleanum","tuberous","germplasm",24,"SŠrkinen","","","1.89","FCM","NA","NA"
NA,2637,NA,3278,"CIP 762547","","",-14.2703,-71.2256,3550,"candolleanum_24","candolleanum","tuberous","germplasm",24,"SŠrkinen","","","1.89","FCM","NA","NA"
NA,2638,NA,3279,"CIP 762422","","",-14.6803,-71.22,4117,"candolleanum_24","candolleanum","tuberous","germplasm",24,"SŠrkinen","","","1.89","FCM","NA","NA"
NA,2640,NA,3281,"CIP 761133","","",-15.0528,-71.1297,4112,"candolleanum_24","candolleanum","tuberous","germplasm",24,"SŠrkinen","","","1.89","FCM","NA","NA"
NA,2641,NA,3282,"CIP 762382","","",-14.2508,-71.1039,3700,"candolleanum_24","candolleanum","tuberous","germplasm",24,"SŠrkinen","","","1.89","FCM","NA","NA"
NA,2644,NA,3285,"CIP 761617","","",-14.4783,-70.9622,4640,"candolleanum_24","candolleanum","tuberous","germplasm",24,"SŠrkinen","","","1.89","FCM","NA","NA"
NA,2645,NA,3286,"CIP 760367","","",-14.5742,-70.8122,4175,"candolleanum_24","candolleanum","tuberous","germplasm",24,"SŠrkinen","","","1.89","FCM","NA","NA"
NA,2650,NA,3291,"CIP 762200","","",-14.0561,-70.4703,4000,"candolleanum_24","candolleanum","tuberous","germplasm",24,"SŠrkinen","","","1.89","FCM","NA","NA"
NA,2651,NA,3292,"CIP 763131","","",-15.3558,-70.4111,NA,"candolleanum_24","candolleanum","tuberous","germplasm",24,"SŠrkinen","","","1.89","FCM","NA","NA"
NA,2653,NA,3294,"CIP 762344","","",-15.7125,-70.0831,3822,"candolleanum_24","candolleanum","tuberous","germplasm",24,"SŠrkinen","","","1.89","FCM","NA","NA"
NA,2670,NA,3311,"CIP 762189","","",-13.8558,-69.3239,3233,"candolleanum_24","candolleanum","tuberous","germplasm",24,"SŠrkinen","","","1.89","FCM","NA","NA"
NA,2671,NA,3312,"CIP 762180","","",-14.6,-69.1333,3897,"candolleanum_24","candolleanum","tuberous","germplasm",24,"SŠrkinen","","","1.89","FCM","NA","NA"
NA,2673,NA,3314,"CIP 763013","","",-15.6667,-69.1333,3830,"candolleanum_24","candolleanum","tuberous","germplasm",24,"SŠrkinen","","","1.89","FCM","NA","NA"
NA,2675,NA,3316,"CIP 761338","","",-15.2833,-69.1,4440,"candolleanum_24","candolleanum","tuberous","germplasm",24,"SŠrkinen","","","1.89","FCM","NA","NA"
NA,2677,NA,3318,"CIP 761337","","",-16.9667,-68.8167,3860,"candolleanum_24","candolleanum","tuberous","germplasm",24,"SŠrkinen","","","1.89","FCM","NA","NA"
NA,2678,NA,3319,"CIP 761282","","",-15.5833,-68.7167,3014,"candolleanum_24","candolleanum","tuberous","germplasm",24,"SŠrkinen","","","1.89","FCM","NA","NA"
NA,2682,NA,3323,"CIP 762296","","",-15.7667,-68.55,4413,"candolleanum_24","candolleanum","tuberous","germplasm",24,"SŠrkinen","","","1.89","FCM","NA","NA"
NA,2687,NA,3328,"CIP 762168","","",-14.6778,-68.3567,3564,"candolleanum_24","candolleanum","tuberous","germplasm",24,"SŠrkinen","","","1.89","FCM","NA","NA"
NA,2688,NA,3329,"CIP 761280","","",-15.5478,-68.1789,3600,"candolleanum_24","candolleanum","tuberous","germplasm",24,"SŠrkinen","","","1.89","FCM","NA","NA"
NA,2692,NA,3333,"CIP 761811","","",-13.9714,-73.1683,2329,"candolleanum_24","candolleanum","tuberous","germplasm",24,"SŠrkinen","","","1.89","FCM","NA","NA"
NA,2693,NA,3334,"CIP 762024","","",-13.8747,-73.0267,2040,"candolleanum_24","candolleanum","tuberous","germplasm",24,"SŠrkinen","","","1.89","FCM","NA","NA"
NA,2704,NA,3345,"CIP 761996","","",-12.6692,-72.6467,1476,"candolleanum_24","candolleanum","tuberous","germplasm",24,"SŠrkinen","","","1.89","FCM","NA","NA"
NA,2736,NA,3377,"CIP 762963","","",-9.1019,-77.6769,3440,"candolleanum_24","candolleanum","tuberous","germplasm",24,"SŠrkinen","","","1.89","FCM","NA","NA"
NA,2738,NA,3379,"CIP 761475","","",-8.5508,-77.6017,3400,"candolleanum_24","candolleanum","tuberous","germplasm",24,"SŠrkinen","","","1.89","FCM","NA","NA"
NA,2739,NA,3380,"CIP 761473","","",-9.0106,-77.5225,3680,"candolleanum_24","candolleanum","tuberous","germplasm",24,"SŠrkinen","","","1.89","FCM","NA","NA"
NA,2748,NA,3389,"CIP 761479","","",-8.2764,-77.2961,3271,"candolleanum_24","candolleanum","tuberous","germplasm",24,"SŠrkinen","","","1.89","FCM","NA","NA"
NA,2751,NA,3392,"CIP 761443","","",-9.3322,-77.1842,3126,"candolleanum_24","candolleanum","tuberous","germplasm",24,"SŠrkinen","","","1.89","FCM","NA","NA"
NA,2756,NA,3397,"CIP 761440","","",-9.0817,-77.0067,3800,"candolleanum_24","candolleanum","tuberous","germplasm",24,"SŠrkinen","","","1.89","FCM","NA","NA"
NA,2761,NA,3402,"CIP 760361","","",-13.5997,-74.11,2600,"candolleanum_24","candolleanum","tuberous","germplasm",24,"SŠrkinen","","","1.89","FCM","NA","NA"
NA,2769,NA,3410,"CIP 761148","","",-15.2819,-73.5978,3500,"candolleanum_24","candolleanum","tuberous","germplasm",24,"SŠrkinen","","","1.89","FCM","NA","NA"
NA,2772,NA,3413,"CIP 762204","","",-14.6536,-70.5164,4005,"candolleanum_24","candolleanum","tuberous","germplasm",24,"SŠrkinen","","","1.89","FCM","NA","NA"
NA,2773,NA,3414,"CIP 763346","","",-14.1239,-69.6311,3714,"candolleanum_24","candolleanum","tuberous","germplasm",24,"SŠrkinen","","","1.89","FCM","NA","NA"
NA,2775,NA,3416,"CIP 763390","","",-13.2031,-72.5028,3400,"candolleanum_24","candolleanum","tuberous","germplasm",24,"SŠrkinen","","","1.89","FCM","NA","NA"
NA,2987,NA,3628,"442700","","",-13.633334,-72.066669,NA,"candolleanum_24","candolleanum","tuberous","germplasm",24,"SŠrkinen","","","1.89","FCM","NA","NA"
NA,3007,NA,3648,"PI 266385","","",-11.6,-75.366667,NA,"candolleanum_24","candolleanum","tuberous","germplasm",24,"SŠrkinen","","","1.89","FCM","NA","NA"
NA,3009,NA,3650,"PI 275274","","",-13.45,-73.733333,NA,"candolleanum_24","candolleanum","tuberous","germplasm",24,"SŠrkinen","","","1.89","FCM","NA","NA"
NA,3010,NA,3651,"PI 283074","","",-14.233333,-72.033333,NA,"candolleanum_24","candolleanum","tuberous","germplasm",24,"SŠrkinen","","","1.89","FCM","NA","NA"
NA,3014,NA,3655,"PI 310944","","",-13.166667,-71.416667,NA,"candolleanum_24","candolleanum","tuberous","germplasm",24,"SŠrkinen","","","1.89","FCM","NA","NA"
NA,3021,NA,3662,"PI 365348","","",-12.4,-75.95,NA,"candolleanum_24","candolleanum","tuberous","germplasm",24,"SŠrkinen","","","1.89","FCM","NA","NA"
NA,3031,NA,3672,"PI 458381","","",-13.383333,-73.25,NA,"candolleanum_24","candolleanum","tuberous","germplasm",24,"SŠrkinen","","","1.89","FCM","NA","NA"
NA,3035,NA,3676,"PI 473446","","",-13.566667,-72.75,NA,"candolleanum_24","candolleanum","tuberous","germplasm",24,"SŠrkinen","","","1.89","FCM","NA","NA"
NA,3036,NA,3677,"PI 473447","","",-15.80241,-74.225258,NA,"candolleanum_24","candolleanum","tuberous","germplasm",24,"SŠrkinen","","","1.89","FCM","NA","NA"
NA,3041,NA,3682,"PI 498212","","",-10.65,-77.666667,NA,"candolleanum_24","candolleanum","tuberous","germplasm",24,"SŠrkinen","","","1.89","FCM","NA","NA"
NA,3042,NA,3683,"PI 498213","","",-8.916667,-77.833333,NA,"candolleanum_24","candolleanum","tuberous","germplasm",24,"SŠrkinen","","","1.89","FCM","NA","NA"
NA,3069,NA,3728,"CIP 764290","","",22.8489,-101.9125,NA,"cardiophyllum_24","cardiophyllum","tuberous","germplasm",24,"SŠrkinen","","","1.55","FCM","NA","NA"
NA,3070,NA,3729,"CIP 764164","","",20.6333,-99.9333,NA,"cardiophyllum_24","cardiophyllum","tuberous","germplasm",24,"SŠrkinen","","","1.55","FCM","NA","NA"
NA,3071,NA,3730,"CIP 760655","","",18.45,-97.3833,1592,"cardiophyllum_24","cardiophyllum","tuberous","germplasm",24,"SŠrkinen","","","1.55","FCM","NA","NA"
NA,3107,NA,3766,"595466","","",18.23,-97.53,NA,"cardiophyllum_24","cardiophyllum","tuberous","germplasm",24,"SŠrkinen","","","1.55","FCM","NA","NA"
NA,3108,NA,3767,"PI 595468","","",18.666667,-97.366667,NA,"cardiophyllum_24","cardiophyllum","tuberous","germplasm",24,"SŠrkinen","","","1.55","FCM","NA","NA"
NA,3109,NA,3768,"CIP 760645","","",-23.9833,-64.3,693,"chacoense_24","chacoense","tuberous","germplasm",24,"SŠrkinen","","","1.72","FCM","NA","NA"
NA,3111,NA,3770,"CIP 762274","","",-25.4422,-57.5281,129,"chacoense_24","chacoense","tuberous","germplasm",24,"SŠrkinen","","","1.72","FCM","NA","NA"
NA,3112,NA,3771,"CIP 762275","","",-23.4833,-57.3167,83,"chacoense_24","chacoense","tuberous","germplasm",24,"SŠrkinen","","","1.72","FCM","NA","NA"
NA,3113,NA,3772,"CIP 762278","","",-25.3833,-57.15,224,"chacoense_24","chacoense","tuberous","germplasm",24,"SŠrkinen","","","1.72","FCM","NA","NA"
NA,3125,NA,3784,"CIP 762277","","",-26.0394,-57.13,NA,"chacoense_24","chacoense","tuberous","germplasm",24,"SŠrkinen","","","1.72","FCM","NA","NA"
NA,3126,NA,3785,"CIP 764212","","",-26.4869,-54.7839,NA,"chacoense_24","chacoense","tuberous","germplasm",24,"SŠrkinen","","","1.72","FCM","NA","NA"
NA,3524,NA,4183,"217451","","",-23.900001,-65.450001,NA,"chacoense_24","chacoense","tuberous","germplasm",24,"SŠrkinen","","","1.72","FCM","NA","NA"
NA,3526,NA,4185,"PI 175401","","",-26.216667,-65.283333,NA,"chacoense_24","chacoense","tuberous","germplasm",24,"SŠrkinen","","","1.72","FCM","NA","NA"
NA,3529,NA,4188,"PI 275141","","",-25.333333,-65.533333,NA,"chacoense_24","chacoense","tuberous","germplasm",24,"SŠrkinen","","","1.72","FCM","NA","NA"
NA,3530,NA,4189,"PI 320290","","",-26,-65.45,NA,"chacoense_24","chacoense","tuberous","germplasm",24,"SŠrkinen","","","1.72","FCM","NA","NA"
NA,3532,NA,4191,"PI 320292","","",-25.15,-65.716667,NA,"chacoense_24","chacoense","tuberous","germplasm",24,"SŠrkinen","","","1.72","FCM","NA","NA"
NA,3534,NA,4193,"PI 458308","","",-24.883333,-65.666667,NA,"chacoense_24","chacoense","tuberous","germplasm",24,"SŠrkinen","","","1.72","FCM","NA","NA"
NA,3537,NA,4196,"PI 472811","","",-32.066667,-64.55,NA,"chacoense_24","chacoense","tuberous","germplasm",24,"SŠrkinen","","","1.72","FCM","NA","NA"
NA,3538,NA,4197,"PI 472827","","",-27.466667,-58.833333,NA,"chacoense_24","chacoense","tuberous","germplasm",24,"SŠrkinen","","","1.72","FCM","NA","NA"
NA,3539,NA,4198,"PI 473406","","",-27.95,-65.55,NA,"chacoense_24","chacoense","tuberous","germplasm",24,"SŠrkinen","","","1.72","FCM","NA","NA"
NA,3540,NA,4199,"PI 498317","","",-24.05,-65.383333,NA,"chacoense_24","chacoense","tuberous","germplasm",24,"SŠrkinen","","","1.72","FCM","NA","NA"
NA,3541,NA,4200,"PI 498323","","",-28.533333,-67.216667,NA,"chacoense_24","chacoense","tuberous","germplasm",24,"SŠrkinen","","","1.72","FCM","NA","NA"
NA,3542,NA,4201,"PI 545846","","",-19.6,-64.65,NA,"chacoense_24","chacoense","tuberous","germplasm",24,"SŠrkinen","","","1.72","FCM","NA","NA"
NA,3545,NA,4204,"PI 545958","","",-19.566667,-64.533333,NA,"chacoense_24","chacoense","tuberous","germplasm",24,"SŠrkinen","","","1.72","FCM","NA","NA"
NA,4498,NA,5199,"PI 320269","","",-28.383333,-53.916667,NA,"commersonii_24","commersonii","tuberous","germplasm",24,"SŠrkinen","","","1.58","FCM","NA","NA"
NA,4503,NA,5204,"PI 472847","","",-29.7,-57.116667,NA,"commersonii_24","commersonii","tuberous","germplasm",24,"SŠrkinen","","","1.58","FCM","NA","NA"
NA,4120,NA,4821,"CIP 762451","","",-31.4703,-51.1456,NA,"commersonii_24","commersonii","tuberous","germplasm",24,"SŠrkinen","","","1.58","FCM","NA","NA"
NA,4097,NA,4798,"CIP 762457","","",-31.7342,-55.9914,NA,"commersonii_24","commersonii","tuberous","germplasm",24,"SŠrkinen","","","1.58","FCM","NA","NA"
NA,4093,NA,4794,"CIP 761102","","",-31.875,-56.2517,253,"commersonii_24","commersonii","tuberous","germplasm",24,"SŠrkinen","","","1.58","FCM","NA","NA"
NA,4102,NA,4803,"CIP 762475","","",-32.0867,-55.7686,NA,"commersonii_24","commersonii","tuberous","germplasm",24,"SŠrkinen","","","1.58","FCM","NA","NA"
NA,4087,NA,4788,"CIP 761080","","",-32.2206,-57.4625,43,"commersonii_24","commersonii","tuberous","germplasm",24,"SŠrkinen","","","1.58","FCM","NA","NA"
NA,4502,NA,5203,"PI 472843","","",-33.033333,-58.533333,NA,"commersonii_24","commersonii","tuberous","germplasm",24,"SŠrkinen","","","1.58","FCM","NA","NA"
NA,4086,NA,4787,"CIP 761088","","",-33.5217,-58.2142,NA,"commersonii_24","commersonii","tuberous","germplasm",24,"SŠrkinen","","","1.58","FCM","NA","NA"
NA,4084,NA,4785,"CIP 761101","","",-33.8094,-58.2672,58,"commersonii_24","commersonii","tuberous","germplasm",24,"SŠrkinen","","","1.58","FCM","NA","NA"
NA,4119,NA,4820,"CIP 762476","","",-34.2767,-53.7828,NA,"commersonii_24","commersonii","tuberous","germplasm",24,"SŠrkinen","","","1.58","FCM","NA","NA"
NA,4088,NA,4789,"CIP 762459","","",-34.3025,-56.7286,NA,"commersonii_24","commersonii","tuberous","germplasm",24,"SŠrkinen","","","1.58","FCM","NA","NA"
NA,4096,NA,4797,"CIP 761104","","",-34.4497,-56.0836,49,"commersonii_24","commersonii","tuberous","germplasm",24,"SŠrkinen","","","1.58","FCM","NA","NA"
NA,4107,NA,4808,"CIP 761090","","",-34.49,-54.3311,23,"commersonii_24","commersonii","tuberous","germplasm",24,"SŠrkinen","","","1.58","FCM","NA","NA"
NA,4100,NA,4801,"CIP 762452","","",-34.5317,-55.9264,NA,"commersonii_24","commersonii","tuberous","germplasm",24,"SŠrkinen","","","1.58","FCM","NA","NA"
NA,4095,NA,4796,"CIP 761089","","",-34.7447,-56.0981,NA,"commersonii_24","commersonii","tuberous","germplasm",24,"SŠrkinen","","","1.58","FCM","NA","NA"
NA,4106,NA,4807,"CIP 762461","","",-34.7681,-54.5464,NA,"commersonii_24","commersonii","tuberous","germplasm",24,"SŠrkinen","","","1.58","FCM","NA","NA"
NA,4103,NA,4804,"CIP 761084","","",-34.7914,-55.0819,NA,"commersonii_24","commersonii","tuberous","germplasm",24,"SŠrkinen","","","1.58","FCM","NA","NA"
NA,4092,NA,4793,"CIP 761082","","",-34.8672,-56.3186,NA,"commersonii_24","commersonii","tuberous","germplasm",24,"SŠrkinen","","","1.58","FCM","NA","NA"
NA,4105,NA,4806,"CIP 762456","","",-34.8997,-54.9497,NA,"commersonii_24","commersonii","tuberous","germplasm",24,"SŠrkinen","","","1.58","FCM","NA","NA"
NA,4500,NA,5201,"PI 472834","","",-36.783333,-60.583333,NA,"commersonii_24","commersonii","tuberous","germplasm",24,"SŠrkinen","","","1.58","FCM","NA","NA"
NA,4501,NA,5202,"PI 472838","","",-37.383333,-59.166667,NA,"commersonii_24","commersonii","tuberous","germplasm",24,"SŠrkinen","","","1.58","FCM","NA","NA"
NA,4865,NA,5675,"CIP 762059","","",-8.0328,-78.6358,2100,"immite_24","immite","tuberous","germplasm",24,"SŠrkinen","","","1.9","FCM","NA","NA"
NA,4867,NA,5676,"CIP 762934","","",-7.94,-78.6,2874,"immite_24","immite","tuberous","germplasm",24,"SŠrkinen","","","1.9","FCM","NA","NA"
NA,4871,NA,5678,"CIP 761040","","",-9.4903,-77.8597,2327,"immite_24","immite","tuberous","germplasm",24,"SŠrkinen","","","1.9","FCM","NA","NA"
NA,4873,NA,5679,"CIP 764063","","",-11.7861,-76.6267,NA,"immite_24","immite","tuberous","germplasm",24,"SŠrkinen","","","1.9","FCM","NA","NA"
NA,4907,NA,5696,"PI 498245","","",-8.116667,-79.033333,NA,"immite_24","immite","tuberous","germplasm",24,"SŠrkinen","","","1.9","FCM","NA","NA"
NA,5732,NA,6539,"CIP 761503","","",-10.4617,-76.945,3800,"medians_24","medians","tuberous","germplasm",24,"SŠrkinen","","","1.74","FCM","NA","NA"
NA,5735,NA,6542,"CIP 761531","","",-11.3553,-76.8242,1972,"medians_24","medians","tuberous","germplasm",24,"SŠrkinen","","","1.74","FCM","NA","NA"
NA,5736,NA,6543,"CIP 762089","","",-10.8375,-76.7981,3000,"medians_24","medians","tuberous","germplasm",24,"SŠrkinen","","","1.74","FCM","NA","NA"
NA,5740,NA,6547,"CIP 762897","","",-11.26,-76.7369,2192,"medians_24","medians","tuberous","germplasm",24,"SŠrkinen","","","1.74","FCM","NA","NA"
NA,5755,NA,6562,"CIP 762879","","",-11.4969,-76.6511,2381,"medians_24","medians","tuberous","germplasm",24,"SŠrkinen","","","1.74","FCM","NA","NA"
NA,5772,NA,6579,"CIP 762218","","",-11.9781,-76.5286,3000,"medians_24","medians","tuberous","germplasm",24,"SŠrkinen","","","1.74","FCM","NA","NA"
NA,5774,NA,6581,"CIP 761414","","",-11.8844,-76.44,2136,"medians_24","medians","tuberous","germplasm",24,"SŠrkinen","","","1.74","FCM","NA","NA"
NA,5786,NA,6593,"CIP 763496","","",-12.1033,-75.9014,4421,"medians_24","medians","tuberous","germplasm",24,"SŠrkinen","","","1.74","FCM","NA","NA"
NA,5787,NA,6594,"CIP 762920","","",-12.8211,-75.81,2441,"medians_24","medians","tuberous","germplasm",24,"SŠrkinen","","","1.74","FCM","NA","NA"
NA,5791,NA,6598,"CIP 761181","","",-16.9286,-71.5997,900,"medians_24","medians","tuberous","germplasm",24,"SŠrkinen","","","1.74","FCM","NA","NA"
NA,5798,NA,6605,"CIP 762988","","",-16.0842,-71.8036,3251,"medians_24","medians","tuberous","germplasm",24,"SŠrkinen","","","1.74","FCM","NA","NA"
NA,5799,NA,6606,"CIP 762872","","",-16.2806,-71.5169,3215,"medians_24","medians","tuberous","germplasm",24,"SŠrkinen","","","1.74","FCM","NA","NA"
NA,5804,NA,6611,"CIP 761233","","",-17.0017,-70.8178,3189,"medians_24","medians","tuberous","germplasm",24,"SŠrkinen","","","1.74","FCM","NA","NA"
NA,5805,NA,6612,"CIP 762866","","",-16.8653,-70.6706,3876,"medians_24","medians","tuberous","germplasm",24,"SŠrkinen","","","1.74","FCM","NA","NA"
NA,5806,NA,6613,"CIP 761231","","",-17.3017,-70.6403,2647,"medians_24","medians","tuberous","germplasm",24,"SŠrkinen","","","1.74","FCM","NA","NA"
NA,5864,NA,6671,"PI 458402","","",-11.366667,-77.016667,NA,"medians_24","medians","tuberous","germplasm",24,"SŠrkinen","","","1.74","FCM","NA","NA"
NA,5891,NA,6700,"CIP 763081","","",-17.65,-65.4,3087,"microdontum_24","microdontum","tuberous","germplasm",24,"SŠrkinen","","","1.68","FCM","NA","NA"
NA,5892,NA,6701,"CIP 761398","","",-17.5333,-65.2333,3571,"microdontum_24","microdontum","tuberous","germplasm",24,"SŠrkinen","","","1.68","FCM","NA","NA"
NA,5893,NA,6702,"CIP 760530","","",-21.5167,-64.75,1917,"microdontum_24","microdontum","tuberous","germplasm",24,"SŠrkinen","","","1.68","FCM","NA","NA"
NA,5896,NA,6705,"CIP 760466","","",-19.9561,-64.4769,2077,"microdontum_24","microdontum","tuberous","germplasm",24,"SŠrkinen","","","1.68","FCM","NA","NA"
NA,5897,NA,6706,"CIP 760467","","",-19.1167,-64.3333,2175,"microdontum_24","microdontum","tuberous","germplasm",24,"SŠrkinen","","","1.68","FCM","NA","NA"
NA,5898,NA,6707,"CIP 760430","","",-18.4897,-64.1069,2017,"microdontum_24","microdontum","tuberous","germplasm",24,"SŠrkinen","","","1.68","FCM","NA","NA"
NA,5899,NA,6708,"CIP 761065","","",-18.6764,-63.9997,2500,"microdontum_24","microdontum","tuberous","germplasm",24,"SŠrkinen","","","1.68","FCM","NA","NA"
NA,5903,NA,6712,"CIP 762315","","",-18.7333,-63.9,455,"microdontum_24","microdontum","tuberous","germplasm",24,"SŠrkinen","","","1.68","FCM","NA","NA"
NA,6013,NA,6822,"473166","","",-22.276703,-64.974745,NA,"microdontum_24","microdontum","tuberous","germplasm",24,"SŠrkinen","","","1.68","FCM","NA","NA"
NA,6016,NA,6825,"473312","","",-22.716666,-65.225043,NA,"microdontum_24","microdontum","tuberous","germplasm",24,"SŠrkinen","","","1.68","FCM","NA","NA"
NA,6017,NA,6826,"473363","","",-16.87053,-64.884781,NA,"microdontum_24","microdontum","tuberous","germplasm",24,"SŠrkinen","","","1.68","FCM","NA","NA"
NA,6018,NA,6827,"500040","","",-23.904671,-65.711975,NA,"microdontum_24","microdontum","tuberous","germplasm",24,"SŠrkinen","","","1.68","FCM","NA","NA"
NA,6022,NA,6831,"595508","","",-24.179688,-65.727394,NA,"microdontum_24","microdontum","tuberous","germplasm",24,"SŠrkinen","","","1.68","FCM","NA","NA"
NA,6023,NA,6832,"PI 218224","","",-26.216667,-65.283333,NA,"microdontum_24","microdontum","tuberous","germplasm",24,"SŠrkinen","","","1.68","FCM","NA","NA"
NA,6025,NA,6834,"PI 265881","","",-24.116667,-65.383333,NA,"microdontum_24","microdontum","tuberous","germplasm",24,"SŠrkinen","","","1.68","FCM","NA","NA"
NA,6027,NA,6836,"PI 275151","","",-24.45,-64.483333,NA,"microdontum_24","microdontum","tuberous","germplasm",24,"SŠrkinen","","","1.68","FCM","NA","NA"
NA,6033,NA,6842,"PI 320311","","",-27.016667,-65.65,NA,"microdontum_24","microdontum","tuberous","germplasm",24,"SŠrkinen","","","1.68","FCM","NA","NA"
NA,6037,NA,6846,"PI 320316","","",-24.75,-65.466667,NA,"microdontum_24","microdontum","tuberous","germplasm",24,"SŠrkinen","","","1.68","FCM","NA","NA"
NA,6039,NA,6848,"PI 320317","","",-25.15,-65.716667,NA,"microdontum_24","microdontum","tuberous","germplasm",24,"SŠrkinen","","","1.68","FCM","NA","NA"
NA,6041,NA,6850,"PI 458355","","",-23.633333,-65.133333,NA,"microdontum_24","microdontum","tuberous","germplasm",24,"SŠrkinen","","","1.68","FCM","NA","NA"
NA,6049,NA,6858,"PI 473178","","",-28.066667,-65.9,NA,"microdontum_24","microdontum","tuberous","germplasm",24,"SŠrkinen","","","1.68","FCM","NA","NA"
NA,6066,NA,6875,"PI 500044","","",-24.616667,-65.583333,NA,"microdontum_24","microdontum","tuberous","germplasm",24,"SŠrkinen","","","1.68","FCM","NA","NA"
NA,6071,NA,6880,"PI 545904","","",-19.75,-64.55,NA,"microdontum_24","microdontum","tuberous","germplasm",24,"SŠrkinen","","","1.68","FCM","NA","NA"
NA,6075,NA,6884,"PI 558099","","",-23.6,-65.233333,NA,"microdontum_24","microdontum","tuberous","germplasm",24,"SŠrkinen","","","1.68","FCM","NA","NA"
NA,6078,NA,6887,"PI 558100","","",-23.2,-64.916667,NA,"microdontum_24","microdontum","tuberous","germplasm",24,"SŠrkinen","","","1.68","FCM","NA","NA"
NA,6081,NA,6890,"PI 558101","","",-24.1,-65.6,NA,"microdontum_24","microdontum","tuberous","germplasm",24,"SŠrkinen","","","1.68","FCM","NA","NA"
NA,6084,NA,6893,"PI 565075","","",-27.316667,-66.05,NA,"microdontum_24","microdontum","tuberous","germplasm",24,"SŠrkinen","","","1.68","FCM","NA","NA"
NA,6088,NA,6897,"PI 595510","","",-21.4,-64.466667,NA,"microdontum_24","microdontum","tuberous","germplasm",24,"SŠrkinen","","","1.68","FCM","NA","NA"
NA,6092,NA,6901,"PI 597756","","",-21.45,-64.35,NA,"microdontum_24","microdontum","tuberous","germplasm",24,"SŠrkinen","","","1.68","FCM","NA","NA"
NA,6178,NA,6994,"CIP 762418","","",-9.7308,-77.8189,3750,"multiinterruptum_24","multiinterruptum","tuberous","germplasm",24,"SŠrkinen","","","1.84","FCM","NA","NA"
NA,6182,NA,6998,"CIP 761257","","",-9.8747,-77.7078,2945,"multiinterruptum_24","multiinterruptum","tuberous","germplasm",24,"SŠrkinen","","","1.84","FCM","NA","NA"
NA,6195,NA,7011,"CIP 761267","","",-9.4789,-77.5864,3971,"multiinterruptum_24","multiinterruptum","tuberous","germplasm",24,"SŠrkinen","","","1.84","FCM","NA","NA"
NA,6197,NA,7013,"CIP 762979","","",-10.1531,-77.3839,3726,"multiinterruptum_24","multiinterruptum","tuberous","germplasm",24,"SŠrkinen","","","1.84","FCM","NA","NA"
NA,6214,NA,7030,"CIP 761427","","",-10.3794,-77.215,3942,"multiinterruptum_24","multiinterruptum","tuberous","germplasm",24,"SŠrkinen","","","1.84","FCM","NA","NA"
NA,6218,NA,7034,"CIP 762088","","",-10.6378,-76.9886,3897,"multiinterruptum_24","multiinterruptum","tuberous","germplasm",24,"SŠrkinen","","","1.84","FCM","NA","NA"
NA,6222,NA,7038,"CIP 762105","","",-11.55,-76.8436,3400,"multiinterruptum_24","multiinterruptum","tuberous","germplasm",24,"SŠrkinen","","","1.84","FCM","NA","NA"
NA,6228,NA,7044,"CIP 761512","","",-10.6697,-76.7581,3800,"multiinterruptum_24","multiinterruptum","tuberous","germplasm",24,"SŠrkinen","","","1.84","FCM","NA","NA"
NA,6232,NA,7048,"CIP 762893","","",-11.4969,-76.7539,3374,"multiinterruptum_24","multiinterruptum","tuberous","germplasm",24,"SŠrkinen","","","1.84","FCM","NA","NA"
NA,6238,NA,7054,"CIP 762094","","",-11.1267,-76.665,3300,"multiinterruptum_24","multiinterruptum","tuberous","germplasm",24,"SŠrkinen","","","1.84","FCM","NA","NA"
NA,6243,NA,7059,"CIP 764013","","",-11.5325,-76.6169,3627,"multiinterruptum_24","multiinterruptum","tuberous","germplasm",24,"SŠrkinen","","","1.84","FCM","NA","NA"
NA,6248,NA,7064,"CIP 762103","","",-11.3692,-76.5111,4489,"multiinterruptum_24","multiinterruptum","tuberous","germplasm",24,"SŠrkinen","","","1.84","FCM","NA","NA"
NA,6251,NA,7067,"CIP 761324","","",-11.9397,-76.4256,3276,"multiinterruptum_24","multiinterruptum","tuberous","germplasm",24,"SŠrkinen","","","1.84","FCM","NA","NA"
NA,6254,NA,7070,"CIP 762073","","",-12.2078,-76.3492,3873,"multiinterruptum_24","multiinterruptum","tuberous","germplasm",24,"SŠrkinen","","","1.84","FCM","NA","NA"
NA,6258,NA,7074,"CIP 762082","","",-12.1033,-75.9014,4421,"multiinterruptum_24","multiinterruptum","tuberous","germplasm",24,"SŠrkinen","","","1.84","FCM","NA","NA"
NA,6285,NA,7101,"498312","","",-9.19397,-74.990627,NA,"multiinterruptum_24","multiinterruptum","tuberous","germplasm",24,"SŠrkinen","","","1.84","FCM","NA","NA"
NA,6288,NA,7104,"PI 365338","","",-9.716667,-77.466667,NA,"multiinterruptum_24","multiinterruptum","tuberous","germplasm",24,"SŠrkinen","","","1.84","FCM","NA","NA"
NA,6290,NA,7106,"PI 498265","","",-8.633333,-77.6,NA,"multiinterruptum_24","multiinterruptum","tuberous","germplasm",24,"SŠrkinen","","","1.84","FCM","NA","NA"
NA,7791,NA,8839,"CIP 763029","","",19.4,-101.6,2325,"verrucosum_24","verrucosum","tuberous","germplasm",24,"SŠrkinen","","","1.63","FCM","NA","NA"
NA,7792,NA,8840,"CIP 763857","","",25.2,-100.0667,2348,"verrucosum_24","verrucosum","tuberous","germplasm",24,"SŠrkinen","","","1.63","FCM","NA","NA"
NA,7793,NA,8841,"CIP 763779","","",19.15,-99.8,2680,"verrucosum_24","verrucosum","tuberous","germplasm",24,"SŠrkinen","","","1.63","FCM","NA","NA"
NA,7794,NA,8842,"CIP 763858","","",19.7381,-99.7589,3801,"verrucosum_24","verrucosum","tuberous","germplasm",24,"SŠrkinen","","","1.63","FCM","NA","NA"
NA,7795,NA,8843,"CIP 760746","","",19.3,-99.65,2680,"verrucosum_24","verrucosum","tuberous","germplasm",24,"SŠrkinen","","","1.63","FCM","NA","NA"
NA,7797,NA,8845,"CIP 763855","","",20.0328,-98.6828,2960,"verrucosum_24","verrucosum","tuberous","germplasm",24,"SŠrkinen","","","1.63","FCM","NA","NA"
NA,7798,NA,8846,"CIP 763863","","",19.0375,-97.8161,2838,"verrucosum_24","verrucosum","tuberous","germplasm",24,"SŠrkinen","","","1.63","FCM","NA","NA"
NA,7875,NA,8923,"PI 255544","","",19.25,-98.5,NA,"verrucosum_24","verrucosum","tuberous","germplasm",24,"SŠrkinen","","","1.63","FCM","NA","NA"
NA,7878,NA,8926,"PI 310966","","",19.033333,-98.633333,NA,"verrucosum_24","verrucosum","tuberous","germplasm",24,"SŠrkinen","","","1.63","FCM","NA","NA"
NA,7887,NA,8935,"PI 558433","","",19.416667,-102.533333,NA,"verrucosum_24","verrucosum","tuberous","germplasm",24,"SŠrkinen","","","1.63","FCM","NA","NA"
NA,7890,NA,8938,"PI 558488","","",19.566667,-103.583333,NA,"verrucosum_24","verrucosum","tuberous","germplasm",24,"SŠrkinen","","","1.63","FCM","NA","NA"
NA,1040,NA,1219,"CIP 763735","","",-3.9647,-79.3475,2159,"albornozii","albornozii","tuberous","germplasm",24,"SŠrkinen","","","2.18","FCM","Petota","3"
NA,1041,NA,1220,"CIP 761164","","",-4,-79.2167,2159,"albornozii","albornozii","tuberous","germplasm",24,"SŠrkinen","","","2.18","FCM","Petota","3"
NA,1044,NA,1223,"94346","","",-3.4,-79.1,3100,"albornozii","albornozii","tuberous","wild",24,"SŠrkinen","","","2.18","FCM","Petota","3"
NA,1045,NA,1224,"95057","","",-3.983333,-79.15,2750,"albornozii","albornozii","tuberous","wild",24,"SŠrkinen","","","2.18","FCM","Petota","3"
NA,1046,NA,1225,"92360","","",-4.366667,-79.11667,2560,"albornozii","albornozii","tuberous","wild",24,"SŠrkinen","","","2.18","FCM","Petota","3"
NA,1047,NA,1226,"94174","","",-4,-79.28,2350,"albornozii","albornozii","tuberous","wild",24,"SŠrkinen","","","2.18","FCM","Petota","3"
NA,1048,NA,1227,"94345","","",-3.983333,-79.28333,0,"albornozii","albornozii","tuberous","wild",24,"SŠrkinen","","","2.18","FCM","Petota","3"
NA,1049,NA,1228,"94694","","",-4,-79.22,2700,"albornozii","albornozii","tuberous","wild",24,"SŠrkinen","","","2.18","FCM","Petota","3"
NA,1050,NA,1229,"94173","","",-4,-79.27,2630,"albornozii","albornozii","tuberous","wild",24,"SŠrkinen","","","2.18","FCM","Petota","3"
NA,1051,NA,1230,"PI 498206","","",-4,-79.216667,NA,"albornozii","albornozii","tuberous","germplasm",24,"SŠrkinen","","","2.18","FCM","Petota","3"
NA,4909,NA,5700,"CIP 763694","","",-24.8433,-66.1833,2841,"infundibuliforme","infundibuliforme","tuberous","germplasm",24,"SŠrkinen","","","1.72","FCM","Petota","4 South"
NA,4910,NA,5701,"CIP 761004","","",-21.6667,-65.9667,3234,"infundibuliforme","infundibuliforme","tuberous","germplasm",24,"SŠrkinen","","","1.72","FCM","Petota","4 South"
NA,4911,NA,5702,"CIP 761374","","",-21.3703,-65.9439,3450,"infundibuliforme","infundibuliforme","tuberous","germplasm",24,"SŠrkinen","","","1.72","FCM","Petota","4 South"
NA,4912,NA,5703,"CIP 763721","","",-23.3186,-65.7619,3450,"infundibuliforme","infundibuliforme","tuberous","germplasm",24,"SŠrkinen","","","1.72","FCM","Petota","4 South"
NA,4914,NA,5705,"CIP 761002","","",-19.8667,-65.7167,3960,"infundibuliforme","infundibuliforme","tuberous","germplasm",24,"SŠrkinen","","","1.72","FCM","Petota","4 South"
NA,4915,NA,5706,"CIP 761003","","",-21.45,-65.7167,2941,"infundibuliforme","infundibuliforme","tuberous","germplasm",24,"SŠrkinen","","","1.72","FCM","Petota","4 South"
NA,4916,NA,5707,"CIP 761359","","",-19.6333,-65.2167,2580,"infundibuliforme","infundibuliforme","tuberous","germplasm",24,"SŠrkinen","","","1.72","FCM","Petota","4 South"
NA,4917,NA,5708,"80473","","",-22.25,-64.9666,3450,"infundibuliforme","infundibuliforme","tuberous","wild",24,"SŠrkinen","","","1.72","FCM","Petota","4 South"
NA,4919,NA,5710,"87487","","",-23.56,-66.21,3700,"infundibuliforme","infundibuliforme","tuberous","wild",24,"SŠrkinen","","","1.72","FCM","Petota","4 South"
NA,4920,NA,5711,"86311","","",-22.45,-66.0666,3900,"infundibuliforme","infundibuliforme","tuberous","wild",24,"SŠrkinen","","","1.72","FCM","Petota","4 South"
NA,4921,NA,5712,"78880","","",-24.5,-66.4833,3720,"infundibuliforme","infundibuliforme","tuberous","wild",24,"SŠrkinen","","","1.72","FCM","Petota","4 South"
NA,4922,NA,5713,"78666","","",-25.1,-66.9833,3720,"infundibuliforme","infundibuliforme","tuberous","wild",24,"SŠrkinen","","","1.72","FCM","Petota","4 South"
NA,4923,NA,5714,"87758","","",-23.4166,-66.4833,0,"infundibuliforme","infundibuliforme","tuberous","wild",24,"SŠrkinen","","","1.72","FCM","Petota","4 South"
NA,4924,NA,5715,"84377","","",-19.88,-65.17,3550,"infundibuliforme","infundibuliforme","tuberous","wild",24,"SŠrkinen","","","1.72","FCM","Petota","4 South"
NA,4926,NA,5717,"80640","","",-22.25,-65.3,3900,"infundibuliforme","infundibuliforme","tuberous","wild",24,"SŠrkinen","","","1.72","FCM","Petota","4 South"
NA,4927,NA,5718,"80998","","",-22.85,-66.0166,3300,"infundibuliforme","infundibuliforme","tuberous","wild",24,"SŠrkinen","","","1.72","FCM","Petota","4 South"
NA,4928,NA,5719,"78005","","",-23.2333,-65.2166,3500,"infundibuliforme","infundibuliforme","tuberous","wild",24,"SŠrkinen","","","1.72","FCM","Petota","4 South"
NA,4930,NA,5721,"85541","","",-18.1667,-65,0,"infundibuliforme","infundibuliforme","tuberous","wild",24,"SŠrkinen","","","1.72","FCM","Petota","4 South"
NA,4931,NA,5722,"80159","","",-21.4125,-66.1562,4040,"infundibuliforme","infundibuliforme","tuberous","wild",24,"SŠrkinen","","","1.72","FCM","Petota","4 South"
NA,4932,NA,5723,"87163","","",-22.6333,-64.8166,3500,"infundibuliforme","infundibuliforme","tuberous","wild",24,"SŠrkinen","","","1.72","FCM","Petota","4 South"
NA,4933,NA,5724,"968","","",-17.78733,-65.9422,3000,"infundibuliforme","infundibuliforme","tuberous","wild",24,"SŠrkinen","","","1.72","FCM","Petota","4 South"
NA,4934,NA,5725,"77241","","",-19.7333,-65.5667,3800,"infundibuliforme","infundibuliforme","tuberous","wild",24,"SŠrkinen","","","1.72","FCM","Petota","4 South"
NA,4935,NA,5726,"85808","","",-23.02,-65.25,3650,"infundibuliforme","infundibuliforme","tuberous","wild",24,"SŠrkinen","","","1.72","FCM","Petota","4 South"
NA,4936,NA,5727,"83889","","",-23.9,-65.45,0,"infundibuliforme","infundibuliforme","tuberous","wild",24,"SŠrkinen","","","1.72","FCM","Petota","4 South"
NA,4937,NA,5728,"84595","","",-23.1333,-65.0166,3560,"infundibuliforme","infundibuliforme","tuberous","wild",24,"SŠrkinen","","","1.72","FCM","Petota","4 South"
NA,4938,NA,5729,"77908","","",-22.9833,-65.35,0,"infundibuliforme","infundibuliforme","tuberous","wild",24,"SŠrkinen","","","1.72","FCM","Petota","4 South"
NA,4939,NA,5730,"77240","","",-21.4,-65.5167,3800,"infundibuliforme","infundibuliforme","tuberous","wild",24,"SŠrkinen","","","1.72","FCM","Petota","4 South"
NA,4940,NA,5731,"78623","","",-22.2333,-66.3333,3860,"infundibuliforme","infundibuliforme","tuberous","wild",24,"SŠrkinen","","","1.72","FCM","Petota","4 South"
NA,4941,NA,5732,"84604","","",-24.1833,-65.3,0,"infundibuliforme","infundibuliforme","tuberous","wild",24,"SŠrkinen","","","1.72","FCM","Petota","4 South"
NA,4943,NA,5734,"78678","","",-21.95,-66.0666,3800,"infundibuliforme","infundibuliforme","tuberous","wild",24,"SŠrkinen","","","1.72","FCM","Petota","4 South"
NA,4944,NA,5735,"81783","","",-21.25,-66.0667,4000,"infundibuliforme","infundibuliforme","tuberous","wild",24,"SŠrkinen","","","1.72","FCM","Petota","4 South"
NA,4945,NA,5736,"86296","","",-22.0333,-66.2666,3900,"infundibuliforme","infundibuliforme","tuberous","wild",24,"SŠrkinen","","","1.72","FCM","Petota","4 South"
NA,4946,NA,5737,"80447","","",-21.8,-65.1328,3500,"infundibuliforme","infundibuliforme","tuberous","wild",24,"SŠrkinen","","","1.72","FCM","Petota","4 South"
NA,4947,NA,5738,"87285","","",-23.0166,-65.1,3600,"infundibuliforme","infundibuliforme","tuberous","wild",24,"SŠrkinen","","","1.72","FCM","Petota","4 South"
NA,4948,NA,5739,"81223","","",-22.11813,-65.58009,3442,"infundibuliforme","infundibuliforme","tuberous","wild",24,"SŠrkinen","","","1.72","FCM","Petota","4 South"
NA,4949,NA,5740,"78882","","",-23.65,-66.3,3820,"infundibuliforme","infundibuliforme","tuberous","wild",24,"SŠrkinen","","","1.72","FCM","Petota","4 South"
NA,4950,NA,5741,"85756","","",-22.7166,-65.7,3530,"infundibuliforme","infundibuliforme","tuberous","wild",24,"SŠrkinen","","","1.72","FCM","Petota","4 South"
NA,4951,NA,5742,"83848","","",-23.68063,-65.52157,3000,"infundibuliforme","infundibuliforme","tuberous","wild",24,"SŠrkinen","","","1.72","FCM","Petota","4 South"
NA,4952,NA,5743,"83824","","",-23.85,-65.2833,0,"infundibuliforme","infundibuliforme","tuberous","wild",24,"SŠrkinen","","","1.72","FCM","Petota","4 South"
NA,4953,NA,5744,"85917","","",-22.7666,-65.35,3600,"infundibuliforme","infundibuliforme","tuberous","wild",24,"SŠrkinen","","","1.72","FCM","Petota","4 South"
NA,4954,NA,5745,"78605","","",-22.6,-65.8166,3800,"infundibuliforme","infundibuliforme","tuberous","wild",24,"SŠrkinen","","","1.72","FCM","Petota","4 South"
NA,4955,NA,5746,"87141","","",-22.65,-65.0833,3300,"infundibuliforme","infundibuliforme","tuberous","wild",24,"SŠrkinen","","","1.72","FCM","Petota","4 South"
NA,4956,NA,5747,"80249","","",-20.4066,-65.5682,3180,"infundibuliforme","infundibuliforme","tuberous","wild",24,"SŠrkinen","","","1.72","FCM","Petota","4 South"
NA,4957,NA,5748,"87982","","",-22.0833,-65.8833,3720,"infundibuliforme","infundibuliforme","tuberous","wild",24,"SŠrkinen","","","1.72","FCM","Petota","4 South"
NA,4958,NA,5749,"84498","","",-22.25,-66.4333,3640,"infundibuliforme","infundibuliforme","tuberous","wild",24,"SŠrkinen","","","1.72","FCM","Petota","4 South"
NA,4959,NA,5750,"84516","","",-22.2166,-66.15,3800,"infundibuliforme","infundibuliforme","tuberous","wild",24,"SŠrkinen","","","1.72","FCM","Petota","4 South"
NA,4960,NA,5751,"86268","","",-21.88,-66.18,3680,"infundibuliforme","infundibuliforme","tuberous","wild",24,"SŠrkinen","","","1.72","FCM","Petota","4 South"
NA,4961,NA,5752,"80400","","",-23.2,-65.35,3600,"infundibuliforme","infundibuliforme","tuberous","wild",24,"SŠrkinen","","","1.72","FCM","Petota","4 South"
NA,4962,NA,5753,"82464","","",-19.7,-65.8333,3880,"infundibuliforme","infundibuliforme","tuberous","wild",24,"SŠrkinen","","","1.72","FCM","Petota","4 South"
NA,4963,NA,5754,"86106","","",-17.4333,-65.7167,3700,"infundibuliforme","infundibuliforme","tuberous","wild",24,"SŠrkinen","","","1.72","FCM","Petota","4 South"
NA,4964,NA,5755,"87964","","",-22.58,-65.26,3565,"infundibuliforme","infundibuliforme","tuberous","wild",24,"SŠrkinen","","","1.72","FCM","Petota","4 South"
NA,4965,NA,5756,"83316","","",-23.55,-65.2666,3700,"infundibuliforme","infundibuliforme","tuberous","wild",24,"SŠrkinen","","","1.72","FCM","Petota","4 South"
NA,4966,NA,5757,"78600","","",-23.7166,-65.6833,3700,"infundibuliforme","infundibuliforme","tuberous","wild",24,"SŠrkinen","","","1.72","FCM","Petota","4 South"
NA,4967,NA,5758,"84920","","",-20.2167,-66.45,3850,"infundibuliforme","infundibuliforme","tuberous","wild",24,"SŠrkinen","","","1.72","FCM","Petota","4 South"
NA,4968,NA,5759,"85549","","",-17.53333,-65.23333,0,"infundibuliforme","infundibuliforme","tuberous","wild",24,"SŠrkinen","","","1.72","FCM","Petota","4 South"
NA,4969,NA,5760,"84111","","",-22.7333,-65.9,3690,"infundibuliforme","infundibuliforme","tuberous","wild",24,"SŠrkinen","","","1.72","FCM","Petota","4 South"
NA,4970,NA,5761,"86014","","",-21.05,-68.05,0,"infundibuliforme","infundibuliforme","tuberous","wild",24,"SŠrkinen","","","1.72","FCM","Petota","4 South"
NA,4971,NA,5762,"85829","","",-23.25,-66.1166,3700,"infundibuliforme","infundibuliforme","tuberous","wild",24,"SŠrkinen","","","1.72","FCM","Petota","4 South"
NA,4972,NA,5763,"85858","","",-23,-65.8666,3600,"infundibuliforme","infundibuliforme","tuberous","wild",24,"SŠrkinen","","","1.72","FCM","Petota","4 South"
NA,4973,NA,5764,"80689","","",-22.7,-66.1,3800,"infundibuliforme","infundibuliforme","tuberous","wild",24,"SŠrkinen","","","1.72","FCM","Petota","4 South"
NA,4974,NA,5765,"85820","","",-22.3333,-65.6,3650,"infundibuliforme","infundibuliforme","tuberous","wild",24,"SŠrkinen","","","1.72","FCM","Petota","4 South"
NA,4975,NA,5766,"84471","","",-20.0335,-65.5499,3103,"infundibuliforme","infundibuliforme","tuberous","wild",24,"SŠrkinen","","","1.72","FCM","Petota","4 South"
NA,4976,NA,5767,"80245","","",-21.4501,-65.8514,4006,"infundibuliforme","infundibuliforme","tuberous","wild",24,"SŠrkinen","","","1.72","FCM","Petota","4 South"
NA,4977,NA,5768,"85854","","",-23.4666,-66.0333,4150,"infundibuliforme","infundibuliforme","tuberous","wild",24,"SŠrkinen","","","1.72","FCM","Petota","4 South"
NA,4978,NA,5769,"79498","","",-23.25,-65.5833,3900,"infundibuliforme","infundibuliforme","tuberous","wild",24,"SŠrkinen","","","1.72","FCM","Petota","4 South"
NA,4979,NA,5770,"86209","","",-23.2,-65.45,3250,"infundibuliforme","infundibuliforme","tuberous","wild",24,"SŠrkinen","","","1.72","FCM","Petota","4 South"
NA,4980,NA,5771,"77245","","",-21.8833,-65.2833,3400,"infundibuliforme","infundibuliforme","tuberous","wild",24,"SŠrkinen","","","1.72","FCM","Petota","4 South"
NA,4981,NA,5772,"78904","","",-24.2166,-66.45,3800,"infundibuliforme","infundibuliforme","tuberous","wild",24,"SŠrkinen","","","1.72","FCM","Petota","4 South"
NA,4982,NA,5773,"81069","","",-22.93528,-65.52583,3610,"infundibuliforme","infundibuliforme","tuberous","wild",24,"SŠrkinen","","","1.72","FCM","Petota","4 South"
NA,4983,NA,5774,"85615","","",-21.18333,-65.3,0,"infundibuliforme","infundibuliforme","tuberous","wild",24,"SŠrkinen","","","1.72","FCM","Petota","4 South"
NA,4984,NA,5775,"80439","","",-21.8,-65.55,3400,"infundibuliforme","infundibuliforme","tuberous","wild",24,"SŠrkinen","","","1.72","FCM","Petota","4 South"
NA,4985,NA,5776,"80723","","",-23.6666,-65.35,3700,"infundibuliforme","infundibuliforme","tuberous","wild",24,"SŠrkinen","","","1.72","FCM","Petota","4 South"
NA,4986,NA,5777,"78634","","",-22.2166,-65.45,3500,"infundibuliforme","infundibuliforme","tuberous","wild",24,"SŠrkinen","","","1.72","FCM","Petota","4 South"
NA,4987,NA,5778,"83253","","",-22.3666,-65.7833,3850,"infundibuliforme","infundibuliforme","tuberous","wild",24,"SŠrkinen","","","1.72","FCM","Petota","4 South"
NA,4988,NA,5779,"84761","","",-23.1333,-65.7,4100,"infundibuliforme","infundibuliforme","tuberous","wild",24,"SŠrkinen","","","1.72","FCM","Petota","4 South"
NA,4989,NA,5780,"78665","","",-25.2,-66.8833,3720,"infundibuliforme","infundibuliforme","tuberous","wild",24,"SŠrkinen","","","1.72","FCM","Petota","4 South"
NA,4990,NA,5781,"84866","","",-20.4667,-66.8333,3700,"infundibuliforme","infundibuliforme","tuberous","wild",24,"SŠrkinen","","","1.72","FCM","Petota","4 South"
NA,4991,NA,5782,"87920","","",-24.13333,-66.28333,0,"infundibuliforme","infundibuliforme","tuberous","wild",24,"SŠrkinen","","","1.72","FCM","Petota","4 South"
NA,4992,NA,5783,"78667","","",-23.98,-66.37,3720,"infundibuliforme","infundibuliforme","tuberous","wild",24,"SŠrkinen","","","1.72","FCM","Petota","4 South"
NA,4997,NA,5788,"472860","","",-22.121186,-65.733944,NA,"infundibuliforme","infundibuliforme","tuberous","germplasm",24,"SŠrkinen","","","1.72","FCM","Petota","4 South"
NA,5014,NA,5805,"PI 414147","","",-22.45,-66.183333,NA,"infundibuliforme","infundibuliforme","tuberous","germplasm",24,"SŠrkinen","","","1.72","FCM","Petota","4 South"
NA,5016,NA,5807,"PI 442675","","",-23.566667,-65.433333,NA,"infundibuliforme","infundibuliforme","tuberous","germplasm",24,"SŠrkinen","","","1.72","FCM","Petota","4 South"
NA,5022,NA,5813,"PI 472862","","",-22.4,-65.366667,NA,"infundibuliforme","infundibuliforme","tuberous","germplasm",24,"SŠrkinen","","","1.72","FCM","Petota","4 South"
NA,5149,NA,5940,"CIP 762776","","",33.4022,-112.5708,2150,"jamesii","jamesii","tuberous","germplasm",24,"SŠrkinen","","","1.42","FCM","Petota","1+2"
NA,5151,NA,5942,"CIP 764115","","",33.6094,-109.2,2290,"jamesii","jamesii","tuberous","germplasm",24,"SŠrkinen","","","1.42","FCM","Petota","1+2"
NA,5152,NA,5943,"91147","","",34.078,-107.171,0,"jamesii","jamesii","tuberous","wild",24,"SŠrkinen","","","1.42","FCM","Petota","1+2"
NA,5153,NA,5944,"89318","","",34.017,-107.0825,0,"jamesii","jamesii","tuberous","wild",24,"SŠrkinen","","","1.42","FCM","Petota","1+2"
NA,5154,NA,5945,"90737","","",35.263,-108.33,2073,"jamesii","jamesii","tuberous","wild",24,"SŠrkinen","","","1.42","FCM","Petota","1+2"
NA,5155,NA,5946,"90740","","",37.3033,-105.0026,2140,"jamesii","jamesii","tuberous","wild",24,"SŠrkinen","","","1.42","FCM","Petota","1+2"
NA,5156,NA,5947,"91041","","",34.0832,-105.43,2100,"jamesii","jamesii","tuberous","wild",24,"SŠrkinen","","","1.42","FCM","Petota","1+2"
NA,5157,NA,5948,"91375","","",32.376,-106.563,0,"jamesii","jamesii","tuberous","wild",24,"SŠrkinen","","","1.42","FCM","Petota","1+2"
NA,5158,NA,5949,"138824","","",35.54378,-106.9015,0,"jamesii","jamesii","tuberous","wild",24,"SŠrkinen","","","1.42","FCM","Petota","1+2"
NA,5159,NA,5950,"91307","","",34.2807,-110.0525,0,"jamesii","jamesii","tuberous","wild",24,"SŠrkinen","","","1.42","FCM","Petota","1+2"
NA,5160,NA,5951,"88565","","",36.091,-109.2607,1743,"jamesii","jamesii","tuberous","wild",24,"SŠrkinen","","","1.42","FCM","Petota","1+2"
NA,5161,NA,5952,"88567","","",33.3929,-108.5229,1875,"jamesii","jamesii","tuberous","wild",24,"SŠrkinen","","","1.42","FCM","Petota","1+2"
NA,5162,NA,5953,"91019","","",33.4543,-108.4251,1870,"jamesii","jamesii","tuberous","wild",24,"SŠrkinen","","","1.42","FCM","Petota","1+2"
NA,5163,NA,5954,"90978","","",31.99763,-108.2328,0,"jamesii","jamesii","tuberous","wild",24,"SŠrkinen","","","1.42","FCM","Petota","1+2"
NA,5164,NA,5955,"88568","","",31.5932,-104.5002,0,"jamesii","jamesii","tuberous","wild",24,"SŠrkinen","","","1.42","FCM","Petota","1+2"
NA,5165,NA,5956,"90701","","",36.5913,-110.0101,0,"jamesii","jamesii","tuberous","wild",24,"SŠrkinen","","","1.42","FCM","Petota","1+2"
NA,5166,NA,5957,"90716","","",32.8894,-108.174,0,"jamesii","jamesii","tuberous","wild",24,"SŠrkinen","","","1.42","FCM","Petota","1+2"
NA,5167,NA,5958,"91146","","",32.764,-108.618,0,"jamesii","jamesii","tuberous","wild",24,"SŠrkinen","","","1.42","FCM","Petota","1+2"
NA,5168,NA,5959,"88530","","",34.5617,-111.2609,2169,"jamesii","jamesii","tuberous","wild",24,"SŠrkinen","","","1.42","FCM","Petota","1+2"
NA,5169,NA,5960,"91308","","",34.4817,-109.2414,1814,"jamesii","jamesii","tuberous","wild",24,"SŠrkinen","","","1.42","FCM","Petota","1+2"
NA,5170,NA,5961,"91027","","",33.5945,-109.0737,2530,"jamesii","jamesii","tuberous","wild",24,"SŠrkinen","","","1.42","FCM","Petota","1+2"
NA,5171,NA,5962,"88525","","",34.023,-109.5411,1920,"jamesii","jamesii","tuberous","wild",24,"SŠrkinen","","","1.42","FCM","Petota","1+2"
NA,5172,NA,5963,"90676","","",34.5428,-110.0939,1548,"jamesii","jamesii","tuberous","wild",24,"SŠrkinen","","","1.42","FCM","Petota","1+2"
NA,5173,NA,5964,"89534","","",33.1114,-108.0047,1800,"jamesii","jamesii","tuberous","wild",24,"SŠrkinen","","","1.42","FCM","Petota","1+2"
NA,5174,NA,5965,"88849","","",37.0842,-108.3031,0,"jamesii","jamesii","tuberous","wild",24,"SŠrkinen","","","1.42","FCM","Petota","1+2"
NA,5175,NA,5966,"89119","","",36.3346,-105.0632,2200,"jamesii","jamesii","tuberous","wild",24,"SŠrkinen","","","1.42","FCM","Petota","1+2"
NA,5176,NA,5967,"88535","","",31.809,-109.28,0,"jamesii","jamesii","tuberous","wild",24,"SŠrkinen","","","1.42","FCM","Petota","1+2"
NA,5177,NA,5968,"80965","","",35.6376,-105.282,0,"jamesii","jamesii","tuberous","wild",24,"SŠrkinen","","","1.42","FCM","Petota","1+2"
NA,5178,NA,5969,"91143","","",36.5555,-112.1256,2134,"jamesii","jamesii","tuberous","wild",24,"SŠrkinen","","","1.42","FCM","Petota","1+2"
NA,5179,NA,5970,"91133","","",33.8315,-108.605,1829,"jamesii","jamesii","tuberous","wild",24,"SŠrkinen","","","1.42","FCM","Petota","1+2"
NA,5180,NA,5971,"88883","","",35.0114,-106.2112,1981,"jamesii","jamesii","tuberous","wild",24,"SŠrkinen","","","1.42","FCM","Petota","1+2"
NA,5181,NA,5972,"91249","","",33.1933,-108.2638,2347,"jamesii","jamesii","tuberous","wild",24,"SŠrkinen","","","1.42","FCM","Petota","1+2"
NA,5182,NA,5973,"90987","","",32.2528,-106.3401,1739,"jamesii","jamesii","tuberous","wild",24,"SŠrkinen","","","1.42","FCM","Petota","1+2"
NA,5183,NA,5974,"90675","","",32.5718,-108.3621,1372,"jamesii","jamesii","tuberous","wild",24,"SŠrkinen","","","1.42","FCM","Petota","1+2"
NA,5184,NA,5975,"90700","","",35.0431,-108.5058,1920,"jamesii","jamesii","tuberous","wild",24,"SŠrkinen","","","1.42","FCM","Petota","1+2"
NA,5185,NA,5976,"88532","","",36.0338,-107.5742,0,"jamesii","jamesii","tuberous","wild",24,"SŠrkinen","","","1.42","FCM","Petota","1+2"
NA,5186,NA,5977,"88522","","",34.0106,-109.1827,2134,"jamesii","jamesii","tuberous","wild",24,"SŠrkinen","","","1.42","FCM","Petota","1+2"
NA,5187,NA,5978,"91275","","",35.1256,-108.815,2365,"jamesii","jamesii","tuberous","wild",24,"SŠrkinen","","","1.42","FCM","Petota","1+2"
NA,5188,NA,5979,"90670","","",32.0862,-107.628,0,"jamesii","jamesii","tuberous","wild",24,"SŠrkinen","","","1.42","FCM","Petota","1+2"
NA,5189,NA,5980,"90394","","",40.5878,-105.0429,1524,"jamesii","jamesii","tuberous","wild",24,"SŠrkinen","","","1.42","FCM","Petota","1+2"
NA,5190,NA,5981,"88551","","",34.395,-106.2701,2103,"jamesii","jamesii","tuberous","wild",24,"SŠrkinen","","","1.42","FCM","Petota","1+2"
NA,5191,NA,5982,"88516","","",33.4353,-105.3822,2097,"jamesii","jamesii","tuberous","wild",24,"SŠrkinen","","","1.42","FCM","Petota","1+2"
NA,5192,NA,5983,"91141","","",35.4241,-106.3743,2103,"jamesii","jamesii","tuberous","wild",24,"SŠrkinen","","","1.42","FCM","Petota","1+2"
NA,5193,NA,5984,"89529","","",34.3312,-112.2716,1615,"jamesii","jamesii","tuberous","wild",24,"SŠrkinen","","","1.42","FCM","Petota","1+2"
NA,5194,NA,5985,"91292","","",36.6611,-107.793,1758,"jamesii","jamesii","tuberous","wild",24,"SŠrkinen","","","1.42","FCM","Petota","1+2"
NA,5195,NA,5986,"91056","","",35.1232,-107.4437,2225,"jamesii","jamesii","tuberous","wild",24,"SŠrkinen","","","1.42","FCM","Petota","1+2"
NA,5196,NA,5987,"88526","","",34.0412,-110.3858,1798,"jamesii","jamesii","tuberous","wild",24,"SŠrkinen","","","1.42","FCM","Petota","1+2"
NA,5197,NA,5988,"91277","","",35.4158,-108.1159,2088,"jamesii","jamesii","tuberous","wild",24,"SŠrkinen","","","1.42","FCM","Petota","1+2"
NA,5199,NA,5990,"88509","","",32.5435,-107.4815,2195,"jamesii","jamesii","tuberous","wild",24,"SŠrkinen","","","1.42","FCM","Petota","1+2"
NA,5200,NA,5991,"89396","","",31.3414,-105.0901,1646,"jamesii","jamesii","tuberous","wild",24,"SŠrkinen","","","1.42","FCM","Petota","1+2"
NA,5201,NA,5992,"88510","","",32.5707,-105.5047,1859,"jamesii","jamesii","tuberous","wild",24,"SŠrkinen","","","1.42","FCM","Petota","1+2"
NA,5202,NA,5993,"90702","","",37.1612,-107.4833,2316,"jamesii","jamesii","tuberous","wild",24,"SŠrkinen","","","1.42","FCM","Petota","1+2"
NA,5203,NA,5994,"89796","","",20.8392,-99.6365,0,"jamesii","jamesii","tuberous","wild",24,"SŠrkinen","","","1.42","FCM","Petota","1+2"
NA,5204,NA,5995,"91283","","",35.4835,-108.5107,2012,"jamesii","jamesii","tuberous","wild",24,"SŠrkinen","","","1.42","FCM","Petota","1+2"
NA,5205,NA,5996,"89102","","",33.0235,-109.29,0,"jamesii","jamesii","tuberous","wild",24,"SŠrkinen","","","1.42","FCM","Petota","1+2"
NA,5206,NA,5997,"88531","","",35.4656,-106.164,1829,"jamesii","jamesii","tuberous","wild",24,"SŠrkinen","","","1.42","FCM","Petota","1+2"
NA,5207,NA,5998,"91384","","",36.1128,-111.481,0,"jamesii","jamesii","tuberous","wild",24,"SŠrkinen","","","1.42","FCM","Petota","1+2"
NA,5208,NA,5999,"82582","","",35.3557,-105.1225,1850,"jamesii","jamesii","tuberous","wild",24,"SŠrkinen","","","1.42","FCM","Petota","1+2"
NA,5209,NA,6000,"91261","","",33.5458,-107.0954,2057,"jamesii","jamesii","tuberous","wild",24,"SŠrkinen","","","1.42","FCM","Petota","1+2"
NA,5210,NA,6001,"89066","","",40.1512,-105.5006,1676,"jamesii","jamesii","tuberous","wild",24,"SŠrkinen","","","1.42","FCM","Petota","1+2"
NA,5211,NA,6002,"90681","","",34.3356,-112.031,0,"jamesii","jamesii","tuberous","wild",24,"SŠrkinen","","","1.42","FCM","Petota","1+2"
NA,5212,NA,6003,"91137","","",35.1769,-106.491,0,"jamesii","jamesii","tuberous","wild",24,"SŠrkinen","","","1.42","FCM","Petota","1+2"
NA,5213,NA,6004,"89524","","",35.343,-105.4031,2042,"jamesii","jamesii","tuberous","wild",24,"SŠrkinen","","","1.42","FCM","Petota","1+2"
NA,5214,NA,6005,"91074","","",35.5842,-111.5624,2150,"jamesii","jamesii","tuberous","wild",24,"SŠrkinen","","","1.42","FCM","Petota","1+2"
NA,5215,NA,6006,"88592","","",34.026,-109.273,2530,"jamesii","jamesii","tuberous","wild",24,"SŠrkinen","","","1.42","FCM","Petota","1+2"
NA,5216,NA,6007,"91048","","",34.3352,-108.0033,2230,"jamesii","jamesii","tuberous","wild",24,"SŠrkinen","","","1.42","FCM","Petota","1+2"
NA,5217,NA,6008,"91193","","",30.34492,-108.1383,0,"jamesii","jamesii","tuberous","wild",24,"SŠrkinen","","","1.42","FCM","Petota","1+2"
NA,5218,NA,6009,"91246","","",33.0706,-105.5535,1603,"jamesii","jamesii","tuberous","wild",24,"SŠrkinen","","","1.42","FCM","Petota","1+2"
NA,5219,NA,6010,"91258","","",33.3014,-107.2518,2103,"jamesii","jamesii","tuberous","wild",24,"SŠrkinen","","","1.42","FCM","Petota","1+2"
NA,5220,NA,6011,"90672","","",35.6785,-105.954,0,"jamesii","jamesii","tuberous","wild",24,"SŠrkinen","","","1.42","FCM","Petota","1+2"
NA,5221,NA,6012,"91376","","",33.0759,-106.02,0,"jamesii","jamesii","tuberous","wild",24,"SŠrkinen","","","1.42","FCM","Petota","1+2"
NA,5222,NA,6013,"91240","","",31.3907,-108.2358,0,"jamesii","jamesii","tuberous","wild",24,"SŠrkinen","","","1.42","FCM","Petota","1+2"
NA,5223,NA,6014,"88603","","",34.2922,-110.1618,1981,"jamesii","jamesii","tuberous","wild",24,"SŠrkinen","","","1.42","FCM","Petota","1+2"
NA,5224,NA,6015,"89474","","",33.561,-108.2551,0,"jamesii","jamesii","tuberous","wild",24,"SŠrkinen","","","1.42","FCM","Petota","1+2"
NA,5225,NA,6016,"91404","","",36.2323,-113.0907,1981,"jamesii","jamesii","tuberous","wild",24,"SŠrkinen","","","1.42","FCM","Petota","1+2"
NA,5226,NA,6017,"90218","","",21.21232,-100.837,0,"jamesii","jamesii","tuberous","wild",24,"SŠrkinen","","","1.42","FCM","Petota","1+2"
NA,5227,NA,6018,"80109","","",33.405,-105.5501,1603,"jamesii","jamesii","tuberous","wild",24,"SŠrkinen","","","1.42","FCM","Petota","1+2"
NA,5228,NA,6019,"91072","","",35.56,-107.0554,2130,"jamesii","jamesii","tuberous","wild",24,"SŠrkinen","","","1.42","FCM","Petota","1+2"
NA,5229,NA,6020,"90798","","",32.7978,-107.921,0,"jamesii","jamesii","tuberous","wild",24,"SŠrkinen","","","1.42","FCM","Petota","1+2"
NA,5230,NA,6021,"91053","","",34.5657,-107.4954,2120,"jamesii","jamesii","tuberous","wild",24,"SŠrkinen","","","1.42","FCM","Petota","1+2"
NA,5231,NA,6022,"82868","","",31.4351,-110.348,0,"jamesii","jamesii","tuberous","wild",24,"SŠrkinen","","","1.42","FCM","Petota","1+2"
NA,5232,NA,6023,"89531","","",32.4755,-108.0914,0,"jamesii","jamesii","tuberous","wild",24,"SŠrkinen","","","1.42","FCM","Petota","1+2"
NA,5233,NA,6024,"88593","","",34.3004,-110.3826,2012,"jamesii","jamesii","tuberous","wild",24,"SŠrkinen","","","1.42","FCM","Petota","1+2"
NA,5234,NA,6025,"91093","","",37.5905,-109.3104,1920,"jamesii","jamesii","tuberous","wild",24,"SŠrkinen","","","1.42","FCM","Petota","1+2"
NA,5235,NA,6026,"91085","","",37.083,-104.3933,1980,"jamesii","jamesii","tuberous","wild",24,"SŠrkinen","","","1.42","FCM","Petota","1+2"
NA,5236,NA,6027,"91120","","",32.0526,-107.3758,1676,"jamesii","jamesii","tuberous","wild",24,"SŠrkinen","","","1.42","FCM","Petota","1+2"
NA,5237,NA,6028,"91083","","",36.4957,-104.5435,2200,"jamesii","jamesii","tuberous","wild",24,"SŠrkinen","","","1.42","FCM","Petota","1+2"
NA,5238,NA,6029,"89063","","",31.86889,-106.4944,1798,"jamesii","jamesii","tuberous","wild",24,"SŠrkinen","","","1.42","FCM","Petota","1+2"
NA,5239,NA,6030,"91081","","",36.1402,-107.2751,2085,"jamesii","jamesii","tuberous","wild",24,"SŠrkinen","","","1.42","FCM","Petota","1+2"
NA,5240,NA,6031,"89062","","",34.1324,-108.323,0,"jamesii","jamesii","tuberous","wild",24,"SŠrkinen","","","1.42","FCM","Petota","1+2"
NA,5241,NA,6032,"90802","","",34.0436,-107.2706,0,"jamesii","jamesii","tuberous","wild",24,"SŠrkinen","","","1.42","FCM","Petota","1+2"
NA,5242,NA,6033,"91054","","",35.0218,-108.2012,2190,"jamesii","jamesii","tuberous","wild",24,"SŠrkinen","","","1.42","FCM","Petota","1+2"
NA,5243,NA,6034,"90796","","",35.444,-109.419,0,"jamesii","jamesii","tuberous","wild",24,"SŠrkinen","","","1.42","FCM","Petota","1+2"
NA,5244,NA,6035,"91378","","",33.4567,-108.947,0,"jamesii","jamesii","tuberous","wild",24,"SŠrkinen","","","1.42","FCM","Petota","1+2"
NA,5245,NA,6036,"88597","","",34.4132,-110.947,2134,"jamesii","jamesii","tuberous","wild",24,"SŠrkinen","","","1.42","FCM","Petota","1+2"
NA,5246,NA,6037,"89061","","",34.015,-109.0558,0,"jamesii","jamesii","tuberous","wild",24,"SŠrkinen","","","1.42","FCM","Petota","1+2"
NA,5247,NA,6038,"91091","","",37.4641,-111.3768,1780,"jamesii","jamesii","tuberous","wild",24,"SŠrkinen","","","1.42","FCM","Petota","1+2"
NA,5248,NA,6039,"88529","","",34.2004,-110.5644,0,"jamesii","jamesii","tuberous","wild",24,"SŠrkinen","","","1.42","FCM","Petota","1+2"
NA,5249,NA,6040,"90778","","",33.2332,-108.644,1829,"jamesii","jamesii","tuberous","wild",24,"SŠrkinen","","","1.42","FCM","Petota","1+2"
NA,5250,NA,6041,"88910","","",36.3902,-110.2701,1829,"jamesii","jamesii","tuberous","wild",24,"SŠrkinen","","","1.42","FCM","Petota","1+2"
NA,5251,NA,6042,"91260","","",33.5414,-106.1442,1981,"jamesii","jamesii","tuberous","wild",24,"SŠrkinen","","","1.42","FCM","Petota","1+2"
NA,5252,NA,6043,"91276","","",35.1556,-107.2503,2408,"jamesii","jamesii","tuberous","wild",24,"SŠrkinen","","","1.42","FCM","Petota","1+2"
NA,5253,NA,6044,"88686","","",41.8323,-103.4148,0,"jamesii","jamesii","tuberous","wild",24,"SŠrkinen","","","1.42","FCM","Petota","1+2"
NA,5254,NA,6045,"91408","","",22.7833,-100.9,0,"jamesii","jamesii","tuberous","wild",24,"SŠrkinen","","","1.42","FCM","Petota","1+2"
NA,5255,NA,6046,"90642","","",32.7829,-108.267,0,"jamesii","jamesii","tuberous","wild",24,"SŠrkinen","","","1.42","FCM","Petota","1+2"
NA,5256,NA,6047,"88874","","",32.2935,-108.3043,0,"jamesii","jamesii","tuberous","wild",24,"SŠrkinen","","","1.42","FCM","Petota","1+2"
NA,5257,NA,6048,"91061","","",35.16,-112.0424,2120,"jamesii","jamesii","tuberous","wild",24,"SŠrkinen","","","1.42","FCM","Petota","1+2"
NA,5258,NA,6049,"89064","","",37.1002,-104.3,0,"jamesii","jamesii","tuberous","wild",24,"SŠrkinen","","","1.42","FCM","Petota","1+2"
NA,5259,NA,6050,"82717","","",33.1617,-108.354,0,"jamesii","jamesii","tuberous","wild",24,"SŠrkinen","","","1.42","FCM","Petota","1+2"
NA,5260,NA,6051,"91070","","",35.4109,-105.5744,2100,"jamesii","jamesii","tuberous","wild",24,"SŠrkinen","","","1.42","FCM","Petota","1+2"
NA,5261,NA,6052,"82580","","",30.5061,-109.94,0,"jamesii","jamesii","tuberous","wild",24,"SŠrkinen","","","1.42","FCM","Petota","1+2"
NA,5262,NA,6053,"91050","","",34.4518,-106.1424,1980,"jamesii","jamesii","tuberous","wild",24,"SŠrkinen","","","1.42","FCM","Petota","1+2"
NA,5263,NA,6054,"88480","","",30.3825,-104.1038,0,"jamesii","jamesii","tuberous","wild",24,"SŠrkinen","","","1.42","FCM","Petota","1+2"
NA,5264,NA,6055,"90781","","",34.0841,-107.5042,2300,"jamesii","jamesii","tuberous","wild",24,"SŠrkinen","","","1.42","FCM","Petota","1+2"
NA,5265,NA,6056,"90633","","",35.1518,-111.3326,2073,"jamesii","jamesii","tuberous","wild",24,"SŠrkinen","","","1.42","FCM","Petota","1+2"
NA,5266,NA,6057,"88500","","",32.051,-109.2239,0,"jamesii","jamesii","tuberous","wild",24,"SŠrkinen","","","1.42","FCM","Petota","1+2"
NA,5267,NA,6058,"90772","","",36.1955,-105.3431,2366,"jamesii","jamesii","tuberous","wild",24,"SŠrkinen","","","1.42","FCM","Petota","1+2"
NA,5268,NA,6059,"90769","","",35.312,-104.5017,1768,"jamesii","jamesii","tuberous","wild",24,"SŠrkinen","","","1.42","FCM","Petota","1+2"
NA,5269,NA,6060,"88496","","",31.5416,-109.1654,0,"jamesii","jamesii","tuberous","wild",24,"SŠrkinen","","","1.42","FCM","Petota","1+2"
NA,5270,NA,6061,"90780","","",37.422,-109.3931,1800,"jamesii","jamesii","tuberous","wild",24,"SŠrkinen","","","1.42","FCM","Petota","1+2"
NA,5271,NA,6062,"88598","","",34.554,-110.264,0,"jamesii","jamesii","tuberous","wild",24,"SŠrkinen","","","1.42","FCM","Petota","1+2"
NA,5272,NA,6063,"91084","","",37.0223,-107.2738,0,"jamesii","jamesii","tuberous","wild",24,"SŠrkinen","","","1.42","FCM","Petota","1+2"
NA,5273,NA,6064,"558089","","",33.894195,-108.379143,NA,"jamesii","jamesii","tuberous","germplasm",24,"SŠrkinen","","","1.42","FCM","Petota","1+2"
NA,5274,NA,6065,"651529","","",32.292067,-104.3157,NA,"jamesii","jamesii","tuberous","germplasm",24,"SŠrkinen","","","1.42","FCM","Petota","1+2"
NA,5277,NA,6068,"PI 564048","","",32.483333,-108.516667,NA,"jamesii","jamesii","tuberous","germplasm",24,"SŠrkinen","","","1.42","FCM","Petota","1+2"
NA,5279,NA,6070,"PI 564050","","",33.683333,-108.85,NA,"jamesii","jamesii","tuberous","germplasm",24,"SŠrkinen","","","1.42","FCM","Petota","1+2"
NA,5281,NA,6072,"PI 564054","","",34.133333,-108.466667,NA,"jamesii","jamesii","tuberous","germplasm",24,"SŠrkinen","","","1.42","FCM","Petota","1+2"
NA,5284,NA,6075,"PI 564057","","",32,-109.366667,NA,"jamesii","jamesii","tuberous","germplasm",24,"SŠrkinen","","","1.42","FCM","Petota","1+2"
NA,5287,NA,6078,"PI 585116","","",35.2,-107.733333,NA,"jamesii","jamesii","tuberous","germplasm",24,"SŠrkinen","","","1.42","FCM","Petota","1+2"
NA,5290,NA,6081,"PI 585119","","",37.15,-108.516667,NA,"jamesii","jamesii","tuberous","germplasm",24,"SŠrkinen","","","1.42","FCM","Petota","1+2"
NA,5292,NA,6083,"PI 592398","","",34.283333,-105.616667,NA,"jamesii","jamesii","tuberous","germplasm",24,"SŠrkinen","","","1.42","FCM","Petota","1+2"
NA,5293,NA,6084,"PI 592399","","",34.133333,-105.716667,NA,"jamesii","jamesii","tuberous","germplasm",24,"SŠrkinen","","","1.42","FCM","Petota","1+2"
NA,5298,NA,6089,"PI 592417","","",33.766667,-108.7,NA,"jamesii","jamesii","tuberous","germplasm",24,"SŠrkinen","","","1.42","FCM","Petota","1+2"
NA,5302,NA,6093,"PI 592422","","",34.733333,-107.966667,NA,"jamesii","jamesii","tuberous","germplasm",24,"SŠrkinen","","","1.42","FCM","Petota","1+2"
NA,5303,NA,6094,"PI 592423","","",34.933333,-111.45,NA,"jamesii","jamesii","tuberous","germplasm",24,"SŠrkinen","","","1.42","FCM","Petota","1+2"
NA,5304,NA,6095,"PI 595775","","",32.910278,-107.761944,NA,"jamesii","jamesii","tuberous","germplasm",24,"SŠrkinen","","","1.42","FCM","Petota","1+2"
NA,5308,NA,6099,"PI 595782","","",31.9925,-104.834167,NA,"jamesii","jamesii","tuberous","germplasm",24,"SŠrkinen","","","1.42","FCM","Petota","1+2"
NA,5309,NA,6100,"PI 595783","","",35.083333,-105.7,NA,"jamesii","jamesii","tuberous","germplasm",24,"SŠrkinen","","","1.42","FCM","Petota","1+2"
NA,5310,NA,6101,"PI 595784","","",35.616667,-105.683333,NA,"jamesii","jamesii","tuberous","germplasm",24,"SŠrkinen","","","1.42","FCM","Petota","1+2"
NA,5311,NA,6102,"PI 595786","","",37.133333,-104.666667,NA,"jamesii","jamesii","tuberous","germplasm",24,"SŠrkinen","","","1.42","FCM","Petota","1+2"
NA,5312,NA,6103,"PI 603051","","",37.778056,-111.6275,NA,"jamesii","jamesii","tuberous","germplasm",24,"SŠrkinen","","","1.42","FCM","Petota","1+2"
NA,5314,NA,6105,"PI 603055","","",36.026389,-107.869722,NA,"jamesii","jamesii","tuberous","germplasm",24,"SŠrkinen","","","1.42","FCM","Petota","1+2"
NA,5319,NA,6110,"PI 605362","","",35.574444,-105.855,NA,"jamesii","jamesii","tuberous","germplasm",24,"SŠrkinen","","","1.42","FCM","Petota","1+2"
NA,5321,NA,6112,"PI 605366","","",34.949167,-107.831667,NA,"jamesii","jamesii","tuberous","germplasm",24,"SŠrkinen","","","1.42","FCM","Petota","1+2"
NA,5323,NA,6114,"PI 605369","","",34.79,-106.377778,NA,"jamesii","jamesii","tuberous","germplasm",24,"SŠrkinen","","","1.42","FCM","Petota","1+2"
NA,5324,NA,6115,"PI 605370","","",36.8325,-104.909722,NA,"jamesii","jamesii","tuberous","germplasm",24,"SŠrkinen","","","1.42","FCM","Petota","1+2"
NA,5325,NA,6116,"PI 605371","","",36.152778,-109.435278,NA,"jamesii","jamesii","tuberous","germplasm",24,"SŠrkinen","","","1.42","FCM","Petota","1+2"
NA,5326,NA,6117,"PI 605372","","",36.647778,-110.436944,NA,"jamesii","jamesii","tuberous","germplasm",24,"SŠrkinen","","","1.42","FCM","Petota","1+2"
NA,5336,NA,6127,"PI 634362","","",35.23,-111.580833,NA,"jamesii","jamesii","tuberous","germplasm",24,"SŠrkinen","","","1.42","FCM","Petota","1+2"
NA,5337,NA,6128,"PI 634363","","",36.005833,-111.803889,NA,"jamesii","jamesii","tuberous","germplasm",24,"SŠrkinen","","","1.42","FCM","Petota","1+2"
NA,6500,NA,7417,"CIP 763291","","",-13.4658,-72.6197,3500,"raphanifolium","raphanifolium","tuberous","germplasm",24,"SŠrkinen","","","1.72","FCM","Petota","4 North"
NA,6501,NA,7418,"CIP 761786","","",-13.1761,-72.5511,2123,"raphanifolium","raphanifolium","tuberous","germplasm",24,"SŠrkinen","","","1.72","FCM","Petota","4 North"
NA,6505,NA,7422,"CIP 761013","","",-14.4361,-72.5228,3250,"raphanifolium","raphanifolium","tuberous","germplasm",24,"SŠrkinen","","","1.72","FCM","Petota","4 North"
NA,6507,NA,7424,"CIP 765893","","",-13.2142,-72.3006,2921,"raphanifolium","raphanifolium","tuberous","germplasm",24,"SŠrkinen","","","1.72","FCM","Petota","4 North"
NA,6512,NA,7429,"CIP 761127","","",-13.4878,-72.1606,3460,"raphanifolium","raphanifolium","tuberous","germplasm",24,"SŠrkinen","","","1.72","FCM","Petota","4 North"
NA,6520,NA,7437,"CIP 761794","","",-13.2942,-72.0733,3500,"raphanifolium","raphanifolium","tuberous","germplasm",24,"SŠrkinen","","","1.72","FCM","Petota","4 North"
NA,6522,NA,7439,"CIP 761640","","",-13.4917,-71.9881,2966,"raphanifolium","raphanifolium","tuberous","germplasm",24,"SŠrkinen","","","1.72","FCM","Petota","4 North"
NA,6535,NA,7452,"CIP 761990","","",-13.2658,-71.9236,3418,"raphanifolium","raphanifolium","tuberous","germplasm",24,"SŠrkinen","","","1.72","FCM","Petota","4 North"
NA,6537,NA,7454,"CIP 765909","","",-13.5523,-71.8738,3204,"raphanifolium","raphanifolium","tuberous","germplasm",24,"SŠrkinen","","","1.72","FCM","Petota","4 North"
NA,6550,NA,7467,"CIP 765752","","",-13.4178,-71.7702,4339,"raphanifolium","raphanifolium","tuberous","germplasm",24,"SŠrkinen","","","1.72","FCM","Petota","4 North"
NA,6552,NA,7469,"CIP 763391","","",-14.7822,-71.6892,4041,"raphanifolium","raphanifolium","tuberous","germplasm",24,"SŠrkinen","","","1.72","FCM","Petota","4 North"
NA,6553,NA,7470,"CIP 762393","","",-13.8928,-71.6725,3650,"raphanifolium","raphanifolium","tuberous","germplasm",24,"SŠrkinen","","","1.72","FCM","Petota","4 North"
NA,6555,NA,7472,"CIP 761700","","",-13.3186,-71.5956,2923,"raphanifolium","raphanifolium","tuberous","germplasm",24,"SŠrkinen","","","1.72","FCM","Petota","4 North"
NA,6556,NA,7473,"CIP 761110","","",-14.0361,-71.5708,3699,"raphanifolium","raphanifolium","tuberous","germplasm",24,"SŠrkinen","","","1.72","FCM","Petota","4 North"
NA,6562,NA,7479,"CIP 761692","","",-13.3219,-71.4961,3500,"raphanifolium","raphanifolium","tuberous","germplasm",24,"SŠrkinen","","","1.72","FCM","Petota","4 North"
NA,6568,NA,7485,"CIP 765915","","",-14.3805,-71.4848,3619,"raphanifolium","raphanifolium","tuberous","germplasm",24,"SŠrkinen","","","1.72","FCM","Petota","4 North"
NA,6570,NA,7487,"CIP 761695","","",-12.9881,-71.4289,686,"raphanifolium","raphanifolium","tuberous","germplasm",24,"SŠrkinen","","","1.72","FCM","Petota","4 North"
NA,6571,NA,7488,"CIP 762705","","",-13.6222,-71.3717,3717,"raphanifolium","raphanifolium","tuberous","germplasm",24,"SŠrkinen","","","1.72","FCM","Petota","4 North"
NA,6572,NA,7489,"CIP 762827","","",-14.2725,-71.2253,3550,"raphanifolium","raphanifolium","tuberous","germplasm",24,"SŠrkinen","","","1.72","FCM","Petota","4 North"
NA,6580,NA,7497,"CIP 761410","","",-14.4867,-71.1619,3550,"raphanifolium","raphanifolium","tuberous","germplasm",24,"SŠrkinen","","","1.72","FCM","Petota","4 North"
NA,6582,NA,7499,"CIP 761976","","",-14.2508,-71.1039,3700,"raphanifolium","raphanifolium","tuberous","germplasm",24,"SŠrkinen","","","1.72","FCM","Petota","4 North"
NA,6583,NA,7500,"CIP 761618","","",-14.4783,-70.9622,4640,"raphanifolium","raphanifolium","tuberous","germplasm",24,"SŠrkinen","","","1.72","FCM","Petota","4 North"
NA,6584,NA,7501,"CIP 761973","","",-14.4511,-70.66,4055,"raphanifolium","raphanifolium","tuberous","germplasm",24,"SŠrkinen","","","1.72","FCM","Petota","4 North"
NA,6587,NA,7504,"95263","","",-14.4167,-72.75,3350,"raphanifolium","raphanifolium","tuberous","wild",24,"SŠrkinen","","","1.72","FCM","Petota","4 North"
NA,6588,NA,7505,"94669","","",-14.58333,-70.31667,4000,"raphanifolium","raphanifolium","tuberous","wild",24,"SŠrkinen","","","1.72","FCM","Petota","4 North"
NA,6593,NA,7510,"81611","","",-13.1994,-72.4447,3100,"raphanifolium","raphanifolium","tuberous","wild",24,"SŠrkinen","","","1.72","FCM","Petota","4 North"
NA,6596,NA,7513,"82094","","",-14.1019,-72.7067,3000,"raphanifolium","raphanifolium","tuberous","wild",24,"SŠrkinen","","","1.72","FCM","Petota","4 North"
NA,6598,NA,7515,"82089","","",-14.0833,-72.5833,3000,"raphanifolium","raphanifolium","tuberous","wild",24,"SŠrkinen","","","1.72","FCM","Petota","4 North"
NA,6600,NA,7517,"83003","","",-13.4833,-72.3833,3100,"raphanifolium","raphanifolium","tuberous","wild",24,"SŠrkinen","","","1.72","FCM","Petota","4 North"
NA,6602,NA,7519,"94568","","",-14.45,-72.91667,3300,"raphanifolium","raphanifolium","tuberous","wild",24,"SŠrkinen","","","1.72","FCM","Petota","4 North"
NA,6605,NA,7522,"94633","","",-13.0833,-71.8,2800,"raphanifolium","raphanifolium","tuberous","wild",24,"SŠrkinen","","","1.72","FCM","Petota","4 North"
NA,6606,NA,7523,"80445","","",-15.85,-70.5833,4500,"raphanifolium","raphanifolium","tuberous","wild",24,"SŠrkinen","","","1.72","FCM","Petota","4 North"
NA,6607,NA,7524,"92300","","",-16.13,-70.5,3460,"raphanifolium","raphanifolium","tuberous","wild",24,"SŠrkinen","","","1.72","FCM","Petota","4 North"
NA,6609,NA,7526,"82995","","",-14.1833,-71.35,3550,"raphanifolium","raphanifolium","tuberous","wild",24,"SŠrkinen","","","1.72","FCM","Petota","4 North"
NA,6610,NA,7527,"94274","","",-13.90933,-71.87517,3600,"raphanifolium","raphanifolium","tuberous","wild",24,"SŠrkinen","","","1.72","FCM","Petota","4 North"
NA,6613,NA,7530,"83005","","",-13,-72.1667,3300,"raphanifolium","raphanifolium","tuberous","wild",24,"SŠrkinen","","","1.72","FCM","Petota","4 North"
NA,6614,NA,7531,"81703","","",-14.6167,-71.0667,4000,"raphanifolium","raphanifolium","tuberous","wild",24,"SŠrkinen","","","1.72","FCM","Petota","4 North"
NA,6615,NA,7532,"91770","","",-13.41667,-71,3200,"raphanifolium","raphanifolium","tuberous","wild",24,"SŠrkinen","","","1.72","FCM","Petota","4 North"
NA,6616,NA,7533,"94641","","",-14.4728,-71.3939,3800,"raphanifolium","raphanifolium","tuberous","wild",24,"SŠrkinen","","","1.72","FCM","Petota","4 North"
NA,6619,NA,7536,"94645","","",-13.5,-72.93333,3750,"raphanifolium","raphanifolium","tuberous","wild",24,"SŠrkinen","","","1.72","FCM","Petota","4 North"
NA,6623,NA,7540,"473527","","",-13.737543,-71.783144,NA,"raphanifolium","raphanifolium","tuberous","germplasm",24,"SŠrkinen","","","1.72","FCM","Petota","4 North"
NA,937,NA,1116,"CIP 762578","","",-6.9875,-78.6764,3550,"albicans","albicans","tuberous","germplasm",72,"SŠrkinen","","","4.67","FCM","Petota","4 North"
NA,961,NA,1140,"CIP 760014","","",-7.0908,-78.5797,3171,"albicans","albicans","tuberous","germplasm",72,"SŠrkinen","","","4.67","FCM","Petota","4 North"
NA,963,NA,1142,"CIP 762584","","",-7.0558,-78.3758,3263,"albicans","albicans","tuberous","germplasm",72,"SŠrkinen","","","4.67","FCM","Petota","4 North"
NA,972,NA,1151,"CIP 762937","","",-7.9903,-78.2483,4031,"albicans","albicans","tuberous","germplasm",72,"SŠrkinen","","","4.67","FCM","Petota","4 North"
NA,975,NA,1154,"CIP 762237","","",-9.8972,-77.7447,4200,"albicans","albicans","tuberous","germplasm",72,"SŠrkinen","","","4.67","FCM","Petota","4 North"
NA,979,NA,1158,"CIP 762957","","",-8.5761,-77.7211,4223,"albicans","albicans","tuberous","germplasm",72,"SŠrkinen","","","4.67","FCM","Petota","4 North"
NA,986,NA,1165,"CIP 762534","","",-9.0939,-77.6661,3389,"albicans","albicans","tuberous","germplasm",72,"SŠrkinen","","","4.67","FCM","Petota","4 North"
NA,987,NA,1166,"CIP 765948","","",-9.5333,-77.6166,4157,"albicans","albicans","tuberous","germplasm",72,"SŠrkinen","","","4.67","FCM","Petota","4 North"
NA,993,NA,1172,"CIP 761435","","",-9.7586,-77.4428,3512,"albicans","albicans","tuberous","germplasm",72,"SŠrkinen","","","4.67","FCM","Petota","4 North"
NA,999,NA,1178,"CIP 761297","","",-9.9111,-77.3172,4200,"albicans","albicans","tuberous","germplasm",72,"SŠrkinen","","","4.67","FCM","Petota","4 North"
NA,1005,NA,1184,"CIP 761444","","",-9.3231,-77.2333,4150,"albicans","albicans","tuberous","germplasm",72,"SŠrkinen","","","4.67","FCM","Petota","4 North"
NA,1008,NA,1187,"CIP 761429","","",-10.3794,-77.215,4400,"albicans","albicans","tuberous","germplasm",72,"SŠrkinen","","","4.67","FCM","Petota","4 North"
NA,1011,NA,1190,"CIP 760010","","",-10.6011,-76.8192,4084,"albicans","albicans","tuberous","germplasm",72,"SŠrkinen","","","4.67","FCM","Petota","4 North"
NA,1012,NA,1191,"CIP 760028","","",-9.3928,-76.7211,3667,"albicans","albicans","tuberous","germplasm",72,"SŠrkinen","","","4.67","FCM","Petota","4 North"
NA,1013,NA,1192,"CIP 763415","","",-9.6367,-76.6108,3900,"albicans","albicans","tuberous","germplasm",72,"SŠrkinen","","","4.67","FCM","Petota","4 North"
NA,1014,NA,1193,"CIP 763421","","",-9.8792,-76.5069,3450,"albicans","albicans","tuberous","germplasm",72,"SŠrkinen","","","4.67","FCM","Petota","4 North"
NA,1016,NA,1195,"95293","","",-9.25,-76.5,3500,"albicans","albicans","tuberous","wild",72,"SŠrkinen","","","4.67","FCM","Petota","4 North"
NA,1024,NA,1203,"93374","","",-9.066667,-77.56667,4250,"albicans","albicans","tuberous","wild",72,"SŠrkinen","","","4.67","FCM","Petota","4 North"
NA,1026,NA,1205,"20996","","",-9.483333,-77.36667,3690,"albicans","albicans","tuberous","wild",72,"SŠrkinen","","","4.67","FCM","Petota","4 North"
NA,1028,NA,1207,"95296","","",-8.9372,-78.0206,4300,"albicans","albicans","tuberous","wild",72,"SŠrkinen","","","4.67","FCM","Petota","4 North"
NA,1031,NA,1210,"95224","","",-8.2,-77.9,4000,"albicans","albicans","tuberous","wild",72,"SŠrkinen","","","4.67","FCM","Petota","4 North"
NA,1038,NA,1217,"PI 365376","","",-8.283333,-77.3,NA,"albicans","albicans","tuberous","germplasm",72,"SŠrkinen","","","4.67","FCM","Petota","4 North"
NA,1178,NA,1408,"CIP 762328","","",-17.5667,-66.35,2602,"berthaultii","berthaultii","tuberous","germplasm",24,"SŠrkinen","","","1.74","FCM","Petota","4 South"
NA,1180,NA,1410,"CIP 760236","","",-17.7167,-66.2333,2525,"berthaultii","berthaultii","tuberous","germplasm",24,"SŠrkinen","","","1.74","FCM","Petota","4 South"
NA,1182,NA,1412,"CIP 761401","","",-17.3333,-66.1833,2861,"berthaultii","berthaultii","tuberous","germplasm",24,"SŠrkinen","","","1.74","FCM","Petota","4 South"
NA,1184,NA,1414,"CIP 760446","","",-17.7453,-65.9689,3241,"berthaultii","berthaultii","tuberous","germplasm",24,"SŠrkinen","","","1.74","FCM","Petota","4 South"
NA,1186,NA,1416,"CIP 760305","","",-21.3703,-65.9439,3100,"berthaultii","berthaultii","tuberous","germplasm",24,"SŠrkinen","","","1.74","FCM","Petota","4 South"
NA,1193,NA,1423,"CIP 761390","","",-17.7333,-65.6119,3563,"berthaultii","berthaultii","tuberous","germplasm",24,"SŠrkinen","","","1.74","FCM","Petota","4 South"
NA,1194,NA,1424,"CIP 762501","","",-18.3833,-65.35,2525,"berthaultii","berthaultii","tuberous","germplasm",24,"SŠrkinen","","","1.74","FCM","Petota","4 South"
NA,1196,NA,1426,"CIP 760259","","",-18.8253,-65.3375,2500,"berthaultii","berthaultii","tuberous","germplasm",24,"SŠrkinen","","","1.74","FCM","Petota","4 South"
NA,1197,NA,1427,"CIP 760304","","",-19.5333,-65.2667,3077,"berthaultii","berthaultii","tuberous","germplasm",24,"SŠrkinen","","","1.74","FCM","Petota","4 South"
NA,1198,NA,1428,"CIP 760310","","",-19.0431,-65.2592,2796,"berthaultii","berthaultii","tuberous","germplasm",24,"SŠrkinen","","","1.74","FCM","Petota","4 South"
NA,1200,NA,1430,"CIP 760470","","",-18.1667,-65.1667,2293,"berthaultii","berthaultii","tuberous","germplasm",24,"SŠrkinen","","","1.74","FCM","Petota","4 South"
NA,1201,NA,1431,"CIP 760257","","",-19.1808,-64.9864,2400,"berthaultii","berthaultii","tuberous","germplasm",24,"SŠrkinen","","","1.74","FCM","Petota","4 South"
NA,1203,NA,1433,"CIP 761064","","",-17.75,-64.8167,2844,"berthaultii","berthaultii","tuberous","germplasm",24,"SŠrkinen","","","1.74","FCM","Petota","4 South"
NA,1204,NA,1434,"CIP 762326","","",-17.9333,-64.45,1692,"berthaultii","berthaultii","tuberous","germplasm",24,"SŠrkinen","","","1.74","FCM","Petota","4 South"
NA,1208,NA,1438,"CIP 760426","","",-17.9331,-65.1669,2266,"berthaultii","berthaultii","tuberous","germplasm",24,"SŠrkinen","","","1.74","FCM","Petota","4 South"
NA,1211,NA,1441,"CIP 760517","","",-16.7081,-64.6617,NA,"berthaultii","berthaultii","tuberous","germplasm",24,"SŠrkinen","","","1.74","FCM","Petota","4 South"
NA,1212,NA,1442,"29502","","",-19.309,-65.1704,0,"berthaultii","berthaultii","tuberous","wild",24,"SŠrkinen","","","1.74","FCM","Petota","4 South"
NA,1213,NA,1443,"77002","","",-25.55,-66.21667,265,"berthaultii","berthaultii","tuberous","wild",24,"SŠrkinen","","","1.74","FCM","Petota","4 South"
NA,1214,NA,1444,"77009","","",-24.0833,-64.5833,0,"berthaultii","berthaultii","tuberous","wild",24,"SŠrkinen","","","1.74","FCM","Petota","4 South"
NA,1215,NA,1445,"29666","","",-22.35,-65.18,2700,"berthaultii","berthaultii","tuberous","wild",24,"SŠrkinen","","","1.74","FCM","Petota","4 South"
NA,1216,NA,1446,"29542","","",-17.6167,-66.5333,2950,"berthaultii","berthaultii","tuberous","wild",24,"SŠrkinen","","","1.74","FCM","Petota","4 South"
NA,1218,NA,1448,"29627","","",-21.5833,-64.7666,1920,"berthaultii","berthaultii","tuberous","wild",24,"SŠrkinen","","","1.74","FCM","Petota","4 South"
NA,1219,NA,1449,"29492","","",-18.1138,-64.2155,1200,"berthaultii","berthaultii","tuberous","wild",24,"SŠrkinen","","","1.74","FCM","Petota","4 South"
NA,1220,NA,1450,"29596","","",-18.90063,-65.11418,1980,"berthaultii","berthaultii","tuberous","wild",24,"SŠrkinen","","","1.74","FCM","Petota","4 South"
NA,1222,NA,1452,"29557","","",-19.46667,-65.38333,2700,"berthaultii","berthaultii","tuberous","wild",24,"SŠrkinen","","","1.74","FCM","Petota","4 South"
NA,1224,NA,1454,"77014","","",-18.612,-65.481,1980,"berthaultii","berthaultii","tuberous","wild",24,"SŠrkinen","","","1.74","FCM","Petota","4 South"
NA,1225,NA,1455,"29536","","",-25.18333,-65.8,2075,"berthaultii","berthaultii","tuberous","wild",24,"SŠrkinen","","","1.74","FCM","Petota","4 South"
NA,1227,NA,1457,"29560","","",-19.37838,-64.3197,2100,"berthaultii","berthaultii","tuberous","wild",24,"SŠrkinen","","","1.74","FCM","Petota","4 South"
NA,1228,NA,1458,"29496","","",-18.38333,-65.21667,3000,"berthaultii","berthaultii","tuberous","wild",24,"SŠrkinen","","","1.74","FCM","Petota","4 South"
NA,1230,NA,1460,"29577","","",-22.25,-64.9667,2500,"berthaultii","berthaultii","tuberous","wild",24,"SŠrkinen","","","1.74","FCM","Petota","4 South"
NA,1231,NA,1461,"76991","","",-15.8333,-68.7,2250,"berthaultii","berthaultii","tuberous","wild",24,"SŠrkinen","","","1.74","FCM","Petota","4 South"
NA,1232,NA,1462,"29624","","",-18.5,-64.1,2040,"berthaultii","berthaultii","tuberous","wild",24,"SŠrkinen","","","1.74","FCM","Petota","4 South"
NA,1233,NA,1463,"29632","","",-17.5333,-68.5166,2800,"berthaultii","berthaultii","tuberous","wild",24,"SŠrkinen","","","1.74","FCM","Petota","4 South"
NA,1234,NA,1464,"29582","","",-22.25,-65.07,2850,"berthaultii","berthaultii","tuberous","wild",24,"SŠrkinen","","","1.74","FCM","Petota","4 South"
NA,1235,NA,1465,"29601","","",-19.3,-64.85,2650,"berthaultii","berthaultii","tuberous","wild",24,"SŠrkinen","","","1.74","FCM","Petota","4 South"
NA,1236,NA,1466,"29556","","",-19.25,-65.33333,2450,"berthaultii","berthaultii","tuberous","wild",24,"SŠrkinen","","","1.74","FCM","Petota","4 South"
NA,1237,NA,1467,"77016","","",-22.6833,-64.6,2200,"berthaultii","berthaultii","tuberous","wild",24,"SŠrkinen","","","1.74","FCM","Petota","4 South"
NA,1238,NA,1468,"29600","","",-17.63,-66.7,3950,"berthaultii","berthaultii","tuberous","wild",24,"SŠrkinen","","","1.74","FCM","Petota","4 South"
NA,1239,NA,1469,"29537","","",-17.9333,-67.1333,2700,"berthaultii","berthaultii","tuberous","wild",24,"SŠrkinen","","","1.74","FCM","Petota","4 South"
NA,1240,NA,1470,"77005","","",-23.9833,-64.3,0,"berthaultii","berthaultii","tuberous","wild",24,"SŠrkinen","","","1.74","FCM","Petota","4 South"
NA,1241,NA,1471,"76939","","",-17.8894,-65.361,2200,"berthaultii","berthaultii","tuberous","wild",24,"SŠrkinen","","","1.74","FCM","Petota","4 South"
NA,1243,NA,1473,"29575","","",-21.5169,-64.55,2350,"berthaultii","berthaultii","tuberous","wild",24,"SŠrkinen","","","1.74","FCM","Petota","4 South"
NA,1245,NA,1475,"29619","","",-25.03,-66.21,2900,"berthaultii","berthaultii","tuberous","wild",24,"SŠrkinen","","","1.74","FCM","Petota","4 South"
NA,1246,NA,1476,"76960","","",-22.1833,-64.8333,2600,"berthaultii","berthaultii","tuberous","wild",24,"SŠrkinen","","","1.74","FCM","Petota","4 South"
NA,1249,NA,1479,"29579","","",-22.65,-65.18333,2200,"berthaultii","berthaultii","tuberous","wild",24,"SŠrkinen","","","1.74","FCM","Petota","4 South"
NA,1250,NA,1480,"77063","","",-23.7833,-64.7833,0,"berthaultii","berthaultii","tuberous","wild",24,"SŠrkinen","","","1.74","FCM","Petota","4 South"
NA,1251,NA,1481,"29677","","",-22.2329,-64.73203,2600,"berthaultii","berthaultii","tuberous","wild",24,"SŠrkinen","","","1.74","FCM","Petota","4 South"
NA,1252,NA,1482,"77010","","",-24.2833,-64.6833,0,"berthaultii","berthaultii","tuberous","wild",24,"SŠrkinen","","","1.74","FCM","Petota","4 South"
NA,1253,NA,1483,"86356","","",-25.0333,-66.1,2600,"berthaultii","berthaultii","tuberous","wild",24,"SŠrkinen","","","1.74","FCM","Petota","4 South"
NA,1255,NA,1485,"164907","","",-25.7,-65.4925,0,"berthaultii","berthaultii","tuberous","wild",24,"SŠrkinen","","","1.74","FCM","Petota","4 South"
NA,1256,NA,1486,"105210","","",-18.3575,-64.28222,2500,"berthaultii","berthaultii","tuberous","wild",24,"SŠrkinen","","","1.74","FCM","Petota","4 South"
NA,1257,NA,1487,"29578","","",-22.2139,-65.2528,2450,"berthaultii","berthaultii","tuberous","wild",24,"SŠrkinen","","","1.74","FCM","Petota","4 South"
NA,1260,NA,1490,"29685","","",-21.44,-64.46,2369,"berthaultii","berthaultii","tuberous","wild",24,"SŠrkinen","","","1.74","FCM","Petota","4 South"
NA,1261,NA,1491,"29543","","",-17.5666,-65.7666,2750,"berthaultii","berthaultii","tuberous","wild",24,"SŠrkinen","","","1.74","FCM","Petota","4 South"
NA,1262,NA,1492,"29680","","",-23,-64.5667,2450,"berthaultii","berthaultii","tuberous","wild",24,"SŠrkinen","","","1.74","FCM","Petota","4 South"
NA,1263,NA,1493,"29509","","",-19.1,-64.7,2700,"berthaultii","berthaultii","tuberous","wild",24,"SŠrkinen","","","1.74","FCM","Petota","4 South"
NA,1264,NA,1494,"88008","","",-25.1,-65.55,2139,"berthaultii","berthaultii","tuberous","wild",24,"SŠrkinen","","","1.74","FCM","Petota","4 South"
NA,1265,NA,1495,"29602","","",-17.72,-65.2,2200,"berthaultii","berthaultii","tuberous","wild",24,"SŠrkinen","","","1.74","FCM","Petota","4 South"
NA,1266,NA,1496,"29484","","",-17.40401,-66.04187,2580,"berthaultii","berthaultii","tuberous","wild",24,"SŠrkinen","","","1.74","FCM","Petota","4 South"
NA,1268,NA,1498,"29639","","",-19.7666,-65.15,2600,"berthaultii","berthaultii","tuberous","wild",24,"SŠrkinen","","","1.74","FCM","Petota","4 South"
NA,1269,NA,1499,"77004","","",-24.35,-65.0666,0,"berthaultii","berthaultii","tuberous","wild",24,"SŠrkinen","","","1.74","FCM","Petota","4 South"
NA,1271,NA,1501,"29623","","",-24.30383,-64.50217,1365,"berthaultii","berthaultii","tuberous","wild",24,"SŠrkinen","","","1.74","FCM","Petota","4 South"
NA,1272,NA,1502,"76990","","",-24.7166,-65.4333,1400,"berthaultii","berthaultii","tuberous","wild",24,"SŠrkinen","","","1.74","FCM","Petota","4 South"
NA,1273,NA,1503,"65536","","",-17.41199,-65.93807,3100,"berthaultii","berthaultii","tuberous","wild",24,"SŠrkinen","","","1.74","FCM","Petota","4 South"
NA,1274,NA,1504,"29487","","",-19.12374,-64.60686,2200,"berthaultii","berthaultii","tuberous","wild",24,"SŠrkinen","","","1.74","FCM","Petota","4 South"
NA,1275,NA,1505,"29710","","",-18.93918,-64.93782,0,"berthaultii","berthaultii","tuberous","wild",24,"SŠrkinen","","","1.74","FCM","Petota","4 South"
NA,1277,NA,1507,"77007","","",-23.6667,-64.4667,0,"berthaultii","berthaultii","tuberous","wild",24,"SŠrkinen","","","1.74","FCM","Petota","4 South"
NA,1278,NA,1508,"65473","","",-16.9667,-66.8333,3000,"berthaultii","berthaultii","tuberous","wild",24,"SŠrkinen","","","1.74","FCM","Petota","4 South"
NA,1279,NA,1509,"29517","","",-18.08333,-65.25,2200,"berthaultii","berthaultii","tuberous","wild",24,"SŠrkinen","","","1.74","FCM","Petota","4 South"
NA,1280,NA,1510,"85986","","",-22.5333,-64.6833,2350,"berthaultii","berthaultii","tuberous","wild",24,"SŠrkinen","","","1.74","FCM","Petota","4 South"
NA,1281,NA,1511,"29477","","",-17.2333,-67.0166,2850,"berthaultii","berthaultii","tuberous","wild",24,"SŠrkinen","","","1.74","FCM","Petota","4 South"
NA,1283,NA,1513,"458365","","",-23.233334,-63.916666,NA,"berthaultii","berthaultii","tuberous","germplasm",24,"SŠrkinen","","","1.74","FCM","Petota","4 South"
NA,1284,NA,1514,"458366","","",-24.36211,-65.648804,NA,"berthaultii","berthaultii","tuberous","germplasm",24,"SŠrkinen","","","1.74","FCM","Petota","4 South"
NA,1294,NA,1524,"566799","","",-22.768247,-64.922665,NA,"berthaultii","berthaultii","tuberous","germplasm",24,"SŠrkinen","","","1.74","FCM","Petota","4 South"
NA,1299,NA,1529,"PI 218215","","",-19.583333,-65.75,NA,"berthaultii","berthaultii","tuberous","germplasm",24,"SŠrkinen","","","1.74","FCM","Petota","4 South"
NA,1427,NA,1657,"CIP 762524","","",-7.0775,-78.5797,3100,"blanco-galdosii","blanco-galdosii","tuberous","germplasm",24,"SŠrkinen","","","1.8","FCM","Petota","3"
NA,1428,NA,1658,"CIP 760026","","",-6.4317,-78.1708,2800,"blanco-galdosii","blanco-galdosii","tuberous","germplasm",24,"SŠrkinen","","","1.8","FCM","Petota","3"
NA,1429,NA,1659,"CIP 761466","","",-8.5508,-77.6017,3100,"blanco-galdosii","blanco-galdosii","tuberous","germplasm",24,"SŠrkinen","","","1.8","FCM","Petota","3"
NA,1430,NA,1660,"CIP 762958","","",-8.4519,-77.3119,3215,"blanco-galdosii","blanco-galdosii","tuberous","germplasm",24,"SŠrkinen","","","1.8","FCM","Petota","3"
NA,1431,NA,1661,"65644","","",-7.353591,-78.04709,2700,"blanco-galdosii","blanco-galdosii","tuberous","wild",24,"SŠrkinen","","","1.8","FCM","Petota","3"
NA,1432,NA,1662,"71026","","",-7.198909,-78.33807,2750,"blanco-galdosii","blanco-galdosii","tuberous","wild",24,"SŠrkinen","","","1.8","FCM","Petota","3"
NA,1436,NA,1666,"95071","","",-5.979444,-78.78139,0,"blanco-galdosii","blanco-galdosii","tuberous","wild",24,"SŠrkinen","","","1.8","FCM","Petota","3"
NA,3556,NA,4260,"CIP 761540","","",-6.6592,-78.8439,2593,"chomatophilum","chomatophilum","tuberous","germplasm",24,"SŠrkinen","","","1.92","FCM","Petota","3"
NA,3560,NA,4264,"CIP 763603","","",-6.9875,-78.6764,3680,"chomatophilum","chomatophilum","tuberous","germplasm",24,"SŠrkinen","","","1.92","FCM","Petota","3"
NA,3584,NA,4288,"CIP 763928","","",-7.0833,-78.5833,NA,"chomatophilum","chomatophilum","tuberous","germplasm",24,"SŠrkinen","","","1.92","FCM","Petota","3"
NA,3585,NA,4289,"CIP 761545","","",-6.3897,-78.5717,3300,"chomatophilum","chomatophilum","tuberous","germplasm",24,"SŠrkinen","","","1.92","FCM","Petota","3"
NA,3593,NA,4297,"CIP 762053","","",-7.9447,-78.4642,3400,"chomatophilum","chomatophilum","tuberous","germplasm",24,"SŠrkinen","","","1.92","FCM","Petota","3"
NA,3596,NA,4300,"CIP 761551","","",-6.9853,-78.4031,3200,"chomatophilum","chomatophilum","tuberous","germplasm",24,"SŠrkinen","","","1.92","FCM","Petota","3"
NA,3599,NA,4303,"CIP 762569","","",-6.9339,-78.2975,2900,"chomatophilum","chomatophilum","tuberous","germplasm",24,"SŠrkinen","","","1.92","FCM","Petota","3"
NA,3602,NA,4306,"CIP 762939","","",-8.1419,-78.27,4114,"chomatophilum","chomatophilum","tuberous","germplasm",24,"SŠrkinen","","","1.92","FCM","Petota","3"
NA,3605,NA,4309,"CIP 762568","","",-6.7758,-78.1183,2320,"chomatophilum","chomatophilum","tuberous","germplasm",24,"SŠrkinen","","","1.92","FCM","Petota","3"
NA,3606,NA,4310,"CIP 760911","","",-5.0739,-78.0506,NA,"chomatophilum","chomatophilum","tuberous","germplasm",24,"SŠrkinen","","","1.92","FCM","Petota","3"
NA,3607,NA,4311,"CIP 761271","","",-7.8269,-78.0464,3500,"chomatophilum","chomatophilum","tuberous","germplasm",24,"SŠrkinen","","","1.92","FCM","Petota","3"
NA,3608,NA,4312,"CIP 761173","","",-6.4986,-77.9572,3200,"chomatophilum","chomatophilum","tuberous","germplasm",24,"SŠrkinen","","","1.92","FCM","Petota","3"
NA,3609,NA,4313,"CIP 760057","","",-6.2294,-77.8742,2338,"chomatophilum","chomatophilum","tuberous","germplasm",24,"SŠrkinen","","","1.92","FCM","Petota","3"
NA,3610,NA,4314,"CIP 762649","","",-8.1725,-77.8511,3677,"chomatophilum","chomatophilum","tuberous","germplasm",24,"SŠrkinen","","","1.92","FCM","Petota","3"
NA,3612,NA,4316,"CIP 762946","","",-7.7669,-77.8139,3602,"chomatophilum","chomatophilum","tuberous","germplasm",24,"SŠrkinen","","","1.92","FCM","Petota","3"
NA,3613,NA,4317,"CIP 760913","","",-6.7092,-77.8056,2255,"chomatophilum","chomatophilum","tuberous","germplasm",24,"SŠrkinen","","","1.92","FCM","Petota","3"
NA,3617,NA,4321,"CIP 761577","","",-7.8053,-77.7175,2473,"chomatophilum","chomatophilum","tuberous","germplasm",24,"SŠrkinen","","","1.92","FCM","Petota","3"
NA,3618,NA,4322,"CIP 765941","","",-8.5833,-77.7,4005,"chomatophilum","chomatophilum","tuberous","germplasm",24,"SŠrkinen","","","1.92","FCM","Petota","3"
NA,3620,NA,4324,"CIP 761447","","",-9.1908,-77.6444,3389,"chomatophilum","chomatophilum","tuberous","germplasm",24,"SŠrkinen","","","1.92","FCM","Petota","3"
NA,3621,NA,4325,"CIP 762236","","",-9.8325,-77.6403,3432,"chomatophilum","chomatophilum","tuberous","germplasm",24,"SŠrkinen","","","1.92","FCM","Petota","3"
NA,3623,NA,4327,"CIP 761584","","",-8.2792,-77.4328,3800,"chomatophilum","chomatophilum","tuberous","germplasm",24,"SŠrkinen","","","1.92","FCM","Petota","3"
NA,3625,NA,4329,"CIP 763000","","",-9.2056,-77.3975,3600,"chomatophilum","chomatophilum","tuberous","germplasm",24,"SŠrkinen","","","1.92","FCM","Petota","3"
NA,3627,NA,4331,"CIP 765927","","",-8.2666,-77.3333,4134,"chomatophilum","chomatophilum","tuberous","germplasm",24,"SŠrkinen","","","1.92","FCM","Petota","3"
NA,3631,NA,4335,"CIP 761840","","",-9.3756,-76.6703,3800,"chomatophilum","chomatophilum","tuberous","germplasm",24,"SŠrkinen","","","1.92","FCM","Petota","3"
NA,3632,NA,4336,"CIP 763953","","",-9.1722,-74.3569,NA,"chomatophilum","chomatophilum","tuberous","germplasm",24,"SŠrkinen","","","1.92","FCM","Petota","3"
NA,3633,NA,4337,"CIP 762243","","",-9.8972,-77.7447,2945,"chomatophilum","chomatophilum","tuberous","germplasm",24,"SŠrkinen","","","1.92","FCM","Petota","3"
NA,3635,NA,4339,"CIP 762245","","",-11.6153,-76.4061,3997,"chomatophilum","chomatophilum","tuberous","germplasm",24,"SŠrkinen","","","1.92","FCM","Petota","3"
NA,3637,NA,4341,"CIP 762930","","",-12.1939,-76.3,3873,"chomatophilum","chomatophilum","tuberous","germplasm",24,"SŠrkinen","","","1.92","FCM","Petota","3"
NA,3646,NA,4350,"CIP 763601","","",-7.3628,-78.4917,3556,"chomatophilum","chomatophilum","tuberous","germplasm",24,"SŠrkinen","","","1.92","FCM","Petota","3"
NA,3648,NA,4352,"CIP 762936","","",-7.9869,-78.3639,3546,"chomatophilum","chomatophilum","tuberous","germplasm",24,"SŠrkinen","","","1.92","FCM","Petota","3"
NA,3654,NA,4358,"CIP 764223","","",-5.0903,-78.5508,NA,"chomatophilum","chomatophilum","tuberous","germplasm",24,"SŠrkinen","","","1.92","FCM","Petota","3"
NA,3655,NA,4359,"CIP 761305","","",-10.8558,-75.91,4179,"chomatophilum","chomatophilum","tuberous","germplasm",24,"SŠrkinen","","","1.92","FCM","Petota","3"
NA,3660,NA,4364,"82040","","",-8.4,-78.0333,3550,"chomatophilum","chomatophilum","tuberous","wild",24,"SŠrkinen","","","1.92","FCM","Petota","3"
NA,3661,NA,4365,"94486","","",-10.05,-77.06667,3400,"chomatophilum","chomatophilum","tuberous","wild",24,"SŠrkinen","","","1.92","FCM","Petota","3"
NA,3663,NA,4367,"92548","","",-11.18333,-77.48333,3800,"chomatophilum","chomatophilum","tuberous","wild",24,"SŠrkinen","","","1.92","FCM","Petota","3"
NA,3666,NA,4370,"94826","","",-6.333333,-79.5,3300,"chomatophilum","chomatophilum","tuberous","wild",24,"SŠrkinen","","","1.92","FCM","Petota","3"
NA,3668,NA,4372,"82753","","",-9.21667,-77.25,4400,"chomatophilum","chomatophilum","tuberous","wild",24,"SŠrkinen","","","1.92","FCM","Petota","3"
NA,3670,NA,4374,"81835","","",-9.25,-76.5,3680,"chomatophilum","chomatophilum","tuberous","wild",24,"SŠrkinen","","","1.92","FCM","Petota","3"
NA,3673,NA,4377,"93782","","",-12.31667,-75.76667,3800,"chomatophilum","chomatophilum","tuberous","wild",24,"SŠrkinen","","","1.92","FCM","Petota","3"
NA,3674,NA,4378,"94482","","",-9.883333,-77.35,4000,"chomatophilum","chomatophilum","tuberous","wild",24,"SŠrkinen","","","1.92","FCM","Petota","3"
NA,3675,NA,4379,"82213","","",-8.86667,-78.1667,3400,"chomatophilum","chomatophilum","tuberous","wild",24,"SŠrkinen","","","1.92","FCM","Petota","3"
NA,3680,NA,4384,"94555","","",-8.9528,-77.75,3825,"chomatophilum","chomatophilum","tuberous","wild",24,"SŠrkinen","","","1.92","FCM","Petota","3"
NA,3681,NA,4385,"81285","","",-5.05,-79.6,3150,"chomatophilum","chomatophilum","tuberous","wild",24,"SŠrkinen","","","1.92","FCM","Petota","3"
NA,3682,NA,4386,"81832","","",-9.66667,-76.0833,3075,"chomatophilum","chomatophilum","tuberous","wild",24,"SŠrkinen","","","1.92","FCM","Petota","3"
NA,3683,NA,4387,"92962","","",-12.15,-76.68333,0,"chomatophilum","chomatophilum","tuberous","wild",24,"SŠrkinen","","","1.92","FCM","Petota","3"
NA,3685,NA,4389,"94799","","",-11.65667,-76.50333,3900,"chomatophilum","chomatophilum","tuberous","wild",24,"SŠrkinen","","","1.92","FCM","Petota","3"
NA,3689,NA,4393,"91819","","",-5.833333,-77.91667,2700,"chomatophilum","chomatophilum","tuberous","wild",24,"SŠrkinen","","","1.92","FCM","Petota","3"
NA,3691,NA,4395,"91898","","",-10.66667,-76.08333,3500,"chomatophilum","chomatophilum","tuberous","wild",24,"SŠrkinen","","","1.92","FCM","Petota","3"
NA,3692,NA,4396,"95232","","",-10.15,-77.18333,3390,"chomatophilum","chomatophilum","tuberous","wild",24,"SŠrkinen","","","1.92","FCM","Petota","3"
NA,3693,NA,4397,"81289","","",-5.323,-79.51,3100,"chomatophilum","chomatophilum","tuberous","wild",24,"SŠrkinen","","","1.92","FCM","Petota","3"
NA,3697,NA,4401,"83806","","",-3.5,-79.1167,0,"chomatophilum","chomatophilum","tuberous","wild",24,"SŠrkinen","","","1.92","FCM","Petota","3"
NA,3698,NA,4402,"94797","","",-7.5,-77.53333,3620,"chomatophilum","chomatophilum","tuberous","wild",24,"SŠrkinen","","","1.92","FCM","Petota","3"
NA,3699,NA,4403,"92389","","",-3.0833,-79.01667,3300,"chomatophilum","chomatophilum","tuberous","wild",24,"SŠrkinen","","","1.92","FCM","Petota","3"
NA,3700,NA,4404,"81996","","",-6.41667,-77.3333,3300,"chomatophilum","chomatophilum","tuberous","wild",24,"SŠrkinen","","","1.92","FCM","Petota","3"
NA,3701,NA,4405,"94729","","",-11.76667,-75.08333,3505,"chomatophilum","chomatophilum","tuberous","wild",24,"SŠrkinen","","","1.92","FCM","Petota","3"
NA,3707,NA,4411,"94458","","",-8,-77.58333,3700,"chomatophilum","chomatophilum","tuberous","wild",24,"SŠrkinen","","","1.92","FCM","Petota","3"
NA,3708,NA,4412,"94457","","",-9.183333,-78.05,3900,"chomatophilum","chomatophilum","tuberous","wild",24,"SŠrkinen","","","1.92","FCM","Petota","3"
NA,3710,NA,4414,"81736","","",-8.86667,-77.9,3550,"chomatophilum","chomatophilum","tuberous","wild",24,"SŠrkinen","","","1.92","FCM","Petota","3"
NA,3711,NA,4415,"93055","","",-9.58333,-77.5,3800,"chomatophilum","chomatophilum","tuberous","wild",24,"SŠrkinen","","","1.92","FCM","Petota","3"
NA,3719,NA,4423,"75320","","",-11.457,-76.59,4000,"chomatophilum","chomatophilum","tuberous","wild",24,"SŠrkinen","","","1.92","FCM","Petota","3"
NA,3722,NA,4426,"94513","","",-8.833333,-77.46667,3800,"chomatophilum","chomatophilum","tuberous","wild",24,"SŠrkinen","","","1.92","FCM","Petota","3"
NA,3726,NA,4430,"473460","","",-4.988213,-77.921909,NA,"chomatophilum","chomatophilum","tuberous","germplasm",24,"SŠrkinen","","","1.92","FCM","Petota","3"
NA,3735,NA,4436,"88405","","",14.0529,-91.0148,3220,"clarum","clarum","tuberous","wild",24,"SŠrkinen","","","1.75","FCM","Petota","1+2"
NA,3736,NA,4437,"88432","","",15.011,-92.004,3260,"clarum","clarum","tuberous","wild",24,"SŠrkinen","","","1.75","FCM","Petota","1+2"
NA,3737,NA,4438,"89693","","",15.46601,-92.27823,2740,"clarum","clarum","tuberous","wild",24,"SŠrkinen","","","1.75","FCM","Petota","1+2"
NA,3738,NA,4439,"88637","","",15.04645,-91.57969,3200,"clarum","clarum","tuberous","wild",24,"SŠrkinen","","","1.75","FCM","Petota","1+2"
NA,3739,NA,4440,"90287","","",14.82315,-91.35471,3000,"clarum","clarum","tuberous","wild",24,"SŠrkinen","","","1.75","FCM","Petota","1+2"
NA,3740,NA,4441,"88819","","",14.47859,-90.74237,2900,"clarum","clarum","tuberous","wild",24,"SŠrkinen","","","1.75","FCM","Petota","1+2"
NA,3741,NA,4442,"88775","","",14.87931,-91.24726,3200,"clarum","clarum","tuberous","wild",24,"SŠrkinen","","","1.75","FCM","Petota","1+2"
NA,3745,NA,4446,"PI 275203","","",14.9275,-91.6915,NA,"clarum","clarum","tuberous","germplasm",24,"SŠrkinen","","","1.75","FCM","Petota","1+2"
NA,3760,NA,4461,"PI 604081","","",15.5017,-91.4583,NA,"clarum","clarum","tuberous","germplasm",24,"SŠrkinen","","","1.75","FCM","Petota","1+2"
NA,3763,NA,4464,"CIP 763324","","",0.0011,-78.5133,2845,"colombianum","colombianum","tuberous","germplasm",48,"SŠrkinen","","","5.34","FCM","Petota","3"
NA,3764,NA,4465,"CIP 762791","","",-4,-79.2167,2159,"colombianum","colombianum","tuberous","germplasm",48,"SŠrkinen","","","5.34","FCM","Petota","3"
NA,3767,NA,4468,"CIP 762792","","",-3.175,-79.1272,3270,"colombianum","colombianum","tuberous","germplasm",48,"SŠrkinen","","","5.34","FCM","Petota","3"
NA,3768,NA,4469,"CIP 761599","","",-0.6592,-79.075,758,"colombianum","colombianum","tuberous","germplasm",48,"SŠrkinen","","","5.34","FCM","Petota","3"
NA,3769,NA,4470,"CIP 762794","","",-2.5417,-78.9817,3410,"colombianum","colombianum","tuberous","germplasm",48,"SŠrkinen","","","5.34","FCM","Petota","3"
NA,3772,NA,4473,"CIP 762812","","",-2.4322,-78.8881,3500,"colombianum","colombianum","tuberous","germplasm",48,"SŠrkinen","","","5.34","FCM","Petota","3"
NA,3775,NA,4476,"CIP 762789","","",-0.25,-78.7211,2118,"colombianum","colombianum","tuberous","germplasm",48,"SŠrkinen","","","5.34","FCM","Petota","3"
NA,3776,NA,4477,"CIP 761068","","",-1.45,-78.4331,3367,"colombianum","colombianum","tuberous","germplasm",48,"SŠrkinen","","","5.34","FCM","Petota","3"
NA,3778,NA,4479,"CIP 761601","","",-1.3167,-78.3167,2979,"colombianum","colombianum","tuberous","germplasm",48,"SŠrkinen","","","5.34","FCM","Petota","3"
NA,3779,NA,4480,"CIP 762807","","",-0.3625,-78.155,3720,"colombianum","colombianum","tuberous","germplasm",48,"SŠrkinen","","","5.34","FCM","Petota","3"
NA,3781,NA,4482,"CIP 762785","","",-0.0033,-78.0622,3450,"colombianum","colombianum","tuberous","germplasm",48,"SŠrkinen","","","5.34","FCM","Petota","3"
NA,3782,NA,4483,"CIP 761610","","",1.5547,-77.8642,3200,"colombianum","colombianum","tuberous","germplasm",48,"SŠrkinen","","","5.34","FCM","Petota","3"
NA,3784,NA,4485,"CIP 763890","","",1.2167,-77.2667,2621,"colombianum","colombianum","tuberous","germplasm",48,"SŠrkinen","","","5.34","FCM","Petota","3"
NA,3786,NA,4487,"CIP 763889","","",1.1667,-77.1667,2799,"colombianum","colombianum","tuberous","germplasm",48,"SŠrkinen","","","5.34","FCM","Petota","3"
NA,3787,NA,4488,"CIP 763888","","",1.1833,-76.9167,2086,"colombianum","colombianum","tuberous","germplasm",48,"SŠrkinen","","","5.34","FCM","Petota","3"
NA,3788,NA,4489,"CIP 763903","","",2.385,-76.8558,NA,"colombianum","colombianum","tuberous","germplasm",48,"SŠrkinen","","","5.34","FCM","Petota","3"
NA,3789,NA,4490,"CIP 762638","","",2.45,-76.6,1731,"colombianum","colombianum","tuberous","germplasm",48,"SŠrkinen","","","5.34","FCM","Petota","3"
NA,3790,NA,4491,"CIP 763891","","",3.8692,-76.525,NA,"colombianum","colombianum","tuberous","germplasm",48,"SŠrkinen","","","5.34","FCM","Petota","3"
NA,3792,NA,4493,"CIP 763892","","",4.2544,-75.7294,NA,"colombianum","colombianum","tuberous","germplasm",48,"SŠrkinen","","","5.34","FCM","Petota","3"
NA,3795,NA,4496,"CIP 761883","","",2.5389,-75.64,2800,"colombianum","colombianum","tuberous","germplasm",48,"SŠrkinen","","","5.34","FCM","Petota","3"
NA,3796,NA,4497,"CIP 763987","","",4.3636,-75.6111,3270,"colombianum","colombianum","tuberous","germplasm",48,"SŠrkinen","","","5.34","FCM","Petota","3"
NA,3797,NA,4498,"CIP 764132","","",4.4731,-74.1161,NA,"colombianum","colombianum","tuberous","germplasm",48,"SŠrkinen","","","5.34","FCM","Petota","3"
NA,3800,NA,4501,"CIP 763947","","",7.9236,-72.0814,2647,"colombianum","colombianum","tuberous","germplasm",48,"SŠrkinen","","","5.34","FCM","Petota","3"
NA,3802,NA,4503,"CIP 763950","","",8.0122,-71.9883,2800,"colombianum","colombianum","tuberous","germplasm",48,"SŠrkinen","","","5.34","FCM","Petota","3"
NA,3805,NA,4506,"CIP 764140","","",1.9017,-76.6664,NA,"colombianum","colombianum","tuberous","germplasm",48,"SŠrkinen","","","5.34","FCM","Petota","3"
NA,3806,NA,4507,"CIP 763917","","",3.3283,-76.2375,3326,"colombianum","colombianum","tuberous","germplasm",48,"SŠrkinen","","","5.34","FCM","Petota","3"
NA,3810,NA,4511,"CIP 763942","","",8,-73.185,1460,"colombianum","colombianum","tuberous","germplasm",48,"SŠrkinen","","","5.34","FCM","Petota","3"
NA,3815,NA,4516,"CIP 764062","","",8.6872,-70.9289,NA,"colombianum","colombianum","tuberous","germplasm",48,"SŠrkinen","","","5.34","FCM","Petota","3"
NA,3816,NA,4517,"CIP 761276","","",8.7842,-70.8297,3400,"colombianum","colombianum","tuberous","germplasm",48,"SŠrkinen","","","5.34","FCM","Petota","3"
NA,3819,NA,4520,"CIP 761591","","",-2.8167,-79.2333,4014,"colombianum","colombianum","tuberous","germplasm",48,"SŠrkinen","","","5.34","FCM","Petota","3"
NA,3837,NA,4538,"94795","","",3.833333,-75.91667,3200,"colombianum","colombianum","tuberous","wild",48,"SŠrkinen","","","5.34","FCM","Petota","3"
NA,3839,NA,4540,"92627","","",-0.01666,-78.88333,1800,"colombianum","colombianum","tuberous","wild",48,"SŠrkinen","","","5.34","FCM","Petota","3"
NA,3840,NA,4541,"94814","","",7.366667,-72.91667,3300,"colombianum","colombianum","tuberous","wild",48,"SŠrkinen","","","5.34","FCM","Petota","3"
NA,3842,NA,4543,"83142","","",4.86667,-75.2,3300,"colombianum","colombianum","tuberous","wild",48,"SŠrkinen","","","5.34","FCM","Petota","3"
NA,3843,NA,4544,"92633","","",3.283333,-76.73333,3100,"colombianum","colombianum","tuberous","wild",48,"SŠrkinen","","","5.34","FCM","Petota","3"
NA,3845,NA,4546,"84306","","",10.2667,-68.3167,1200,"colombianum","colombianum","tuberous","wild",48,"SŠrkinen","","","5.34","FCM","Petota","3"
NA,3846,NA,4547,"92252","","",-2.216667,-78.45,3230,"colombianum","colombianum","tuberous","wild",48,"SŠrkinen","","","5.34","FCM","Petota","3"
NA,3849,NA,4550,"83117","","",7.88333,-73.0167,2130,"colombianum","colombianum","tuberous","wild",48,"SŠrkinen","","","5.34","FCM","Petota","3"
NA,3852,NA,4553,"94810","","",2.55,-76.15,3500,"colombianum","colombianum","tuberous","wild",48,"SŠrkinen","","","5.34","FCM","Petota","3"
NA,3853,NA,4554,"77872","","",-3.03333,-78.65,3200,"colombianum","colombianum","tuberous","wild",48,"SŠrkinen","","","5.34","FCM","Petota","3"
NA,3854,NA,4555,"94366","","",1.55,-77.13333,2900,"colombianum","colombianum","tuberous","wild",48,"SŠrkinen","","","5.34","FCM","Petota","3"
NA,3856,NA,4557,"95091","","",6.316667,-72.5,3650,"colombianum","colombianum","tuberous","wild",48,"SŠrkinen","","","5.34","FCM","Petota","3"
NA,3857,NA,4558,"92240","","",4.85,-73.81667,0,"colombianum","colombianum","tuberous","wild",48,"SŠrkinen","","","5.34","FCM","Petota","3"
NA,3858,NA,4559,"95092","","",6.516667,-72.36667,3650,"colombianum","colombianum","tuberous","wild",48,"SŠrkinen","","","5.34","FCM","Petota","3"
NA,3859,NA,4560,"92246","","",-4.03,-79.49,2400,"colombianum","colombianum","tuberous","wild",48,"SŠrkinen","","","5.34","FCM","Petota","3"
NA,3860,NA,4561,"93242","","",-5.3147,-79.2828,2800,"colombianum","colombianum","tuberous","wild",48,"SŠrkinen","","","5.34","FCM","Petota","3"
NA,3862,NA,4563,"92322","","",7.433333,-72.26667,3100,"colombianum","colombianum","tuberous","wild",48,"SŠrkinen","","","5.34","FCM","Petota","3"
NA,3863,NA,4564,"93885","","",-1.45,-76.46667,2750,"colombianum","colombianum","tuberous","wild",48,"SŠrkinen","","","5.34","FCM","Petota","3"
NA,3864,NA,4565,"94351","","",5.683333,-75.28333,3000,"colombianum","colombianum","tuberous","wild",48,"SŠrkinen","","","5.34","FCM","Petota","3"
NA,3865,NA,4566,"95006","","",9.441667,-68.90833,1450,"colombianum","colombianum","tuberous","wild",48,"SŠrkinen","","","5.34","FCM","Petota","3"
NA,3866,NA,4567,"94881","","",5.55,-74,0,"colombianum","colombianum","tuberous","wild",48,"SŠrkinen","","","5.34","FCM","Petota","3"
NA,3867,NA,4568,"84305","","",-0.535,-78.9839,2459,"colombianum","colombianum","tuberous","wild",48,"SŠrkinen","","","5.34","FCM","Petota","3"
NA,3868,NA,4569,"82816","","",5.5,-74.6667,3850,"colombianum","colombianum","tuberous","wild",48,"SŠrkinen","","","5.34","FCM","Petota","3"
NA,3869,NA,4570,"91873","","",0.116667,-77.95,3300,"colombianum","colombianum","tuberous","wild",48,"SŠrkinen","","","5.34","FCM","Petota","3"
NA,3870,NA,4571,"92311","","",2.45,-75.16667,2400,"colombianum","colombianum","tuberous","wild",48,"SŠrkinen","","","5.34","FCM","Petota","3"
NA,3871,NA,4572,"94413","","",-3.883333,-79.35,2900,"colombianum","colombianum","tuberous","wild",48,"SŠrkinen","","","5.34","FCM","Petota","3"
NA,3874,NA,4575,"91747","","",2.283333,-76.23333,2920,"colombianum","colombianum","tuberous","wild",48,"SŠrkinen","","","5.34","FCM","Petota","3"
NA,3875,NA,4576,"81273","","",-2.8,-79.4667,3200,"colombianum","colombianum","tuberous","wild",48,"SŠrkinen","","","5.34","FCM","Petota","3"
NA,3876,NA,4577,"94885","","",2.783333,-76.01667,0,"colombianum","colombianum","tuberous","wild",48,"SŠrkinen","","","5.34","FCM","Petota","3"
NA,3877,NA,4578,"91853","","",4.633333,-75.55,3550,"colombianum","colombianum","tuberous","wild",48,"SŠrkinen","","","5.34","FCM","Petota","3"
NA,3879,NA,4580,"81263","","",-0.8,-78.9,2840,"colombianum","colombianum","tuberous","wild",48,"SŠrkinen","","","5.34","FCM","Petota","3"
NA,3880,NA,4581,"92248","","",-0.016667,-77.83333,3100,"colombianum","colombianum","tuberous","wild",48,"SŠrkinen","","","5.34","FCM","Petota","3"
NA,3881,NA,4582,"94889","","",0.85,-78.06667,2700,"colombianum","colombianum","tuberous","wild",48,"SŠrkinen","","","5.34","FCM","Petota","3"
NA,3882,NA,4583,"91863","","",10.19626,-72.94011,2850,"colombianum","colombianum","tuberous","wild",48,"SŠrkinen","","","5.34","FCM","Petota","3"
NA,3883,NA,4584,"91790","","",8.316667,-71.75,2500,"colombianum","colombianum","tuberous","wild",48,"SŠrkinen","","","5.34","FCM","Petota","3"
NA,3885,NA,4586,"93920","","",-2.533333,-78.78333,3410,"colombianum","colombianum","tuberous","wild",48,"SŠrkinen","","","5.34","FCM","Petota","3"
NA,3886,NA,4587,"94399","","",5.583333,-73.88333,2850,"colombianum","colombianum","tuberous","wild",48,"SŠrkinen","","","5.34","FCM","Petota","3"
NA,3887,NA,4588,"95344","","",10.18333,-73.28333,2600,"colombianum","colombianum","tuberous","wild",48,"SŠrkinen","","","5.34","FCM","Petota","3"
NA,3888,NA,4589,"94869","","",2.383333,-76.06667,2000,"colombianum","colombianum","tuberous","wild",48,"SŠrkinen","","","5.34","FCM","Petota","3"
NA,3892,NA,4593,"77873","","",-0.6,-77.65,2900,"colombianum","colombianum","tuberous","wild",48,"SŠrkinen","","","5.34","FCM","Petota","3"
NA,3893,NA,4594,"82635","","",2.5,-76.3833,3200,"colombianum","colombianum","tuberous","wild",48,"SŠrkinen","","","5.34","FCM","Petota","3"
NA,3894,NA,4595,"139915","","",10.40431,-67.28899,0,"colombianum","colombianum","tuberous","wild",48,"SŠrkinen","","","5.34","FCM","Petota","3"
NA,3895,NA,4596,"83950","","",6.66667,-76.3333,3115,"colombianum","colombianum","tuberous","wild",48,"SŠrkinen","","","5.34","FCM","Petota","3"
NA,3898,NA,4599,"94777","","",9.24666,-70.26778,3400,"colombianum","colombianum","tuberous","wild",48,"SŠrkinen","","","5.34","FCM","Petota","3"
NA,3899,NA,4600,"82626","","",-1.96667,-78.3667,3750,"colombianum","colombianum","tuberous","wild",48,"SŠrkinen","","","5.34","FCM","Petota","3"
NA,3900,NA,4601,"92153","","",7.26,-71.97,2500,"colombianum","colombianum","tuberous","wild",48,"SŠrkinen","","","5.34","FCM","Petota","3"
NA,3901,NA,4602,"91875","","",-0.633333,-78.55,3200,"colombianum","colombianum","tuberous","wild",48,"SŠrkinen","","","5.34","FCM","Petota","3"
NA,3902,NA,4603,"94952","","",3.9,-75.75,2800,"colombianum","colombianum","tuberous","wild",48,"SŠrkinen","","","5.34","FCM","Petota","3"
NA,3904,NA,4605,"77883","","",0.683333,-77.6667,3150,"colombianum","colombianum","tuberous","wild",48,"SŠrkinen","","","5.34","FCM","Petota","3"
NA,3905,NA,4606,"94751","","",-1.183333,-78.2,3400,"colombianum","colombianum","tuberous","wild",48,"SŠrkinen","","","5.34","FCM","Petota","3"
NA,3906,NA,4607,"91848","","",2.2,-76.48333,2950,"colombianum","colombianum","tuberous","wild",48,"SŠrkinen","","","5.34","FCM","Petota","3"
NA,3907,NA,4608,"83135","","",0.9167,-77.5,3240,"colombianum","colombianum","tuberous","wild",48,"SŠrkinen","","","5.34","FCM","Petota","3"
NA,3909,NA,4610,"106994","","",0.07,-77.57,3420,"colombianum","colombianum","tuberous","wild",48,"SŠrkinen","","","5.34","FCM","Petota","3"
NA,3910,NA,4611,"92544","","",7.4,-72.41667,3100,"colombianum","colombianum","tuberous","wild",48,"SŠrkinen","","","5.34","FCM","Petota","3"
NA,3911,NA,4612,"91859","","",3.33,-76.08,3505,"colombianum","colombianum","tuberous","wild",48,"SŠrkinen","","","5.34","FCM","Petota","3"
NA,3912,NA,4613,"94950","","",5.083333,-76,3820,"colombianum","colombianum","tuberous","wild",48,"SŠrkinen","","","5.34","FCM","Petota","3"
NA,3913,NA,4614,"83169","","",2.5,-76.7167,2800,"colombianum","colombianum","tuberous","wild",48,"SŠrkinen","","","5.34","FCM","Petota","3"
NA,3915,NA,4616,"76502","","",-0.623611,-77.84028,2250,"colombianum","colombianum","tuberous","wild",48,"SŠrkinen","","","5.34","FCM","Petota","3"
NA,3919,NA,4620,"95004","","",11.16667,-69.58333,1300,"colombianum","colombianum","tuberous","wild",48,"SŠrkinen","","","5.34","FCM","Petota","3"
NA,3920,NA,4621,"94743","","",5.666667,-73.75,2200,"colombianum","colombianum","tuberous","wild",48,"SŠrkinen","","","5.34","FCM","Petota","3"
NA,3921,NA,4622,"94772","","",-1.233333,-77.88333,3000,"colombianum","colombianum","tuberous","wild",48,"SŠrkinen","","","5.34","FCM","Petota","3"
NA,3922,NA,4623,"94949","","",4.216667,-73.8,2000,"colombianum","colombianum","tuberous","wild",48,"SŠrkinen","","","5.34","FCM","Petota","3"
NA,3923,NA,4624,"91854","","",2.533333,-76.95,2400,"colombianum","colombianum","tuberous","wild",48,"SŠrkinen","","","5.34","FCM","Petota","3"
NA,3925,NA,4626,"84345","","",4.96667,-75.75,2600,"colombianum","colombianum","tuberous","wild",48,"SŠrkinen","","","5.34","FCM","Petota","3"
NA,3926,NA,4627,"83075","","",-1.71667,-79.15,2900,"colombianum","colombianum","tuberous","wild",48,"SŠrkinen","","","5.34","FCM","Petota","3"
NA,3929,NA,4630,"92412","","",6.5,-76.11667,3455,"colombianum","colombianum","tuberous","wild",48,"SŠrkinen","","","5.34","FCM","Petota","3"
NA,3930,NA,4631,"91537","","",2.383333,-75.88333,3000,"colombianum","colombianum","tuberous","wild",48,"SŠrkinen","","","5.34","FCM","Petota","3"
NA,3931,NA,4632,"81266","","",-1.38333,-78.5333,3100,"colombianum","colombianum","tuberous","wild",48,"SŠrkinen","","","5.34","FCM","Petota","3"
NA,3932,NA,4633,"94415","","",4.883333,-74.3,2800,"colombianum","colombianum","tuberous","wild",48,"SŠrkinen","","","5.34","FCM","Petota","3"
NA,3935,NA,4636,"83098","","",8.76667,-71.1,3440,"colombianum","colombianum","tuberous","wild",48,"SŠrkinen","","","5.34","FCM","Petota","3"
NA,3937,NA,4638,"94730","","",6.05,-73.63333,3000,"colombianum","colombianum","tuberous","wild",48,"SŠrkinen","","","5.34","FCM","Petota","3"
NA,3938,NA,4639,"14683","","",9.226196,-70.16472,2490,"colombianum","colombianum","tuberous","wild",48,"SŠrkinen","","","5.34","FCM","Petota","3"
NA,3939,NA,4640,"95116","","",5.155556,-75.04027,3250,"colombianum","colombianum","tuberous","wild",48,"SŠrkinen","","","5.34","FCM","Petota","3"
NA,3940,NA,4641,"94304","","",-1.816667,-78.98333,2900,"colombianum","colombianum","tuberous","wild",48,"SŠrkinen","","","5.34","FCM","Petota","3"
NA,3941,NA,4642,"94380","","",1.116667,-77.66667,3200,"colombianum","colombianum","tuberous","wild",48,"SŠrkinen","","","5.34","FCM","Petota","3"
NA,3942,NA,4643,"94465","","",-5.25,-79.45,2800,"colombianum","colombianum","tuberous","wild",48,"SŠrkinen","","","5.34","FCM","Petota","3"
NA,3943,NA,4644,"92462","","",5.083333,-74.01667,3400,"colombianum","colombianum","tuberous","wild",48,"SŠrkinen","","","5.34","FCM","Petota","3"
NA,3944,NA,4645,"95155","","",-3.516667,-79.63333,3200,"colombianum","colombianum","tuberous","wild",48,"SŠrkinen","","","5.34","FCM","Petota","3"
NA,3945,NA,4646,"82885","","",5.11667,-75.2833,3660,"colombianum","colombianum","tuberous","wild",48,"SŠrkinen","","","5.34","FCM","Petota","3"
NA,3946,NA,4647,"83096","","",4.66568,-75.42803,3485,"colombianum","colombianum","tuberous","wild",48,"SŠrkinen","","","5.34","FCM","Petota","3"
NA,3947,NA,4648,"94769","","",4.7,-73.71667,2830,"colombianum","colombianum","tuberous","wild",48,"SŠrkinen","","","5.34","FCM","Petota","3"
NA,3949,NA,4650,"94384","","",5,-75.37,3370,"colombianum","colombianum","tuberous","wild",48,"SŠrkinen","","","5.34","FCM","Petota","3"
NA,3950,NA,4651,"93924","","",5.05,-75.48333,2100,"colombianum","colombianum","tuberous","wild",48,"SŠrkinen","","","5.34","FCM","Petota","3"
NA,3951,NA,4652,"95040","","",-2.6,-78.56667,2925,"colombianum","colombianum","tuberous","wild",48,"SŠrkinen","","","5.34","FCM","Petota","3"
NA,3952,NA,4653,"92369","","",-3.983,-79.012,2770,"colombianum","colombianum","tuberous","wild",48,"SŠrkinen","","","5.34","FCM","Petota","3"
NA,3953,NA,4654,"80898","","",7.3781,-72.6525,3330,"colombianum","colombianum","tuberous","wild",48,"SŠrkinen","","","5.34","FCM","Petota","3"
NA,3956,NA,4657,"14626","","",5.037833,-74.561056,NA,"colombianum","colombianum","tuberous","germplasm",48,"SŠrkinen","","","5.34","FCM","Petota","3"
NA,3960,NA,4661,"423303","","",7.833333,-72.766667,NA,"colombianum","colombianum","tuberous","germplasm",48,"SŠrkinen","","","5.34","FCM","Petota","3"
NA,3963,NA,4664,"423344","","",2.233333,-75.516667,NA,"colombianum","colombianum","tuberous","germplasm",48,"SŠrkinen","","","5.34","FCM","Petota","3"
NA,3964,NA,4665,"423345","","",1.966667,-75.3,NA,"colombianum","colombianum","tuberous","germplasm",48,"SŠrkinen","","","5.34","FCM","Petota","3"
NA,3968,NA,4669,"423351","","",3.35,-75.933333,NA,"colombianum","colombianum","tuberous","germplasm",48,"SŠrkinen","","","5.34","FCM","Petota","3"
NA,3970,NA,4671,"423356","","",2.5,-75.783333,NA,"colombianum","colombianum","tuberous","germplasm",48,"SŠrkinen","","","5.34","FCM","Petota","3"
NA,3975,NA,4676,"473475","","",-4.038585,-79.790047,NA,"colombianum","colombianum","tuberous","germplasm",48,"SŠrkinen","","","5.34","FCM","Petota","3"
NA,3978,NA,4679,"498228","","",0.066666,-78.383333,NA,"colombianum","colombianum","tuberous","germplasm",48,"SŠrkinen","","","5.34","FCM","Petota","3"
NA,3980,NA,4681,"570614","","",3.956884,-76.95718,NA,"colombianum","colombianum","tuberous","germplasm",48,"SŠrkinen","","","5.34","FCM","Petota","3"
NA,3981,NA,4682,"570619","","",9.26815,-73.521477,NA,"colombianum","colombianum","tuberous","germplasm",48,"SŠrkinen","","","5.34","FCM","Petota","3"
NA,3982,NA,4683,"570626","","",2.135,-76.937413,NA,"colombianum","colombianum","tuberous","germplasm",48,"SŠrkinen","","","5.34","FCM","Petota","3"
NA,3986,NA,4687,"597670","","",1.829256,-76.765938,NA,"colombianum","colombianum","tuberous","germplasm",48,"SŠrkinen","","","5.34","FCM","Petota","3"
NA,3990,NA,4691,"COL000036276","","",10.366667,-72.8,NA,"colombianum","colombianum","tuberous","germplasm",48,"SŠrkinen","","","5.34","FCM","Petota","3"
NA,4001,NA,4702,"COL000036287","","",1.25,-75.866667,NA,"colombianum","colombianum","tuberous","germplasm",48,"SŠrkinen","","","5.34","FCM","Petota","3"
NA,4007,NA,4708,"COL000036293","","",0.166667,-77.066667,NA,"colombianum","colombianum","tuberous","germplasm",48,"SŠrkinen","","","5.34","FCM","Petota","3"
NA,4028,NA,4729,"PI 473474","","",-3.016667,-79.033333,NA,"colombianum","colombianum","tuberous","germplasm",48,"SŠrkinen","","","5.34","FCM","Petota","3"
NA,4030,NA,4731,"PI 498149","","",1.1,-77.4,NA,"colombianum","colombianum","tuberous","germplasm",48,"SŠrkinen","","","5.34","FCM","Petota","3"
NA,4045,NA,4746,"PI 583325","","",8.116667,-71.9,NA,"colombianum","colombianum","tuberous","germplasm",48,"SŠrkinen","","","5.34","FCM","Petota","3"
NA,4049,NA,4750,"PI473407","","",4.067,-75.167,NA,"colombianum","colombianum","tuberous","germplasm",48,"SŠrkinen","","","5.34","FCM","Petota","3"
NA,4060,NA,4761,"PI567822","","",3.35,-76.517,NA,"colombianum","colombianum","tuberous","germplasm",48,"SŠrkinen","","","5.34","FCM","Petota","3"
NA,4584,NA,5308,"88420","","",14.0548,-91.0191,3180,"demissum","demissum","tuberous","wild",72,"SŠrkinen","","","4.75","FCM","Petota","4 South"
NA,4558,NA,5282,"89347","","",14.47563,-90.73304,2250,"demissum","demissum","tuberous","wild",72,"SŠrkinen","","","4.75","FCM","Petota","4 South"
NA,4534,NA,5258,"90366","","",15.48678,-91.51723,3595,"demissum","demissum","tuberous","wild",72,"SŠrkinen","","","4.75","FCM","Petota","4 South"
NA,4586,NA,5310,"90770","","",16.1,-96.15,3500,"demissum","demissum","tuberous","wild",72,"SŠrkinen","","","4.75","FCM","Petota","4 South"
NA,4569,NA,5293,"89328","","",16.9833,-97,2700,"demissum","demissum","tuberous","wild",72,"SŠrkinen","","","4.75","FCM","Petota","4 South"
NA,4564,NA,5288,"90192","","",17.2666,-96.4,2950,"demissum","demissum","tuberous","wild",72,"SŠrkinen","","","4.75","FCM","Petota","4 South"
NA,4550,NA,5274,"89647","","",17.28,-96.3,2870,"demissum","demissum","tuberous","wild",72,"SŠrkinen","","","4.75","FCM","Petota","4 South"
NA,4637,NA,5361,"PI 545763","","",17.466667,-96.5,NA,"demissum","demissum","tuberous","germplasm",72,"SŠrkinen","","","4.75","FCM","Petota","4 South"
NA,4547,NA,5271,"89444","","",18.4,-99.15,0,"demissum","demissum","tuberous","wild",72,"SŠrkinen","","","4.75","FCM","Petota","4 South"
NA,4539,NA,5263,"89306","","",18.58,-97.15,3000,"demissum","demissum","tuberous","wild",72,"SŠrkinen","","","4.75","FCM","Petota","4 South"
NA,4527,NA,5251,"CIP 760660","","",18.6333,-98.9333,1212,"demissum","demissum","tuberous","germplasm",72,"SŠrkinen","","","4.75","FCM","Petota","4 South"
NA,4587,NA,5311,"89045","","",18.7401,-97.3813,2550,"demissum","demissum","tuberous","wild",72,"SŠrkinen","","","4.75","FCM","Petota","4 South"
NA,4544,NA,5268,"89422","","",19.0166,-97.2666,3600,"demissum","demissum","tuberous","wild",72,"SŠrkinen","","","4.75","FCM","Petota","4 South"
NA,4588,NA,5312,"90434","","",19.04,-100.05,1900,"demissum","demissum","tuberous","wild",72,"SŠrkinen","","","4.75","FCM","Petota","4 South"
NA,4613,NA,5337,"PI 161366","","",19.05,-99.25,NA,"demissum","demissum","tuberous","germplasm",72,"SŠrkinen","","","4.75","FCM","Petota","4 South"
NA,4560,NA,5284,"89654","","",19.07,-99.49,3430,"demissum","demissum","tuberous","wild",72,"SŠrkinen","","","4.75","FCM","Petota","4 South"
NA,4515,NA,5239,"CIP 760664","","",19.1014,-99.7694,4466,"demissum","demissum","tuberous","germplasm",72,"SŠrkinen","","","4.75","FCM","Petota","4 South"
NA,4536,NA,5260,"8174","","",19.16667,-99.88333,2830,"demissum","demissum","tuberous","wild",72,"SŠrkinen","","","4.75","FCM","Petota","4 South"
NA,4535,NA,5259,"82593","","",19.19,-99.0236,2900,"demissum","demissum","tuberous","wild",72,"SŠrkinen","","","4.75","FCM","Petota","4 South"
NA,4511,NA,5235,"CIP 761047","","",19.1972,-101.887,2840,"demissum","demissum","tuberous","germplasm",72,"SŠrkinen","","","4.75","FCM","Petota","4 South"
NA,4567,NA,5291,"89448","","",19.21,-98.4,0,"demissum","demissum","tuberous","wild",72,"SŠrkinen","","","4.75","FCM","Petota","4 South"
NA,4622,NA,5346,"PI 205515","","",19.233333,-98.033333,NA,"demissum","demissum","tuberous","germplasm",72,"SŠrkinen","","","4.75","FCM","Petota","4 South"
NA,4517,NA,5241,"CIP 766050","","",19.28053333,-99.65638333,NA,"demissum","demissum","tuberous","germplasm",72,"SŠrkinen","","","4.75","FCM","Petota","4 South"
NA,4533,NA,5257,"89662","","",19.29,-97.55,2930,"demissum","demissum","tuberous","wild",72,"SŠrkinen","","","4.75","FCM","Petota","4 South"
NA,4561,NA,5285,"90470","","",19.3166,-97.9333,3340,"demissum","demissum","tuberous","wild",72,"SŠrkinen","","","4.75","FCM","Petota","4 South"
NA,4556,NA,5280,"90596","","",19.32,-98.49,0,"demissum","demissum","tuberous","wild",72,"SŠrkinen","","","4.75","FCM","Petota","4 South"
NA,4590,NA,5314,"186550","","",19.32,-97.74,NA,"demissum","demissum","tuberous","germplasm",72,"SŠrkinen","","","4.75","FCM","Petota","4 South"
NA,4572,NA,5296,"82591","","",19.3265,-98.7253,3450,"demissum","demissum","tuberous","wild",72,"SŠrkinen","","","4.75","FCM","Petota","4 South"
NA,4624,NA,5348,"PI 230587","","",19.333333,-99.333333,NA,"demissum","demissum","tuberous","germplasm",72,"SŠrkinen","","","4.75","FCM","Petota","4 South"
NA,4541,NA,5265,"88664","","",19.3684,-98.593,2743,"demissum","demissum","tuberous","wild",72,"SŠrkinen","","","4.75","FCM","Petota","4 South"
NA,4551,NA,5275,"89451","","",19.41,-100.51,0,"demissum","demissum","tuberous","wild",72,"SŠrkinen","","","4.75","FCM","Petota","4 South"
NA,4568,NA,5292,"90691","","",19.41,-102.3,3100,"demissum","demissum","tuberous","wild",72,"SŠrkinen","","","4.75","FCM","Petota","4 South"
NA,4582,NA,5306,"89307","","",19.41,-98.13,2750,"demissum","demissum","tuberous","wild",72,"SŠrkinen","","","4.75","FCM","Petota","4 South"
NA,4513,NA,5237,"CIP 761046","","",19.4333,-100.3667,2237,"demissum","demissum","tuberous","germplasm",72,"SŠrkinen","","","4.75","FCM","Petota","4 South"
NA,4548,NA,5272,"88400","","",19.4349,-100.176,2800,"demissum","demissum","tuberous","wild",72,"SŠrkinen","","","4.75","FCM","Petota","4 South"
NA,4562,NA,5286,"18554","","",19.49193,-97.14809,3506,"demissum","demissum","tuberous","wild",72,"SŠrkinen","","","4.75","FCM","Petota","4 South"
NA,4599,NA,5323,"PI 161151","","",19.533333,-98.816667,NA,"demissum","demissum","tuberous","germplasm",72,"SŠrkinen","","","4.75","FCM","Petota","4 South"
NA,4573,NA,5297,"89193","","",19.57,-99.435,3350,"demissum","demissum","tuberous","wild",72,"SŠrkinen","","","4.75","FCM","Petota","4 South"
NA,4531,NA,5255,"CIP 763341","","",19.6167,-97.0333,2181,"demissum","demissum","tuberous","germplasm",72,"SŠrkinen","","","4.75","FCM","Petota","4 South"
NA,4577,NA,5301,"161655","","",19.63389,-101.3267,2100,"demissum","demissum","tuberous","wild",72,"SŠrkinen","","","4.75","FCM","Petota","4 South"
NA,4615,NA,5339,"PI 161715","","",19.65,-100.8,NA,"demissum","demissum","tuberous","germplasm",72,"SŠrkinen","","","4.75","FCM","Petota","4 South"
NA,4559,NA,5283,"89761","","",19.6547,-100.268,2975,"demissum","demissum","tuberous","wild",72,"SŠrkinen","","","4.75","FCM","Petota","4 South"
NA,4631,NA,5355,"PI 365380","","",19.683333,-99.716667,NA,"demissum","demissum","tuberous","germplasm",72,"SŠrkinen","","","4.75","FCM","Petota","4 South"
NA,4545,NA,5269,"90393","","",19.70594,-101.195,0,"demissum","demissum","tuberous","wild",72,"SŠrkinen","","","4.75","FCM","Petota","4 South"
NA,4578,NA,5302,"89206","","",19.75,-100.66,0,"demissum","demissum","tuberous","wild",72,"SŠrkinen","","","4.75","FCM","Petota","4 South"
NA,4555,NA,5279,"89090","","",19.96,-99.06,3000,"demissum","demissum","tuberous","wild",72,"SŠrkinen","","","4.75","FCM","Petota","4 South"
NA,4554,NA,5278,"89022","","",20.08,-98.4,2800,"demissum","demissum","tuberous","wild",72,"SŠrkinen","","","4.75","FCM","Petota","4 South"
NA,4566,NA,5290,"88675","","",20.09961,-98.63349,2900,"demissum","demissum","tuberous","wild",72,"SŠrkinen","","","4.75","FCM","Petota","4 South"
NA,4537,NA,5261,"82595","","",20.2171,-98.7509,2750,"demissum","demissum","tuberous","wild",72,"SŠrkinen","","","4.75","FCM","Petota","4 South"
NA,4574,NA,5298,"90516","","",20.3,-97.9666,950,"demissum","demissum","tuberous","wild",72,"SŠrkinen","","","4.75","FCM","Petota","4 South"
NA,4553,NA,5277,"89690","","",20.36,-99.29,0,"demissum","demissum","tuberous","wild",72,"SŠrkinen","","","4.75","FCM","Petota","4 South"
NA,4549,NA,5273,"89878","","",21.463,-102.3855,2400,"demissum","demissum","tuberous","wild",72,"SŠrkinen","","","4.75","FCM","Petota","4 South"
NA,4565,NA,5289,"89805","","",21.9875,-102.496,2850,"demissum","demissum","tuberous","wild",72,"SŠrkinen","","","4.75","FCM","Petota","4 South"
NA,4510,NA,5234,"CIP 766054","","",23.17901667,-102.8979167,NA,"demissum","demissum","tuberous","germplasm",72,"SŠrkinen","","","4.75","FCM","Petota","4 South"
NA,4563,NA,5287,"88908","","",23.58647,-105.8348,1950,"demissum","demissum","tuberous","wild",72,"SŠrkinen","","","4.75","FCM","Petota","4 South"
NA,4580,NA,5304,"89723","","",24.02,-104.41,0,"demissum","demissum","tuberous","wild",72,"SŠrkinen","","","4.75","FCM","Petota","4 South"
NA,4636,NA,5360,"PI 498299","","",24.033333,-104.683333,NA,"demissum","demissum","tuberous","germplasm",72,"SŠrkinen","","","4.75","FCM","Petota","4 South"
NA,4546,NA,5270,"90538","","",24.145,-105.92,2100,"demissum","demissum","tuberous","wild",72,"SŠrkinen","","","4.75","FCM","Petota","4 South"
NA,4552,NA,5276,"89724","","",24.15,-104.23,2800,"demissum","demissum","tuberous","wild",72,"SŠrkinen","","","4.75","FCM","Petota","4 South"
NA,4585,NA,5309,"89898","","",24.2456,-105.3516,2580,"demissum","demissum","tuberous","wild",72,"SŠrkinen","","","4.75","FCM","Petota","4 South"
NA,4570,NA,5294,"90751","","",24.83,-105.33,0,"demissum","demissum","tuberous","wild",72,"SŠrkinen","","","4.75","FCM","Petota","4 South"
NA,4571,NA,5295,"88763","","",25.28,-105.15,2850,"demissum","demissum","tuberous","wild",72,"SŠrkinen","","","4.75","FCM","Petota","4 South"
NA,4639,NA,5363,"CIP 761075","","",-19.0431,-65.2592,2796,"doddsii","doddsii","tuberous","germplasm",24,"SŠrkinen","","","1.71","FCM","Petota","4 South"
NA,4640,NA,5364,"CIP 760253","","",-17.5667,-65.2333,2600,"doddsii","doddsii","tuberous","germplasm",24,"SŠrkinen","","","1.71","FCM","Petota","4 South"
NA,4642,NA,5366,"CIP 762325","","",-17.845,-64.4289,1600,"doddsii","doddsii","tuberous","germplasm",24,"SŠrkinen","","","1.71","FCM","Petota","4 South"
NA,4643,NA,5367,"77404","","",-18.00697,-65.14799,2530,"doddsii","doddsii","tuberous","wild",24,"SŠrkinen","","","1.71","FCM","Petota","4 South"
NA,4644,NA,5368,"77405","","",-17.8167,-65.2,2600,"doddsii","doddsii","tuberous","wild",24,"SŠrkinen","","","1.71","FCM","Petota","4 South"
NA,4645,NA,5369,"80135","","",-19.33898,-64.32983,2124,"doddsii","doddsii","tuberous","wild",24,"SŠrkinen","","","1.71","FCM","Petota","4 South"
NA,4646,NA,5370,"84336","","",-18.10024,-65.66976,2050,"doddsii","doddsii","tuberous","wild",24,"SŠrkinen","","","1.71","FCM","Petota","4 South"
NA,4647,NA,5371,"85539","","",-18.14277,-65.22737,2400,"doddsii","doddsii","tuberous","wild",24,"SŠrkinen","","","1.71","FCM","Petota","4 South"
NA,4648,NA,5372,"85608","","",-18.48005,-64.0777,2100,"doddsii","doddsii","tuberous","wild",24,"SŠrkinen","","","1.71","FCM","Petota","4 South"
NA,4649,NA,5373,"PI 545854","","",-17.733333,-65.1,NA,"doddsii","doddsii","tuberous","germplasm",24,"SŠrkinen","","","1.71","FCM","Petota","4 South"
NA,4654,NA,5378,"CIP 762998","","",-9.6472,-77.8061,3933,"dolichocremastrum","dolichocremastrum","tuberous","germplasm",24,"SŠrkinen","","","1.82","FCM","Petota","4 North"
NA,4656,NA,5380,"CIP 763457","","",-9.155,-77.5644,4000,"dolichocremastrum","dolichocremastrum","tuberous","germplasm",24,"SŠrkinen","","","1.82","FCM","Petota","4 North"
NA,4664,NA,5388,"CIP 763618","","",-9.9111,-77.3172,4100,"dolichocremastrum","dolichocremastrum","tuberous","germplasm",24,"SŠrkinen","","","1.82","FCM","Petota","4 North"
NA,4668,NA,5392,"CIP 765954","","",-9.6833,-77.2333,4182,"dolichocremastrum","dolichocremastrum","tuberous","germplasm",24,"SŠrkinen","","","1.82","FCM","Petota","4 North"
NA,4674,NA,5398,"CIP 761043","","",-9.4564,-77.0772,4140,"dolichocremastrum","dolichocremastrum","tuberous","germplasm",24,"SŠrkinen","","","1.82","FCM","Petota","4 North"
NA,4676,NA,5400,"CIP 761439","","",-9.1,-77.0158,3257,"dolichocremastrum","dolichocremastrum","tuberous","germplasm",24,"SŠrkinen","","","1.82","FCM","Petota","4 North"
NA,4677,NA,5401,"CIP 763020","","",-9.5367,-76.8231,2850,"dolichocremastrum","dolichocremastrum","tuberous","germplasm",24,"SŠrkinen","","","1.82","FCM","Petota","4 North"
NA,4678,NA,5402,"82005","","",-9.25,-76.5,3650,"dolichocremastrum","dolichocremastrum","tuberous","wild",24,"SŠrkinen","","","1.82","FCM","Petota","4 North"
NA,4679,NA,5403,"71007","","",-9.214887,-77.20032,3900,"dolichocremastrum","dolichocremastrum","tuberous","wild",24,"SŠrkinen","","","1.82","FCM","Petota","4 North"
NA,4682,NA,5406,"70998","","",-9,-77.11,4100,"dolichocremastrum","dolichocremastrum","tuberous","wild",24,"SŠrkinen","","","1.82","FCM","Petota","4 North"
NA,4683,NA,5407,"92938","","",-9.233333,-77.66667,4000,"dolichocremastrum","dolichocremastrum","tuberous","wild",24,"SŠrkinen","","","1.82","FCM","Petota","4 North"
NA,4684,NA,5408,"91885","","",-9.5,-75.83333,3650,"dolichocremastrum","dolichocremastrum","tuberous","wild",24,"SŠrkinen","","","1.82","FCM","Petota","4 North"
NA,4686,NA,5410,"71261","","",-8.3417,-77.43049,3955,"dolichocremastrum","dolichocremastrum","tuberous","wild",24,"SŠrkinen","","","1.82","FCM","Petota","4 North"
NA,4689,NA,5413,"95130","","",-7.966667,-78.2,3500,"dolichocremastrum","dolichocremastrum","tuberous","wild",24,"SŠrkinen","","","1.82","FCM","Petota","4 North"
NA,4690,NA,5414,"75419","","",-10.17711,-77.46227,4250,"dolichocremastrum","dolichocremastrum","tuberous","wild",24,"SŠrkinen","","","1.82","FCM","Petota","4 North"
NA,4691,NA,5415,"75456","","",-9.735001,-77.48743,4100,"dolichocremastrum","dolichocremastrum","tuberous","wild",24,"SŠrkinen","","","1.82","FCM","Petota","4 North"
NA,4693,NA,5417,"81737","","",-8.95,-77.8333,4100,"dolichocremastrum","dolichocremastrum","tuberous","wild",24,"SŠrkinen","","","1.82","FCM","Petota","4 North"
NA,4694,NA,5418,"PI 498235","","",-7.466667,-76.616667,NA,"dolichocremastrum","dolichocremastrum","tuberous","germplasm",24,"SŠrkinen","","","1.82","FCM","Petota","4 North"
NA,4696,NA,5437,"88837","","",21.31,-102.14,2000,"ehrenbergii","ehrenbergii","tuberous","wild",24,"SŠrkinen","","","1.76","FCM","Petota","1+2"
NA,4697,NA,5438,"90360","","",21.01,-104.466,1500,"ehrenbergii","ehrenbergii","tuberous","wild",24,"SŠrkinen","","","1.76","FCM","Petota","1+2"
NA,4698,NA,5439,"90491","","",19.6862,-101.104,2000,"ehrenbergii","ehrenbergii","tuberous","wild",24,"SŠrkinen","","","1.76","FCM","Petota","1+2"
NA,4699,NA,5440,"89210","","",19.9,-99.2041,2350,"ehrenbergii","ehrenbergii","tuberous","wild",24,"SŠrkinen","","","1.76","FCM","Petota","1+2"
NA,4700,NA,5441,"88839","","",22.47,-102.35,2200,"ehrenbergii","ehrenbergii","tuberous","wild",24,"SŠrkinen","","","1.76","FCM","Petota","1+2"
NA,4701,NA,5442,"89577","","",21.3833,-100.2,2020,"ehrenbergii","ehrenbergii","tuberous","wild",24,"SŠrkinen","","","1.76","FCM","Petota","1+2"
NA,4702,NA,5443,"88563","","",21.58,-100.48,1829,"ehrenbergii","ehrenbergii","tuberous","wild",24,"SŠrkinen","","","1.76","FCM","Petota","1+2"
NA,4703,NA,5444,"90123","","",20.65,-100.7,1790,"ehrenbergii","ehrenbergii","tuberous","wild",24,"SŠrkinen","","","1.76","FCM","Petota","1+2"
NA,4704,NA,5445,"89374","","",20.75,-103.517,1450,"ehrenbergii","ehrenbergii","tuberous","wild",24,"SŠrkinen","","","1.76","FCM","Petota","1+2"
NA,4705,NA,5446,"89254","","",21.15,-101.06,2000,"ehrenbergii","ehrenbergii","tuberous","wild",24,"SŠrkinen","","","1.76","FCM","Petota","1+2"
NA,4706,NA,5447,"88835","","",20.51,-101.24,2000,"ehrenbergii","ehrenbergii","tuberous","wild",24,"SŠrkinen","","","1.76","FCM","Petota","1+2"
NA,4707,NA,5448,"88833","","",20.36,-100.23,1900,"ehrenbergii","ehrenbergii","tuberous","wild",24,"SŠrkinen","","","1.76","FCM","Petota","1+2"
NA,4708,NA,5449,"89230","","",22.2166,-100.767,2100,"ehrenbergii","ehrenbergii","tuberous","wild",24,"SŠrkinen","","","1.76","FCM","Petota","1+2"
NA,4709,NA,5450,"88834","","",20.47,-103.2,1600,"ehrenbergii","ehrenbergii","tuberous","wild",24,"SŠrkinen","","","1.76","FCM","Petota","1+2"
NA,4710,NA,5451,"89795","","",20.8,-100.05,2500,"ehrenbergii","ehrenbergii","tuberous","wild",24,"SŠrkinen","","","1.76","FCM","Petota","1+2"
NA,4711,NA,5452,"89151","","",19.0333,-98.2833,2200,"ehrenbergii","ehrenbergii","tuberous","wild",24,"SŠrkinen","","","1.76","FCM","Petota","1+2"
NA,4712,NA,5453,"90517","","",20.3166,-99.9166,2180,"ehrenbergii","ehrenbergii","tuberous","wild",24,"SŠrkinen","","","1.76","FCM","Petota","1+2"
NA,4713,NA,5454,"90215","","",20.38,-99.56,2050,"ehrenbergii","ehrenbergii","tuberous","wild",24,"SŠrkinen","","","1.76","FCM","Petota","1+2"
NA,4714,NA,5455,"89138","","",21.25,-102.39,1850,"ehrenbergii","ehrenbergii","tuberous","wild",24,"SŠrkinen","","","1.76","FCM","Petota","1+2"
NA,4715,NA,5456,"89803","","",21.4545,-99.7038,1150,"ehrenbergii","ehrenbergii","tuberous","wild",24,"SŠrkinen","","","1.76","FCM","Petota","1+2"
NA,4716,NA,5457,"89140","","",20.4,-99.3,2050,"ehrenbergii","ehrenbergii","tuberous","wild",24,"SŠrkinen","","","1.76","FCM","Petota","1+2"
NA,4717,NA,5458,"90361","","",22.7833,-102.583,2240,"ehrenbergii","ehrenbergii","tuberous","wild",24,"SŠrkinen","","","1.76","FCM","Petota","1+2"
NA,4718,NA,5459,"89141","","",22.09,-100.59,2200,"ehrenbergii","ehrenbergii","tuberous","wild",24,"SŠrkinen","","","1.76","FCM","Petota","1+2"
NA,4720,NA,5461,"89793","","",20.52,-101.82,2200,"ehrenbergii","ehrenbergii","tuberous","wild",24,"SŠrkinen","","","1.76","FCM","Petota","1+2"
NA,4721,NA,5462,"89738","","",21.52,-101.34,2212,"ehrenbergii","ehrenbergii","tuberous","wild",24,"SŠrkinen","","","1.76","FCM","Petota","1+2"
NA,4722,NA,5463,"90531","","",21.2166,-99.3333,800,"ehrenbergii","ehrenbergii","tuberous","wild",24,"SŠrkinen","","","1.76","FCM","Petota","1+2"
NA,4723,NA,5464,"89739","","",21.53,-101.24,2240,"ehrenbergii","ehrenbergii","tuberous","wild",24,"SŠrkinen","","","1.76","FCM","Petota","1+2"
NA,4724,NA,5465,"89929","","",19.3434,-101.2001,1990,"ehrenbergii","ehrenbergii","tuberous","wild",24,"SŠrkinen","","","1.76","FCM","Petota","1+2"
NA,4725,NA,5466,"88464","","",21.0182,-102.665,1800,"ehrenbergii","ehrenbergii","tuberous","wild",24,"SŠrkinen","","","1.76","FCM","Petota","1+2"
NA,4726,NA,5467,"90776","","",24.6333,-101.417,0,"ehrenbergii","ehrenbergii","tuberous","wild",24,"SŠrkinen","","","1.76","FCM","Petota","1+2"
NA,4727,NA,5468,"89404","","",21.4666,-100.8666,2060,"ehrenbergii","ehrenbergii","tuberous","wild",24,"SŠrkinen","","","1.76","FCM","Petota","1+2"
NA,4728,NA,5469,"88957","","",22.7,-102.05,2060,"ehrenbergii","ehrenbergii","tuberous","wild",24,"SŠrkinen","","","1.76","FCM","Petota","1+2"
NA,4729,NA,5470,"88462","","",20.78,-103.41,1500,"ehrenbergii","ehrenbergii","tuberous","wild",24,"SŠrkinen","","","1.76","FCM","Petota","1+2"
NA,4730,NA,5471,"89838","","",20.7,-99.8166,2200,"ehrenbergii","ehrenbergii","tuberous","wild",24,"SŠrkinen","","","1.76","FCM","Petota","1+2"
NA,4731,NA,5472,"90374","","",21.1166,-101.667,1850,"ehrenbergii","ehrenbergii","tuberous","wild",24,"SŠrkinen","","","1.76","FCM","Petota","1+2"
NA,4732,NA,5473,"88870","","",22.03,-102.44,2300,"ehrenbergii","ehrenbergii","tuberous","wild",24,"SŠrkinen","","","1.76","FCM","Petota","1+2"
NA,4733,NA,5474,"88922","","",20.22,-100.96,1880,"ehrenbergii","ehrenbergii","tuberous","wild",24,"SŠrkinen","","","1.76","FCM","Petota","1+2"
NA,4734,NA,5475,"90535","","",22.15,-100.983,1920,"ehrenbergii","ehrenbergii","tuberous","wild",24,"SŠrkinen","","","1.76","FCM","Petota","1+2"
NA,4736,NA,5477,"88859","","",21.92,-102.28,1950,"ehrenbergii","ehrenbergii","tuberous","wild",24,"SŠrkinen","","","1.76","FCM","Petota","1+2"
NA,4737,NA,5478,"88955","","",22.3239,-101.171,2075,"ehrenbergii","ehrenbergii","tuberous","wild",24,"SŠrkinen","","","1.76","FCM","Petota","1+2"
NA,4738,NA,5479,"88953","","",22.1,-101.467,2160,"ehrenbergii","ehrenbergii","tuberous","wild",24,"SŠrkinen","","","1.76","FCM","Petota","1+2"
NA,4739,NA,5480,"89840","","",20.85,-99.7166,2150,"ehrenbergii","ehrenbergii","tuberous","wild",24,"SŠrkinen","","","1.76","FCM","Petota","1+2"
NA,4740,NA,5481,"88954","","",22.3,-101.567,2170,"ehrenbergii","ehrenbergii","tuberous","wild",24,"SŠrkinen","","","1.76","FCM","Petota","1+2"
NA,4742,NA,5483,"PI 184766","","",21.616667,-101.633333,NA,"ehrenbergii","ehrenbergii","tuberous","germplasm",24,"SŠrkinen","","","1.76","FCM","Petota","1+2"
NA,4745,NA,5486,"PI 251759","","",20.85,-101.4,NA,"ehrenbergii","ehrenbergii","tuberous","germplasm",24,"SŠrkinen","","","1.76","FCM","Petota","1+2"
NA,4746,NA,5487,"PI 255519","","",20.6,-100.383333,NA,"ehrenbergii","ehrenbergii","tuberous","germplasm",24,"SŠrkinen","","","1.76","FCM","Petota","1+2"
NA,4753,NA,5494,"CIP 761877","","",4.7647,-74.1258,3450,"flahaultii","flahaultii","tuberous","germplasm",48,"SŠrkinen","","","3.32","FCM","Petota","4 North"
NA,4757,NA,5498,"CIP 763900","","",5.7594,-73.1217,NA,"flahaultii","flahaultii","tuberous","germplasm",48,"SŠrkinen","","","3.32","FCM","Petota","4 North"
NA,4759,NA,5500,"CIP 764058","","",7.3353,-72.9328,NA,"flahaultii","flahaultii","tuberous","germplasm",48,"SŠrkinen","","","3.32","FCM","Petota","4 North"
NA,4760,NA,5501,"CIP 763902","","",5.9833,-72.7167,2565,"flahaultii","flahaultii","tuberous","germplasm",48,"SŠrkinen","","","3.32","FCM","Petota","4 North"
NA,4761,NA,5502,"CIP 763896","","",6.4194,-72.3489,NA,"flahaultii","flahaultii","tuberous","germplasm",48,"SŠrkinen","","","3.32","FCM","Petota","4 North"
NA,4762,NA,5503,"93903","","",4.616667,-73.8,3210,"flahaultii","flahaultii","tuberous","wild",48,"SŠrkinen","","","3.32","FCM","Petota","4 North"
NA,4763,NA,5504,"95346","","",4.583333,-73.9,3200,"flahaultii","flahaultii","tuberous","wild",48,"SŠrkinen","","","3.32","FCM","Petota","4 North"
NA,4765,NA,5506,"93902","","",4.05,-74.15,3420,"flahaultii","flahaultii","tuberous","wild",48,"SŠrkinen","","","3.32","FCM","Petota","4 North"
NA,4766,NA,5507,"91729","","",5.016667,-74,0,"flahaultii","flahaultii","tuberous","wild",48,"SŠrkinen","","","3.32","FCM","Petota","4 North"
NA,4768,NA,5509,"92547","","",6.866667,-72.63333,3500,"flahaultii","flahaultii","tuberous","wild",48,"SŠrkinen","","","3.32","FCM","Petota","4 North"
NA,4769,NA,5510,"92318","","",6.166667,-72.8,3200,"flahaultii","flahaultii","tuberous","wild",48,"SŠrkinen","","","3.32","FCM","Petota","4 North"
NA,4770,NA,5511,"94426","","",4.333333,-74.2,4310,"flahaultii","flahaultii","tuberous","wild",48,"SŠrkinen","","","3.32","FCM","Petota","4 North"
NA,4771,NA,5512,"94431","","",6,-72.51667,3540,"flahaultii","flahaultii","tuberous","wild",48,"SŠrkinen","","","3.32","FCM","Petota","4 North"
NA,4772,NA,5513,"94365","","",2.483333,-76.31667,3250,"flahaultii","flahaultii","tuberous","wild",48,"SŠrkinen","","","3.32","FCM","Petota","4 North"
NA,4773,NA,5514,"94484","","",5.616667,-72.76667,3450,"flahaultii","flahaultii","tuberous","wild",48,"SŠrkinen","","","3.32","FCM","Petota","4 North"
NA,4774,NA,5515,"84318","","",2.56667,-76.1833,2500,"flahaultii","flahaultii","tuberous","wild",48,"SŠrkinen","","","3.32","FCM","Petota","4 North"
NA,4775,NA,5516,"570621","","",5.83475,-73.328694,NA,"flahaultii","flahaultii","tuberous","germplasm",48,"SŠrkinen","","","3.32","FCM","Petota","4 North"
NA,4782,NA,5523,"CIP 761391","","",-17.925,-65.4689,2759,"gandarillasii","gandarillasii","tuberous","germplasm",24,"SŠrkinen","","","1.75","FCM","Petota","4 South"
NA,4783,NA,5524,"CIP 762331","","",-18.4897,-64.1069,2017,"gandarillasii","gandarillasii","tuberous","germplasm",24,"SŠrkinen","","","1.75","FCM","Petota","4 South"
NA,4784,NA,5525,"81459","","",-18.1139,-64.2156,1450,"gandarillasii","gandarillasii","tuberous","wild",24,"SŠrkinen","","","1.75","FCM","Petota","4 South"
NA,4785,NA,5526,"77779","","",-18.35,-65.2,2200,"gandarillasii","gandarillasii","tuberous","wild",24,"SŠrkinen","","","1.75","FCM","Petota","4 South"
NA,4786,NA,5527,"80229","","",-18.9191,-65.1145,2031,"gandarillasii","gandarillasii","tuberous","wild",24,"SŠrkinen","","","1.75","FCM","Petota","4 South"
NA,4787,NA,5528,"77782","","",-17.9,-65.1833,1850,"gandarillasii","gandarillasii","tuberous","wild",24,"SŠrkinen","","","1.75","FCM","Petota","4 South"
NA,4788,NA,5529,"82426","","",-18.3,-64.15,1900,"gandarillasii","gandarillasii","tuberous","wild",24,"SŠrkinen","","","1.75","FCM","Petota","4 South"
NA,4789,NA,5530,"77781","","",-18.8,-65.3833,2050,"gandarillasii","gandarillasii","tuberous","wild",24,"SŠrkinen","","","1.75","FCM","Petota","4 South"
NA,4790,NA,5531,"81767","","",-17.9333,-65.3167,2200,"gandarillasii","gandarillasii","tuberous","wild",24,"SŠrkinen","","","1.75","FCM","Petota","4 South"
NA,4793,NA,5534,"PI 283076","","",-18.666667,-65.166667,NA,"gandarillasii","gandarillasii","tuberous","germplasm",24,"SŠrkinen","","","1.75","FCM","Petota","4 South"
NA,4795,NA,5550,"CIP 766108","","",19.55,-103.6333333,NA,"guerreroense","guerreroense","tuberous","germplasm",72,"SŠrkinen","","","4.77","FCM","Petota","4 South"
NA,4796,NA,5551,"91507","","",17.5592,-99.5,0,"guerreroense","guerreroense","tuberous","wild",72,"SŠrkinen","","","4.77","FCM","Petota","4 South"
NA,4797,NA,5552,"89459","","",17.55,-99.5,0,"guerreroense","guerreroense","tuberous","wild",72,"SŠrkinen","","","4.77","FCM","Petota","4 South"
NA,4799,NA,5576,"CIP 764288","","",25.415,-101.0022,NA,"hjertingii","hjertingii","tuberous","germplasm",48,"SŠrkinen","","","3.33","FCM","Petota","4 South"
NA,4801,NA,5578,"CIP 764289","","",25.3667,-100.6333,NA,"hjertingii","hjertingii","tuberous","germplasm",48,"SŠrkinen","","","3.33","FCM","Petota","4 South"
NA,4803,NA,5580,"91207","","",24.5714,-100.724,1725,"hjertingii","hjertingii","tuberous","wild",48,"SŠrkinen","","","3.33","FCM","Petota","4 South"
NA,4804,NA,5581,"88615","","",25.51,-100.466,2450,"hjertingii","hjertingii","tuberous","wild",48,"SŠrkinen","","","3.33","FCM","Petota","4 South"
NA,4806,NA,5583,"88860","","",24.8666,-100.217,2400,"hjertingii","hjertingii","tuberous","wild",48,"SŠrkinen","","","3.33","FCM","Petota","4 South"
NA,4807,NA,5584,"88754","","",25.22,-100.38,2340,"hjertingii","hjertingii","tuberous","wild",48,"SŠrkinen","","","3.33","FCM","Petota","4 South"
NA,4808,NA,5585,"91205","","",23.9666,-99.7666,1930,"hjertingii","hjertingii","tuberous","wild",48,"SŠrkinen","","","3.33","FCM","Petota","4 South"
NA,4810,NA,5587,"89497","","",25.1676,-100.087,0,"hjertingii","hjertingii","tuberous","wild",48,"SŠrkinen","","","3.33","FCM","Petota","4 South"
NA,4812,NA,5589,"89303","","",23.0778,-99.2789,1433,"hjertingii","hjertingii","tuberous","wild",48,"SŠrkinen","","","3.33","FCM","Petota","4 South"
NA,4814,NA,5591,"88387","","",25.42,-100.83,0,"hjertingii","hjertingii","tuberous","wild",48,"SŠrkinen","","","3.33","FCM","Petota","4 South"
NA,4815,NA,5592,"88692","","",24.52,-100.13,2500,"hjertingii","hjertingii","tuberous","wild",48,"SŠrkinen","","","3.33","FCM","Petota","4 South"
NA,4816,NA,5593,"90308","","",27.0133,-102.234,2200,"hjertingii","hjertingii","tuberous","wild",48,"SŠrkinen","","","3.33","FCM","Petota","4 South"
NA,4817,NA,5594,"89945","","",24.3414,-100.0038,2120,"hjertingii","hjertingii","tuberous","wild",48,"SŠrkinen","","","3.33","FCM","Petota","4 South"
NA,4818,NA,5595,"90284","","",25.08,-101.36,2300,"hjertingii","hjertingii","tuberous","wild",48,"SŠrkinen","","","3.33","FCM","Petota","4 South"
NA,4821,NA,5598,"CIP 764264","","",19.5667,-103.5833,NA,"hougasii","hougasii","tuberous","germplasm",72,"SŠrkinen","","","5.01","FCM","Petota","4 South"
NA,4822,NA,5599,"CIP 764352","","",20.2903,-102.6292,NA,"hougasii","hougasii","tuberous","germplasm",72,"SŠrkinen","","","5.01","FCM","Petota","4 South"
NA,4825,NA,5602,"CIP 761900","","",19.5383,-102.4172,2100,"hougasii","hougasii","tuberous","germplasm",72,"SŠrkinen","","","5.01","FCM","Petota","4 South"
NA,4826,NA,5603,"CIP 761899","","",19.2961,-102.3053,2500,"hougasii","hougasii","tuberous","germplasm",72,"SŠrkinen","","","5.01","FCM","Petota","4 South"
NA,4827,NA,5604,"CIP 761895","","",19.1972,-101.887,2740,"hougasii","hougasii","tuberous","germplasm",72,"SŠrkinen","","","5.01","FCM","Petota","4 South"
NA,4828,NA,5605,"CIP 764351","","",19.4,-101.6,NA,"hougasii","hougasii","tuberous","germplasm",72,"SŠrkinen","","","5.01","FCM","Petota","4 South"
NA,4829,NA,5606,"90498","","",19.7194,-104.387,1800,"hougasii","hougasii","tuberous","wild",72,"SŠrkinen","","","5.01","FCM","Petota","4 South"
NA,4830,NA,5607,"89049","","",19.4474,-100.201,3075,"hougasii","hougasii","tuberous","wild",72,"SŠrkinen","","","5.01","FCM","Petota","4 South"
NA,4832,NA,5609,"89986","","",19.35,-102.02,3000,"hougasii","hougasii","tuberous","wild",72,"SŠrkinen","","","5.01","FCM","Petota","4 South"
NA,4833,NA,5610,"90490","","",19.6833,-101.95,2850,"hougasii","hougasii","tuberous","wild",72,"SŠrkinen","","","5.01","FCM","Petota","4 South"
NA,4834,NA,5611,"88459","","",19.4666,-103.3,1900,"hougasii","hougasii","tuberous","wild",72,"SŠrkinen","","","5.01","FCM","Petota","4 South"
NA,4835,NA,5612,"88456","","",19.7219,-103.67,2400,"hougasii","hougasii","tuberous","wild",72,"SŠrkinen","","","5.01","FCM","Petota","4 South"
NA,4836,NA,5613,"89584","","",19.19,-103.17,1870,"hougasii","hougasii","tuberous","wild",72,"SŠrkinen","","","5.01","FCM","Petota","4 South"
NA,4838,NA,5615,"88830","","",19.24,-101.36,2950,"hougasii","hougasii","tuberous","wild",72,"SŠrkinen","","","5.01","FCM","Petota","4 South"
NA,4839,NA,5616,"89888","","",19.2748,-102.2025,2550,"hougasii","hougasii","tuberous","wild",72,"SŠrkinen","","","5.01","FCM","Petota","4 South"
NA,4840,NA,5617,"90501","","",19.73,-100.8,2510,"hougasii","hougasii","tuberous","wild",72,"SŠrkinen","","","5.01","FCM","Petota","4 South"
NA,4842,NA,5619,"90426","","",17.4555,-100.104,2900,"hougasii","hougasii","tuberous","wild",72,"SŠrkinen","","","5.01","FCM","Petota","4 South"
NA,4845,NA,5622,"CIP 761239","","",-5.5994,-79.5864,2139,"huancabambense","huancabambense","tuberous","germplasm",24,"SŠrkinen","","","1.88","FCM","Petota","3"
NA,4847,NA,5624,"CIP 760955","","",-5.1964,-79.4972,2500,"huancabambense","huancabambense","tuberous","germplasm",24,"SŠrkinen","","","1.88","FCM","Petota","3"
NA,4850,NA,5627,"CIP 761238","","",-5.3036,-79.4036,2191,"huancabambense","huancabambense","tuberous","germplasm",24,"SŠrkinen","","","1.88","FCM","Petota","3"
NA,4851,NA,5628,"82409","","",-5,-79.6833,2000,"huancabambense","huancabambense","tuberous","wild",24,"SŠrkinen","","","1.88","FCM","Petota","3"
NA,4852,NA,5629,"81408","","",-5.833333,-79.5,1650,"huancabambense","huancabambense","tuberous","wild",24,"SŠrkinen","","","1.88","FCM","Petota","3"
NA,4854,NA,5631,"94505","","",-5.666667,-79.3,2800,"huancabambense","huancabambense","tuberous","wild",24,"SŠrkinen","","","1.88","FCM","Petota","3"
NA,5072,NA,5863,"CIP 763335","","",19.1972,-101.887,2740,"iopetalum","iopetalum","tuberous","germplasm",72,"SŠrkinen","","","4.76","FCM","Petota","4 South"
NA,5073,NA,5864,"CIP 761935","","",19.2889,-99.6492,2680,"iopetalum","iopetalum","tuberous","germplasm",72,"SŠrkinen","","","4.76","FCM","Petota","4 South"
NA,5075,NA,5866,"CIP 762523","","",22.6,-98.2167,1950,"iopetalum","iopetalum","tuberous","germplasm",72,"SŠrkinen","","","4.76","FCM","Petota","4 South"
NA,5076,NA,5867,"CIP 761930","","",19.1217,-97.0839,2400,"iopetalum","iopetalum","tuberous","germplasm",72,"SŠrkinen","","","4.76","FCM","Petota","4 South"
NA,5077,NA,5868,"CIP 761886","","",16.9497,-96.4361,2750,"iopetalum","iopetalum","tuberous","germplasm",72,"SŠrkinen","","","4.76","FCM","Petota","4 South"
NA,5078,NA,5869,"CIP 761889","","",15.9333,-96.3833,819,"iopetalum","iopetalum","tuberous","germplasm",72,"SŠrkinen","","","4.76","FCM","Petota","4 South"
NA,5080,NA,5871,"90421","","",16.8176,-96.9816,2790,"iopetalum","iopetalum","tuberous","wild",72,"SŠrkinen","","","4.76","FCM","Petota","4 South"
NA,5081,NA,5872,"80094","","",19.73,-100.8,2515,"iopetalum","iopetalum","tuberous","wild",72,"SŠrkinen","","","4.76","FCM","Petota","4 South"
NA,5082,NA,5873,"89743","","",19.7198,-104.378,0,"iopetalum","iopetalum","tuberous","wild",72,"SŠrkinen","","","4.76","FCM","Petota","4 South"
NA,5083,NA,5874,"80093","","",19.65,-100.98,0,"iopetalum","iopetalum","tuberous","wild",72,"SŠrkinen","","","4.76","FCM","Petota","4 South"
NA,5084,NA,5875,"90259","","",20.23,-98.4,1950,"iopetalum","iopetalum","tuberous","wild",72,"SŠrkinen","","","4.76","FCM","Petota","4 South"
NA,5085,NA,5876,"90402","","",17.13312,-98.03166,2395,"iopetalum","iopetalum","tuberous","wild",72,"SŠrkinen","","","4.76","FCM","Petota","4 South"
NA,5086,NA,5877,"89402","","",20.0104,-98.6491,2700,"iopetalum","iopetalum","tuberous","wild",72,"SŠrkinen","","","4.76","FCM","Petota","4 South"
NA,5087,NA,5878,"89549","","",19.5412,-104.174,1700,"iopetalum","iopetalum","tuberous","wild",72,"SŠrkinen","","","4.76","FCM","Petota","4 South"
NA,5088,NA,5879,"89744","","",19.24,-102.16,2850,"iopetalum","iopetalum","tuberous","wild",72,"SŠrkinen","","","4.76","FCM","Petota","4 South"
NA,5089,NA,5880,"90262","","",20.4,-100.14,2640,"iopetalum","iopetalum","tuberous","wild",72,"SŠrkinen","","","4.76","FCM","Petota","4 South"
NA,5090,NA,5881,"88975","","",19.7219,-103.67,2400,"iopetalum","iopetalum","tuberous","wild",72,"SŠrkinen","","","4.76","FCM","Petota","4 South"
NA,5091,NA,5882,"90073","","",19.0478,-99.3233,2900,"iopetalum","iopetalum","tuberous","wild",72,"SŠrkinen","","","4.76","FCM","Petota","4 South"
NA,5092,NA,5883,"90427","","",17.529,-99.7136,2530,"iopetalum","iopetalum","tuberous","wild",72,"SŠrkinen","","","4.76","FCM","Petota","4 South"
NA,5093,NA,5884,"90605","","",19.39,-101.5,2720,"iopetalum","iopetalum","tuberous","wild",72,"SŠrkinen","","","4.76","FCM","Petota","4 South"
NA,5094,NA,5885,"88388","","",19.4,-100.25,2920,"iopetalum","iopetalum","tuberous","wild",72,"SŠrkinen","","","4.76","FCM","Petota","4 South"
NA,5096,NA,5887,"90422","","",16.8666,-96.8325,2540,"iopetalum","iopetalum","tuberous","wild",72,"SŠrkinen","","","4.76","FCM","Petota","4 South"
NA,5098,NA,5889,"89017","","",17.1666,-97.7333,2750,"iopetalum","iopetalum","tuberous","wild",72,"SŠrkinen","","","4.76","FCM","Petota","4 South"
NA,5099,NA,5890,"89055","","",19.115,-100.02,2125,"iopetalum","iopetalum","tuberous","wild",72,"SŠrkinen","","","4.76","FCM","Petota","4 South"
NA,5100,NA,5891,"89378","","",19.02,-99.53,2880,"iopetalum","iopetalum","tuberous","wild",72,"SŠrkinen","","","4.76","FCM","Petota","4 South"
NA,5101,NA,5892,"88951","","",20.405,-104.945,2000,"iopetalum","iopetalum","tuberous","wild",72,"SŠrkinen","","","4.76","FCM","Petota","4 South"
NA,5102,NA,5893,"88452","","",19.4666,-103.3,1940,"iopetalum","iopetalum","tuberous","wild",72,"SŠrkinen","","","4.76","FCM","Petota","4 South"
NA,5103,NA,5894,"90231","","",20.29,-99.14,2630,"iopetalum","iopetalum","tuberous","wild",72,"SŠrkinen","","","4.76","FCM","Petota","4 South"
NA,5104,NA,5895,"90424","","",17.1383,-96.6136,2700,"iopetalum","iopetalum","tuberous","wild",72,"SŠrkinen","","","4.76","FCM","Petota","4 South"
NA,5105,NA,5896,"88559","","",17.45,-100.16,2750,"iopetalum","iopetalum","tuberous","wild",72,"SŠrkinen","","","4.76","FCM","Petota","4 South"
NA,5106,NA,5897,"88632","","",19.33,-102.3,1900,"iopetalum","iopetalum","tuberous","wild",72,"SŠrkinen","","","4.76","FCM","Petota","4 South"
NA,5107,NA,5898,"90744","","",17.4587,-100.058,2500,"iopetalum","iopetalum","tuberous","wild",72,"SŠrkinen","","","4.76","FCM","Petota","4 South"
NA,5108,NA,5899,"88974","","",20.047,-103.833,2100,"iopetalum","iopetalum","tuberous","wild",72,"SŠrkinen","","","4.76","FCM","Petota","4 South"
NA,5109,NA,5900,"88391","","",20.15,-98.13,1950,"iopetalum","iopetalum","tuberous","wild",72,"SŠrkinen","","","4.76","FCM","Petota","4 South"
NA,5110,NA,5901,"88560","","",18.8454,-103.051,2900,"iopetalum","iopetalum","tuberous","wild",72,"SŠrkinen","","","4.76","FCM","Petota","4 South"
NA,5111,NA,5902,"90404","","",17.15,-98.2,2600,"iopetalum","iopetalum","tuberous","wild",72,"SŠrkinen","","","4.76","FCM","Petota","4 South"
NA,5113,NA,5904,"89973","","",19.25,-100.13,2850,"iopetalum","iopetalum","tuberous","wild",72,"SŠrkinen","","","4.76","FCM","Petota","4 South"
NA,5114,NA,5905,"89759","","",19.6448,-101.987,3000,"iopetalum","iopetalum","tuberous","wild",72,"SŠrkinen","","","4.76","FCM","Petota","4 South"
NA,5115,NA,5906,"88737","","",16.1685,-96.4979,2380,"iopetalum","iopetalum","tuberous","wild",72,"SŠrkinen","","","4.76","FCM","Petota","4 South"
NA,5116,NA,5907,"90525","","",20.7,-99.8166,2600,"iopetalum","iopetalum","tuberous","wild",72,"SŠrkinen","","","4.76","FCM","Petota","4 South"
NA,5117,NA,5908,"89553","","",19.6288,-103.554,2660,"iopetalum","iopetalum","tuberous","wild",72,"SŠrkinen","","","4.76","FCM","Petota","4 South"
NA,5118,NA,5909,"8142","","",19.2,-99.88333,3350,"iopetalum","iopetalum","tuberous","wild",72,"SŠrkinen","","","4.76","FCM","Petota","4 South"
NA,5119,NA,5910,"89993","","",19.49,-100.4,2880,"iopetalum","iopetalum","tuberous","wild",72,"SŠrkinen","","","4.76","FCM","Petota","4 South"
NA,5120,NA,5911,"89817","","",19.4449,-101.715,2800,"iopetalum","iopetalum","tuberous","wild",72,"SŠrkinen","","","4.76","FCM","Petota","4 South"
NA,5121,NA,5912,"126461","","",19.78361,-97.63442,2250,"iopetalum","iopetalum","tuberous","wild",72,"SŠrkinen","","","4.76","FCM","Petota","4 South"
NA,5122,NA,5913,"89779","","",19.956,-100.664,3100,"iopetalum","iopetalum","tuberous","wild",72,"SŠrkinen","","","4.76","FCM","Petota","4 South"
NA,5123,NA,5914,"90200","","",19.233,-98.033,3000,"iopetalum","iopetalum","tuberous","wild",72,"SŠrkinen","","","4.76","FCM","Petota","4 South"
NA,5124,NA,5915,"88779","","",16.2338,-95.9699,2400,"iopetalum","iopetalum","tuberous","wild",72,"SŠrkinen","","","4.76","FCM","Petota","4 South"
NA,5125,NA,5916,"88923","","",20.925,-100.179,3250,"iopetalum","iopetalum","tuberous","wild",72,"SŠrkinen","","","4.76","FCM","Petota","4 South"
NA,5126,NA,5917,"88728","","",19.41,-100.51,2700,"iopetalum","iopetalum","tuberous","wild",72,"SŠrkinen","","","4.76","FCM","Petota","4 South"
NA,5127,NA,5918,"90660","","",19.4166,-102.067,0,"iopetalum","iopetalum","tuberous","wild",72,"SŠrkinen","","","4.76","FCM","Petota","4 South"
NA,5128,NA,5919,"89827","","",19.695,-101.135,3100,"iopetalum","iopetalum","tuberous","wild",72,"SŠrkinen","","","4.76","FCM","Petota","4 South"
NA,5129,NA,5920,"89996","","",20.3,-103.02,2230,"iopetalum","iopetalum","tuberous","wild",72,"SŠrkinen","","","4.76","FCM","Petota","4 South"
NA,5130,NA,5921,"88715","","",20.5958,-98.624,2000,"iopetalum","iopetalum","tuberous","wild",72,"SŠrkinen","","","4.76","FCM","Petota","4 South"
NA,5132,NA,5923,"89906","","",17.3302,-99.4132,2200,"iopetalum","iopetalum","tuberous","wild",72,"SŠrkinen","","","4.76","FCM","Petota","4 South"
NA,5133,NA,5924,"89634","","",20.33,-98.29,2300,"iopetalum","iopetalum","tuberous","wild",72,"SŠrkinen","","","4.76","FCM","Petota","4 South"
NA,5134,NA,5925,"89847","","",21.2666,-99.0833,950,"iopetalum","iopetalum","tuberous","wild",72,"SŠrkinen","","","4.76","FCM","Petota","4 South"
NA,5135,NA,5926,"89047","","",19.4,-101.6,2425,"iopetalum","iopetalum","tuberous","wild",72,"SŠrkinen","","","4.76","FCM","Petota","4 South"
NA,5136,NA,5927,"498249","","",17.14,-96.21,NA,"iopetalum","iopetalum","tuberous","germplasm",72,"SŠrkinen","","","4.76","FCM","Petota","4 South"
NA,5137,NA,5928,"558431","","",17.53,-96.51,NA,"iopetalum","iopetalum","tuberous","germplasm",72,"SŠrkinen","","","4.76","FCM","Petota","4 South"
NA,5139,NA,5930,"597681","","",16.1,-95.88,NA,"iopetalum","iopetalum","tuberous","germplasm",72,"SŠrkinen","","","4.76","FCM","Petota","4 South"
NA,5141,NA,5932,"604096","","",23.625925,-102.001705,NA,"iopetalum","iopetalum","tuberous","germplasm",72,"SŠrkinen","","","4.76","FCM","Petota","4 South"
NA,5144,NA,5935,"PI 239402","","",19.132778,-99.75,NA,"iopetalum","iopetalum","tuberous","germplasm",72,"SŠrkinen","","","4.76","FCM","Petota","4 South"
NA,5146,NA,5937,"PI 498021","","",20.55,-98.483333,NA,"iopetalum","iopetalum","tuberous","germplasm",72,"SŠrkinen","","","4.76","FCM","Petota","4 South"
NA,5147,NA,5938,"PI 498251","","",16.35,-96.6,NA,"iopetalum","iopetalum","tuberous","germplasm",72,"SŠrkinen","","","4.76","FCM","Petota","4 South"
NA,5343,NA,6135,"CIP 764232","","",-27.4333,-66.95,NA,"kurtzianum","kurtzianum","tuberous","germplasm",24,"SŠrkinen","","","1.75","FCM","Petota","4 South"
NA,5344,NA,6136,"CIP 764233","","",-27.7833,-66.7667,NA,"kurtzianum","kurtzianum","tuberous","germplasm",24,"SŠrkinen","","","1.75","FCM","Petota","4 South"
NA,5345,NA,6137,"CIP 764234","","",-27.3503,-66.3722,NA,"kurtzianum","kurtzianum","tuberous","germplasm",24,"SŠrkinen","","","1.75","FCM","Petota","4 South"
NA,5346,NA,6138,"80976","","",-27.9166,-66.0666,2500,"kurtzianum","kurtzianum","tuberous","wild",24,"SŠrkinen","","","1.75","FCM","Petota","4 South"
NA,5347,NA,6139,"79732","","",-35,-68.8333,710,"kurtzianum","kurtzianum","tuberous","wild",24,"SŠrkinen","","","1.75","FCM","Petota","4 South"
NA,5348,NA,6140,"78803","","",-28.1666,-67.3833,1800,"kurtzianum","kurtzianum","tuberous","wild",24,"SŠrkinen","","","1.75","FCM","Petota","4 South"
NA,5349,NA,6141,"86911","","",-27.82,-67.17,1200,"kurtzianum","kurtzianum","tuberous","wild",24,"SŠrkinen","","","1.75","FCM","Petota","4 South"
NA,5351,NA,6143,"86865","","",-29.4166,-67.8333,1600,"kurtzianum","kurtzianum","tuberous","wild",24,"SŠrkinen","","","1.75","FCM","Petota","4 South"
NA,5352,NA,6144,"78829","","",-27.55,-66.5166,1000,"kurtzianum","kurtzianum","tuberous","wild",24,"SŠrkinen","","","1.75","FCM","Petota","4 South"
NA,5353,NA,6145,"84755","","",-28.15,-65.4833,0,"kurtzianum","kurtzianum","tuberous","wild",24,"SŠrkinen","","","1.75","FCM","Petota","4 South"
NA,5354,NA,6146,"81335","","",-30.07,-68.52,2100,"kurtzianum","kurtzianum","tuberous","wild",24,"SŠrkinen","","","1.75","FCM","Petota","4 South"
NA,5355,NA,6147,"79733","","",-35.5166,-68.0833,720,"kurtzianum","kurtzianum","tuberous","wild",24,"SŠrkinen","","","1.75","FCM","Petota","4 South"
NA,5356,NA,6148,"79815","","",-32.85,-69.0166,0,"kurtzianum","kurtzianum","tuberous","wild",24,"SŠrkinen","","","1.75","FCM","Petota","4 South"
NA,5357,NA,6149,"83114","","",-33.1833,-68.4666,0,"kurtzianum","kurtzianum","tuberous","wild",24,"SŠrkinen","","","1.75","FCM","Petota","4 South"
NA,5358,NA,6150,"86015","","",-29.5166,-67.75,1300,"kurtzianum","kurtzianum","tuberous","wild",24,"SŠrkinen","","","1.75","FCM","Petota","4 South"
NA,5359,NA,6151,"83732","","",-25.08,-66.14,2500,"kurtzianum","kurtzianum","tuberous","wild",24,"SŠrkinen","","","1.75","FCM","Petota","4 South"
NA,5360,NA,6152,"79084","","",-30.9166,-69.0833,2000,"kurtzianum","kurtzianum","tuberous","wild",24,"SŠrkinen","","","1.75","FCM","Petota","4 South"
NA,5361,NA,6153,"79767","","",-28.85,-67.35,1600,"kurtzianum","kurtzianum","tuberous","wild",24,"SŠrkinen","","","1.75","FCM","Petota","4 South"
NA,5362,NA,6154,"88153","","",-34.8,-69.9833,660,"kurtzianum","kurtzianum","tuberous","wild",24,"SŠrkinen","","","1.75","FCM","Petota","4 South"
NA,5363,NA,6155,"79784","","",-32.85,-68.8167,0,"kurtzianum","kurtzianum","tuberous","wild",24,"SŠrkinen","","","1.75","FCM","Petota","4 South"
NA,5364,NA,6156,"79823","","",-33.8833,-69.05,0,"kurtzianum","kurtzianum","tuberous","wild",24,"SŠrkinen","","","1.75","FCM","Petota","4 South"
NA,5365,NA,6157,"83346","","",-32.1666,-68.4666,2050,"kurtzianum","kurtzianum","tuberous","wild",24,"SŠrkinen","","","1.75","FCM","Petota","4 South"
NA,5366,NA,6158,"84985","","",-27.4666,-66.0333,1520,"kurtzianum","kurtzianum","tuberous","wild",24,"SŠrkinen","","","1.75","FCM","Petota","4 South"
NA,5367,NA,6159,"83705","","",-27.48063,-67.15577,3000,"kurtzianum","kurtzianum","tuberous","wild",24,"SŠrkinen","","","1.75","FCM","Petota","4 South"
NA,5368,NA,6160,"79351","","",-34.6666,-68.3833,0,"kurtzianum","kurtzianum","tuberous","wild",24,"SŠrkinen","","","1.75","FCM","Petota","4 South"
NA,5369,NA,6161,"165008","","",-31.11789,-69.6611,1950,"kurtzianum","kurtzianum","tuberous","wild",24,"SŠrkinen","","","1.75","FCM","Petota","4 South"
NA,5370,NA,6162,"79688","","",-25.7666,-65.9833,1148,"kurtzianum","kurtzianum","tuberous","wild",24,"SŠrkinen","","","1.75","FCM","Petota","4 South"
NA,5371,NA,6163,"78940","","",-29.3166,-67.6833,1880,"kurtzianum","kurtzianum","tuberous","wild",24,"SŠrkinen","","","1.75","FCM","Petota","4 South"
NA,5372,NA,6164,"83664","","",-28.6166,-67.8166,2600,"kurtzianum","kurtzianum","tuberous","wild",24,"SŠrkinen","","","1.75","FCM","Petota","4 South"
NA,5374,NA,6166,"80989","","",-28.7,-69.1333,0,"kurtzianum","kurtzianum","tuberous","wild",24,"SŠrkinen","","","1.75","FCM","Petota","4 South"
NA,5375,NA,6167,"86909","","",-27.9,-67.48,1620,"kurtzianum","kurtzianum","tuberous","wild",24,"SŠrkinen","","","1.75","FCM","Petota","4 South"
NA,5377,NA,6169,"85905","","",-30.28333,-69.71667,2800,"kurtzianum","kurtzianum","tuberous","wild",24,"SŠrkinen","","","1.75","FCM","Petota","4 South"
NA,5378,NA,6170,"78806","","",-27.62,-66.17,1580,"kurtzianum","kurtzianum","tuberous","wild",24,"SŠrkinen","","","1.75","FCM","Petota","4 South"
NA,5379,NA,6171,"81151","","",-28.9833,-67.6,1650,"kurtzianum","kurtzianum","tuberous","wild",24,"SŠrkinen","","","1.75","FCM","Petota","4 South"
NA,5380,NA,6172,"83999","","",-31.4166,-67.9833,2600,"kurtzianum","kurtzianum","tuberous","wild",24,"SŠrkinen","","","1.75","FCM","Petota","4 South"
NA,5381,NA,6173,"83955","","",-35.47637,-69.586,0,"kurtzianum","kurtzianum","tuberous","wild",24,"SŠrkinen","","","1.75","FCM","Petota","4 South"
NA,5382,NA,6174,"86668","","",-29.15,-67.39,1800,"kurtzianum","kurtzianum","tuberous","wild",24,"SŠrkinen","","","1.75","FCM","Petota","4 South"
NA,5384,NA,6176,"86869","","",-29.42,-68,1300,"kurtzianum","kurtzianum","tuberous","wild",24,"SŠrkinen","","","1.75","FCM","Petota","4 South"
NA,5385,NA,6177,"78721","","",-29.2833,-66.8833,1000,"kurtzianum","kurtzianum","tuberous","wild",24,"SŠrkinen","","","1.75","FCM","Petota","4 South"
NA,5386,NA,6178,"84495","","",-28.88,-66.4,640,"kurtzianum","kurtzianum","tuberous","wild",24,"SŠrkinen","","","1.75","FCM","Petota","4 South"
NA,5387,NA,6179,"85701","","",-25.9166,-66.4,1132,"kurtzianum","kurtzianum","tuberous","wild",24,"SŠrkinen","","","1.75","FCM","Petota","4 South"
NA,5388,NA,6180,"85907","","",-30.17,-69.43,2800,"kurtzianum","kurtzianum","tuberous","wild",24,"SŠrkinen","","","1.75","FCM","Petota","4 South"
NA,5389,NA,6181,"165007","","",-30.11789,-68.6611,1970,"kurtzianum","kurtzianum","tuberous","wild",24,"SŠrkinen","","","1.75","FCM","Petota","4 South"
NA,5390,NA,6182,"72927","","",-32.52586,-69.01158,1765,"kurtzianum","kurtzianum","tuberous","wild",24,"SŠrkinen","","","1.75","FCM","Petota","4 South"
NA,5391,NA,6183,"88208","","",-31.79779,-69.36881,0,"kurtzianum","kurtzianum","tuberous","wild",24,"SŠrkinen","","","1.75","FCM","Petota","4 South"
NA,5392,NA,6184,"83998","","",-33.5166,-69.2666,0,"kurtzianum","kurtzianum","tuberous","wild",24,"SŠrkinen","","","1.75","FCM","Petota","4 South"
NA,5393,NA,6185,"81152","","",-29.1666,-67.5,1730,"kurtzianum","kurtzianum","tuberous","wild",24,"SŠrkinen","","","1.75","FCM","Petota","4 South"
NA,5394,NA,6186,"67324","","",-27.53186,-67.06775,1697,"kurtzianum","kurtzianum","tuberous","wild",24,"SŠrkinen","","","1.75","FCM","Petota","4 South"
NA,5395,NA,6187,"83294","","",-32.7833,-69.1666,0,"kurtzianum","kurtzianum","tuberous","wild",24,"SŠrkinen","","","1.75","FCM","Petota","4 South"
NA,5396,NA,6188,"81001","","",-33.0166,-69.1166,1400,"kurtzianum","kurtzianum","tuberous","wild",24,"SŠrkinen","","","1.75","FCM","Petota","4 South"
NA,5397,NA,6189,"78719","","",-29.0166,-66.05,500,"kurtzianum","kurtzianum","tuberous","wild",24,"SŠrkinen","","","1.75","FCM","Petota","4 South"
NA,5398,NA,6190,"80319","","",-33.9333,-69.1833,1200,"kurtzianum","kurtzianum","tuberous","wild",24,"SŠrkinen","","","1.75","FCM","Petota","4 South"
NA,5399,NA,6191,"86643","","",-32.25,-68.57,1660,"kurtzianum","kurtzianum","tuberous","wild",24,"SŠrkinen","","","1.75","FCM","Petota","4 South"
NA,5401,NA,6193,"80534","","",-28.5666,-67.6166,1600,"kurtzianum","kurtzianum","tuberous","wild",24,"SŠrkinen","","","1.75","FCM","Petota","4 South"
NA,5402,NA,6194,"86901","","",-28.5833,-67.2833,1500,"kurtzianum","kurtzianum","tuberous","wild",24,"SŠrkinen","","","1.75","FCM","Petota","4 South"
NA,5403,NA,6195,"83988","","",-30.2425,-68.7458,1200,"kurtzianum","kurtzianum","tuberous","wild",24,"SŠrkinen","","","1.75","FCM","Petota","4 South"
NA,5404,NA,6196,"83992","","",-32.4833,-68.9,0,"kurtzianum","kurtzianum","tuberous","wild",24,"SŠrkinen","","","1.75","FCM","Petota","4 South"
NA,5405,NA,6197,"83353","","",-33.2166,-68.8833,0,"kurtzianum","kurtzianum","tuberous","wild",24,"SŠrkinen","","","1.75","FCM","Petota","4 South"
NA,5406,NA,6198,"83058","","",-29.4,-67.1333,1650,"kurtzianum","kurtzianum","tuberous","wild",24,"SŠrkinen","","","1.75","FCM","Petota","4 South"
NA,5407,NA,6199,"78540","","",-29.4,-66.9666,800,"kurtzianum","kurtzianum","tuberous","wild",24,"SŠrkinen","","","1.75","FCM","Petota","4 South"
NA,5408,NA,6200,"78720","","",-29.1666,-66.65,640,"kurtzianum","kurtzianum","tuberous","wild",24,"SŠrkinen","","","1.75","FCM","Petota","4 South"
NA,5409,NA,6201,"78541","","",-29.14,-66.51,1500,"kurtzianum","kurtzianum","tuberous","wild",24,"SŠrkinen","","","1.75","FCM","Petota","4 South"
NA,5410,NA,6202,"81164","","",-29.05,-67.7,0,"kurtzianum","kurtzianum","tuberous","wild",24,"SŠrkinen","","","1.75","FCM","Petota","4 South"
NA,5411,NA,6203,"78533","","",-27.6,-66.3166,2100,"kurtzianum","kurtzianum","tuberous","wild",24,"SŠrkinen","","","1.75","FCM","Petota","4 South"
NA,5412,NA,6204,"83401","","",-28.1833,-66.2333,1600,"kurtzianum","kurtzianum","tuberous","wild",24,"SŠrkinen","","","1.75","FCM","Petota","4 South"
NA,5413,NA,6205,"78729","","",-28.43,-66.24,1100,"kurtzianum","kurtzianum","tuberous","wild",24,"SŠrkinen","","","1.75","FCM","Petota","4 South"
NA,5414,NA,6206,"85279","","",-33.3666,-69.1333,0,"kurtzianum","kurtzianum","tuberous","wild",24,"SŠrkinen","","","1.75","FCM","Petota","4 South"
NA,5415,NA,6207,"81027","","",-31.9833,-68.7333,1400,"kurtzianum","kurtzianum","tuberous","wild",24,"SŠrkinen","","","1.75","FCM","Petota","4 South"
NA,5416,NA,6208,"83931","","",-25.5666,-66.2333,1500,"kurtzianum","kurtzianum","tuberous","wild",24,"SŠrkinen","","","1.75","FCM","Petota","4 South"
NA,5417,NA,6209,"78548","","",-29.5166,-65.8166,700,"kurtzianum","kurtzianum","tuberous","wild",24,"SŠrkinen","","","1.75","FCM","Petota","4 South"
NA,5418,NA,6210,"81250","","",-31.9833,-69.15,0,"kurtzianum","kurtzianum","tuberous","wild",24,"SŠrkinen","","","1.75","FCM","Petota","4 South"
NA,5419,NA,6211,"84565","","",-28.0666,-67.5666,1500,"kurtzianum","kurtzianum","tuberous","wild",24,"SŠrkinen","","","1.75","FCM","Petota","4 South"
NA,5420,NA,6212,"83810","","",-27.7166,-66.0166,0,"kurtzianum","kurtzianum","tuberous","wild",24,"SŠrkinen","","","1.75","FCM","Petota","4 South"
NA,5421,NA,6213,"86908","","",-27.55,-67.25,1620,"kurtzianum","kurtzianum","tuberous","wild",24,"SŠrkinen","","","1.75","FCM","Petota","4 South"
NA,5422,NA,6214,"83929","","",-32.35,-68.3,1300,"kurtzianum","kurtzianum","tuberous","wild",24,"SŠrkinen","","","1.75","FCM","Petota","4 South"
NA,5423,NA,6215,"85899","","",-28.29,-65.37,1220,"kurtzianum","kurtzianum","tuberous","wild",24,"SŠrkinen","","","1.75","FCM","Petota","4 South"
NA,5424,NA,6216,"79083","","",-30.4,-69.5166,2700,"kurtzianum","kurtzianum","tuberous","wild",24,"SŠrkinen","","","1.75","FCM","Petota","4 South"
NA,5425,NA,6217,"83975","","",-34.9666,-67.7,0,"kurtzianum","kurtzianum","tuberous","wild",24,"SŠrkinen","","","1.75","FCM","Petota","4 South"
NA,5426,NA,6218,"472925","","",-34.772873,-68.540752,NA,"kurtzianum","kurtzianum","tuberous","germplasm",24,"SŠrkinen","","","1.75","FCM","Petota","4 South"
NA,5431,NA,6223,"566774","","",-30.504448,-68.638611,NA,"kurtzianum","kurtzianum","tuberous","germplasm",24,"SŠrkinen","","","1.75","FCM","Petota","4 South"
NA,5432,NA,6224,"566794","","",-26.96394,-66.894867,NA,"kurtzianum","kurtzianum","tuberous","germplasm",24,"SŠrkinen","","","1.75","FCM","Petota","4 South"
NA,5442,NA,6234,"PI 472953","","",-27.9,-67.366667,NA,"kurtzianum","kurtzianum","tuberous","germplasm",24,"SŠrkinen","","","1.75","FCM","Petota","4 South"
NA,5450,NA,6242,"CIP 763644","","",-10.6639,-75.2133,2500,"laxissimum","laxissimum","tuberous","germplasm",24,"SŠrkinen","","","1.81","FCM","Petota","4 South"
NA,5451,NA,6243,"CIP 761028","","",-11.5103,-74.8208,2376,"laxissimum","laxissimum","tuberous","germplasm",24,"SŠrkinen","","","1.81","FCM","Petota","4 South"
NA,5452,NA,6244,"CIP 761533","","",-12.9103,-74.0214,3000,"laxissimum","laxissimum","tuberous","germplasm",24,"SŠrkinen","","","1.81","FCM","Petota","4 South"
NA,5453,NA,6245,"CIP 762848","","",-13.1794,-72.5417,2836,"laxissimum","laxissimum","tuberous","germplasm",24,"SŠrkinen","","","1.81","FCM","Petota","4 South"
NA,5455,NA,6247,"CIP 765894","","",-13.0656,-72.4048,2451,"laxissimum","laxissimum","tuberous","germplasm",24,"SŠrkinen","","","1.81","FCM","Petota","4 South"
NA,5456,NA,6248,"CIP 760350","","",-13.16,-71.5933,2522,"laxissimum","laxissimum","tuberous","germplasm",24,"SŠrkinen","","","1.81","FCM","Petota","4 South"
NA,5458,NA,6250,"CIP 761685","","",-12.1061,-72.9206,2800,"laxissimum","laxissimum","tuberous","germplasm",24,"SŠrkinen","","","1.81","FCM","Petota","4 South"
NA,5462,NA,6254,"53739","","",-10.65983,-75.32217,2300,"laxissimum","laxissimum","tuberous","wild",24,"SŠrkinen","","","1.81","FCM","Petota","4 South"
NA,5463,NA,6255,"71699","","",-11.3335,-73.3828,2090,"laxissimum","laxissimum","tuberous","wild",24,"SŠrkinen","","","1.81","FCM","Petota","4 South"
NA,5464,NA,6256,"81577","","",-14.2,-71.35,1200,"laxissimum","laxissimum","tuberous","wild",24,"SŠrkinen","","","1.81","FCM","Petota","4 South"
NA,5465,NA,6257,"94597","","",-9.25,-76.5,2000,"laxissimum","laxissimum","tuberous","wild",24,"SŠrkinen","","","1.81","FCM","Petota","4 South"
NA,5466,NA,6258,"93477","","",-13.93333,-74.66667,3000,"laxissimum","laxissimum","tuberous","wild",24,"SŠrkinen","","","1.81","FCM","Petota","4 South"
NA,5469,NA,6261,"71697","","",-10.31,-75.2,2610,"laxissimum","laxissimum","tuberous","wild",24,"SŠrkinen","","","1.81","FCM","Petota","4 South"
NA,5470,NA,6262,"75274","","",-10.287,-75.5175,1790,"laxissimum","laxissimum","tuberous","wild",24,"SŠrkinen","","","1.81","FCM","Petota","4 South"
NA,5471,NA,6263,"95325","","",-12.43333,-73.06667,2500,"laxissimum","laxissimum","tuberous","wild",24,"SŠrkinen","","","1.81","FCM","Petota","4 South"
NA,5472,NA,6264,"94493","","",-10.75,-75.51667,2600,"laxissimum","laxissimum","tuberous","wild",24,"SŠrkinen","","","1.81","FCM","Petota","4 South"
NA,5473,NA,6265,"71695","","",-9.728328,-76.09157,2700,"laxissimum","laxissimum","tuberous","wild",24,"SŠrkinen","","","1.81","FCM","Petota","4 South"
NA,5474,NA,6266,"82371","","",-13.25,-72.3333,3000,"laxissimum","laxissimum","tuberous","wild",24,"SŠrkinen","","","1.81","FCM","Petota","4 South"
NA,5475,NA,6267,"75284","","",-11.173,-74.65533,1200,"laxissimum","laxissimum","tuberous","wild",24,"SŠrkinen","","","1.81","FCM","Petota","4 South"
NA,5476,NA,6268,"81653","","",-9.36667,-75.8833,2600,"laxissimum","laxissimum","tuberous","wild",24,"SŠrkinen","","","1.81","FCM","Petota","4 South"
NA,5477,NA,6269,"81734","","",-11.3833,-75.4,3380,"laxissimum","laxissimum","tuberous","wild",24,"SŠrkinen","","","1.81","FCM","Petota","4 South"
NA,5479,NA,6271,"93549","","",-13.16667,-71.41667,2600,"laxissimum","laxissimum","tuberous","wild",24,"SŠrkinen","","","1.81","FCM","Petota","4 South"
NA,5480,NA,6272,"94492","","",-14.21667,-72.08333,3000,"laxissimum","laxissimum","tuberous","wild",24,"SŠrkinen","","","1.81","FCM","Petota","4 South"
NA,5482,NA,6274,"92374","","",-11.05,-75.3,1700,"laxissimum","laxissimum","tuberous","wild",24,"SŠrkinen","","","1.81","FCM","Petota","4 South"
NA,5483,NA,6275,"92812","","",-12.81667,-72.73333,2800,"laxissimum","laxissimum","tuberous","wild",24,"SŠrkinen","","","1.81","FCM","Petota","4 South"
NA,5484,NA,6276,"81941","","",-12.9167,-73.8333,3200,"laxissimum","laxissimum","tuberous","wild",24,"SŠrkinen","","","1.81","FCM","Petota","4 South"
NA,5485,NA,6277,"92573","","",-9.9167,-76.2333,3000,"laxissimum","laxissimum","tuberous","wild",24,"SŠrkinen","","","1.81","FCM","Petota","4 South"
NA,5486,NA,6278,"PI 195168","","",-13.333333,-71.5,NA,"laxissimum","laxissimum","tuberous","germplasm",24,"SŠrkinen","","","1.81","FCM","Petota","4 South"
NA,5488,NA,6280,"CIP 764265","","",17.55,-97.4333,NA,"lesteri","lesteri","tuberous","germplasm",24,"SŠrkinen","","","1.3","FCM","Petota","1+2"
NA,5489,NA,6281,"CIP 764363","","",16.2833,-96.55,NA,"lesteri","lesteri","tuberous","germplasm",24,"SŠrkinen","","","1.3","FCM","Petota","1+2"
NA,5492,NA,6284,"90005","","",16.13,-96.32,2390,"lesteri","lesteri","tuberous","wild",24,"SŠrkinen","","","1.3","FCM","Petota","1+2"
NA,5493,NA,6285,"90010","","",17.33,-97.26,2250,"lesteri","lesteri","tuberous","wild",24,"SŠrkinen","","","1.3","FCM","Petota","1+2"
NA,5495,NA,6287,"90730","","",17.43,-97.1,2100,"lesteri","lesteri","tuberous","wild",24,"SŠrkinen","","","1.3","FCM","Petota","1+2"
NA,5497,NA,6289,"CIP 761236","","",-13.1761,-72.5511,2123,"lignicaule","lignicaule","tuberous","germplasm",24,"SŠrkinen","","","1.78","FCM","Petota","4 North"
NA,5498,NA,6290,"CIP 764273","","",-13.3128,-72.1103,NA,"lignicaule","lignicaule","tuberous","germplasm",24,"SŠrkinen","","","1.78","FCM","Petota","4 North"
NA,5499,NA,6291,"CIP 761652","","",-13.6786,-71.9386,3177,"lignicaule","lignicaule","tuberous","germplasm",24,"SŠrkinen","","","1.78","FCM","Petota","4 North"
NA,5500,NA,6292,"CIP 760353","","",-13.4208,-71.8511,2966,"lignicaule","lignicaule","tuberous","germplasm",24,"SŠrkinen","","","1.78","FCM","Petota","4 North"
NA,5502,NA,6294,"CIP 762842","","",-13.8244,-71.8281,2873,"lignicaule","lignicaule","tuberous","germplasm",24,"SŠrkinen","","","1.78","FCM","Petota","4 North"
NA,5509,NA,6301,"82566","","",-13,-72.1667,3260,"lignicaule","lignicaule","tuberous","wild",24,"SŠrkinen","","","1.78","FCM","Petota","4 North"
NA,5512,NA,6304,"PI 310993","","",-13.5,-71.666667,NA,"lignicaule","lignicaule","tuberous","germplasm",24,"SŠrkinen","","","1.78","FCM","Petota","4 North"
NA,5514,NA,6306,"PI 498253","","",-13.333333,-71.95,NA,"lignicaule","lignicaule","tuberous","germplasm",24,"SŠrkinen","","","1.78","FCM","Petota","4 North"
NA,5517,NA,6334,"CIP 763964","","",10.1839,-84.2358,2573,"longiconicum","longiconicum","tuberous","germplasm",48,"SŠrkinen","","","3.29","FCM","Petota","4 North"
NA,5519,NA,6335,"CIP 763966","","",10.1317,-84.1225,2675,"longiconicum","longiconicum","tuberous","germplasm",48,"SŠrkinen","","","3.29","FCM","Petota","4 North"
NA,5521,NA,6336,"CIP 764002","","",9.9828,-83.8983,NA,"longiconicum","longiconicum","tuberous","germplasm",48,"SŠrkinen","","","3.29","FCM","Petota","4 North"
NA,5525,NA,6338,"CIP 763999","","",9.9989,-83.7639,NA,"longiconicum","longiconicum","tuberous","germplasm",48,"SŠrkinen","","","3.29","FCM","Petota","4 North"
NA,5531,NA,6341,"CIP 763031","","",8.8167,-82.3833,1977,"longiconicum","longiconicum","tuberous","germplasm",48,"SŠrkinen","","","3.29","FCM","Petota","4 North"
NA,5535,NA,6343,"8499","","",8.922222,-82.71222,2470,"longiconicum","longiconicum","tuberous","wild",48,"SŠrkinen","","","3.29","FCM","Petota","4 North"
NA,5539,NA,6345,"15021","","",9.10975,-82.86913,3200,"longiconicum","longiconicum","tuberous","wild",48,"SŠrkinen","","","3.29","FCM","Petota","4 North"
NA,5541,NA,6346,"89027","","",8.49,-82.23,2000,"longiconicum","longiconicum","tuberous","wild",48,"SŠrkinen","","","3.29","FCM","Petota","4 North"
NA,5545,NA,6348,"89862","","",9.2822,-83.3432,1700,"longiconicum","longiconicum","tuberous","wild",48,"SŠrkinen","","","3.29","FCM","Petota","4 North"
NA,5549,NA,6350,"82645","","",10.003,-83.059,1400,"longiconicum","longiconicum","tuberous","wild",48,"SŠrkinen","","","3.29","FCM","Petota","4 North"
NA,5551,NA,6351,"18021","","",9.541111,-83.58444,2600,"longiconicum","longiconicum","tuberous","wild",48,"SŠrkinen","","","3.29","FCM","Petota","4 North"
NA,5553,NA,6352,"40989","","",9.05641,-82.52369,3000,"longiconicum","longiconicum","tuberous","wild",48,"SŠrkinen","","","3.29","FCM","Petota","4 North"
NA,5555,NA,6353,"90645","","",10.2,-84.5,1200,"longiconicum","longiconicum","tuberous","wild",48,"SŠrkinen","","","3.29","FCM","Petota","4 North"
NA,5557,NA,6354,"16149","","",9.556111,-83.67556,2700,"longiconicum","longiconicum","tuberous","wild",48,"SŠrkinen","","","3.29","FCM","Petota","4 North"
NA,5561,NA,6356,"18019","","",9.116667,-82.96667,2450,"longiconicum","longiconicum","tuberous","wild",48,"SŠrkinen","","","3.29","FCM","Petota","4 North"
NA,5565,NA,6358,"48530","","",9.2345,-83.0925,2300,"longiconicum","longiconicum","tuberous","wild",48,"SŠrkinen","","","3.29","FCM","Petota","4 North"
NA,5567,NA,6359,"54908","","",9.43,-83.47,1500,"longiconicum","longiconicum","tuberous","wild",48,"SŠrkinen","","","3.29","FCM","Petota","4 North"
NA,6098,NA,6914,"CIP 764147","","",-11.35,-77.3833,NA,"mochiquense","mochiquense","tuberous","germplasm",24,"SŠrkinen","","","2.04","FCM","Petota","3"
NA,6101,NA,6917,"CIP 760009","","",-5.3761,-79.6061,1252,"mochiquense","mochiquense","tuberous","germplasm",24,"SŠrkinen","","","2.04","FCM","Petota","3"
NA,6102,NA,6918,"CIP 765869","","",-5.8416,-79.5113,2100,"mochiquense","mochiquense","tuberous","germplasm",24,"SŠrkinen","","","2.04","FCM","Petota","3"
NA,6104,NA,6920,"CIP 761234","","",-6.2689,-79.4078,1649,"mochiquense","mochiquense","tuberous","germplasm",24,"SŠrkinen","","","2.04","FCM","Petota","3"
NA,6105,NA,6921,"CIP 760103","","",-8.1089,-79.0308,35,"mochiquense","mochiquense","tuberous","germplasm",24,"SŠrkinen","","","2.04","FCM","Petota","3"
NA,6106,NA,6922,"CIP 762637","","",-7.4253,-78.8953,1704,"mochiquense","mochiquense","tuberous","germplasm",24,"SŠrkinen","","","2.04","FCM","Petota","3"
NA,6107,NA,6923,"CIP 763921","","",-8.4167,-78.75,NA,"mochiquense","mochiquense","tuberous","germplasm",24,"SŠrkinen","","","2.04","FCM","Petota","3"
NA,6108,NA,6924,"CIP 763002","","",-7.3339,-78.7369,1420,"mochiquense","mochiquense","tuberous","germplasm",24,"SŠrkinen","","","2.04","FCM","Petota","3"
NA,6109,NA,6925,"CIP 761037","","",-7.8389,-78.7322,3103,"mochiquense","mochiquense","tuberous","germplasm",24,"SŠrkinen","","","2.04","FCM","Petota","3"
NA,6110,NA,6926,"CIP 762989","","",-7.1822,-78.5375,3118,"mochiquense","mochiquense","tuberous","germplasm",24,"SŠrkinen","","","2.04","FCM","Petota","3"
NA,6111,NA,6927,"CIP 765996","","",-6.7444,-77.8872,3537,"mochiquense","mochiquense","tuberous","germplasm",24,"SŠrkinen","","","2.04","FCM","Petota","3"
NA,6112,NA,6928,"82400","","",-6.61667,-79.2667,0,"mochiquense","mochiquense","tuberous","wild",24,"SŠrkinen","","","2.04","FCM","Petota","3"
NA,6113,NA,6929,"91568","","",-11.495,-77.20778,250,"mochiquense","mochiquense","tuberous","wild",24,"SŠrkinen","","","2.04","FCM","Petota","3"
NA,6116,NA,6932,"82039","","",-8.48333,-78.1,1850,"mochiquense","mochiquense","tuberous","wild",24,"SŠrkinen","","","2.04","FCM","Petota","3"
NA,6118,NA,6934,"84330","","",-11.9131,-76.5264,2770,"mochiquense","mochiquense","tuberous","wild",24,"SŠrkinen","","","2.04","FCM","Petota","3"
NA,6119,NA,6935,"81990","","",-10.8,-77.7333,350,"mochiquense","mochiquense","tuberous","wild",24,"SŠrkinen","","","2.04","FCM","Petota","3"
NA,6121,NA,6937,"81991","","",-12,-76.8333,350,"mochiquense","mochiquense","tuberous","wild",24,"SŠrkinen","","","2.04","FCM","Petota","3"
NA,6122,NA,6938,"75089","","",-12.08294,-76.94652,0,"mochiquense","mochiquense","tuberous","wild",24,"SŠrkinen","","","2.04","FCM","Petota","3"
NA,6123,NA,6939,"94137","","",-6.8,-78.35,3000,"mochiquense","mochiquense","tuberous","wild",24,"SŠrkinen","","","2.04","FCM","Petota","3"
NA,6124,NA,6940,"82641","","",-12.0039,-76.6389,250,"mochiquense","mochiquense","tuberous","wild",24,"SŠrkinen","","","2.04","FCM","Petota","3"
NA,6125,NA,6941,"70848","","",-7.54,-79.04,400,"mochiquense","mochiquense","tuberous","wild",24,"SŠrkinen","","","2.04","FCM","Petota","3"
NA,6127,NA,6943,"82117","","",-12.75,-76.3333,250,"mochiquense","mochiquense","tuberous","wild",24,"SŠrkinen","","","2.04","FCM","Petota","3"
NA,6135,NA,6951,"CIP 761929","","",19.3408,-99.6272,2400,"morelliforme","morelliforme","tuberous","germplasm",24,"SŠrkinen","","","2.02","FCM","Petota","1+2"
NA,6136,NA,6952,"CIP 764252","","",19.6169,-97.0581,NA,"morelliforme","morelliforme","tuberous","germplasm",24,"SŠrkinen","","","2.02","FCM","Petota","1+2"
NA,6137,NA,6953,"CIP 764293","","",16.5,-92.3167,NA,"morelliforme","morelliforme","tuberous","germplasm",24,"SŠrkinen","","","2.02","FCM","Petota","1+2"
NA,6138,NA,6954,"CIP 764271","","",15.1333,-92.1167,NA,"morelliforme","morelliforme","tuberous","germplasm",24,"SŠrkinen","","","2.02","FCM","Petota","1+2"
NA,6140,NA,6956,"89498","","",19.05,-100.05,0,"morelliforme","morelliforme","tuberous","wild",24,"SŠrkinen","","","2.02","FCM","Petota","1+2"
NA,6141,NA,6957,"90825","","",19.01,-98.02,2500,"morelliforme","morelliforme","tuberous","wild",24,"SŠrkinen","","","2.02","FCM","Petota","1+2"
NA,6142,NA,6958,"88427","","",15.008,-92.007,2900,"morelliforme","morelliforme","tuberous","wild",24,"SŠrkinen","","","2.02","FCM","Petota","1+2"
NA,6143,NA,6959,"90022","","",19.23,-100.18,2350,"morelliforme","morelliforme","tuberous","wild",24,"SŠrkinen","","","2.02","FCM","Petota","1+2"
NA,6145,NA,6961,"90903","","",20.4,-100.14,2640,"morelliforme","morelliforme","tuberous","wild",24,"SŠrkinen","","","2.02","FCM","Petota","1+2"
NA,6146,NA,6962,"90482","","",19.58,-98.93,1900,"morelliforme","morelliforme","tuberous","wild",24,"SŠrkinen","","","2.02","FCM","Petota","1+2"
NA,6147,NA,6963,"90655","","",16.565,-92.49,2135,"morelliforme","morelliforme","tuberous","wild",24,"SŠrkinen","","","2.02","FCM","Petota","1+2"
NA,6148,NA,6964,"90814","","",17.33,-99.3,2200,"morelliforme","morelliforme","tuberous","wild",24,"SŠrkinen","","","2.02","FCM","Petota","1+2"
NA,6149,NA,6965,"88409","","",14.0556,-91.0203,2810,"morelliforme","morelliforme","tuberous","wild",24,"SŠrkinen","","","2.02","FCM","Petota","1+2"
NA,6150,NA,6966,"88716","","",19.2657,-103.57,2280,"morelliforme","morelliforme","tuberous","wild",24,"SŠrkinen","","","2.02","FCM","Petota","1+2"
NA,6151,NA,6967,"90255","","",19.4,-98.35,2150,"morelliforme","morelliforme","tuberous","wild",24,"SŠrkinen","","","2.02","FCM","Petota","1+2"
NA,6152,NA,6968,"89800","","",21.2166,-99.1,1870,"morelliforme","morelliforme","tuberous","wild",24,"SŠrkinen","","","2.02","FCM","Petota","1+2"
NA,6154,NA,6970,"89791","","",20.3753,-98.375,0,"morelliforme","morelliforme","tuberous","wild",24,"SŠrkinen","","","2.02","FCM","Petota","1+2"
NA,6156,NA,6972,"90304","","",19.566,-97.233,2100,"morelliforme","morelliforme","tuberous","wild",24,"SŠrkinen","","","2.02","FCM","Petota","1+2"
NA,6158,NA,6974,"88636","","",20.47,-102.09,2480,"morelliforme","morelliforme","tuberous","wild",24,"SŠrkinen","","","2.02","FCM","Petota","1+2"
NA,6159,NA,6975,"89871","","",18.0957,-96.5952,2370,"morelliforme","morelliforme","tuberous","wild",24,"SŠrkinen","","","2.02","FCM","Petota","1+2"
NA,6160,NA,6976,"88918","","",18.7166,-97.3166,2600,"morelliforme","morelliforme","tuberous","wild",24,"SŠrkinen","","","2.02","FCM","Petota","1+2"
NA,6161,NA,6977,"89355","","",20.55,-98.4833,2300,"morelliforme","morelliforme","tuberous","wild",24,"SŠrkinen","","","2.02","FCM","Petota","1+2"
NA,6162,NA,6978,"89129","","",14.0666,-87.4666,1600,"morelliforme","morelliforme","tuberous","wild",24,"SŠrkinen","","","2.02","FCM","Petota","1+2"
NA,6163,NA,6979,"88931","","",16.75,-92.6333,2500,"morelliforme","morelliforme","tuberous","wild",24,"SŠrkinen","","","2.02","FCM","Petota","1+2"
NA,6164,NA,6980,"88856","","",19.55,-102.05,2250,"morelliforme","morelliforme","tuberous","wild",24,"SŠrkinen","","","2.02","FCM","Petota","1+2"
NA,6166,NA,6982,"498264","","",18.49361,-97.411308,NA,"morelliforme","morelliforme","tuberous","germplasm",24,"SŠrkinen","","","2.02","FCM","Petota","1+2"
NA,6169,NA,6985,"PI 275221","","",14.883333,-91.116667,NA,"morelliforme","morelliforme","tuberous","germplasm",24,"SŠrkinen","","","2.02","FCM","Petota","1+2"
NA,6171,NA,6987,"PI 498003","","",19.15,-99.933333,NA,"morelliforme","morelliforme","tuberous","germplasm",24,"SŠrkinen","","","2.02","FCM","Petota","1+2"
NA,6175,NA,6991,"PI 604046","","",14.9217,-91.3317,NA,"morelliforme","morelliforme","tuberous","germplasm",24,"SŠrkinen","","","2.02","FCM","Petota","1+2"
NA,6176,NA,6992,"PI 604050","","",15.7667,-91.5051,NA,"morelliforme","morelliforme","tuberous","germplasm",24,"SŠrkinen","","","2.02","FCM","Petota","1+2"
NA,6302,NA,7115,"CIP 764033","","",-18.3058,-64.1514,NA,"neocardenasii","neocardenasii","tuberous","germplasm",24,"SŠrkinen","","","1.78","FCM","Petota","4 South"
NA,6306,NA,7119,"CIP 760429","","",-18.4897,-64.1069,2017,"neocardenasii","neocardenasii","tuberous","germplasm",24,"SŠrkinen","","","1.78","FCM","Petota","4 South"
NA,6307,NA,7120,"84401","","",-18.1,-64.183,1400,"neocardenasii","neocardenasii","tuberous","wild",24,"SŠrkinen","","","1.78","FCM","Petota","4 South"
NA,6308,NA,7121,"81457","","",-17.7333,-63.4333,1400,"neocardenasii","neocardenasii","tuberous","wild",24,"SŠrkinen","","","1.78","FCM","Petota","4 South"
NA,6312,NA,7125,"84144","","",-18.05,-64.55,1660,"neocardenasii","neocardenasii","tuberous","wild",24,"SŠrkinen","","","1.78","FCM","Petota","4 South"
NA,6316,NA,7129,"CIP 764172","","",-23.25,-66.0833,NA,"neorossii","neorossii","tuberous","germplasm",24,"SŠrkinen","","","1.62","FCM","Petota","4 South"
NA,6317,NA,7130,"CIP 764171","","",-22.25,-65.0833,NA,"neorossii","neorossii","tuberous","germplasm",24,"SŠrkinen","","","1.62","FCM","Petota","4 South"
NA,6319,NA,7132,"79969","","",-23.7,-65.0666,3100,"neorossii","neorossii","tuberous","wild",24,"SŠrkinen","","","1.62","FCM","Petota","4 South"
NA,6320,NA,7133,"83712","","",-23.5167,-65.2167,3500,"neorossii","neorossii","tuberous","wild",24,"SŠrkinen","","","1.62","FCM","Petota","4 South"
NA,6321,NA,7134,"79356","","",-22.1833,-64.8333,2750,"neorossii","neorossii","tuberous","wild",24,"SŠrkinen","","","1.62","FCM","Petota","4 South"
NA,6322,NA,7135,"79040","","",-23.7334,-65.2501,2800,"neorossii","neorossii","tuberous","wild",24,"SŠrkinen","","","1.62","FCM","Petota","4 South"
NA,6323,NA,7136,"87568","","",-24.4333,-65.95,3650,"neorossii","neorossii","tuberous","wild",24,"SŠrkinen","","","1.62","FCM","Petota","4 South"
NA,6324,NA,7137,"79357","","",-22.2,-64.95,2250,"neorossii","neorossii","tuberous","wild",24,"SŠrkinen","","","1.62","FCM","Petota","4 South"
NA,6325,NA,7138,"77989","","",-23.5666,-65.3666,3100,"neorossii","neorossii","tuberous","wild",24,"SŠrkinen","","","1.62","FCM","Petota","4 South"
NA,6326,NA,7139,"79006","","",-23.2,-64.9166,3500,"neorossii","neorossii","tuberous","wild",24,"SŠrkinen","","","1.62","FCM","Petota","4 South"
NA,6327,NA,7140,"79833","","",-24.62,-65.58,3350,"neorossii","neorossii","tuberous","wild",24,"SŠrkinen","","","1.62","FCM","Petota","4 South"
NA,6329,NA,7142,"87563","","",-25.0333,-65.2833,3200,"neorossii","neorossii","tuberous","wild",24,"SŠrkinen","","","1.62","FCM","Petota","4 South"
NA,6330,NA,7143,"83014","","",-23.1833,-66.2166,3200,"neorossii","neorossii","tuberous","wild",24,"SŠrkinen","","","1.62","FCM","Petota","4 South"
NA,6331,NA,7144,"78362","","",-22.7166,-65.2,2900,"neorossii","neorossii","tuberous","wild",24,"SŠrkinen","","","1.62","FCM","Petota","4 South"
NA,6338,NA,7167,"CIP 762496","","",-17.0333,-67.25,3042,"okadae","okadae","tuberous","germplasm",24,"SŠrkinen","","","1.62","FCM","Petota","4 South"
NA,6343,NA,7172,"CIP 762302","","",-16.8258,-67.0814,2700,"okadae","okadae","tuberous","germplasm",24,"SŠrkinen","","","1.62","FCM","Petota","4 South"
NA,6346,NA,7175,"CIP 760452","","",-17.0667,-66.8167,3056,"okadae","okadae","tuberous","germplasm",24,"SŠrkinen","","","1.62","FCM","Petota","4 South"
NA,6347,NA,7176,"77290","","",-17.4167,-65.4167,3200,"okadae","okadae","tuberous","wild",24,"SŠrkinen","","","1.62","FCM","Petota","4 South"
NA,6348,NA,7177,"81480","","",-17.4167,-66.9167,2750,"okadae","okadae","tuberous","wild",24,"SŠrkinen","","","1.62","FCM","Petota","4 South"
NA,6351,NA,7180,"77288","","",-17.1,-66.9167,2450,"okadae","okadae","tuberous","wild",24,"SŠrkinen","","","1.62","FCM","Petota","4 South"
NA,6352,NA,7181,"77291","","",-17.5167,-65.2667,3200,"okadae","okadae","tuberous","wild",24,"SŠrkinen","","","1.62","FCM","Petota","4 South"
NA,6353,NA,7182,"77124","","",-17.0333,-65.25,3060,"okadae","okadae","tuberous","wild",24,"SŠrkinen","","","1.62","FCM","Petota","4 South"
NA,6354,NA,7183,"77287","","",-17.2833,-66.6167,2670,"okadae","okadae","tuberous","wild",24,"SŠrkinen","","","1.62","FCM","Petota","4 South"
NA,6355,NA,7184,"77292","","",-20.5,-65.1667,0,"okadae","okadae","tuberous","wild",24,"SŠrkinen","","","1.62","FCM","Petota","4 South"
NA,6370,NA,7281,"CIP 763986","","",18.3328,-97.0669,2640,"oxycarpum","oxycarpum","tuberous","germplasm",48,"SŠrkinen","","","3.59","FCM","Petota","4 North"
NA,6371,NA,7282,"CIP 761931","","",18.5903,-95.9867,2181,"oxycarpum","oxycarpum","tuberous","germplasm",48,"SŠrkinen","","","3.59","FCM","Petota","4 North"
NA,6372,NA,7283,"CIP 763981","","",16.8183,-92.5803,2950,"oxycarpum","oxycarpum","tuberous","germplasm",48,"SŠrkinen","","","3.59","FCM","Petota","4 North"
NA,6374,NA,7285,"88812","","",19.34,-97.14,2100,"oxycarpum","oxycarpum","tuberous","wild",48,"SŠrkinen","","","3.59","FCM","Petota","4 North"
NA,6375,NA,7286,"88898","","",20.251,-98.3739,2130,"oxycarpum","oxycarpum","tuberous","wild",48,"SŠrkinen","","","3.59","FCM","Petota","4 North"
NA,6377,NA,7288,"89295","","",17.3381,-96.4755,0,"oxycarpum","oxycarpum","tuberous","wild",48,"SŠrkinen","","","3.59","FCM","Petota","4 North"
NA,6378,NA,7289,"89413","","",20.4,-100.14,2660,"oxycarpum","oxycarpum","tuberous","wild",48,"SŠrkinen","","","3.59","FCM","Petota","4 North"
NA,6379,NA,7290,"89887","","",18.0957,-96.5952,2370,"oxycarpum","oxycarpum","tuberous","wild",48,"SŠrkinen","","","3.59","FCM","Petota","4 North"
NA,6380,NA,7291,"89935","","",20.1856,-98.153,2280,"oxycarpum","oxycarpum","tuberous","wild",48,"SŠrkinen","","","3.59","FCM","Petota","4 North"
NA,6381,NA,7292,"88627","","",19.6166,-97.0333,2080,"oxycarpum","oxycarpum","tuberous","wild",48,"SŠrkinen","","","3.59","FCM","Petota","4 North"
NA,6382,NA,7293,"91196","","",18.15,-96.85,0,"oxycarpum","oxycarpum","tuberous","wild",48,"SŠrkinen","","","3.59","FCM","Petota","4 North"
NA,6383,NA,7294,"90817","","",18.14,-96.07,2000,"oxycarpum","oxycarpum","tuberous","wild",48,"SŠrkinen","","","3.59","FCM","Petota","4 North"
NA,6384,NA,7295,"89886","","",17.31,-96.31,2850,"oxycarpum","oxycarpum","tuberous","wild",48,"SŠrkinen","","","3.59","FCM","Petota","4 North"
NA,6385,NA,7296,"88817","","",19.4,-98.35,2150,"oxycarpum","oxycarpum","tuberous","wild",48,"SŠrkinen","","","3.59","FCM","Petota","4 North"
NA,6386,NA,7297,"89419","","",18.4928,-97.3955,2000,"oxycarpum","oxycarpum","tuberous","wild",48,"SŠrkinen","","","3.59","FCM","Petota","4 North"
NA,6387,NA,7298,"89009","","",17.165,-96.0833,2550,"oxycarpum","oxycarpum","tuberous","wild",48,"SŠrkinen","","","3.59","FCM","Petota","4 North"
NA,6388,NA,7299,"88687","","",19.55,-97.26,1950,"oxycarpum","oxycarpum","tuberous","wild",48,"SŠrkinen","","","3.59","FCM","Petota","4 North"
NA,6389,NA,7300,"89442","","",17.053,-96.78,0,"oxycarpum","oxycarpum","tuberous","wild",48,"SŠrkinen","","","3.59","FCM","Petota","4 North"
NA,6390,NA,7301,"90154","","",18.15,-96.75,2060,"oxycarpum","oxycarpum","tuberous","wild",48,"SŠrkinen","","","3.59","FCM","Petota","4 North"
NA,6391,NA,7302,"595525","","",18.302017,-96.951825,NA,"oxycarpum","oxycarpum","tuberous","germplasm",48,"SŠrkinen","","","3.59","FCM","Petota","4 North"
NA,6398,NA,7309,"CIP 761245","","",-5.3119,-79.6258,2081,"paucissectum","paucissectum","tuberous","germplasm",24,"SŠrkinen","","","1.91","FCM","Petota","3"
NA,6401,NA,7312,"CIP 761241","","",-5.3164,-79.5325,3245,"paucissectum","paucissectum","tuberous","germplasm",24,"SŠrkinen","","","1.91","FCM","Petota","3"
NA,6403,NA,7314,"CIP 760007","","",-5.8386,-79.4994,2081,"paucissectum","paucissectum","tuberous","germplasm",24,"SŠrkinen","","","1.91","FCM","Petota","3"
NA,6404,NA,7315,"CIP 762124","","",-5.3981,-79.4597,3200,"paucissectum","paucissectum","tuberous","germplasm",24,"SŠrkinen","","","1.91","FCM","Petota","3"
NA,6407,NA,7318,"CIP 760956","","",-5.3392,-79.4292,1879,"paucissectum","paucissectum","tuberous","germplasm",24,"SŠrkinen","","","1.91","FCM","Petota","3"
NA,6410,NA,7321,"92741","","",-5.33,-79.43,3050,"paucissectum","paucissectum","tuberous","wild",24,"SŠrkinen","","","1.91","FCM","Petota","3"
NA,6411,NA,7322,"91564","","",-5.5,-79.58333,3250,"paucissectum","paucissectum","tuberous","wild",24,"SŠrkinen","","","1.91","FCM","Petota","3"
NA,6412,NA,7323,"83080","","",-5.5,-79.5833,2900,"paucissectum","paucissectum","tuberous","wild",24,"SŠrkinen","","","1.91","FCM","Petota","3"
NA,6413,NA,7324,"95073","","",-5.23,-79.47,3000,"paucissectum","paucissectum","tuberous","wild",24,"SŠrkinen","","","1.91","FCM","Petota","3"
NA,6417,NA,7335,"CIP 766114","","",21.5,-101.9833333,1950,"pinnatisectum","pinnatisectum","tuberous","germplasm",24,"SŠrkinen","","","1.32","FCM","Petota","1+2"
NA,6418,NA,7336,"CIP 760722","","",21.1167,-101.6667,1800,"pinnatisectum","pinnatisectum","tuberous","germplasm",24,"SŠrkinen","","","1.32","FCM","Petota","1+2"
NA,6419,NA,7337,"CIP 766113","","",20.6,-100.3833333,1900,"pinnatisectum","pinnatisectum","tuberous","germplasm",24,"SŠrkinen","","","1.32","FCM","Petota","1+2"
NA,6420,NA,7338,"88698","","",21.07,-101.4,1800,"pinnatisectum","pinnatisectum","tuberous","wild",24,"SŠrkinen","","","1.32","FCM","Petota","1+2"
NA,6421,NA,7339,"90523","","",20.56,-101.77,2200,"pinnatisectum","pinnatisectum","tuberous","wild",24,"SŠrkinen","","","1.32","FCM","Petota","1+2"
NA,6423,NA,7341,"90233","","",19.6868,-101.331,1950,"pinnatisectum","pinnatisectum","tuberous","wild",24,"SŠrkinen","","","1.32","FCM","Petota","1+2"
NA,6424,NA,7342,"89514","","",19.6,-101.58,0,"pinnatisectum","pinnatisectum","tuberous","wild",24,"SŠrkinen","","","1.32","FCM","Petota","1+2"
NA,6425,NA,7343,"90511","","",19.9666,-101.767,1750,"pinnatisectum","pinnatisectum","tuberous","wild",24,"SŠrkinen","","","1.32","FCM","Petota","1+2"
NA,6426,NA,7344,"89835","","",20.225,-100.87,1750,"pinnatisectum","pinnatisectum","tuberous","wild",24,"SŠrkinen","","","1.32","FCM","Petota","1+2"
NA,6427,NA,7345,"89407","","",20.4093,-101.197,0,"pinnatisectum","pinnatisectum","tuberous","wild",24,"SŠrkinen","","","1.32","FCM","Petota","1+2"
NA,6428,NA,7346,"91233","","",20.9166,-100.75,1981,"pinnatisectum","pinnatisectum","tuberous","wild",24,"SŠrkinen","","","1.32","FCM","Petota","1+2"
NA,6429,NA,7347,"89789","","",20.3242,-103.444,1500,"pinnatisectum","pinnatisectum","tuberous","wild",24,"SŠrkinen","","","1.32","FCM","Petota","1+2"
NA,6430,NA,7348,"90165","","",19.7,-101.12,2000,"pinnatisectum","pinnatisectum","tuberous","wild",24,"SŠrkinen","","","1.32","FCM","Petota","1+2"
NA,6431,NA,7349,"89764","","",19.7029,-101.215,2050,"pinnatisectum","pinnatisectum","tuberous","wild",24,"SŠrkinen","","","1.32","FCM","Petota","1+2"
NA,6433,NA,7351,"89400","","",20.1421,-103.041,0,"pinnatisectum","pinnatisectum","tuberous","wild",24,"SŠrkinen","","","1.32","FCM","Petota","1+2"
NA,6434,NA,7352,"88832","","",20.3,-100.08,1900,"pinnatisectum","pinnatisectum","tuberous","wild",24,"SŠrkinen","","","1.32","FCM","Petota","1+2"
NA,6435,NA,7353,"90617","","",19.675,-104.35,0,"pinnatisectum","pinnatisectum","tuberous","wild",24,"SŠrkinen","","","1.32","FCM","Petota","1+2"
NA,6436,NA,7354,"89688","","",20.34347,-100.1942,2000,"pinnatisectum","pinnatisectum","tuberous","wild",24,"SŠrkinen","","","1.32","FCM","Petota","1+2"
NA,6437,NA,7355,"88758","","",20.4,-103.2,1600,"pinnatisectum","pinnatisectum","tuberous","wild",24,"SŠrkinen","","","1.32","FCM","Petota","1+2"
NA,6438,NA,7356,"90508","","",19.8795,-100.95,1900,"pinnatisectum","pinnatisectum","tuberous","wild",24,"SŠrkinen","","","1.32","FCM","Petota","1+2"
NA,6439,NA,7357,"90338","","",20.8833,-100.533,2195,"pinnatisectum","pinnatisectum","tuberous","wild",24,"SŠrkinen","","","1.32","FCM","Petota","1+2"
NA,6440,NA,7358,"82909","","",20.15,-102.06,1850,"pinnatisectum","pinnatisectum","tuberous","wild",24,"SŠrkinen","","","1.32","FCM","Petota","1+2"
NA,6451,NA,7369,"CIP 761868","","",-5.3119,-79.6258,2200,"piurae","piurae","tuberous","germplasm",24,"SŠrkinen","","","1.88","FCM","Petota","3"
NA,6456,NA,7374,"CIP 760953","","",-5.2403,-79.4486,1949,"piurae","piurae","tuberous","germplasm",24,"SŠrkinen","","","1.88","FCM","Petota","3"
NA,6457,NA,7375,"76835","","",-4.93333,-79.9167,0,"piurae","piurae","tuberous","wild",24,"SŠrkinen","","","1.88","FCM","Petota","3"
NA,6459,NA,7377,"81642","","",-5.36667,-79.8167,3000,"piurae","piurae","tuberous","wild",24,"SŠrkinen","","","1.88","FCM","Petota","3"
NA,6461,NA,7379,"81277","","",-5.04361,-79.7322,3060,"piurae","piurae","tuberous","wild",24,"SŠrkinen","","","1.88","FCM","Petota","3"
NA,6467,NA,7384,"CIP 760724","","",19.7,-101.1167,1995,"polyadenium","polyadenium","tuberous","germplasm",24,"SŠrkinen","","","1.38","FCM","Petota","1+2"
NA,6469,NA,7386,"CIP 761911","","",20.3833,-100,1920,"polyadenium","polyadenium","tuberous","germplasm",24,"SŠrkinen","","","1.38","FCM","Petota","1+2"
NA,6470,NA,7387,"CIP 760725","","",19.3,-97.6333,2510,"polyadenium","polyadenium","tuberous","germplasm",24,"SŠrkinen","","","1.38","FCM","Petota","1+2"
NA,6471,NA,7388,"CIP 760726","","",18.85,-97.1,1238,"polyadenium","polyadenium","tuberous","germplasm",24,"SŠrkinen","","","1.38","FCM","Petota","1+2"
NA,6472,NA,7389,"89270","","",18.9901,-97.2442,2195,"polyadenium","polyadenium","tuberous","wild",24,"SŠrkinen","","","1.38","FCM","Petota","1+2"
NA,6473,NA,7390,"90510","","",19.95,-100.96,1950,"polyadenium","polyadenium","tuberous","wild",24,"SŠrkinen","","","1.38","FCM","Petota","1+2"
NA,6474,NA,7391,"89275","","",18.15,-96.85,2120,"polyadenium","polyadenium","tuberous","wild",24,"SŠrkinen","","","1.38","FCM","Petota","1+2"
NA,6475,NA,7392,"90208","","",17.15,-96.02,1900,"polyadenium","polyadenium","tuberous","wild",24,"SŠrkinen","","","1.38","FCM","Petota","1+2"
NA,6476,NA,7393,"90526","","",20.766,-99.46,2100,"polyadenium","polyadenium","tuberous","wild",24,"SŠrkinen","","","1.38","FCM","Petota","1+2"
NA,6477,NA,7394,"88947","","",19.62,-100.7,1950,"polyadenium","polyadenium","tuberous","wild",24,"SŠrkinen","","","1.38","FCM","Petota","1+2"
NA,6478,NA,7395,"89030","","",19.36,-101.21,1950,"polyadenium","polyadenium","tuberous","wild",24,"SŠrkinen","","","1.38","FCM","Petota","1+2"
NA,6479,NA,7396,"82600","","",19.375,-97.48,2210,"polyadenium","polyadenium","tuberous","wild",24,"SŠrkinen","","","1.38","FCM","Petota","1+2"
NA,6481,NA,7398,"89149","","",19.033,-100.05,2750,"polyadenium","polyadenium","tuberous","wild",24,"SŠrkinen","","","1.38","FCM","Petota","1+2"
NA,6482,NA,7399,"91428","","",20.2,-99.56,2150,"polyadenium","polyadenium","tuberous","wild",24,"SŠrkinen","","","1.38","FCM","Petota","1+2"
NA,6483,NA,7400,"89988","","",19.35,-103.34,2725,"polyadenium","polyadenium","tuberous","wild",24,"SŠrkinen","","","1.38","FCM","Petota","1+2"
NA,6484,NA,7401,"90250","","",19.18,-97.38,2510,"polyadenium","polyadenium","tuberous","wild",24,"SŠrkinen","","","1.38","FCM","Petota","1+2"
NA,6485,NA,7402,"90917","","",21,-99.08,2400,"polyadenium","polyadenium","tuberous","wild",24,"SŠrkinen","","","1.38","FCM","Petota","1+2"
NA,6487,NA,7404,"89908","","",18.1,-97.02,2120,"polyadenium","polyadenium","tuberous","wild",24,"SŠrkinen","","","1.38","FCM","Petota","1+2"
NA,6488,NA,7405,"77888","","",19.8166,-98.6,2650,"polyadenium","polyadenium","tuberous","wild",24,"SŠrkinen","","","1.38","FCM","Petota","1+2"
NA,6490,NA,7407,"89137","","",19.44,-101.37,0,"polyadenium","polyadenium","tuberous","wild",24,"SŠrkinen","","","1.38","FCM","Petota","1+2"
NA,6491,NA,7408,"82696","","",19.51838,-99.19026,2311,"polyadenium","polyadenium","tuberous","wild",24,"SŠrkinen","","","1.38","FCM","Petota","1+2"
NA,6492,NA,7409,"77886","","",20.3329,-103.412,1900,"polyadenium","polyadenium","tuberous","wild",24,"SŠrkinen","","","1.38","FCM","Petota","1+2"
NA,6493,NA,7410,"88801","","",19.95,-99.3,2150,"polyadenium","polyadenium","tuberous","wild",24,"SŠrkinen","","","1.38","FCM","Petota","1+2"
NA,6494,NA,7411,"PI 161728","","",19.733333,-101.616667,NA,"polyadenium","polyadenium","tuberous","germplasm",24,"SŠrkinen","","","1.38","FCM","Petota","1+2"
NA,6678,NA,7642,"CIP 761928","","",19.0375,-97.8161,2520,"schenckii","schenckii","tuberous","germplasm",72,"SŠrkinen","","","4.64","FCM","Petota","4 South"
NA,6679,NA,7643,"CIP 761885","","",17.2667,-97.6833,2055,"schenckii","schenckii","tuberous","germplasm",72,"SŠrkinen","","","4.64","FCM","Petota","4 South"
NA,6681,NA,7645,"CIP 761887","","",16.9497,-96.4361,2770,"schenckii","schenckii","tuberous","germplasm",72,"SŠrkinen","","","4.64","FCM","Petota","4 South"
NA,6682,NA,7646,"88749","","",21.06,-99.42,2900,"schenckii","schenckii","tuberous","wild",72,"SŠrkinen","","","4.64","FCM","Petota","4 South"
NA,6683,NA,7647,"88964","","",18.8666,-97.4,2420,"schenckii","schenckii","tuberous","wild",72,"SŠrkinen","","","4.64","FCM","Petota","4 South"
NA,6684,NA,7648,"91219","","",16.1,-96.15,3500,"schenckii","schenckii","tuberous","wild",72,"SŠrkinen","","","4.64","FCM","Petota","4 South"
NA,6687,NA,7651,"89014","","",17.16,-97.41,2750,"schenckii","schenckii","tuberous","wild",72,"SŠrkinen","","","4.64","FCM","Petota","4 South"
NA,6688,NA,7652,"90785","","",19.8833,-97.5833,0,"schenckii","schenckii","tuberous","wild",72,"SŠrkinen","","","4.64","FCM","Petota","4 South"
NA,6689,NA,7653,"88828","","",18.51,-97.21,2470,"schenckii","schenckii","tuberous","wild",72,"SŠrkinen","","","4.64","FCM","Petota","4 South"
NA,6690,NA,7654,"88671","","",17.1734,-96.7478,0,"schenckii","schenckii","tuberous","wild",72,"SŠrkinen","","","4.64","FCM","Petota","4 South"
NA,6691,NA,7655,"89904","","",17.0944,-93.3502,2720,"schenckii","schenckii","tuberous","wild",72,"SŠrkinen","","","4.64","FCM","Petota","4 South"
NA,6693,NA,7657,"90405","","",17.23,-97.52,1780,"schenckii","schenckii","tuberous","wild",72,"SŠrkinen","","","4.64","FCM","Petota","4 South"
NA,6694,NA,7658,"PI 498250","","",16.283333,-97.683333,NA,"schenckii","schenckii","tuberous","germplasm",72,"SŠrkinen","","","4.64","FCM","Petota","4 South"
NA,6698,NA,7710,"CIP 763104","","",28.2167,-106.5667,1680,"stenophyllidium","stenophyllidium","tuberous","germplasm",24,"SŠrkinen","","","1.77","FCM","Petota","1+2"
NA,6699,NA,7711,"CIP 761915","","",28.8183,-106.4539,1775,"stenophyllidium","stenophyllidium","tuberous","germplasm",24,"SŠrkinen","","","1.77","FCM","Petota","1+2"
NA,6700,NA,7712,"CIP 761917","","",28.85,-106.3333,1650,"stenophyllidium","stenophyllidium","tuberous","germplasm",24,"SŠrkinen","","","1.77","FCM","Petota","1+2"
NA,6701,NA,7713,"CIP 761927","","",28.2167,-105.3167,1228,"stenophyllidium","stenophyllidium","tuberous","germplasm",24,"SŠrkinen","","","1.77","FCM","Petota","1+2"
NA,6702,NA,7714,"CIP 763781","","",21,-103.4167,1547,"stenophyllidium","stenophyllidium","tuberous","germplasm",24,"SŠrkinen","","","1.77","FCM","Petota","1+2"
NA,6703,NA,7715,"CIP 763860","","",21.95,-102.5833,NA,"stenophyllidium","stenophyllidium","tuberous","germplasm",24,"SŠrkinen","","","1.77","FCM","Petota","1+2"
NA,6705,NA,7717,"CIP 763859","","",22.3167,-102.45,NA,"stenophyllidium","stenophyllidium","tuberous","germplasm",24,"SŠrkinen","","","1.77","FCM","Petota","1+2"
NA,6706,NA,7718,"CIP 761891","","",19.0075,-99.2308,NA,"stenophyllidium","stenophyllidium","tuberous","germplasm",24,"SŠrkinen","","","1.77","FCM","Petota","1+2"
NA,6707,NA,7719,"89896","","",20.35,-103.39,1440,"stenophyllidium","stenophyllidium","tuberous","wild",24,"SŠrkinen","","","1.77","FCM","Petota","1+2"
NA,6709,NA,7721,"89110","","",21.87,-102.44,2200,"stenophyllidium","stenophyllidium","tuberous","wild",24,"SŠrkinen","","","1.77","FCM","Petota","1+2"
NA,6711,NA,7723,"88722","","",27.45,-106.035,1750,"stenophyllidium","stenophyllidium","tuberous","wild",24,"SŠrkinen","","","1.77","FCM","Petota","1+2"
NA,6714,NA,7726,"89678","","",22.216,-103.1,2100,"stenophyllidium","stenophyllidium","tuberous","wild",24,"SŠrkinen","","","1.77","FCM","Petota","1+2"
NA,6715,NA,7727,"89517","","",30.6059,-108.676,1463,"stenophyllidium","stenophyllidium","tuberous","wild",24,"SŠrkinen","","","1.77","FCM","Petota","1+2"
NA,6716,NA,7728,"91524","","",22.466,-104.733,0,"stenophyllidium","stenophyllidium","tuberous","wild",24,"SŠrkinen","","","1.77","FCM","Petota","1+2"
NA,6717,NA,7729,"90550","","",28.8,-106.686,1780,"stenophyllidium","stenophyllidium","tuberous","wild",24,"SŠrkinen","","","1.77","FCM","Petota","1+2"
NA,6718,NA,7730,"88770","","",29.08,-106.05,2150,"stenophyllidium","stenophyllidium","tuberous","wild",24,"SŠrkinen","","","1.77","FCM","Petota","1+2"
NA,6719,NA,7731,"89879","","",21.5513,-102.3419,2100,"stenophyllidium","stenophyllidium","tuberous","wild",24,"SŠrkinen","","","1.77","FCM","Petota","1+2"
NA,6720,NA,7732,"88876","","",26.3271,-106.361,1800,"stenophyllidium","stenophyllidium","tuberous","wild",24,"SŠrkinen","","","1.77","FCM","Petota","1+2"
NA,6721,NA,7733,"89737","","",21.17,-101.51,2050,"stenophyllidium","stenophyllidium","tuberous","wild",24,"SŠrkinen","","","1.77","FCM","Petota","1+2"
NA,6722,NA,7734,"91109","","",28.08,-106.2,1640,"stenophyllidium","stenophyllidium","tuberous","wild",24,"SŠrkinen","","","1.77","FCM","Petota","1+2"
NA,6723,NA,7735,"90960","","",27.27,-105.5,2100,"stenophyllidium","stenophyllidium","tuberous","wild",24,"SŠrkinen","","","1.77","FCM","Petota","1+2"
NA,6724,NA,7736,"88719","","",22.45,-102.35,2164,"stenophyllidium","stenophyllidium","tuberous","wild",24,"SŠrkinen","","","1.77","FCM","Petota","1+2"
NA,6725,NA,7737,"88693","","",22.19,-102.27,2420,"stenophyllidium","stenophyllidium","tuberous","wild",24,"SŠrkinen","","","1.77","FCM","Petota","1+2"
NA,6726,NA,7738,"90330","","",19.6467,-101.527,2000,"stenophyllidium","stenophyllidium","tuberous","wild",24,"SŠrkinen","","","1.77","FCM","Petota","1+2"
NA,6727,NA,7739,"88976","","",23.38,-104.42,2350,"stenophyllidium","stenophyllidium","tuberous","wild",24,"SŠrkinen","","","1.77","FCM","Petota","1+2"
NA,6729,NA,7741,"90334","","",19.9095,-99.8416,2550,"stenophyllidium","stenophyllidium","tuberous","wild",24,"SŠrkinen","","","1.77","FCM","Petota","1+2"
NA,6730,NA,7742,"88875","","",26.02,-105.7,2300,"stenophyllidium","stenophyllidium","tuberous","wild",24,"SŠrkinen","","","1.77","FCM","Petota","1+2"
NA,6731,NA,7743,"90270","","",21.38,-103.06,2160,"stenophyllidium","stenophyllidium","tuberous","wild",24,"SŠrkinen","","","1.77","FCM","Petota","1+2"
NA,6732,NA,7744,"88718","","",29.442,-106.518,0,"stenophyllidium","stenophyllidium","tuberous","wild",24,"SŠrkinen","","","1.77","FCM","Petota","1+2"
NA,6733,NA,7745,"90269","","",21.35,-102.51,2460,"stenophyllidium","stenophyllidium","tuberous","wild",24,"SŠrkinen","","","1.77","FCM","Petota","1+2"
NA,6734,NA,7746,"89024","","",29.08,-106.2,0,"stenophyllidium","stenophyllidium","tuberous","wild",24,"SŠrkinen","","","1.77","FCM","Petota","1+2"
NA,6735,NA,7747,"90344","","",22.4666,-102.817,2100,"stenophyllidium","stenophyllidium","tuberous","wild",24,"SŠrkinen","","","1.77","FCM","Petota","1+2"
NA,6736,NA,7748,"88871","","",26.17,-106,2250,"stenophyllidium","stenophyllidium","tuberous","wild",24,"SŠrkinen","","","1.77","FCM","Petota","1+2"
NA,6737,NA,7749,"91516","","",30.5333,-109.633,0,"stenophyllidium","stenophyllidium","tuberous","wild",24,"SŠrkinen","","","1.77","FCM","Petota","1+2"
NA,6738,NA,7750,"90667","","",23.4833,-102.867,0,"stenophyllidium","stenophyllidium","tuberous","wild",24,"SŠrkinen","","","1.77","FCM","Petota","1+2"
NA,6739,NA,7751,"88960","","",19.55,-102,0,"stenophyllidium","stenophyllidium","tuberous","wild",24,"SŠrkinen","","","1.77","FCM","Petota","1+2"
NA,6740,NA,7752,"88457","","",20.7854,-103.534,1500,"stenophyllidium","stenophyllidium","tuberous","wild",24,"SŠrkinen","","","1.77","FCM","Petota","1+2"
NA,6741,NA,7753,"88562","","",28.85,-106.9,2073,"stenophyllidium","stenophyllidium","tuberous","wild",24,"SŠrkinen","","","1.77","FCM","Petota","1+2"
NA,6742,NA,7754,"90630","","",28.6166,-105.85,0,"stenophyllidium","stenophyllidium","tuberous","wild",24,"SŠrkinen","","","1.77","FCM","Petota","1+2"
NA,6743,NA,7755,"88739","","",22.3,-104.46,2180,"stenophyllidium","stenophyllidium","tuberous","wild",24,"SŠrkinen","","","1.77","FCM","Petota","1+2"
NA,6744,NA,7756,"91182","","",29.423,-107.353,2000,"stenophyllidium","stenophyllidium","tuberous","wild",24,"SŠrkinen","","","1.77","FCM","Petota","1+2"
NA,6745,NA,7757,"90949","","",23.1,-102.53,2150,"stenophyllidium","stenophyllidium","tuberous","wild",24,"SŠrkinen","","","1.77","FCM","Petota","1+2"
NA,6746,NA,7758,"90601","","",20.66,-103.33,0,"stenophyllidium","stenophyllidium","tuberous","wild",24,"SŠrkinen","","","1.77","FCM","Petota","1+2"
NA,6747,NA,7759,"88972","","",20.86,-103.25,1380,"stenophyllidium","stenophyllidium","tuberous","wild",24,"SŠrkinen","","","1.77","FCM","Petota","1+2"
NA,6748,NA,7760,"587123","","",28.454204,-105.720406,NA,"stenophyllidium","stenophyllidium","tuberous","germplasm",24,"SŠrkinen","","","1.77","FCM","Petota","1+2"
NA,6761,NA,7773,"CIP 761281","","",-15.7667,-68.6333,3550,"stipuloideum","stipuloideum","tuberous","germplasm",24,"SŠrkinen","","","1.78","FCM","Petota","4 South"
NA,6763,NA,7775,"CIP 761030","","",-17.0333,-67.25,4465,"stipuloideum","stipuloideum","tuberous","germplasm",24,"SŠrkinen","","","1.78","FCM","Petota","4 South"
NA,6765,NA,7777,"CIP 760450","","",-17.0667,-66.8167,3056,"stipuloideum","stipuloideum","tuberous","germplasm",24,"SŠrkinen","","","1.78","FCM","Petota","4 South"
NA,6768,NA,7780,"CIP 763111","","",-17.65,-66.6333,4368,"stipuloideum","stipuloideum","tuberous","germplasm",24,"SŠrkinen","","","1.78","FCM","Petota","4 South"
NA,6769,NA,7781,"CIP 760435","","",-17.1775,-64.885,2650,"stipuloideum","stipuloideum","tuberous","germplasm",24,"SŠrkinen","","","1.78","FCM","Petota","4 South"
NA,6770,NA,7782,"CIP 762522","","",-16.7081,-64.6617,NA,"stipuloideum","stipuloideum","tuberous","germplasm",24,"SŠrkinen","","","1.78","FCM","Petota","4 South"
NA,6771,NA,7783,"CIP 760431","","",-18.4897,-64.1069,2017,"stipuloideum","stipuloideum","tuberous","germplasm",24,"SŠrkinen","","","1.78","FCM","Petota","4 South"
NA,6772,NA,7784,"161664","","",-18.69889,-64.88861,2575,"stipuloideum","stipuloideum","tuberous","wild",24,"SŠrkinen","","","1.78","FCM","Petota","4 South"
NA,6776,NA,7788,"77200","","",-17.1667,-66.4167,3800,"stipuloideum","stipuloideum","tuberous","wild",24,"SŠrkinen","","","1.78","FCM","Petota","4 South"
NA,6777,NA,7789,"84054","","",-16.6167,-67.6833,0,"stipuloideum","stipuloideum","tuberous","wild",24,"SŠrkinen","","","1.78","FCM","Petota","4 South"
NA,6778,NA,7790,"87625","","",-17.6315,-66.95643,3800,"stipuloideum","stipuloideum","tuberous","wild",24,"SŠrkinen","","","1.78","FCM","Petota","4 South"
NA,6779,NA,7791,"85547","","",-17.5,-65.46667,0,"stipuloideum","stipuloideum","tuberous","wild",24,"SŠrkinen","","","1.78","FCM","Petota","4 South"
NA,6780,NA,7792,"81757","","",-18.0833,-64.15,2200,"stipuloideum","stipuloideum","tuberous","wild",24,"SŠrkinen","","","1.78","FCM","Petota","4 South"
NA,6781,NA,7793,"161663","","",-18.11556,-65.77417,2464,"stipuloideum","stipuloideum","tuberous","wild",24,"SŠrkinen","","","1.78","FCM","Petota","4 South"
NA,6784,NA,7796,"87072","","",-17.85,-66.11667,2500,"stipuloideum","stipuloideum","tuberous","wild",24,"SŠrkinen","","","1.78","FCM","Petota","4 South"
NA,6785,NA,7797,"80219","","",-19.4292,-64.6977,3361,"stipuloideum","stipuloideum","tuberous","wild",24,"SŠrkinen","","","1.78","FCM","Petota","4 South"
NA,6786,NA,7798,"77261","","",-17.3833,-66.35,3300,"stipuloideum","stipuloideum","tuberous","wild",24,"SŠrkinen","","","1.78","FCM","Petota","4 South"
NA,6788,NA,7800,"82734","","",-15.4167,-68.6333,3050,"stipuloideum","stipuloideum","tuberous","wild",24,"SŠrkinen","","","1.78","FCM","Petota","4 South"
NA,6789,NA,7801,"54736","","",-19.88604,-65.66527,3700,"stipuloideum","stipuloideum","tuberous","wild",24,"SŠrkinen","","","1.78","FCM","Petota","4 South"
NA,6790,NA,7802,"967","","",-17.87789,-65.93096,2800,"stipuloideum","stipuloideum","tuberous","wild",24,"SŠrkinen","","","1.78","FCM","Petota","4 South"
NA,6791,NA,7803,"161658","","",-18.70028,-64.26361,1740,"stipuloideum","stipuloideum","tuberous","wild",24,"SŠrkinen","","","1.78","FCM","Petota","4 South"
NA,6792,NA,7804,"77645","","",-17.3667,-66.05,3100,"stipuloideum","stipuloideum","tuberous","wild",24,"SŠrkinen","","","1.78","FCM","Petota","4 South"
NA,6793,NA,7805,"77637","","",-16.1833,-68.3833,2750,"stipuloideum","stipuloideum","tuberous","wild",24,"SŠrkinen","","","1.78","FCM","Petota","4 South"
NA,6794,NA,7806,"86968","","",-15.5833,-68.7167,3000,"stipuloideum","stipuloideum","tuberous","wild",24,"SŠrkinen","","","1.78","FCM","Petota","4 South"
NA,6795,NA,7807,"82140","","",-17.3833,-66.15,2600,"stipuloideum","stipuloideum","tuberous","wild",24,"SŠrkinen","","","1.78","FCM","Petota","4 South"
NA,6796,NA,7808,"88132","","",-17.56667,-65.01667,3000,"stipuloideum","stipuloideum","tuberous","wild",24,"SŠrkinen","","","1.78","FCM","Petota","4 South"
NA,6797,NA,7809,"77128","","",-16.8333,-67.3167,3000,"stipuloideum","stipuloideum","tuberous","wild",24,"SŠrkinen","","","1.78","FCM","Petota","4 South"
NA,6798,NA,7810,"77632","","",-17.6833,-64.1333,2900,"stipuloideum","stipuloideum","tuberous","wild",24,"SŠrkinen","","","1.78","FCM","Petota","4 South"
NA,6799,NA,7811,"85540","","",-18.1667,-65,0,"stipuloideum","stipuloideum","tuberous","wild",24,"SŠrkinen","","","1.78","FCM","Petota","4 South"
NA,6800,NA,7812,"77641","","",-16.8333,-67.6333,3660,"stipuloideum","stipuloideum","tuberous","wild",24,"SŠrkinen","","","1.78","FCM","Petota","4 South"
NA,6801,NA,7813,"77649","","",-17.65,-66,3000,"stipuloideum","stipuloideum","tuberous","wild",24,"SŠrkinen","","","1.78","FCM","Petota","4 South"
NA,6802,NA,7814,"77644","","",-17.6333,-66.4833,3550,"stipuloideum","stipuloideum","tuberous","wild",24,"SŠrkinen","","","1.78","FCM","Petota","4 South"
NA,6803,NA,7815,"68311","","",-17.7333,-66.7167,3510,"stipuloideum","stipuloideum","tuberous","wild",24,"SŠrkinen","","","1.78","FCM","Petota","4 South"
NA,6804,NA,7816,"77631","","",-17.7667,-64.6833,2650,"stipuloideum","stipuloideum","tuberous","wild",24,"SŠrkinen","","","1.78","FCM","Petota","4 South"
NA,6805,NA,7817,"86121","","",-16.5,-66.5833,3900,"stipuloideum","stipuloideum","tuberous","wild",24,"SŠrkinen","","","1.78","FCM","Petota","4 South"
NA,6806,NA,7818,"80271","","",-17.7462,-65.2034,2800,"stipuloideum","stipuloideum","tuberous","wild",24,"SŠrkinen","","","1.78","FCM","Petota","4 South"
NA,6807,NA,7819,"82616","","",-17.5,-65.6667,2740,"stipuloideum","stipuloideum","tuberous","wild",24,"SŠrkinen","","","1.78","FCM","Petota","4 South"
NA,6808,NA,7820,"77648","","",-17.6,-66.8333,3000,"stipuloideum","stipuloideum","tuberous","wild",24,"SŠrkinen","","","1.78","FCM","Petota","4 South"
NA,6809,NA,7821,"84315","","",-16.9333,-66.7,3350,"stipuloideum","stipuloideum","tuberous","wild",24,"SŠrkinen","","","1.78","FCM","Petota","4 South"
NA,6810,NA,7822,"77642","","",-17.1667,-66.5167,2600,"stipuloideum","stipuloideum","tuberous","wild",24,"SŠrkinen","","","1.78","FCM","Petota","4 South"
NA,6811,NA,7823,"77130","","",-17.1167,-66.9333,3000,"stipuloideum","stipuloideum","tuberous","wild",24,"SŠrkinen","","","1.78","FCM","Petota","4 South"
NA,6825,NA,7837,"CIP 762780","","",32.0969,-111.7869,2320,"stoloniferum","stoloniferum","tuberous","germplasm",48,"SŠrkinen","","","3.33","FCM","Petota","4 South"
NA,6826,NA,7838,"CIP 762781","","",31.5244,-110.8442,2700,"stoloniferum","stoloniferum","tuberous","germplasm",48,"SŠrkinen","","","3.33","FCM","Petota","4 South"
NA,6827,NA,7839,"CIP 763782","","",23.5333,-110.0167,1875,"stoloniferum","stoloniferum","tuberous","germplasm",48,"SŠrkinen","","","3.33","FCM","Petota","4 South"
NA,6829,NA,7841,"CIP 762782","","",32.9333,-109.8869,962,"stoloniferum","stoloniferum","tuberous","germplasm",48,"SŠrkinen","","","3.33","FCM","Petota","4 South"
NA,6830,NA,7842,"CIP 762760","","",31.8783,-109.7492,2120,"stoloniferum","stoloniferum","tuberous","germplasm",48,"SŠrkinen","","","3.33","FCM","Petota","4 South"
NA,6833,NA,7845,"CIP 762773","","",33.8306,-108.625,2500,"stoloniferum","stoloniferum","tuberous","germplasm",48,"SŠrkinen","","","3.33","FCM","Petota","4 South"
NA,6834,NA,7846,"CIP 762771","","",33.9183,-108.4033,2100,"stoloniferum","stoloniferum","tuberous","germplasm",48,"SŠrkinen","","","3.33","FCM","Petota","4 South"
NA,6837,NA,7849,"CIP 761920","","",29.1939,-108.1461,2300,"stoloniferum","stoloniferum","tuberous","germplasm",48,"SŠrkinen","","","3.33","FCM","Petota","4 South"
NA,6840,NA,7852,"CIP 761925","","",28.3333,-107.85,1983,"stoloniferum","stoloniferum","tuberous","germplasm",48,"SŠrkinen","","","3.33","FCM","Petota","4 South"
NA,6841,NA,7853,"CIP 763854","","",28.2333,-107.45,NA,"stoloniferum","stoloniferum","tuberous","germplasm",48,"SŠrkinen","","","3.33","FCM","Petota","4 South"
NA,6842,NA,7854,"CIP 761926","","",28.2,-107.35,2218,"stoloniferum","stoloniferum","tuberous","germplasm",48,"SŠrkinen","","","3.33","FCM","Petota","4 South"
NA,6843,NA,7855,"CIP 761017","","",30.8333,-107.3167,1235,"stoloniferum","stoloniferum","tuberous","germplasm",48,"SŠrkinen","","","3.33","FCM","Petota","4 South"
NA,6844,NA,7856,"CIP 761924","","",27.85,-107.0333,2198,"stoloniferum","stoloniferum","tuberous","germplasm",48,"SŠrkinen","","","3.33","FCM","Petota","4 South"
NA,6845,NA,7857,"CIP 763853","","",25.4333,-107,NA,"stoloniferum","stoloniferum","tuberous","germplasm",48,"SŠrkinen","","","3.33","FCM","Petota","4 South"
NA,6846,NA,7858,"CIP 761922","","",31.7,-106.6833,1238,"stoloniferum","stoloniferum","tuberous","germplasm",48,"SŠrkinen","","","3.33","FCM","Petota","4 South"
NA,6848,NA,7860,"CIP 763103","","",28.2167,-106.5667,1680,"stoloniferum","stoloniferum","tuberous","germplasm",48,"SŠrkinen","","","3.33","FCM","Petota","4 South"
NA,6849,NA,7861,"CIP 763864","","",34.4217,-106.1078,NA,"stoloniferum","stoloniferum","tuberous","germplasm",48,"SŠrkinen","","","3.33","FCM","Petota","4 South"
NA,6850,NA,7862,"CIP 762764","","",32.6147,-105.7389,2620,"stoloniferum","stoloniferum","tuberous","germplasm",48,"SŠrkinen","","","3.33","FCM","Petota","4 South"
NA,6857,NA,7869,"CIP 762775","","",33.7464,-105.4564,2400,"stoloniferum","stoloniferum","tuberous","germplasm",48,"SŠrkinen","","","3.33","FCM","Petota","4 South"
NA,6858,NA,7870,"CIP 766104","","",26.26666667,-105.45,NA,"stoloniferum","stoloniferum","tuberous","germplasm",48,"SŠrkinen","","","3.33","FCM","Petota","4 South"
NA,6859,NA,7871,"CIP 763337","","",21.9833,-103.225,2550,"stoloniferum","stoloniferum","tuberous","germplasm",48,"SŠrkinen","","","3.33","FCM","Petota","4 South"
NA,6860,NA,7872,"CIP 766103","","",23.5,-103.1666667,2350,"stoloniferum","stoloniferum","tuberous","germplasm",48,"SŠrkinen","","","3.33","FCM","Petota","4 South"
NA,6861,NA,7873,"CIP 766115","","",23.08333333,-103.1666667,NA,"stoloniferum","stoloniferum","tuberous","germplasm",48,"SŠrkinen","","","3.33","FCM","Petota","4 South"
NA,6862,NA,7874,"CIP 763336","","",19.1972,-101.887,2840,"stoloniferum","stoloniferum","tuberous","germplasm",48,"SŠrkinen","","","3.33","FCM","Petota","4 South"
NA,6863,NA,7875,"CIP 760738","","",19.7,-101.1167,1995,"stoloniferum","stoloniferum","tuberous","germplasm",48,"SŠrkinen","","","3.33","FCM","Petota","4 South"
NA,6864,NA,7876,"CIP 761904","","",20.6,-100.3833,1831,"stoloniferum","stoloniferum","tuberous","germplasm",48,"SŠrkinen","","","3.33","FCM","Petota","4 South"
NA,6867,NA,7879,"CIP 766021","","",24.86666667,-100.2166667,NA,"stoloniferum","stoloniferum","tuberous","germplasm",48,"SŠrkinen","","","3.33","FCM","Petota","4 South"
NA,6868,NA,7880,"CIP 761015","","",20.3833,-100,1920,"stoloniferum","stoloniferum","tuberous","germplasm",48,"SŠrkinen","","","3.33","FCM","Petota","4 South"
NA,6873,NA,7885,"CIP 763819","","",19.1667,-99.8333,2680,"stoloniferum","stoloniferum","tuberous","germplasm",48,"SŠrkinen","","","3.33","FCM","Petota","4 South"
NA,6874,NA,7886,"CIP 760732","","",19.3,-99.65,2680,"stoloniferum","stoloniferum","tuberous","germplasm",48,"SŠrkinen","","","3.33","FCM","Petota","4 South"
NA,6876,NA,7888,"CIP 761884","","",17.2667,-97.6833,2055,"stoloniferum","stoloniferum","tuberous","germplasm",48,"SŠrkinen","","","3.33","FCM","Petota","4 South"
NA,6877,NA,7889,"CIP 761062","","",16.9497,-96.4361,2275,"stoloniferum","stoloniferum","tuberous","germplasm",48,"SŠrkinen","","","3.33","FCM","Petota","4 South"
NA,6878,NA,7890,"90216","","",28.7333,-107.95,2070,"stoloniferum","stoloniferum","tuberous","wild",48,"SŠrkinen","","","3.33","FCM","Petota","4 South"
NA,6879,NA,7891,"91044","","",34.1324,-108.323,2220,"stoloniferum","stoloniferum","tuberous","wild",48,"SŠrkinen","","","3.33","FCM","Petota","4 South"
NA,6880,NA,7892,"90348","","",26.95,-106.02,1676,"stoloniferum","stoloniferum","tuberous","wild",48,"SŠrkinen","","","3.33","FCM","Petota","4 South"
NA,6881,NA,7893,"90128","","",21.8666,-102.433,0,"stoloniferum","stoloniferum","tuberous","wild",48,"SŠrkinen","","","3.33","FCM","Petota","4 South"
NA,6882,NA,7894,"88764","","",19.35,-98.35,3100,"stoloniferum","stoloniferum","tuberous","wild",48,"SŠrkinen","","","3.33","FCM","Petota","4 South"
NA,6883,NA,7895,"88561","","",30.3825,-104.1038,2300,"stoloniferum","stoloniferum","tuberous","wild",48,"SŠrkinen","","","3.33","FCM","Petota","4 South"
NA,6884,NA,7896,"89833","","",19.8747,-100.462,2120,"stoloniferum","stoloniferum","tuberous","wild",48,"SŠrkinen","","","3.33","FCM","Petota","4 South"
NA,6885,NA,7897,"89032","","",16.2,-96.733,2375,"stoloniferum","stoloniferum","tuberous","wild",48,"SŠrkinen","","","3.33","FCM","Petota","4 South"
NA,6886,NA,7898,"88523","","",34.0224,-109.3351,2743,"stoloniferum","stoloniferum","tuberous","wild",48,"SŠrkinen","","","3.33","FCM","Petota","4 South"
NA,6887,NA,7899,"89617","","",23.47,-105.22,2620,"stoloniferum","stoloniferum","tuberous","wild",48,"SŠrkinen","","","3.33","FCM","Petota","4 South"
NA,6888,NA,7900,"91178","","",22.1,-101.09,2210,"stoloniferum","stoloniferum","tuberous","wild",48,"SŠrkinen","","","3.33","FCM","Petota","4 South"
NA,6889,NA,7901,"88572","","",34.2004,-110.5644,0,"stoloniferum","stoloniferum","tuberous","wild",48,"SŠrkinen","","","3.33","FCM","Petota","4 South"
NA,6890,NA,7902,"90347","","",26.71,-105.6,1920,"stoloniferum","stoloniferum","tuberous","wild",48,"SŠrkinen","","","3.33","FCM","Petota","4 South"
NA,6891,NA,7903,"90893","","",19.58,-99.52,2650,"stoloniferum","stoloniferum","tuberous","wild",48,"SŠrkinen","","","3.33","FCM","Petota","4 South"
NA,6893,NA,7905,"25795","","",31.4351,-110.348,0,"stoloniferum","stoloniferum","tuberous","wild",48,"SŠrkinen","","","3.33","FCM","Petota","4 South"
NA,6894,NA,7906,"89026","","",20.38,-100.56,1940,"stoloniferum","stoloniferum","tuberous","wild",48,"SŠrkinen","","","3.33","FCM","Petota","4 South"
NA,6895,NA,7907,"89538","","",20.915,-101.31,0,"stoloniferum","stoloniferum","tuberous","wild",48,"SŠrkinen","","","3.33","FCM","Petota","4 South"
NA,6896,NA,7908,"89618","","",24.33,-104.06,2810,"stoloniferum","stoloniferum","tuberous","wild",48,"SŠrkinen","","","3.33","FCM","Petota","4 South"
NA,6897,NA,7909,"89528","","",33.0529,-107.5735,2591,"stoloniferum","stoloniferum","tuberous","wild",48,"SŠrkinen","","","3.33","FCM","Petota","4 South"
NA,6898,NA,7910,"89231","","",22.2166,-100.767,2050,"stoloniferum","stoloniferum","tuberous","wild",48,"SŠrkinen","","","3.33","FCM","Petota","4 South"
NA,6899,NA,7911,"90126","","",21.1466,-101.013,2250,"stoloniferum","stoloniferum","tuberous","wild",48,"SŠrkinen","","","3.33","FCM","Petota","4 South"
NA,6900,NA,7912,"88844","","",23.24,-103.51,0,"stoloniferum","stoloniferum","tuberous","wild",48,"SŠrkinen","","","3.33","FCM","Petota","4 South"
NA,6901,NA,7913,"89356","","",21.105,-101.135,2580,"stoloniferum","stoloniferum","tuberous","wild",48,"SŠrkinen","","","3.33","FCM","Petota","4 South"
NA,6902,NA,7914,"89881","","",27.0617,-102.3052,2370,"stoloniferum","stoloniferum","tuberous","wild",48,"SŠrkinen","","","3.33","FCM","Petota","4 South"
NA,6903,NA,7915,"90607","","",33.1024,-108.0943,1829,"stoloniferum","stoloniferum","tuberous","wild",48,"SŠrkinen","","","3.33","FCM","Petota","4 South"
NA,6905,NA,7917,"90276","","",22.39,-101.57,2160,"stoloniferum","stoloniferum","tuberous","wild",48,"SŠrkinen","","","3.33","FCM","Petota","4 South"
NA,6907,NA,7919,"90265","","",20.51,-101.24,2250,"stoloniferum","stoloniferum","tuberous","wild",48,"SŠrkinen","","","3.33","FCM","Petota","4 South"
NA,6908,NA,7920,"89527","","",27.2505,-103.684,0,"stoloniferum","stoloniferum","tuberous","wild",48,"SŠrkinen","","","3.33","FCM","Petota","4 South"
NA,6909,NA,7921,"90345","","",24.03,-104.834,0,"stoloniferum","stoloniferum","tuberous","wild",48,"SŠrkinen","","","3.33","FCM","Petota","4 South"
NA,6910,NA,7922,"89748","","",19.0666,-98.4833,2620,"stoloniferum","stoloniferum","tuberous","wild",48,"SŠrkinen","","","3.33","FCM","Petota","4 South"
NA,6911,NA,7923,"77891","","",19.7,-98.75,2450,"stoloniferum","stoloniferum","tuberous","wild",48,"SŠrkinen","","","3.33","FCM","Petota","4 South"
NA,6912,NA,7924,"90346","","",26.216,-106.65,2713,"stoloniferum","stoloniferum","tuberous","wild",48,"SŠrkinen","","","3.33","FCM","Petota","4 South"
NA,6913,NA,7925,"88587","","",32.1311,-109.3521,2286,"stoloniferum","stoloniferum","tuberous","wild",48,"SŠrkinen","","","3.33","FCM","Petota","4 South"
NA,6914,NA,7926,"88818","","",24.57,-103.54,2300,"stoloniferum","stoloniferum","tuberous","wild",48,"SŠrkinen","","","3.33","FCM","Petota","4 South"
NA,6915,NA,7927,"90622","","",24.086,-105.45,2900,"stoloniferum","stoloniferum","tuberous","wild",48,"SŠrkinen","","","3.33","FCM","Petota","4 South"
NA,6916,NA,7928,"88862","","",26.7,-106.233,2100,"stoloniferum","stoloniferum","tuberous","wild",48,"SŠrkinen","","","3.33","FCM","Petota","4 South"
NA,6917,NA,7929,"90512","","",20.0875,-99.1125,2260,"stoloniferum","stoloniferum","tuberous","wild",48,"SŠrkinen","","","3.33","FCM","Petota","4 South"
NA,6918,NA,7930,"82597","","",19.8358,-98.5709,2500,"stoloniferum","stoloniferum","tuberous","wild",48,"SŠrkinen","","","3.33","FCM","Petota","4 South"
NA,6919,NA,7931,"90273","","",21.57,-102.36,2460,"stoloniferum","stoloniferum","tuberous","wild",48,"SŠrkinen","","","3.33","FCM","Petota","4 South"
NA,6920,NA,7932,"88585","","",32.014,-109.1849,2012,"stoloniferum","stoloniferum","tuberous","wild",48,"SŠrkinen","","","3.33","FCM","Petota","4 South"
NA,6921,NA,7933,"89752","","",19.5666,-101.7,2150,"stoloniferum","stoloniferum","tuberous","wild",48,"SŠrkinen","","","3.33","FCM","Petota","4 South"
NA,6922,NA,7934,"89043","","",17.16,-97.41,2750,"stoloniferum","stoloniferum","tuberous","wild",48,"SŠrkinen","","","3.33","FCM","Petota","4 South"
NA,6923,NA,7935,"88513","","",33.424,-109.1931,2438,"stoloniferum","stoloniferum","tuberous","wild",48,"SŠrkinen","","","3.33","FCM","Petota","4 South"
NA,6924,NA,7936,"84130","","",19.3558,-99.3011,0,"stoloniferum","stoloniferum","tuberous","wild",48,"SŠrkinen","","","3.33","FCM","Petota","4 South"
NA,6925,NA,7937,"88956","","",22.45,-101.73,0,"stoloniferum","stoloniferum","tuberous","wild",48,"SŠrkinen","","","3.33","FCM","Petota","4 South"
NA,6926,NA,7938,"90583","","",28.1905,-107.743,2100,"stoloniferum","stoloniferum","tuberous","wild",48,"SŠrkinen","","","3.33","FCM","Petota","4 South"
NA,6927,NA,7939,"91299","","",31.3402,-108.4501,1829,"stoloniferum","stoloniferum","tuberous","wild",48,"SŠrkinen","","","3.33","FCM","Petota","4 South"
NA,6928,NA,7940,"90723","","",29.5707,-104.2838,2325,"stoloniferum","stoloniferum","tuberous","wild",48,"SŠrkinen","","","3.33","FCM","Petota","4 South"
NA,6929,NA,7941,"80750","","",21.9,-101.383,2475,"stoloniferum","stoloniferum","tuberous","wild",48,"SŠrkinen","","","3.33","FCM","Petota","4 South"
NA,6930,NA,7942,"88840","","",29.08,-106.05,2100,"stoloniferum","stoloniferum","tuberous","wild",48,"SŠrkinen","","","3.33","FCM","Petota","4 South"
NA,6932,NA,7944,"90993","","",32.5435,-107.4816,2200,"stoloniferum","stoloniferum","tuberous","wild",48,"SŠrkinen","","","3.33","FCM","Petota","4 South"
NA,6933,NA,7945,"90913","","",20.58,-99.39,2560,"stoloniferum","stoloniferum","tuberous","wild",48,"SŠrkinen","","","3.33","FCM","Petota","4 South"
NA,6934,NA,7946,"89519","","",30.5055,-109.262,0,"stoloniferum","stoloniferum","tuberous","wild",48,"SŠrkinen","","","3.33","FCM","Petota","4 South"
NA,6935,NA,7947,"89860","","",21.2855,-100.225,2300,"stoloniferum","stoloniferum","tuberous","wild",48,"SŠrkinen","","","3.33","FCM","Petota","4 South"
NA,6936,NA,7948,"88917","","",25.35,-105.733,0,"stoloniferum","stoloniferum","tuberous","wild",48,"SŠrkinen","","","3.33","FCM","Petota","4 South"
NA,6937,NA,7949,"89841","","",20.9166,-99.9333,2550,"stoloniferum","stoloniferum","tuberous","wild",48,"SŠrkinen","","","3.33","FCM","Petota","4 South"
NA,6938,NA,7950,"82910","","",20.3,-102.117,2500,"stoloniferum","stoloniferum","tuberous","wild",48,"SŠrkinen","","","3.33","FCM","Petota","4 South"
NA,6939,NA,7951,"91234","","",25.03,-110.9,0,"stoloniferum","stoloniferum","tuberous","wild",48,"SŠrkinen","","","3.33","FCM","Petota","4 South"
NA,6940,NA,7952,"89606","","",19.04,-97.54,2650,"stoloniferum","stoloniferum","tuberous","wild",48,"SŠrkinen","","","3.33","FCM","Petota","4 South"
NA,6941,NA,7953,"89844","","",21.17,-100.38,2000,"stoloniferum","stoloniferum","tuberous","wild",48,"SŠrkinen","","","3.33","FCM","Petota","4 South"
NA,6942,NA,7954,"88635","","",20.05,-98.22,2100,"stoloniferum","stoloniferum","tuberous","wild",48,"SŠrkinen","","","3.33","FCM","Petota","4 South"
NA,6943,NA,7955,"91186","","",31.5807,-104.5354,0,"stoloniferum","stoloniferum","tuberous","wild",48,"SŠrkinen","","","3.33","FCM","Petota","4 South"
NA,6944,NA,7956,"89371","","",20.3,-103.02,2220,"stoloniferum","stoloniferum","tuberous","wild",48,"SŠrkinen","","","3.33","FCM","Petota","4 South"
NA,6945,NA,7957,"90278","","",23.54,-105.01,0,"stoloniferum","stoloniferum","tuberous","wild",48,"SŠrkinen","","","3.33","FCM","Petota","4 South"
NA,6946,NA,7958,"89139","","",26.85,-107.083,2500,"stoloniferum","stoloniferum","tuberous","wild",48,"SŠrkinen","","","3.33","FCM","Petota","4 South"
NA,6947,NA,7959,"90363","","",29,-102.36,2600,"stoloniferum","stoloniferum","tuberous","wild",48,"SŠrkinen","","","3.33","FCM","Petota","4 South"
NA,6948,NA,7960,"90942","","",22,-99.57,2200,"stoloniferum","stoloniferum","tuberous","wild",48,"SŠrkinen","","","3.33","FCM","Petota","4 South"
NA,6949,NA,7961,"88676","","",25.05,-105.32,1900,"stoloniferum","stoloniferum","tuberous","wild",48,"SŠrkinen","","","3.33","FCM","Petota","4 South"
NA,6950,NA,7962,"90795","","",35.1007,-111.3036,0,"stoloniferum","stoloniferum","tuberous","wild",48,"SŠrkinen","","","3.33","FCM","Petota","4 South"
NA,6951,NA,7963,"89615","","",22.46,-103.34,2310,"stoloniferum","stoloniferum","tuberous","wild",48,"SŠrkinen","","","3.33","FCM","Petota","4 South"
NA,6952,NA,7964,"91029","","",34.02,-109.101,2530,"stoloniferum","stoloniferum","tuberous","wild",48,"SŠrkinen","","","3.33","FCM","Petota","4 South"
NA,6953,NA,7965,"90207","","",24.05,-104.7,2000,"stoloniferum","stoloniferum","tuberous","wild",48,"SŠrkinen","","","3.33","FCM","Petota","4 South"
NA,6954,NA,7966,"89880","","",23.2509,-104.3034,2410,"stoloniferum","stoloniferum","tuberous","wild",48,"SŠrkinen","","","3.33","FCM","Petota","4 South"
NA,6956,NA,7968,"91493","","",27.35,-108.667,1500,"stoloniferum","stoloniferum","tuberous","wild",48,"SŠrkinen","","","3.33","FCM","Petota","4 South"
NA,6957,NA,7969,"89790","","",20.3333,-100.967,2400,"stoloniferum","stoloniferum","tuberous","wild",48,"SŠrkinen","","","3.33","FCM","Petota","4 South"
NA,6958,NA,7970,"90671","","",32.8998,-108.184,0,"stoloniferum","stoloniferum","tuberous","wild",48,"SŠrkinen","","","3.33","FCM","Petota","4 South"
NA,6959,NA,7971,"89836","","",20.266,-101.617,1900,"stoloniferum","stoloniferum","tuberous","wild",48,"SŠrkinen","","","3.33","FCM","Petota","4 South"
NA,6960,NA,7972,"91009","","",33.2241,-108.4548,2210,"stoloniferum","stoloniferum","tuberous","wild",48,"SŠrkinen","","","3.33","FCM","Petota","4 South"
NA,6961,NA,7973,"91024","","",33.552,-108.3917,2050,"stoloniferum","stoloniferum","tuberous","wild",48,"SŠrkinen","","","3.33","FCM","Petota","4 South"
NA,6962,NA,7974,"90342","","",21.5064,-101.663,2100,"stoloniferum","stoloniferum","tuberous","wild",48,"SŠrkinen","","","3.33","FCM","Petota","4 South"
NA,6963,NA,7975,"89718","","",20.34,-100.19,2000,"stoloniferum","stoloniferum","tuberous","wild",48,"SŠrkinen","","","3.33","FCM","Petota","4 South"
NA,6964,NA,7976,"89518","","",28.82,-106.42,2073,"stoloniferum","stoloniferum","tuberous","wild",48,"SŠrkinen","","","3.33","FCM","Petota","4 South"
NA,6965,NA,7977,"91492","","",25.4666,-103.333,0,"stoloniferum","stoloniferum","tuberous","wild",48,"SŠrkinen","","","3.33","FCM","Petota","4 South"
NA,6966,NA,7978,"90930","","",21.36,-102.51,2220,"stoloniferum","stoloniferum","tuberous","wild",48,"SŠrkinen","","","3.33","FCM","Petota","4 South"
NA,6967,NA,7979,"89287","","",23.9,-105.13,1540,"stoloniferum","stoloniferum","tuberous","wild",48,"SŠrkinen","","","3.33","FCM","Petota","4 South"
NA,6968,NA,7980,"90057","","",35.3853,-105.1744,2250,"stoloniferum","stoloniferum","tuberous","wild",48,"SŠrkinen","","","3.33","FCM","Petota","4 South"
NA,6970,NA,7982,"80090","","",29.9833,-108.333,2286,"stoloniferum","stoloniferum","tuberous","wild",48,"SŠrkinen","","","3.33","FCM","Petota","4 South"
NA,6971,NA,7983,"89136","","",27.84,-107.682,2286,"stoloniferum","stoloniferum","tuberous","wild",48,"SŠrkinen","","","3.33","FCM","Petota","4 South"
NA,6972,NA,7984,"88820","","",16.12,-96.32,2380,"stoloniferum","stoloniferum","tuberous","wild",48,"SŠrkinen","","","3.33","FCM","Petota","4 South"
NA,6973,NA,7985,"89103","","",27.635,-113.465,0,"stoloniferum","stoloniferum","tuberous","wild",48,"SŠrkinen","","","3.33","FCM","Petota","4 South"
NA,6974,NA,7986,"91471","","",30.4844,-103.5647,1615,"stoloniferum","stoloniferum","tuberous","wild",48,"SŠrkinen","","","3.33","FCM","Petota","4 South"
NA,6975,NA,7987,"88900","","",19.3166,-97.9333,0,"stoloniferum","stoloniferum","tuberous","wild",48,"SŠrkinen","","","3.33","FCM","Petota","4 South"
NA,6976,NA,7988,"88475","","",27.07,-108.43,1200,"stoloniferum","stoloniferum","tuberous","wild",48,"SŠrkinen","","","3.33","FCM","Petota","4 South"
NA,6977,NA,7989,"88569","","",32.5902,-105.4215,0,"stoloniferum","stoloniferum","tuberous","wild",48,"SŠrkinen","","","3.33","FCM","Petota","4 South"
NA,6978,NA,7990,"91152","","",33.4608,-105.769,0,"stoloniferum","stoloniferum","tuberous","wild",48,"SŠrkinen","","","3.33","FCM","Petota","4 South"
NA,6979,NA,7991,"91168","","",29.1727,-103.1636,1463,"stoloniferum","stoloniferum","tuberous","wild",48,"SŠrkinen","","","3.33","FCM","Petota","4 South"
NA,6980,NA,7992,"89312","","",20.112,-98.95,2180,"stoloniferum","stoloniferum","tuberous","wild",48,"SŠrkinen","","","3.33","FCM","Petota","4 South"
NA,6981,NA,7993,"90283","","",24.48,-105.08,2150,"stoloniferum","stoloniferum","tuberous","wild",48,"SŠrkinen","","","3.33","FCM","Petota","4 South"
NA,6982,NA,7994,"88864","","",26.3271,-106.361,2200,"stoloniferum","stoloniferum","tuberous","wild",48,"SŠrkinen","","","3.33","FCM","Petota","4 South"
NA,6983,NA,7995,"89485","","",27.83,-107.58,2195,"stoloniferum","stoloniferum","tuberous","wild",48,"SŠrkinen","","","3.33","FCM","Petota","4 South"
NA,6985,NA,7997,"77869","","",19.6,-101.38,2300,"stoloniferum","stoloniferum","tuberous","wild",48,"SŠrkinen","","","3.33","FCM","Petota","4 South"
NA,6986,NA,7998,"90272","","",21.39,-103.08,2400,"stoloniferum","stoloniferum","tuberous","wild",48,"SŠrkinen","","","3.33","FCM","Petota","4 South"
NA,6987,NA,7999,"90870","","",19.3,-100.23,2540,"stoloniferum","stoloniferum","tuberous","wild",48,"SŠrkinen","","","3.33","FCM","Petota","4 South"
NA,6988,NA,8000,"88564","","",26.1,-106.96,2286,"stoloniferum","stoloniferum","tuberous","wild",48,"SŠrkinen","","","3.33","FCM","Petota","4 South"
NA,6989,NA,8001,"88507","","",32.3624,-109.5017,2134,"stoloniferum","stoloniferum","tuberous","wild",48,"SŠrkinen","","","3.33","FCM","Petota","4 South"
NA,6990,NA,8002,"89857","","",19.6333,-102.483,2200,"stoloniferum","stoloniferum","tuberous","wild",48,"SŠrkinen","","","3.33","FCM","Petota","4 South"
NA,6991,NA,8003,"88706","","",22.47,-102.35,2100,"stoloniferum","stoloniferum","tuberous","wild",48,"SŠrkinen","","","3.33","FCM","Petota","4 South"
NA,6992,NA,8004,"90343","","",22.21,-102.205,0,"stoloniferum","stoloniferum","tuberous","wild",48,"SŠrkinen","","","3.33","FCM","Petota","4 South"
NA,6993,NA,8005,"88512","","",33.2347,-105.4449,2438,"stoloniferum","stoloniferum","tuberous","wild",48,"SŠrkinen","","","3.33","FCM","Petota","4 South"
NA,6994,NA,8006,"89390","","",20.19,-99.55,2170,"stoloniferum","stoloniferum","tuberous","wild",48,"SŠrkinen","","","3.33","FCM","Petota","4 South"
NA,6995,NA,8007,"88520","","",33.4902,-110.5512,2256,"stoloniferum","stoloniferum","tuberous","wild",48,"SŠrkinen","","","3.33","FCM","Petota","4 South"
NA,6996,NA,8008,"89229","","",22.0333,-101,2150,"stoloniferum","stoloniferum","tuberous","wild",48,"SŠrkinen","","","3.33","FCM","Petota","4 South"
NA,6997,NA,8009,"88634","","",29.6833,-107.317,2090,"stoloniferum","stoloniferum","tuberous","wild",48,"SŠrkinen","","","3.33","FCM","Petota","4 South"
NA,6998,NA,8010,"88884","","",16.1666,-96.5,2300,"stoloniferum","stoloniferum","tuberous","wild",48,"SŠrkinen","","","3.33","FCM","Petota","4 South"
NA,6999,NA,8011,"90819","","",18.55,-99.43,2460,"stoloniferum","stoloniferum","tuberous","wild",48,"SŠrkinen","","","3.33","FCM","Petota","4 South"
NA,7000,NA,8012,"88952","","",21.9166,-101.967,2400,"stoloniferum","stoloniferum","tuberous","wild",48,"SŠrkinen","","","3.33","FCM","Petota","4 South"
NA,7001,NA,8013,"82588","","",19.2008,-99.1427,2700,"stoloniferum","stoloniferum","tuberous","wild",48,"SŠrkinen","","","3.33","FCM","Petota","4 South"
NA,7002,NA,8014,"89235","","",26.95,-106.717,2250,"stoloniferum","stoloniferum","tuberous","wild",48,"SŠrkinen","","","3.33","FCM","Petota","4 South"
NA,7003,NA,8015,"88622","","",23.47,-104.4,2790,"stoloniferum","stoloniferum","tuberous","wild",48,"SŠrkinen","","","3.33","FCM","Petota","4 South"
NA,7004,NA,8016,"88916","","",25.216,-106.433,0,"stoloniferum","stoloniferum","tuberous","wild",48,"SŠrkinen","","","3.33","FCM","Petota","4 South"
NA,7005,NA,8017,"90959","","",27.18,-108.05,1550,"stoloniferum","stoloniferum","tuberous","wild",48,"SŠrkinen","","","3.33","FCM","Petota","4 South"
NA,7006,NA,8018,"90034","","",19.43,-100.39,2270,"stoloniferum","stoloniferum","tuberous","wild",48,"SŠrkinen","","","3.33","FCM","Petota","4 South"
NA,7007,NA,8019,"88556","","",32.4128,-110.724,0,"stoloniferum","stoloniferum","tuberous","wild",48,"SŠrkinen","","","3.33","FCM","Petota","4 South"
NA,7008,NA,8020,"88458","","",21.301,-101.799,2000,"stoloniferum","stoloniferum","tuberous","wild",48,"SŠrkinen","","","3.33","FCM","Petota","4 South"
NA,7009,NA,8021,"89899","","",26.5053,-101.1627,2070,"stoloniferum","stoloniferum","tuberous","wild",48,"SŠrkinen","","","3.33","FCM","Petota","4 South"
NA,7010,NA,8022,"88861","","",26.02,-105.7,2300,"stoloniferum","stoloniferum","tuberous","wild",48,"SŠrkinen","","","3.33","FCM","Petota","4 South"
NA,7011,NA,8023,"89133","","",27.0459,-107.901,2103,"stoloniferum","stoloniferum","tuberous","wild",48,"SŠrkinen","","","3.33","FCM","Petota","4 South"
NA,7012,NA,8024,"89582","","",19.35,-103.32,1775,"stoloniferum","stoloniferum","tuberous","wild",48,"SŠrkinen","","","3.33","FCM","Petota","4 South"
NA,7013,NA,8025,"89671","","",20.4,-103.2,0,"stoloniferum","stoloniferum","tuberous","wild",48,"SŠrkinen","","","3.33","FCM","Petota","4 South"
NA,7014,NA,8026,"91255","","",33.2745,-107.4906,2256,"stoloniferum","stoloniferum","tuberous","wild",48,"SŠrkinen","","","3.33","FCM","Petota","4 South"
NA,7015,NA,8027,"90408","","",22.2,-104.45,2250,"stoloniferum","stoloniferum","tuberous","wild",48,"SŠrkinen","","","3.33","FCM","Petota","4 South"
NA,7016,NA,8028,"89601","","",19.935,-101.75,2080,"stoloniferum","stoloniferum","tuberous","wild",48,"SŠrkinen","","","3.33","FCM","Petota","4 South"
NA,7017,NA,8029,"89746","","",23.3,-109.56,1820,"stoloniferum","stoloniferum","tuberous","wild",48,"SŠrkinen","","","3.33","FCM","Petota","4 South"
NA,7018,NA,8030,"90281","","",24.15,-104.23,2680,"stoloniferum","stoloniferum","tuberous","wild",48,"SŠrkinen","","","3.33","FCM","Petota","4 South"
NA,7019,NA,8031,"88771","","",19.47,-97.37,2400,"stoloniferum","stoloniferum","tuberous","wild",48,"SŠrkinen","","","3.33","FCM","Petota","4 South"
NA,7020,NA,8032,"89604","","",22,-105.08,2640,"stoloniferum","stoloniferum","tuberous","wild",48,"SŠrkinen","","","3.33","FCM","Petota","4 South"
NA,7022,NA,8034,"88689","","",25.25,-106.09,2060,"stoloniferum","stoloniferum","tuberous","wild",48,"SŠrkinen","","","3.33","FCM","Petota","4 South"
NA,7023,NA,8035,"88994","","",21.17,-101.47,2000,"stoloniferum","stoloniferum","tuberous","wild",48,"SŠrkinen","","","3.33","FCM","Petota","4 South"
NA,7024,NA,8036,"89946","","",24.4237,-104.3835,1900,"stoloniferum","stoloniferum","tuberous","wild",48,"SŠrkinen","","","3.33","FCM","Petota","4 South"
NA,7025,NA,8037,"88800","","",19.68,-98.865,2250,"stoloniferum","stoloniferum","tuberous","wild",48,"SŠrkinen","","","3.33","FCM","Petota","4 South"
NA,7026,NA,8038,"90961","","",27.3,-107.53,2150,"stoloniferum","stoloniferum","tuberous","wild",48,"SŠrkinen","","","3.33","FCM","Petota","4 South"
NA,7027,NA,8039,"89135","","",27.5863,-108.266,1829,"stoloniferum","stoloniferum","tuberous","wild",48,"SŠrkinen","","","3.33","FCM","Petota","4 South"
NA,7028,NA,8040,"88508","","",32.4439,-110.0224,2316,"stoloniferum","stoloniferum","tuberous","wild",48,"SŠrkinen","","","3.33","FCM","Petota","4 South"
NA,7029,NA,8041,"91216","","",28.0833,-108.65,1524,"stoloniferum","stoloniferum","tuberous","wild",48,"SŠrkinen","","","3.33","FCM","Petota","4 South"
NA,7030,NA,8042,"88609","","",19.4,-98.08,2250,"stoloniferum","stoloniferum","tuberous","wild",48,"SŠrkinen","","","3.33","FCM","Petota","4 South"
NA,7031,NA,8043,"90173","","",21.45,-104.733,1600,"stoloniferum","stoloniferum","tuberous","wild",48,"SŠrkinen","","","3.33","FCM","Petota","4 South"
NA,7032,NA,8044,"89783","","",20.133,-102.016,2300,"stoloniferum","stoloniferum","tuberous","wild",48,"SŠrkinen","","","3.33","FCM","Petota","4 South"
NA,7034,NA,8046,"89394","","",24.33,-103.1,2652,"stoloniferum","stoloniferum","tuberous","wild",48,"SŠrkinen","","","3.33","FCM","Petota","4 South"
NA,7035,NA,8047,"88710","","",19.35,-102.03,2300,"stoloniferum","stoloniferum","tuberous","wild",48,"SŠrkinen","","","3.33","FCM","Petota","4 South"
NA,7036,NA,8048,"91132","","",33.7208,-108.913,2286,"stoloniferum","stoloniferum","tuberous","wild",48,"SŠrkinen","","","3.33","FCM","Petota","4 South"
NA,7037,NA,8049,"90715","","",31.4321,-110.249,0,"stoloniferum","stoloniferum","tuberous","wild",48,"SŠrkinen","","","3.33","FCM","Petota","4 South"
NA,7038,NA,8050,"89211","","",19.9,-99.2041,2350,"stoloniferum","stoloniferum","tuberous","wild",48,"SŠrkinen","","","3.33","FCM","Petota","4 South"
NA,7039,NA,8051,"90521","","",20.3666,-100.283,2297,"stoloniferum","stoloniferum","tuberous","wild",48,"SŠrkinen","","","3.33","FCM","Petota","4 South"
NA,7040,NA,8052,"89007","","",22.0231,-101.276,2150,"stoloniferum","stoloniferum","tuberous","wild",48,"SŠrkinen","","","3.33","FCM","Petota","4 South"
NA,7041,NA,8053,"88895","","",23.5358,-105.843,2000,"stoloniferum","stoloniferum","tuberous","wild",48,"SŠrkinen","","","3.33","FCM","Petota","4 South"
NA,7042,NA,8054,"89243","","",21.8,-102.68,2500,"stoloniferum","stoloniferum","tuberous","wild",48,"SŠrkinen","","","3.33","FCM","Petota","4 South"
NA,7043,NA,8055,"90544","","",26.7833,-106.91,2000,"stoloniferum","stoloniferum","tuberous","wild",48,"SŠrkinen","","","3.33","FCM","Petota","4 South"
NA,7044,NA,8056,"88466","","",20.7002,-103.555,1500,"stoloniferum","stoloniferum","tuberous","wild",48,"SŠrkinen","","","3.33","FCM","Petota","4 South"
NA,7045,NA,8057,"88537","","",33.7361,-109.376,0,"stoloniferum","stoloniferum","tuberous","wild",48,"SŠrkinen","","","3.33","FCM","Petota","4 South"
NA,7046,NA,8058,"88536","","",31.809,-109.28,0,"stoloniferum","stoloniferum","tuberous","wild",48,"SŠrkinen","","","3.33","FCM","Petota","4 South"
NA,7047,NA,8059,"90918","","",21,-99.08,2300,"stoloniferum","stoloniferum","tuberous","wild",48,"SŠrkinen","","","3.33","FCM","Petota","4 South"
NA,7048,NA,8060,"84170","","",33.4943,-109.0508,2404,"stoloniferum","stoloniferum","tuberous","wild",48,"SŠrkinen","","","3.33","FCM","Petota","4 South"
NA,7049,NA,8061,"88477","","",28.11,-108.21,2100,"stoloniferum","stoloniferum","tuberous","wild",48,"SŠrkinen","","","3.33","FCM","Petota","4 South"
NA,7050,NA,8062,"90132","","",25.95,-105.86,2050,"stoloniferum","stoloniferum","tuberous","wild",48,"SŠrkinen","","","3.33","FCM","Petota","4 South"
NA,7051,NA,8063,"89729","","",17.17,-96.57,1940,"stoloniferum","stoloniferum","tuberous","wild",48,"SŠrkinen","","","3.33","FCM","Petota","4 South"
NA,7052,NA,8064,"89025","","",20,-99.36,2040,"stoloniferum","stoloniferum","tuberous","wild",48,"SŠrkinen","","","3.33","FCM","Petota","4 South"
NA,7053,NA,8065,"90733","","",32.2035,-106.3159,0,"stoloniferum","stoloniferum","tuberous","wild",48,"SŠrkinen","","","3.33","FCM","Petota","4 South"
NA,7054,NA,8066,"88501","","",32.2238,-110.4114,1774,"stoloniferum","stoloniferum","tuberous","wild",48,"SŠrkinen","","","3.33","FCM","Petota","4 South"
NA,7055,NA,8067,"83319","","",23.33,-105.11,0,"stoloniferum","stoloniferum","tuberous","wild",48,"SŠrkinen","","","3.33","FCM","Petota","4 South"
NA,7056,NA,8068,"88599","","",23.73,-105.48,2400,"stoloniferum","stoloniferum","tuberous","wild",48,"SŠrkinen","","","3.33","FCM","Petota","4 South"
NA,7057,NA,8069,"88395","","",29.2833,-107.017,1800,"stoloniferum","stoloniferum","tuberous","wild",48,"SŠrkinen","","","3.33","FCM","Petota","4 South"
NA,7058,NA,8070,"88932","","",18.5833,-97.45,2340,"stoloniferum","stoloniferum","tuberous","wild",48,"SŠrkinen","","","3.33","FCM","Petota","4 South"
NA,7059,NA,8071,"88571","","",33.8183,-110.891,0,"stoloniferum","stoloniferum","tuberous","wild",48,"SŠrkinen","","","3.33","FCM","Petota","4 South"
NA,7060,NA,8072,"91149","","",23.7,-109.817,0,"stoloniferum","stoloniferum","tuberous","wild",48,"SŠrkinen","","","3.33","FCM","Petota","4 South"
NA,7061,NA,8073,"89944","","",24.2456,-105.3516,2580,"stoloniferum","stoloniferum","tuberous","wild",48,"SŠrkinen","","","3.33","FCM","Petota","4 South"
NA,7062,NA,8074,"88985","","",25.4042,-103.872,2670,"stoloniferum","stoloniferum","tuberous","wild",48,"SŠrkinen","","","3.33","FCM","Petota","4 South"
NA,7063,NA,8075,"89980","","",19.31,-101.47,2330,"stoloniferum","stoloniferum","tuberous","wild",48,"SŠrkinen","","","3.33","FCM","Petota","4 South"
NA,7064,NA,8076,"89335","","",19.3859,-102.249,1890,"stoloniferum","stoloniferum","tuberous","wild",48,"SŠrkinen","","","3.33","FCM","Petota","4 South"
NA,7065,NA,8077,"88700","","",19.41,-99.43,2600,"stoloniferum","stoloniferum","tuberous","wild",48,"SŠrkinen","","","3.33","FCM","Petota","4 South"
NA,7067,NA,8079,"88620","","",23.38,-103.39,2760,"stoloniferum","stoloniferum","tuberous","wild",48,"SŠrkinen","","","3.33","FCM","Petota","4 South"
NA,7068,NA,8080,"89367","","",23.93,-104.5,0,"stoloniferum","stoloniferum","tuberous","wild",48,"SŠrkinen","","","3.33","FCM","Petota","4 South"
NA,7069,NA,8081,"89134","","",27.14,-107.635,1036,"stoloniferum","stoloniferum","tuberous","wild",48,"SŠrkinen","","","3.33","FCM","Petota","4 South"
NA,7070,NA,8082,"88670","","",33.1617,-108.354,0,"stoloniferum","stoloniferum","tuberous","wild",48,"SŠrkinen","","","3.33","FCM","Petota","4 South"
NA,7071,NA,8083,"89583","","",20.35,-103.39,1440,"stoloniferum","stoloniferum","tuberous","wild",48,"SŠrkinen","","","3.33","FCM","Petota","4 South"
NA,7072,NA,8084,"89195","","",19.6011,-99.0525,2350,"stoloniferum","stoloniferum","tuberous","wild",48,"SŠrkinen","","","3.33","FCM","Petota","4 South"
NA,7073,NA,8085,"84371","","",19.8166,-101.583,2000,"stoloniferum","stoloniferum","tuberous","wild",48,"SŠrkinen","","","3.33","FCM","Petota","4 South"
NA,7075,NA,8087,"88924","","",19.8834,-100.569,2540,"stoloniferum","stoloniferum","tuberous","wild",48,"SŠrkinen","","","3.33","FCM","Petota","4 South"
NA,7076,NA,8088,"89828","","",19.8,-100.166,2600,"stoloniferum","stoloniferum","tuberous","wild",48,"SŠrkinen","","","3.33","FCM","Petota","4 South"
NA,7078,NA,8090,"84029","","",18.9961,-98.6648,2520,"stoloniferum","stoloniferum","tuberous","wild",48,"SŠrkinen","","","3.33","FCM","Petota","4 South"
NA,7079,NA,8091,"89002","","",19.63,-101.25,2000,"stoloniferum","stoloniferum","tuberous","wild",48,"SŠrkinen","","","3.33","FCM","Petota","4 South"
NA,7080,NA,8092,"89293","","",29.35,-106.51,1900,"stoloniferum","stoloniferum","tuberous","wild",48,"SŠrkinen","","","3.33","FCM","Petota","4 South"
NA,7081,NA,8093,"89244","","",21.26,-102.93,2100,"stoloniferum","stoloniferum","tuberous","wild",48,"SŠrkinen","","","3.33","FCM","Petota","4 South"
NA,7084,NA,8096,"89962","","",17.37,-97.25,2670,"stoloniferum","stoloniferum","tuberous","wild",48,"SŠrkinen","","","3.33","FCM","Petota","4 South"
NA,7085,NA,8097,"90698","","",30.2743,-103.4657,1524,"stoloniferum","stoloniferum","tuberous","wild",48,"SŠrkinen","","","3.33","FCM","Petota","4 South"
NA,7086,NA,8098,"90528","","",20.9166,-100.75,1900,"stoloniferum","stoloniferum","tuberous","wild",48,"SŠrkinen","","","3.33","FCM","Petota","4 South"
NA,7087,NA,8099,"89806","","",23.6427,-103.947,0,"stoloniferum","stoloniferum","tuberous","wild",48,"SŠrkinen","","","3.33","FCM","Petota","4 South"
NA,7088,NA,8100,"90548","","",28.41,-106.85,2000,"stoloniferum","stoloniferum","tuberous","wild",48,"SŠrkinen","","","3.33","FCM","Petota","4 South"
NA,7089,NA,8101,"90753","","",29.9026,-104.453,1768,"stoloniferum","stoloniferum","tuberous","wild",48,"SŠrkinen","","","3.33","FCM","Petota","4 South"
NA,7090,NA,8102,"88481","","",31.46034,-110.7333,1630,"stoloniferum","stoloniferum","tuberous","wild",48,"SŠrkinen","","","3.33","FCM","Petota","4 South"
NA,7091,NA,8103,"88492","","",31.416,-110.5108,2438,"stoloniferum","stoloniferum","tuberous","wild",48,"SŠrkinen","","","3.33","FCM","Petota","4 South"
NA,7092,NA,8104,"88846","","",26.963,-106.454,2600,"stoloniferum","stoloniferum","tuberous","wild",48,"SŠrkinen","","","3.33","FCM","Petota","4 South"
NA,7093,NA,8105,"88399","","",23.47,-105.4,2730,"stoloniferum","stoloniferum","tuberous","wild",48,"SŠrkinen","","","3.33","FCM","Petota","4 South"
NA,7095,NA,8107,"91243","","",32.4208,-105.2242,2225,"stoloniferum","stoloniferum","tuberous","wild",48,"SŠrkinen","","","3.33","FCM","Petota","4 South"
NA,7096,NA,8108,"89362","","",24.8,-105.13,0,"stoloniferum","stoloniferum","tuberous","wild",48,"SŠrkinen","","","3.33","FCM","Petota","4 South"
NA,7097,NA,8109,"89850","","",21.3,-100.51,1950,"stoloniferum","stoloniferum","tuberous","wild",48,"SŠrkinen","","","3.33","FCM","Petota","4 South"
NA,7098,NA,8110,"90542","","",25.55,-105.467,2200,"stoloniferum","stoloniferum","tuberous","wild",48,"SŠrkinen","","","3.33","FCM","Petota","4 South"
NA,7099,NA,8111,"90549","","",28.4333,-108.383,0,"stoloniferum","stoloniferum","tuberous","wild",48,"SŠrkinen","","","3.33","FCM","Petota","4 South"
NA,7100,NA,8112,"88978","","",23.3333,-101.733,1950,"stoloniferum","stoloniferum","tuberous","wild",48,"SŠrkinen","","","3.33","FCM","Petota","4 South"
NA,7101,NA,8113,"88982","","",24.06,-105.72,2600,"stoloniferum","stoloniferum","tuberous","wild",48,"SŠrkinen","","","3.33","FCM","Petota","4 South"
NA,7102,NA,8114,"89019","","",30,-106.26,2350,"stoloniferum","stoloniferum","tuberous","wild",48,"SŠrkinen","","","3.33","FCM","Petota","4 South"
NA,7103,NA,8115,"88983","","",24.08,-104.98,2590,"stoloniferum","stoloniferum","tuberous","wild",48,"SŠrkinen","","","3.33","FCM","Petota","4 South"
NA,7104,NA,8116,"89808","","",25.0013,-105.898,2430,"stoloniferum","stoloniferum","tuberous","wild",48,"SŠrkinen","","","3.33","FCM","Petota","4 South"
NA,7105,NA,8117,"89359","","",19,-97.15,3400,"stoloniferum","stoloniferum","tuberous","wild",48,"SŠrkinen","","","3.33","FCM","Petota","4 South"
NA,7106,NA,8118,"89428","","",24.23,-106.03,2530,"stoloniferum","stoloniferum","tuberous","wild",48,"SŠrkinen","","","3.33","FCM","Petota","4 South"
NA,7107,NA,8119,"88478","","",28.1648,-109.0231,1800,"stoloniferum","stoloniferum","tuberous","wild",48,"SŠrkinen","","","3.33","FCM","Petota","4 South"
NA,7108,NA,8120,"89773","","",19.865,-101.46,2100,"stoloniferum","stoloniferum","tuberous","wild",48,"SŠrkinen","","","3.33","FCM","Petota","4 South"
NA,7109,NA,8121,"89621","","",28.8333,-106.317,2150,"stoloniferum","stoloniferum","tuberous","wild",48,"SŠrkinen","","","3.33","FCM","Petota","4 South"
NA,7110,NA,8122,"89851","","",21.35,-101.91,0,"stoloniferum","stoloniferum","tuberous","wild",48,"SŠrkinen","","","3.33","FCM","Petota","4 South"
NA,7111,NA,8123,"88948","","",19.6983,-98.4441,2550,"stoloniferum","stoloniferum","tuberous","wild",48,"SŠrkinen","","","3.33","FCM","Petota","4 South"
NA,7112,NA,8124,"91103","","",20.7,-99.8166,2540,"stoloniferum","stoloniferum","tuberous","wild",48,"SŠrkinen","","","3.33","FCM","Petota","4 South"
NA,7113,NA,8125,"91263","","",33.5458,-107.0954,2057,"stoloniferum","stoloniferum","tuberous","wild",48,"SŠrkinen","","","3.33","FCM","Petota","4 South"
NA,7115,NA,8127,"88612","","",21.963,-100.36,2300,"stoloniferum","stoloniferum","tuberous","wild",48,"SŠrkinen","","","3.33","FCM","Petota","4 South"
NA,7116,NA,8128,"88919","","",23.7204,-105.637,2670,"stoloniferum","stoloniferum","tuberous","wild",48,"SŠrkinen","","","3.33","FCM","Petota","4 South"
NA,7117,NA,8129,"88476","","",28.01,-108.102,2500,"stoloniferum","stoloniferum","tuberous","wild",48,"SŠrkinen","","","3.33","FCM","Petota","4 South"
NA,7118,NA,8130,"89722","","",21.37,-101.38,2192,"stoloniferum","stoloniferum","tuberous","wild",48,"SŠrkinen","","","3.33","FCM","Petota","4 South"
NA,7119,NA,8131,"88483","","",31.86293,-110.3889,2591,"stoloniferum","stoloniferum","tuberous","wild",48,"SŠrkinen","","","3.33","FCM","Petota","4 South"
NA,7120,NA,8132,"89476","","",17.483,-96.95,2286,"stoloniferum","stoloniferum","tuberous","wild",48,"SŠrkinen","","","3.33","FCM","Petota","4 South"
NA,7121,NA,8133,"90754","","",30.3632,-103.665,2316,"stoloniferum","stoloniferum","tuberous","wild",48,"SŠrkinen","","","3.33","FCM","Petota","4 South"
NA,7122,NA,8134,"89463","","",19.03,-100.05,0,"stoloniferum","stoloniferum","tuberous","wild",48,"SŠrkinen","","","3.33","FCM","Petota","4 South"
NA,7123,NA,8135,"77892","","",19.1166,-98.7666,2469,"stoloniferum","stoloniferum","tuberous","wild",48,"SŠrkinen","","","3.33","FCM","Petota","4 South"
NA,7124,NA,8136,"88694","","",25.28,-105.15,2900,"stoloniferum","stoloniferum","tuberous","wild",48,"SŠrkinen","","","3.33","FCM","Petota","4 South"
NA,7125,NA,8137,"90539","","",24.85,-100.317,0,"stoloniferum","stoloniferum","tuberous","wild",48,"SŠrkinen","","","3.33","FCM","Petota","4 South"
NA,7126,NA,8138,"91266","","",34.1549,-107.4438,2560,"stoloniferum","stoloniferum","tuberous","wild",48,"SŠrkinen","","","3.33","FCM","Petota","4 South"
NA,7127,NA,8139,"88729","","",20.26,-98.657,1950,"stoloniferum","stoloniferum","tuberous","wild",48,"SŠrkinen","","","3.33","FCM","Petota","4 South"
NA,7129,NA,8141,"91022","","",33.4815,-108.2836,2650,"stoloniferum","stoloniferum","tuberous","wild",48,"SŠrkinen","","","3.33","FCM","Petota","4 South"
NA,7130,NA,8142,"89487","","",29.5333,-106.883,0,"stoloniferum","stoloniferum","tuberous","wild",48,"SŠrkinen","","","3.33","FCM","Petota","4 South"
NA,7131,NA,8143,"90552","","",29.6681,-108.226,2050,"stoloniferum","stoloniferum","tuberous","wild",48,"SŠrkinen","","","3.33","FCM","Petota","4 South"
NA,7132,NA,8144,"88780","","",19.3333,-98.2166,2150,"stoloniferum","stoloniferum","tuberous","wild",48,"SŠrkinen","","","3.33","FCM","Petota","4 South"
NA,7133,NA,8145,"89776","","",19.8973,-100.759,2470,"stoloniferum","stoloniferum","tuberous","wild",48,"SŠrkinen","","","3.33","FCM","Petota","4 South"
NA,7135,NA,8147,"90541","","",25.46,-105.9,2000,"stoloniferum","stoloniferum","tuberous","wild",48,"SŠrkinen","","","3.33","FCM","Petota","4 South"
NA,7136,NA,8148,"91144","","",28.633,-107.75,2012,"stoloniferum","stoloniferum","tuberous","wild",48,"SŠrkinen","","","3.33","FCM","Petota","4 South"
NA,7137,NA,8149,"88785","","",20.05,-98.34,2320,"stoloniferum","stoloniferum","tuberous","wild",48,"SŠrkinen","","","3.33","FCM","Petota","4 South"
NA,7138,NA,8150,"89625","","",26.16,-105.27,2500,"stoloniferum","stoloniferum","tuberous","wild",48,"SŠrkinen","","","3.33","FCM","Petota","4 South"
NA,7139,NA,8151,"90677","","",32.5144,-108.1425,0,"stoloniferum","stoloniferum","tuberous","wild",48,"SŠrkinen","","","3.33","FCM","Petota","4 South"
NA,7140,NA,8152,"89940","","",22.4116,-102.0849,2110,"stoloniferum","stoloniferum","tuberous","wild",48,"SŠrkinen","","","3.33","FCM","Petota","4 South"
NA,7141,NA,8153,"88789","","",22.0919,-100.662,2030,"stoloniferum","stoloniferum","tuberous","wild",48,"SŠrkinen","","","3.33","FCM","Petota","4 South"
NA,7143,NA,8155,"88494","","",31.5143,-109.1601,2286,"stoloniferum","stoloniferum","tuberous","wild",48,"SŠrkinen","","","3.33","FCM","Petota","4 South"
NA,7144,NA,8156,"88866","","",28.85,-106.9,1900,"stoloniferum","stoloniferum","tuberous","wild",48,"SŠrkinen","","","3.33","FCM","Petota","4 South"
NA,7145,NA,8157,"89163","","",19.1346,-98.9626,0,"stoloniferum","stoloniferum","tuberous","wild",48,"SŠrkinen","","","3.33","FCM","Petota","4 South"
NA,7146,NA,8158,"91377","","",33.0759,-106.02,0,"stoloniferum","stoloniferum","tuberous","wild",48,"SŠrkinen","","","3.33","FCM","Petota","4 South"
NA,7147,NA,8159,"90431","","",18.9709,-97.266,0,"stoloniferum","stoloniferum","tuberous","wild",48,"SŠrkinen","","","3.33","FCM","Petota","4 South"
NA,7149,NA,8161,"279282","","",23.073545,-102.597912,NA,"stoloniferum","stoloniferum","tuberous","germplasm",48,"SŠrkinen","","","3.33","FCM","Petota","4 South"
NA,7151,NA,8163,"285036","","",19.727726,-96.407819,NA,"stoloniferum","stoloniferum","tuberous","germplasm",48,"SŠrkinen","","","3.33","FCM","Petota","4 South"
NA,7154,NA,8166,"458416","","",33.385897,-108.609791,NA,"stoloniferum","stoloniferum","tuberous","germplasm",48,"SŠrkinen","","","3.33","FCM","Petota","4 South"
NA,7156,NA,8168,"498288","","",17.140265,-96.214878,NA,"stoloniferum","stoloniferum","tuberous","germplasm",48,"SŠrkinen","","","3.33","FCM","Petota","4 South"
NA,7159,NA,8171,"644004","","",34.16688,-111.930141,NA,"stoloniferum","stoloniferum","tuberous","germplasm",48,"SŠrkinen","","","3.33","FCM","Petota","4 South"
NA,7160,NA,8172,"651526","","",31.975173,-104.901409,NA,"stoloniferum","stoloniferum","tuberous","germplasm",48,"SŠrkinen","","","3.33","FCM","Petota","4 South"
NA,7209,NA,8221,"PI 255522","","",20.666667,-103.333333,NA,"stoloniferum","stoloniferum","tuberous","germplasm",48,"SŠrkinen","","","3.33","FCM","Petota","4 South"
NA,7248,NA,8260,"PI 283109","","",20.85,-101.4,NA,"stoloniferum","stoloniferum","tuberous","germplasm",48,"SŠrkinen","","","3.33","FCM","Petota","4 South"
NA,7260,NA,8272,"PI 458415","","",33.383333,-108.766667,NA,"stoloniferum","stoloniferum","tuberous","germplasm",48,"SŠrkinen","","","3.33","FCM","Petota","4 South"
NA,7269,NA,8281,"PI 497995","","",28.433333,-107,NA,"stoloniferum","stoloniferum","tuberous","germplasm",48,"SŠrkinen","","","3.33","FCM","Petota","4 South"
NA,7293,NA,8305,"PI 498027","","",22.766667,-103.566667,NA,"stoloniferum","stoloniferum","tuberous","germplasm",48,"SŠrkinen","","","3.33","FCM","Petota","4 South"
NA,7326,NA,8338,"PI 498276","","",20.282778,-99.9,NA,"stoloniferum","stoloniferum","tuberous","germplasm",48,"SŠrkinen","","","3.33","FCM","Petota","4 South"
NA,7359,NA,8371,"PI 564031","","",32.95,-105.716667,NA,"stoloniferum","stoloniferum","tuberous","germplasm",48,"SŠrkinen","","","3.33","FCM","Petota","4 South"
NA,7365,NA,8377,"PI 564036","","",32.95,-105.616667,NA,"stoloniferum","stoloniferum","tuberous","germplasm",48,"SŠrkinen","","","3.33","FCM","Petota","4 South"
NA,7380,NA,8392,"PI 564044","","",34.216667,-108.55,NA,"stoloniferum","stoloniferum","tuberous","germplasm",48,"SŠrkinen","","","3.33","FCM","Petota","4 South"
NA,7398,NA,8410,"PI 585115","","",32.7,-109.95,NA,"stoloniferum","stoloniferum","tuberous","germplasm",48,"SŠrkinen","","","3.33","FCM","Petota","4 South"
NA,7425,NA,8437,"PI 592415","","",33.783333,-109.15,NA,"stoloniferum","stoloniferum","tuberous","germplasm",48,"SŠrkinen","","","3.33","FCM","Petota","4 South"
NA,7434,NA,8446,"PI 595776","","",32.910278,-107.764722,NA,"stoloniferum","stoloniferum","tuberous","germplasm",48,"SŠrkinen","","","3.33","FCM","Petota","4 South"
NA,7516,NA,8528,"PI 643992","","",32.203056,-110.554444,NA,"stoloniferum","stoloniferum","tuberous","germplasm",48,"SŠrkinen","","","3.33","FCM","Petota","4 South"
NA,7551,NA,8563,"PI 655245","","",32.736389,-110.039167,NA,"stoloniferum","stoloniferum","tuberous","germplasm",48,"SŠrkinen","","","3.33","FCM","Petota","4 South"
NA,7554,NA,8566,"PI 655247","","",32.628889,-109.839722,NA,"stoloniferum","stoloniferum","tuberous","germplasm",48,"SŠrkinen","","","3.33","FCM","Petota","4 South"
NA,7646,NA,8658,"CIP 764287","","",21.3169,-99.4828,NA,"tarnii","tarnii","tuberous","germplasm",24,"SŠrkinen","","","1.47","FCM","Petota","1+2"
NA,7647,NA,8659,"CIP 764285","","",20.55,-98.4833,NA,"tarnii","tarnii","tuberous","germplasm",24,"SŠrkinen","","","1.47","FCM","Petota","1+2"
NA,7649,NA,8661,"88732","","",20.48,-99.14,2440,"tarnii","tarnii","tuberous","wild",24,"SŠrkinen","","","1.47","FCM","Petota","1+2"
NA,7650,NA,8662,"88810","","",20.33,-98.29,2360,"tarnii","tarnii","tuberous","wild",24,"SŠrkinen","","","1.47","FCM","Petota","1+2"
NA,7651,NA,8663,"88668","","",20.75,-99.35,2000,"tarnii","tarnii","tuberous","wild",24,"SŠrkinen","","","1.47","FCM","Petota","1+2"
NA,7652,NA,8664,"91104","","",20.7841,-99.733,2600,"tarnii","tarnii","tuberous","wild",24,"SŠrkinen","","","1.47","FCM","Petota","1+2"
NA,7654,NA,8666,"CIP 764145","","",19.6333,-102,NA,"trifidum","trifidum","tuberous","germplasm",24,"SŠrkinen","","","1.47","FCM","Petota","1+2"
NA,7656,NA,8668,"88998","","",19.51,-103.63,2200,"trifidum","trifidum","tuberous","wild",24,"SŠrkinen","","","1.47","FCM","Petota","1+2"
NA,7658,NA,8670,"89643","","",20.7175,-103.49,0,"trifidum","trifidum","tuberous","wild",24,"SŠrkinen","","","1.47","FCM","Petota","1+2"
NA,7659,NA,8671,"88450","","",19.7333,-103.783,2100,"trifidum","trifidum","tuberous","wild",24,"SŠrkinen","","","1.47","FCM","Petota","1+2"
NA,7660,NA,8672,"88467","","",19.9579,-103.688,2000,"trifidum","trifidum","tuberous","wild",24,"SŠrkinen","","","1.47","FCM","Petota","1+2"
NA,7662,NA,8674,"90640","","",19.45,-101.72,2700,"trifidum","trifidum","tuberous","wild",24,"SŠrkinen","","","1.47","FCM","Petota","1+2"
NA,7663,NA,8675,"88453","","",19.9166,-103.064,2100,"trifidum","trifidum","tuberous","wild",24,"SŠrkinen","","","1.47","FCM","Petota","1+2"
NA,7664,NA,8676,"88997","","",19.46,-102.25,0,"trifidum","trifidum","tuberous","wild",24,"SŠrkinen","","","1.47","FCM","Petota","1+2"
NA,7665,NA,8677,"89252","","",20.064,-103.841,2100,"trifidum","trifidum","tuberous","wild",24,"SŠrkinen","","","1.47","FCM","Petota","1+2"
NA,7666,NA,8678,"80101","","",19.4865,-101.603,2400,"trifidum","trifidum","tuberous","wild",24,"SŠrkinen","","","1.47","FCM","Petota","1+2"
NA,7667,NA,8679,"90118","","",19.95,-101.75,2270,"trifidum","trifidum","tuberous","wild",24,"SŠrkinen","","","1.47","FCM","Petota","1+2"
NA,7668,NA,8680,"88977","","",19.39,-101.5,2720,"trifidum","trifidum","tuberous","wild",24,"SŠrkinen","","","1.47","FCM","Petota","1+2"
NA,7669,NA,8681,"89767","","",19.7304,-101.179,2700,"trifidum","trifidum","tuberous","wild",24,"SŠrkinen","","","1.47","FCM","Petota","1+2"
NA,7670,NA,8682,"89610","","",19.33,-103.38,2300,"trifidum","trifidum","tuberous","wild",24,"SŠrkinen","","","1.47","FCM","Petota","1+2"
NA,7696,NA,8744,"CIP 764229","","",-23.6333,-65.1,NA,"venturii","venturii","tuberous","germplasm",24,"SŠrkinen","","","1.7","FCM","Petota","4 South"
NA,7698,NA,8746,"CIP 764240","","",-23.3186,-65.7619,NA,"venturii","venturii","tuberous","germplasm",24,"SŠrkinen","","","1.7","FCM","Petota","4 South"
NA,7700,NA,8748,"78009","","",-24.12,-65.63,3150,"venturii","venturii","tuberous","wild",24,"SŠrkinen","","","1.7","FCM","Petota","4 South"
NA,7701,NA,8749,"87530","","",-23.7333,-65.25,2900,"venturii","venturii","tuberous","wild",24,"SŠrkinen","","","1.7","FCM","Petota","4 South"
NA,7702,NA,8750,"164915","","",-26.60639,-65.86944,0,"venturii","venturii","tuberous","wild",24,"SŠrkinen","","","1.7","FCM","Petota","4 South"
NA,7703,NA,8751,"83042","","",-25.8333,-65.5,2690,"venturii","venturii","tuberous","wild",24,"SŠrkinen","","","1.7","FCM","Petota","4 South"
NA,7704,NA,8752,"88055","","",-25.1333,-65.5166,2394,"venturii","venturii","tuberous","wild",24,"SŠrkinen","","","1.7","FCM","Petota","4 South"
NA,7705,NA,8753,"83104","","",-27.62,-66.17,2700,"venturii","venturii","tuberous","wild",24,"SŠrkinen","","","1.7","FCM","Petota","4 South"
NA,7706,NA,8754,"87678","","",-28.3333,-67.9166,0,"venturii","venturii","tuberous","wild",24,"SŠrkinen","","","1.7","FCM","Petota","4 South"
NA,7707,NA,8755,"80982","","",-27.7,-65.9333,2900,"venturii","venturii","tuberous","wild",24,"SŠrkinen","","","1.7","FCM","Petota","4 South"
NA,7708,NA,8756,"87545","","",-24,-65.37,3000,"venturii","venturii","tuberous","wild",24,"SŠrkinen","","","1.7","FCM","Petota","4 South"
NA,7709,NA,8757,"164879","","",-24.55444,-65.88639,3150,"venturii","venturii","tuberous","wild",24,"SŠrkinen","","","1.7","FCM","Petota","4 South"
NA,7710,NA,8758,"80745","","",-27.3333,-65.5833,3600,"venturii","venturii","tuberous","wild",24,"SŠrkinen","","","1.7","FCM","Petota","4 South"
NA,7711,NA,8759,"78041","","",-25.1666,-65.85,3050,"venturii","venturii","tuberous","wild",24,"SŠrkinen","","","1.7","FCM","Petota","4 South"
NA,7712,NA,8760,"1142","","",-24.532778,-65.033333,2600,"venturii","venturii","tuberous","wild",24,"SŠrkinen","","","1.7","FCM","Petota","4 South"
NA,7713,NA,8761,"80512","","",-27.25,-65.8666,2800,"venturii","venturii","tuberous","wild",24,"SŠrkinen","","","1.7","FCM","Petota","4 South"
NA,7714,NA,8762,"86507","","",-23.5833,-65.5,3100,"venturii","venturii","tuberous","wild",24,"SŠrkinen","","","1.7","FCM","Petota","4 South"
NA,7715,NA,8763,"79776","","",-27.35,-66.4,2350,"venturii","venturii","tuberous","wild",24,"SŠrkinen","","","1.7","FCM","Petota","4 South"
NA,7716,NA,8764,"83747","","",-27.7356,-66.0488,0,"venturii","venturii","tuberous","wild",24,"SŠrkinen","","","1.7","FCM","Petota","4 South"
NA,7717,NA,8765,"86570","","",-23.5833,-63.5166,3900,"venturii","venturii","tuberous","wild",24,"SŠrkinen","","","1.7","FCM","Petota","4 South"
NA,7718,NA,8766,"80497","","",-25.1,-66.1833,2550,"venturii","venturii","tuberous","wild",24,"SŠrkinen","","","1.7","FCM","Petota","4 South"
NA,7719,NA,8767,"88045","","",-26.45,-65.7166,2858,"venturii","venturii","tuberous","wild",24,"SŠrkinen","","","1.7","FCM","Petota","4 South"
NA,7720,NA,8768,"83718","","",-26.6809,-66.58279,3000,"venturii","venturii","tuberous","wild",24,"SŠrkinen","","","1.7","FCM","Petota","4 South"
NA,7721,NA,8769,"78026","","",-24.9,-65.2666,3200,"venturii","venturii","tuberous","wild",24,"SŠrkinen","","","1.7","FCM","Petota","4 South"
NA,7722,NA,8770,"78059","","",-23.5666,-65.3666,2600,"venturii","venturii","tuberous","wild",24,"SŠrkinen","","","1.7","FCM","Petota","4 South"
NA,7724,NA,8772,"80720","","",-26.8667,-65.6833,2650,"venturii","venturii","tuberous","wild",24,"SŠrkinen","","","1.7","FCM","Petota","4 South"
NA,7725,NA,8773,"CIP 766110","","",-25.16666667,-65.86666667,3000,"vernei","vernei","tuberous","germplasm",24,"SŠrkinen","","","1.68","FCM","Petota","4 South"
NA,7727,NA,8775,"CIP 763679","","",-23.1322,-65.5181,3922,"vernei","vernei","tuberous","germplasm",24,"SŠrkinen","","","1.68","FCM","Petota","4 South"
NA,7728,NA,8776,"CIP 763728","","",-23.2333,-65.3667,2978,"vernei","vernei","tuberous","germplasm",24,"SŠrkinen","","","1.68","FCM","Petota","4 South"
NA,7729,NA,8777,"CIP 763727","","",-23.5833,-65.2167,2950,"vernei","vernei","tuberous","germplasm",24,"SŠrkinen","","","1.68","FCM","Petota","4 South"
NA,7730,NA,8778,"CIP 763710","","",-22.2667,-65.1833,3717,"vernei","vernei","tuberous","germplasm",24,"SŠrkinen","","","1.68","FCM","Petota","4 South"
NA,7731,NA,8779,"CIP 763729","","",-22.15,-65.0333,3003,"vernei","vernei","tuberous","germplasm",24,"SŠrkinen","","","1.68","FCM","Petota","4 South"
NA,7732,NA,8780,"CIP 763028","","",-23.1667,-64.95,3600,"vernei","vernei","tuberous","germplasm",24,"SŠrkinen","","","1.68","FCM","Petota","4 South"
NA,7734,NA,8782,"CIP 763712","","",-24.2967,-64.8203,3410,"vernei","vernei","tuberous","germplasm",24,"SŠrkinen","","","1.68","FCM","Petota","4 South"
NA,7735,NA,8783,"84429","","",-24.07,-65.65,3200,"vernei","vernei","tuberous","wild",24,"SŠrkinen","","","1.68","FCM","Petota","4 South"
NA,7736,NA,8784,"77946","","",-26.3666,-65.95,2800,"vernei","vernei","tuberous","wild",24,"SŠrkinen","","","1.68","FCM","Petota","4 South"
NA,7737,NA,8785,"80744","","",-28.75,-66.1833,2400,"vernei","vernei","tuberous","wild",24,"SŠrkinen","","","1.68","FCM","Petota","4 South"
NA,7738,NA,8786,"77206","","",-23.5667,-65.3667,2340,"vernei","vernei","tuberous","wild",24,"SŠrkinen","","","1.68","FCM","Petota","4 South"
NA,7739,NA,8787,"85658","","",-26.8166,-65.2166,0,"vernei","vernei","tuberous","wild",24,"SŠrkinen","","","1.68","FCM","Petota","4 South"
NA,7740,NA,8788,"80493","","",-25.1333,-65.5166,2700,"vernei","vernei","tuberous","wild",24,"SŠrkinen","","","1.68","FCM","Petota","4 South"
NA,7741,NA,8789,"85881","","",-22.55,-64.5333,3150,"vernei","vernei","tuberous","wild",24,"SŠrkinen","","","1.68","FCM","Petota","4 South"
NA,7742,NA,8790,"84441","","",-23.7166,-65.75,3100,"vernei","vernei","tuberous","wild",24,"SŠrkinen","","","1.68","FCM","Petota","4 South"
NA,7743,NA,8791,"77947","","",-27.4069,-66.08622,2700,"vernei","vernei","tuberous","wild",24,"SŠrkinen","","","1.68","FCM","Petota","4 South"
NA,7746,NA,8794,"83474","","",-26.2,-65.2667,3000,"vernei","vernei","tuberous","wild",24,"SŠrkinen","","","1.68","FCM","Petota","4 South"
NA,7747,NA,8795,"88203","","",-24.8166,-66.0666,3720,"vernei","vernei","tuberous","wild",24,"SŠrkinen","","","1.68","FCM","Petota","4 South"
NA,7748,NA,8796,"77924","","",-27.27449,-65.97274,3200,"vernei","vernei","tuberous","wild",24,"SŠrkinen","","","1.68","FCM","Petota","4 South"
NA,7749,NA,8797,"80467","","",-25.8333,-65.5,0,"vernei","vernei","tuberous","wild",24,"SŠrkinen","","","1.68","FCM","Petota","4 South"
NA,7751,NA,8799,"85745","","",-27.43,-66.21,2000,"vernei","vernei","tuberous","wild",24,"SŠrkinen","","","1.68","FCM","Petota","4 South"
NA,7753,NA,8801,"78638","","",-26.8666,-65.6833,2900,"vernei","vernei","tuberous","wild",24,"SŠrkinen","","","1.68","FCM","Petota","4 South"
NA,7754,NA,8802,"86514","","",-23.3166,-65.9333,3200,"vernei","vernei","tuberous","wild",24,"SŠrkinen","","","1.68","FCM","Petota","4 South"
NA,7755,NA,8803,"83409","","",-27.6,-66.3833,2600,"vernei","vernei","tuberous","wild",24,"SŠrkinen","","","1.68","FCM","Petota","4 South"
NA,7756,NA,8804,"80511","","",-27.25,-65.8666,2800,"vernei","vernei","tuberous","wild",24,"SŠrkinen","","","1.68","FCM","Petota","4 South"
NA,7758,NA,8806,"85460","","",-22.25,-64.95,3400,"vernei","vernei","tuberous","wild",24,"SŠrkinen","","","1.68","FCM","Petota","4 South"
NA,7759,NA,8807,"80346","","",-27.35,-66.4,2270,"vernei","vernei","tuberous","wild",24,"SŠrkinen","","","1.68","FCM","Petota","4 South"
NA,7760,NA,8808,"83755","","",-26.6809,-66.58279,3200,"vernei","vernei","tuberous","wild",24,"SŠrkinen","","","1.68","FCM","Petota","4 South"
NA,7761,NA,8809,"87245","","",-22.7166,-65.2333,3050,"vernei","vernei","tuberous","wild",24,"SŠrkinen","","","1.68","FCM","Petota","4 South"
NA,7762,NA,8810,"83392","","",-23.9,-62.7833,3200,"vernei","vernei","tuberous","wild",24,"SŠrkinen","","","1.68","FCM","Petota","4 South"
NA,7763,NA,8811,"83564","","",-26.6,-65.9166,2750,"vernei","vernei","tuberous","wild",24,"SŠrkinen","","","1.68","FCM","Petota","4 South"
NA,7765,NA,8813,"83539","","",-27.55,-65.0333,2100,"vernei","vernei","tuberous","wild",24,"SŠrkinen","","","1.68","FCM","Petota","4 South"
NA,7766,NA,8814,"84532","","",-26.77,-65.77,2900,"vernei","vernei","tuberous","wild",24,"SŠrkinen","","","1.68","FCM","Petota","4 South"
NA,7767,NA,8815,"78017","","",-24.62,-65.58,3350,"vernei","vernei","tuberous","wild",24,"SŠrkinen","","","1.68","FCM","Petota","4 South"
NA,7768,NA,8816,"80979","","",-27.9166,-66.0666,2500,"vernei","vernei","tuberous","wild",24,"SŠrkinen","","","1.68","FCM","Petota","4 South"
NA,7769,NA,8817,"80484","","",-23.9166,-65.35,2960,"vernei","vernei","tuberous","wild",24,"SŠrkinen","","","1.68","FCM","Petota","4 South"
NA,7770,NA,8818,"86497","","",-23.1833,-66.2166,3200,"vernei","vernei","tuberous","wild",24,"SŠrkinen","","","1.68","FCM","Petota","4 South"
NA,7771,NA,8819,"80486","","",-23.9,-65.45,3175,"vernei","vernei","tuberous","wild",24,"SŠrkinen","","","1.68","FCM","Petota","4 South"
NA,7893,NA,8942,"CIP 762368","","",-13.0458,-72.9144,2849,"violaceimarmoratum","violaceimarmoratum","tuberous","germplasm",24,"SŠrkinen","","","1.76","FCM","Petota","4 South"
NA,7895,NA,8944,"CIP 763316","","",-13.2447,-72.7378,2800,"violaceimarmoratum","violaceimarmoratum","tuberous","germplasm",24,"SŠrkinen","","","1.76","FCM","Petota","4 South"
NA,7898,NA,8947,"CIP 761795","","",-13.0881,-72.6247,1416,"violaceimarmoratum","violaceimarmoratum","tuberous","germplasm",24,"SŠrkinen","","","1.76","FCM","Petota","4 South"
NA,7902,NA,8951,"CIP 762836","","",-13.1739,-72.5028,2238,"violaceimarmoratum","violaceimarmoratum","tuberous","germplasm",24,"SŠrkinen","","","1.76","FCM","Petota","4 South"
NA,7903,NA,8952,"CIP 762845","","",-12.9244,-71.92,2444,"violaceimarmoratum","violaceimarmoratum","tuberous","germplasm",24,"SŠrkinen","","","1.76","FCM","Petota","4 South"
NA,7904,NA,8953,"CIP 762171","","",-14.6833,-69.0292,2460,"violaceimarmoratum","violaceimarmoratum","tuberous","germplasm",24,"SŠrkinen","","","1.76","FCM","Petota","4 South"
NA,7905,NA,8954,"CIP 761342","","",-15.1667,-68.9667,3050,"violaceimarmoratum","violaceimarmoratum","tuberous","germplasm",24,"SŠrkinen","","","1.76","FCM","Petota","4 South"
NA,7906,NA,8955,"CIP 760330","","",-16.3167,-67.9,3222,"violaceimarmoratum","violaceimarmoratum","tuberous","germplasm",24,"SŠrkinen","","","1.76","FCM","Petota","4 South"
NA,7909,NA,8958,"CIP 760331","","",-16.1833,-67.7333,1361,"violaceimarmoratum","violaceimarmoratum","tuberous","germplasm",24,"SŠrkinen","","","1.76","FCM","Petota","4 South"
NA,7910,NA,8959,"CIP 760240","","",-17.3833,-66.15,3025,"violaceimarmoratum","violaceimarmoratum","tuberous","germplasm",24,"SŠrkinen","","","1.76","FCM","Petota","4 South"
NA,7911,NA,8960,"77108","","",-17.2833,-65.7833,3400,"violaceimarmoratum","violaceimarmoratum","tuberous","wild",24,"SŠrkinen","","","1.76","FCM","Petota","4 South"
NA,7912,NA,8961,"77115","","",-17.55,-65.2333,3000,"violaceimarmoratum","violaceimarmoratum","tuberous","wild",24,"SŠrkinen","","","1.76","FCM","Petota","4 South"
NA,7913,NA,8962,"91777","","",-13.51667,-71.98333,0,"violaceimarmoratum","violaceimarmoratum","tuberous","wild",24,"SŠrkinen","","","1.76","FCM","Petota","4 South"
NA,7914,NA,8963,"95324","","",-13.33333,-72.85,2500,"violaceimarmoratum","violaceimarmoratum","tuberous","wild",24,"SŠrkinen","","","1.76","FCM","Petota","4 South"
NA,7915,NA,8964,"105089","","",-14.89444,-68.7925,3576,"violaceimarmoratum","violaceimarmoratum","tuberous","wild",24,"SŠrkinen","","","1.76","FCM","Petota","4 South"
NA,7916,NA,8965,"68942","","",-12.97407,-72.05877,2589,"violaceimarmoratum","violaceimarmoratum","tuberous","wild",24,"SŠrkinen","","","1.76","FCM","Petota","4 South"
NA,7918,NA,8967,"77116","","",-17.1667,-65.6667,3100,"violaceimarmoratum","violaceimarmoratum","tuberous","wild",24,"SŠrkinen","","","1.76","FCM","Petota","4 South"
NA,7919,NA,8968,"84320","","",-14.8,-67.2833,3330,"violaceimarmoratum","violaceimarmoratum","tuberous","wild",24,"SŠrkinen","","","1.76","FCM","Petota","4 South"
NA,7920,NA,8969,"81532","","",-14.6,-69.1333,2500,"violaceimarmoratum","violaceimarmoratum","tuberous","wild",24,"SŠrkinen","","","1.76","FCM","Petota","4 South"
NA,7923,NA,8972,"77111","","",-16.3667,-68.0167,3250,"violaceimarmoratum","violaceimarmoratum","tuberous","wild",24,"SŠrkinen","","","1.76","FCM","Petota","4 South"
NA,7924,NA,8973,"80205","","",-16.39351,-67.56398,2450,"violaceimarmoratum","violaceimarmoratum","tuberous","wild",24,"SŠrkinen","","","1.76","FCM","Petota","4 South"
NA,7925,NA,8974,"74744","","",-12.70484,-72.61837,2600,"violaceimarmoratum","violaceimarmoratum","tuberous","wild",24,"SŠrkinen","","","1.76","FCM","Petota","4 South"
NA,7928,NA,8977,"91757","","",-13.25,-72.33333,2500,"violaceimarmoratum","violaceimarmoratum","tuberous","wild",24,"SŠrkinen","","","1.76","FCM","Petota","4 South"
NA,7929,NA,8978,"82971","","",-17.25,-65.8833,3100,"violaceimarmoratum","violaceimarmoratum","tuberous","wild",24,"SŠrkinen","","","1.76","FCM","Petota","4 South"
NA,7930,NA,8979,"85652","","",-17.5,-65.6667,2700,"violaceimarmoratum","violaceimarmoratum","tuberous","wild",24,"SŠrkinen","","","1.76","FCM","Petota","4 South"
NA,7931,NA,8980,"71698","","",-13.15894,-71.59103,2350,"violaceimarmoratum","violaceimarmoratum","tuberous","wild",24,"SŠrkinen","","","1.76","FCM","Petota","4 South"
NA,7932,NA,8981,"91745","","",-13.13333,-71.41667,0,"violaceimarmoratum","violaceimarmoratum","tuberous","wild",24,"SŠrkinen","","","1.76","FCM","Petota","4 South"
NA,7935,NA,8984,"77080","","",-16.8333,-66.6333,2740,"violaceimarmoratum","violaceimarmoratum","tuberous","wild",24,"SŠrkinen","","","1.76","FCM","Petota","4 South"
NA,7936,NA,8985,"74737","","",-12.95808,-72.35842,2000,"violaceimarmoratum","violaceimarmoratum","tuberous","wild",24,"SŠrkinen","","","1.76","FCM","Petota","4 South"
NA,7940,NA,8989,"84289","","",-16.6333,-67.25,2450,"violaceimarmoratum","violaceimarmoratum","tuberous","wild",24,"SŠrkinen","","","1.76","FCM","Petota","4 South"
NA,7941,NA,8990,"84290","","",-16.11667,-68.11667,2560,"violaceimarmoratum","violaceimarmoratum","tuberous","wild",24,"SŠrkinen","","","1.76","FCM","Petota","4 South"
NA,7942,NA,8991,"81666","","",-13,-72.1667,2500,"violaceimarmoratum","violaceimarmoratum","tuberous","wild",24,"SŠrkinen","","","1.76","FCM","Petota","4 South"
NA,7945,NA,8994,"473395","","",-16.916667,-65.366665,NA,"violaceimarmoratum","violaceimarmoratum","tuberous","germplasm",24,"SŠrkinen","","","1.76","FCM","Petota","4 South"
105644,8348,NA,NA,NA,"Nee, M","0.0.2009",-14.7725,-68.99139,2320,"anceps","anceps","nongeophyte",NA,24,"Potato","BOL","Bolivia","2.39","LocoGSE","Pteroidea",""
106030,8349,NA,NA,NA,"Knapp, S; Helgason, T","0.0.1996",-11.23649,-68.6768,290,"anceps","anceps","nongeophyte",NA,24,"Potato","BOL","Bolivia","2.39","LocoGSE","Pteroidea",""
106436,8350,NA,NA,NA,"Nee, M","0.0.2004",-17.0811,-65.3735,2100,"anceps","anceps","nongeophyte",NA,24,"Potato","BOL","Bolivia","2.39","LocoGSE","Pteroidea",""
106606,8351,NA,NA,NA,"Nee, M","0.0.2009",-17.5012,-64.4404,2969,"anceps","anceps","nongeophyte",NA,24,"Potato","BOL","Bolivia","2.39","LocoGSE","Pteroidea",""
106823,8352,NA,NA,NA,"Nee, M","0.0.2004",-14.2702,-68.1146,1579,"anceps","anceps","nongeophyte",NA,24,"Potato","BOL","Bolivia","2.39","LocoGSE","Pteroidea",""
106950,8353,NA,NA,NA,"Knapp, S; Helgason, T","0.0.1996",-16.12,-67.53,1700,"anceps","anceps","nongeophyte",NA,24,"Potato","BOL","Bolivia","2.39","LocoGSE","Pteroidea",""
107228,8354,NA,NA,NA,"Nee, M","0.0.2009",-14.3556,-68.5601,0,"anceps","anceps","nongeophyte",NA,24,"Potato","BOL","Bolivia","2.39","LocoGSE","Pteroidea",""
107273,8355,NA,NA,NA,"Nee, M","0.0.2005",-15.1244,-68.3905,1700,"anceps","anceps","nongeophyte",NA,24,"Potato","BOL","Bolivia","2.39","LocoGSE","Pteroidea",""
107449,8356,NA,NA,NA,"Nee, M","0.0.1990",-16.68112,-67.18542,1970,"anceps","anceps","nongeophyte",NA,24,"Potato","BOL","Bolivia","2.39","LocoGSE","Pteroidea",""
107906,8357,NA,NA,NA,"Knapp, S; Helgason, T","0.0.1996",-15.35,-67.34,1500,"anceps","anceps","nongeophyte",NA,24,"Potato","BOL","Bolivia","2.39","LocoGSE","Pteroidea",""
108036,8358,NA,NA,NA,"Nee, M","0.0.2009",-14.4732,-68.3553,0,"anceps","anceps","nongeophyte",NA,24,"Potato","BOL","Bolivia","2.39","LocoGSE","Pteroidea",""
108055,8359,NA,NA,NA,"Nee, M","0.0.2007",-17.4,-63.36,400,"anceps","anceps","nongeophyte",NA,24,"Potato","BOL","Bolivia","2.39","LocoGSE","Pteroidea",""
108073,8360,NA,NA,NA,"Nee, M","0.0.1989",-15.33,-67.58,1200,"anceps","anceps","nongeophyte",NA,24,"Potato","BOL","Bolivia","2.39","LocoGSE","Pteroidea",""
108074,8361,NA,NA,NA,"Nee, M","0.0.1990",-10.34,-66.06,120,"anceps","anceps","nongeophyte",NA,24,"Potato","BOL","Bolivia","2.39","LocoGSE","Pteroidea",""
108082,8362,NA,NA,NA,"Nee, M","0.0.2007",-17.3142,-65.1617,2100,"anceps","anceps","nongeophyte",NA,24,"Potato","BOL","Bolivia","2.39","LocoGSE","Pteroidea",""
108087,8363,NA,NA,NA,"Knapp, S","0.0.2003",-16.2,-67.83333,1300,"anceps","anceps","nongeophyte",NA,24,"Potato","BOL","Bolivia","2.39","LocoGSE","Pteroidea",""
108369,8364,NA,NA,NA,"Knapp, S; Helgason, T","0.0.1996",-15.24,-67.11,1100,"anceps","anceps","nongeophyte",NA,24,"Potato","BOL","Bolivia","2.39","LocoGSE","Pteroidea",""
108873,8365,NA,NA,NA,"Nee, M","0.0.2007",-15.38915,-68.18745,700,"anceps","anceps","nongeophyte",NA,24,"Potato","BOL","Bolivia","2.39","LocoGSE","Pteroidea",""
35295,8366,NA,NA,NA,"Knapp, S","0.0.2006",-17.292498,-64.899883,500,"anceps","anceps","nongeophyte",NA,24,"Potato","BOL","Bolivia","2.39","LocoGSE","Pteroidea",""
35441,8367,NA,NA,NA,"Knapp, S","0.0.2006",-17.51053,-64.32135,2347,"anceps","anceps","nongeophyte",NA,24,"Potato","BOL","Bolivia","2.39","LocoGSE","Pteroidea",""
106881,8368,NA,NA,NA,"Nee, M","0.0.1993",-9.12,-72.41,0,"anceps","anceps","nongeophyte",NA,24,"Potato","BRA","Brazil","2.39","LocoGSE","Pteroidea",""
106956,8369,NA,NA,NA,"Nee, M","0.0.1989",-10.34,-63.35,300,"anceps","anceps","nongeophyte",NA,24,"Potato","BRA","Brazil","2.39","LocoGSE","Pteroidea",""
107161,8370,NA,NA,NA,"Nee, M","0.0.2004",-8.2,-70.46,180,"anceps","anceps","nongeophyte",NA,24,"Potato","BRA","Brazil","2.39","LocoGSE","Pteroidea",""
111585,8371,NA,NA,NA,"Nee, M","0.0.1999",-9.82,-67.98,0,"anceps","anceps","nongeophyte",NA,24,"Potato","BRA","Brazil","2.39","LocoGSE","Pteroidea",""
111618,8372,NA,NA,NA,"Nee, M","0.8.1995",-7.633333,-72.6,150,"anceps","anceps","nongeophyte",NA,24,"Potato","BRA","Brazil","2.39","LocoGSE","Pteroidea",""
111621,8373,NA,NA,NA,"Nee, M","0.0.2013",-9.9581,-67.0903,0,"anceps","anceps","nongeophyte",NA,24,"Potato","BRA","Brazil","2.39","LocoGSE","Pteroidea",""
111629,8374,NA,NA,NA,"Nee, M","0.0.1995",-9.48,-68.9,0,"anceps","anceps","nongeophyte",NA,24,"Potato","BRA","Brazil","2.39","LocoGSE","Pteroidea",""
111634,8375,NA,NA,NA,"Nee, M","0.0.1995",-9.75,-67.63,0,"anceps","anceps","nongeophyte",NA,24,"Potato","BRA","Brazil","2.39","LocoGSE","Pteroidea",""
111636,8376,NA,NA,NA,"Nee, M","0.0.1991",-10.32,-67.25,0,"anceps","anceps","nongeophyte",NA,24,"Potato","BRA","Brazil","2.39","LocoGSE","Pteroidea",""
111649,8377,NA,NA,NA,"Nee, M","0.0.1986",-11.1753,-61.9014,0,"anceps","anceps","nongeophyte",NA,24,"Potato","BRA","Brazil","2.39","LocoGSE","Pteroidea",""
111709,8378,NA,NA,NA,"Knapp, S; Helgason, T","0.0.1996",-4.5256,-71.5644,0,"anceps","anceps","nongeophyte",NA,24,"Potato","BRA","Brazil","2.39","LocoGSE","Pteroidea",""
111715,8379,NA,NA,NA,"Knapp, S; Helgason, T","0.0.1996",-9.9747,-67.8097,0,"anceps","anceps","nongeophyte",NA,24,"Potato","BRA","Brazil","2.39","LocoGSE","Pteroidea",""
111778,8380,NA,NA,NA,"Knapp, S; Helgason, T","0.0.1996",-7.52,-73.75,0,"anceps","anceps","nongeophyte",NA,24,"Potato","BRA","Brazil","2.39","LocoGSE","Pteroidea",""
111780,8381,NA,NA,NA,"Knapp, S; Helgason, T","0.0.1996",-7.6144,-72.8956,0,"anceps","anceps","nongeophyte",NA,24,"Potato","BRA","Brazil","2.39","LocoGSE","Pteroidea",""
111794,8382,NA,NA,NA,"Knapp, S; Helgason, T","0.0.1996",-7.491765,-63.01162,0,"anceps","anceps","nongeophyte",NA,24,"Potato","BRA","Brazil","2.39","LocoGSE","Pteroidea",""
111838,8383,NA,NA,NA,"Nee, M","0.0.2004",-8.5867,-71.5158,0,"anceps","anceps","nongeophyte",NA,24,"Potato","BRA","Brazil","2.39","LocoGSE","Pteroidea",""
144777,8384,NA,NA,NA,"Nee, M","0.0.1987",-9.06556,-68.6569,0,"anceps","anceps","nongeophyte",NA,24,"Potato","BRA","Brazil","2.39","LocoGSE","Pteroidea",""
144823,8385,NA,NA,NA,"Giacomin, LL","3.11.2014",-8.05,-62.92889,49,"anceps","anceps","nongeophyte",NA,24,"Potato","BRA","Brazil","2.39","LocoGSE","Pteroidea",""
144950,8386,NA,NA,NA,"Nee, M","0.8.1995",-3.10194,-60.025,0,"anceps","anceps","nongeophyte",NA,24,"Potato","BRA","Brazil","2.39","LocoGSE","Pteroidea",""
147810,8387,NA,NA,NA,"Nee, M","0.0.0",-9.4214,-70.4886,0,"anceps","anceps","nongeophyte",NA,24,"Potato","BRA","Brazil","2.39","LocoGSE","Pteroidea",""
161796,8388,NA,NA,NA,"Knapp, S","0.12.2009",-10.06667,-67.61667,0,"anceps","anceps","nongeophyte",NA,24,"Potato","BRA","Brazil","2.39","LocoGSE","Pteroidea",""
106476,8389,NA,NA,NA,"Knapp, S","0.0.2005",6.32,-76.19,700,"anceps","anceps","nongeophyte",NA,24,"Potato","COL","Colombia","2.39","LocoGSE","Pteroidea",""
107248,8390,NA,NA,NA,"Nee, M","0.0.2001",6.13,-75.39,1710,"anceps","anceps","nongeophyte",NA,24,"Potato","COL","Colombia","2.39","LocoGSE","Pteroidea",""
108237,8391,NA,NA,NA,"Knapp, S; Helgason, T","0.0.1996",6.5,-75.18,2000,"anceps","anceps","nongeophyte",NA,24,"Potato","COL","Colombia","2.39","LocoGSE","Pteroidea",""
111985,8392,NA,NA,NA,"Orejuela, A","25.5.2011",4.891667,-73.28167,900,"anceps","anceps","nongeophyte",NA,24,"Potato","COL","Colombia","2.39","LocoGSE","Pteroidea",""
112048,8393,NA,NA,NA,"Orozco, CI","0.0.1986",5.691501,-76.65753,0,"anceps","anceps","nongeophyte",NA,24,"Potato","COL","Colombia","2.39","LocoGSE","Pteroidea",""
112193,8394,NA,NA,NA,"Nee, M","0.0.1988",2.802489,-73.81054,550,"anceps","anceps","nongeophyte",NA,24,"Potato","COL","Colombia","2.39","LocoGSE","Pteroidea",""
112195,8395,NA,NA,NA,"Bohs, L","0.0.1992",2.812113,-73.99644,0,"anceps","anceps","nongeophyte",NA,24,"Potato","COL","Colombia","2.39","LocoGSE","Pteroidea",""
112198,8396,NA,NA,NA,"Granados-Tochoy, JC","0.0.2005",3.797333,-73.91739,835,"anceps","anceps","nongeophyte",NA,24,"Potato","COL","Colombia","2.39","LocoGSE","Pteroidea",""
112238,8397,NA,NA,NA,"Granados-Tochoy, JC","0.0.2005",4.64808,-75.64805,1780,"anceps","anceps","nongeophyte",NA,24,"Potato","COL","Colombia","2.39","LocoGSE","Pteroidea",""
112280,8398,NA,NA,NA,"Nee, M","0.0.1988",4.77568,-76.14654,1850,"anceps","anceps","nongeophyte",NA,24,"Potato","COL","Colombia","2.39","LocoGSE","Pteroidea",""
114598,8399,NA,NA,NA,NA,"0.0.0",6.55519,-76.27879,1110,"anceps","anceps","nongeophyte",NA,24,"Potato","COL","Colombia","2.39","LocoGSE","Pteroidea",""
116570,8400,NA,NA,NA,"Knapp, S","0.3.2017",5.966942,-73.16239,2200,"anceps","anceps","nongeophyte",NA,24,"Potato","COL","Colombia","2.39","LocoGSE","Pteroidea",""
120482,8401,NA,NA,NA,"Knapp, S","0.3.2017",6.840191,-72.98987,710,"anceps","anceps","nongeophyte",NA,24,"Potato","COL","Colombia","2.39","LocoGSE","Pteroidea",""
121237,8402,NA,NA,NA,NA,"0.0.0",5.418471,-76.04731,1500,"anceps","anceps","nongeophyte",NA,24,"Potato","COL","Colombia","2.39","LocoGSE","Pteroidea",""
122691,8403,NA,NA,NA,NA,"0.0.0",5.378872,-75.88632,1800,"anceps","anceps","nongeophyte",NA,24,"Potato","COL","Colombia","2.39","LocoGSE","Pteroidea",""
124158,8404,NA,NA,NA,"Lozano C, G","1.1.1996",4.18384,-73.65302,1000,"anceps","anceps","nongeophyte",NA,24,"Potato","COL","Colombia","2.39","LocoGSE","Pteroidea",""
124452,8405,NA,NA,NA,"Lozano C, G","1.1.1995",5.55486,-74.29308,1450,"anceps","anceps","nongeophyte",NA,24,"Potato","COL","Colombia","2.39","LocoGSE","Pteroidea",""
105900,8406,NA,NA,NA,"Nee, M","0.0.2011",-2.31,-76.48,235,"anceps","anceps","nongeophyte",NA,24,"Potato","ECU","Ecuador","2.39","LocoGSE","Pteroidea",""
105960,8407,NA,NA,NA,"Knapp, S","0.0.1987",-3.37,-78.27,900,"anceps","anceps","nongeophyte",NA,24,"Potato","ECU","Ecuador","2.39","LocoGSE","Pteroidea",""
105975,8408,NA,NA,NA,"Knapp, S; Helgason, T","0.0.1996",-0.36,-75.52,200,"anceps","anceps","nongeophyte",NA,24,"Potato","ECU","Ecuador","2.39","LocoGSE","Pteroidea",""
106326,8409,NA,NA,NA,"Nee, M","0.0.2000",-0.39,-77.3,1400,"anceps","anceps","nongeophyte",NA,24,"Potato","ECU","Ecuador","2.39","LocoGSE","Pteroidea",""
106410,8410,NA,NA,NA,"Nee, M","0.0.1986",-1.27,-78.06,1300,"anceps","anceps","nongeophyte",NA,24,"Potato","ECU","Ecuador","2.39","LocoGSE","Pteroidea",""
106417,8411,NA,NA,NA,"Nee, M","0.0.1997",-4.05,-78.57,960,"anceps","anceps","nongeophyte",NA,24,"Potato","ECU","Ecuador","2.39","LocoGSE","Pteroidea",""
106421,8412,NA,NA,NA,"Nee, M","0.0.1993",-1.49,-76.42,260,"anceps","anceps","nongeophyte",NA,24,"Potato","ECU","Ecuador","2.39","LocoGSE","Pteroidea",""
106475,8413,NA,NA,NA,"Knapp, S; Helgason, T","0.0.1996",-1.04,-77.36,400,"anceps","anceps","nongeophyte",NA,24,"Potato","ECU","Ecuador","2.39","LocoGSE","Pteroidea",""
106515,8414,NA,NA,NA,"Nee, M","0.0.2001",-0.966667,-77.66667,600,"anceps","anceps","nongeophyte",NA,24,"Potato","ECU","Ecuador","2.39","LocoGSE","Pteroidea",""
106599,8415,NA,NA,NA,"Knapp, S; Helgason, T","0.0.1996",-1.34,-77.25,580,"anceps","anceps","nongeophyte",NA,24,"Potato","ECU","Ecuador","2.39","LocoGSE","Pteroidea",""
107180,8416,NA,NA,NA,"Knapp, S; Helgason, T","0.0.1996",-3,-78.1,800,"anceps","anceps","nongeophyte",NA,24,"Potato","ECU","Ecuador","2.39","LocoGSE","Pteroidea",""
107330,8417,NA,NA,NA,"Knapp, S","0.0.1997",-0.55,-77.21,440,"anceps","anceps","nongeophyte",NA,24,"Potato","ECU","Ecuador","2.39","LocoGSE","Pteroidea",""
107367,8418,NA,NA,NA,"Knapp, S","0.0.2006",-2.543333,-78.56278,1524,"anceps","anceps","nongeophyte",NA,24,"Potato","ECU","Ecuador","2.39","LocoGSE","Pteroidea",""
107617,8419,NA,NA,NA,"Knapp, S","0.0.1997",0.07,-76.23,240,"anceps","anceps","nongeophyte",NA,24,"Potato","ECU","Ecuador","2.39","LocoGSE","Pteroidea",""
107687,8420,NA,NA,NA,"Nee, M","0.0.1988",-1.38,-75.58,200,"anceps","anceps","nongeophyte",NA,24,"Potato","ECU","Ecuador","2.39","LocoGSE","Pteroidea",""
107894,8421,NA,NA,NA,"Nee, M","0.0.1988",-2.21,-77.31,450,"anceps","anceps","nongeophyte",NA,24,"Potato","ECU","Ecuador","2.39","LocoGSE","Pteroidea",""
108041,8422,NA,NA,NA,"Nee, M","0.0.1988",-2.25,-77.2,250,"anceps","anceps","nongeophyte",NA,24,"Potato","ECU","Ecuador","2.39","LocoGSE","Pteroidea",""
108044,8423,NA,NA,NA,"Nee, M","0.0.1997",-2.05,-76.58,250,"anceps","anceps","nongeophyte",NA,24,"Potato","ECU","Ecuador","2.39","LocoGSE","Pteroidea",""
108694,8424,NA,NA,NA,"Knapp, S","0.0.1997",-0.233333,-76.88333,0,"anceps","anceps","nongeophyte",NA,24,"Potato","ECU","Ecuador","2.39","LocoGSE","Pteroidea",""
108840,8425,NA,NA,NA,"Knapp, S","0.0.1997",-1.83,-78.28306,0,"anceps","anceps","nongeophyte",NA,24,"Potato","ECU","Ecuador","2.39","LocoGSE","Pteroidea",""
108953,8426,NA,NA,NA,"Knapp, S","0.0.1997",-2.116667,-77.65,0,"anceps","anceps","nongeophyte",NA,24,"Potato","ECU","Ecuador","2.39","LocoGSE","Pteroidea",""
118531,8427,NA,NA,NA,"Knapp, S","0.10.2016",-0.182778,-77.64333,1855,"anceps","anceps","nongeophyte",NA,24,"Potato","ECU","Ecuador","2.39","LocoGSE","Pteroidea",""
138963,8428,NA,NA,NA,"Knapp, S","0.10.2018",-0.066667,-77.88333,0,"anceps","anceps","nongeophyte",NA,24,"Potato","ECU","Ecuador","2.39","LocoGSE","Pteroidea",""
14667,8429,NA,NA,NA,"Knapp, S","0.0.2002",-3.984,-79.0845,2150,"anceps","anceps","nongeophyte",NA,24,"Potato","ECU","Ecuador","2.39","LocoGSE","Pteroidea",""
14674,8430,NA,NA,NA,"Knapp, S","0.0.2002",0.468,-77.534,2100,"anceps","anceps","nongeophyte",NA,24,"Potato","ECU","Ecuador","2.39","LocoGSE","Pteroidea",""
17001,8431,NA,NA,NA,"Knapp, S","0.0.2006",-4.1,-78.95,1000,"anceps","anceps","nongeophyte",NA,24,"Potato","ECU","Ecuador","2.39","LocoGSE","Pteroidea",""
19188,8432,NA,NA,NA,"Knapp, S","0.0.2007",-4.772528,-79.176639,1800,"anceps","anceps","nongeophyte",NA,24,"Potato","ECU","Ecuador","2.39","LocoGSE","Pteroidea",""
24676,8433,NA,NA,NA,"Smith, SF","0.0.0",-1.384725,-78.280556,1800,"anceps","anceps","nongeophyte",NA,24,"Potato","ECU","Ecuador","2.39","LocoGSE","Pteroidea",""
24677,8434,NA,NA,NA,"Nee, M","0.0.0",-0.3593,-77.53,2200,"anceps","anceps","nongeophyte",NA,24,"Potato","ECU","Ecuador","2.39","LocoGSE","Pteroidea",""
24727,8435,NA,NA,NA,"Bohs, L","0.0.0",-1.4653,-77.4957,800,"anceps","anceps","nongeophyte",NA,24,"Potato","ECU","Ecuador","2.39","LocoGSE","Pteroidea",""
24749,8436,NA,NA,NA,"Knapp, S","0.10.2019",-3.062222,-77.945278,300,"anceps","anceps","nongeophyte",NA,24,"Potato","ECU","Ecuador","2.39","LocoGSE","Pteroidea",""
24757,8437,NA,NA,NA,"Knapp, S","0.0.2010",-2.990556,-78.213611,650,"anceps","anceps","nongeophyte",NA,24,"Potato","ECU","Ecuador","2.39","LocoGSE","Pteroidea",""
24768,8438,NA,NA,NA,"Knapp, S","0.0.2010",-2.227222,-78.123056,1170,"anceps","anceps","nongeophyte",NA,24,"Potato","ECU","Ecuador","2.39","LocoGSE","Pteroidea",""
27082,8439,NA,NA,NA,"Knapp, S","0.6.2008",-0.827667,-77.563667,1130,"anceps","anceps","nongeophyte",NA,24,"Potato","ECU","Ecuador","2.39","LocoGSE","Pteroidea",""
35939,8440,NA,NA,NA,"Knapp, S","0.0.2007",-0.6,-77.883333,2000,"anceps","anceps","nongeophyte",NA,24,"Potato","ECU","Ecuador","2.39","LocoGSE","Pteroidea",""
53286,8441,NA,NA,NA,"Tepe, EJ","0.1.2009",-0.364444,-76.585278,240,"anceps","anceps","nongeophyte",NA,24,"Potato","ECU","Ecuador","2.39","LocoGSE","Pteroidea",""
53288,8442,NA,NA,NA,"Tepe, EJ","0.1.2009",-0.623611,-77.973611,2250,"anceps","anceps","nongeophyte",NA,24,"Potato","ECU","Ecuador","2.39","LocoGSE","Pteroidea",""
57135,8443,NA,NA,NA,"Knapp, S","0.8.2011",-3.083333,-78.516667,1700,"anceps","anceps","nongeophyte",NA,24,"Potato","ECU","Ecuador","2.39","LocoGSE","Pteroidea",""
57137,8444,NA,NA,NA,"Knapp, S","0.8.2011",-1.666667,-77.966667,950,"anceps","anceps","nongeophyte",NA,24,"Potato","ECU","Ecuador","2.39","LocoGSE","Pteroidea",""
57140,8445,NA,NA,NA,"Knapp, S","0.8.2011",-1.7,-77.866667,900,"anceps","anceps","nongeophyte",NA,24,"Potato","ECU","Ecuador","2.39","LocoGSE","Pteroidea",""
74201,8446,NA,NA,NA,"Bohs, L","0.6.2006",-0.636306,-76.14936,200,"anceps","anceps","nongeophyte",NA,24,"Potato","ECU","Ecuador","2.39","LocoGSE","Pteroidea",""
107335,8447,NA,NA,NA,"Nee, M","0.0.2006",4.41,-53.57,550,"anceps","anceps","nongeophyte",NA,24,"Potato","GUF","French Guiana","2.39","LocoGSE","Pteroidea",""
11945,8448,NA,NA,NA,"Nee, M","0.0.1990",4.3,-52.366667,200,"anceps","anceps","nongeophyte",NA,24,"Potato","GUF","French Guiana","2.39","LocoGSE","Pteroidea",""
11949,8449,NA,NA,NA,"Nee, M","0.0.1993",4.456703,-54.405998,450,"anceps","anceps","nongeophyte",NA,24,"Potato","GUF","French Guiana","2.39","LocoGSE","Pteroidea",""
11951,8451,NA,NA,NA,"Nee, M","0.0.2001",4.85,-53.066667,60,"anceps","anceps","nongeophyte",NA,24,"Potato","GUF","French Guiana","2.39","LocoGSE","Pteroidea",""
11952,8452,NA,NA,NA,"Knapp, S; Helgason, T","0.0.1996",3.516667,-53.716667,550,"anceps","anceps","nongeophyte",NA,24,"Potato","GUF","French Guiana","2.39","LocoGSE","Pteroidea",""
11954,8453,NA,NA,NA,"Nee, M","0.0.1993",2.65,-54.066667,180,"anceps","anceps","nongeophyte",NA,24,"Potato","GUF","French Guiana","2.39","LocoGSE","Pteroidea",""
11955,8454,NA,NA,NA,"Nee, M","0.0.1993",3.55,-53.916667,780,"anceps","anceps","nongeophyte",NA,24,"Potato","GUF","French Guiana","2.39","LocoGSE","Pteroidea",""
11947,8455,NA,NA,NA,"Nee, M","0.0.1993",5.411111,-59.953611,1100,"anceps","anceps","nongeophyte",NA,24,"Potato","GUY","Guyana","2.39","LocoGSE","Pteroidea",""
11948,8456,NA,NA,NA,"Nee, M","0.0.2002",5,-59.95,701,"anceps","anceps","nongeophyte",NA,24,"Potato","GUY","Guyana","2.39","LocoGSE","Pteroidea",""
105858,8457,NA,NA,NA,"Nee, M","0.0.2001",8.4,-80.07,900,"anceps","anceps","nongeophyte",NA,24,"Potato","PAN","Panama","2.39","LocoGSE","Pteroidea",""
105912,8458,NA,NA,NA,"Nee, M","0.0.2013",-6.700556,-77.58639,2150,"anceps","anceps","nongeophyte",NA,24,"Potato","PER","Peru","2.39","LocoGSE","Pteroidea",""
106287,8459,NA,NA,NA,"Tepe, EJ","0.0.2009",-5.0938,-78.4419,1598,"anceps","anceps","nongeophyte",NA,24,"Potato","PER","Peru","2.39","LocoGSE","Pteroidea",""
106825,8460,NA,NA,NA,"Nee, M","0.0.2009",-12.5708,-72.4703,2500,"anceps","anceps","nongeophyte",NA,24,"Potato","PER","Peru","2.39","LocoGSE","Pteroidea",""
106828,8461,NA,NA,NA,"Nee, M","0.0.2009",-12.3856,-72.5525,1036,"anceps","anceps","nongeophyte",NA,24,"Potato","PER","Peru","2.39","LocoGSE","Pteroidea",""
107224,8463,NA,NA,NA,"Knapp, S","0.0.2005",-4.0011,-73.093,50,"anceps","anceps","nongeophyte",NA,24,"Potato","PER","Peru","2.39","LocoGSE","Pteroidea",""
107599,8464,NA,NA,NA,"Knapp, S; Helgason, T","0.0.1996",-11.52,-71.22,400,"anceps","anceps","nongeophyte",NA,24,"Potato","PER","Peru","2.39","LocoGSE","Pteroidea",""
107820,8465,NA,NA,NA,"Nee, M","0.0.1993",-12.26,-69.15,260,"anceps","anceps","nongeophyte",NA,24,"Potato","PER","Peru","2.39","LocoGSE","Pteroidea",""
108573,8466,NA,NA,NA,"Nee, M","0.0.1999",-8.184167,-76.5125,400,"anceps","anceps","nongeophyte",NA,24,"Potato","PER","Peru","2.39","LocoGSE","Pteroidea",""
128578,8467,NA,NA,NA,"Knapp, S","0.5.2017",-13.24361,-70.8125,840,"anceps","anceps","nongeophyte",NA,24,"Potato","PER","Peru","2.39","LocoGSE","Pteroidea",""
128579,8468,NA,NA,NA,"Knapp, S","0.5.2017",-12.56944,-70.1,260,"anceps","anceps","nongeophyte",NA,24,"Potato","PER","Peru","2.39","LocoGSE","Pteroidea",""
139597,8469,NA,NA,NA,"Knapp, S","0.11.2018",-10.27972,-75.54194,1480,"anceps","anceps","nongeophyte",NA,24,"Potato","PER","Peru","2.39","LocoGSE","Pteroidea",""
139678,8470,NA,NA,NA,"Knapp, S","0.11.2018",-11.37972,-74.01833,1582,"anceps","anceps","nongeophyte",NA,24,"Potato","PER","Peru","2.39","LocoGSE","Pteroidea",""
14689,8471,NA,NA,NA,"Knapp, S","0.0.2002",-11.086833,-75.413167,2200,"anceps","anceps","nongeophyte",NA,24,"Potato","PER","Peru","2.39","LocoGSE","Pteroidea",""
20518,8472,NA,NA,NA,"Knapp, S","0.3.2007",-9.507825,-75.93533,900,"anceps","anceps","nongeophyte",NA,24,"Potato","PER","Peru","2.39","LocoGSE","Pteroidea",""
20978,8473,NA,NA,NA,"D'Arcy, WG","0.0.1987",-2.833333,-76.916667,200,"anceps","anceps","nongeophyte",NA,24,"Potato","PER","Peru","2.39","LocoGSE","Pteroidea",""
21139,8474,NA,NA,NA,"Knapp, S; Helgason, T","0.0.1996",-9.200119,-75.861361,1150,"anceps","anceps","nongeophyte",NA,24,"Potato","PER","Peru","2.39","LocoGSE","Pteroidea",""
21140,8475,NA,NA,NA,"Foster, RB","0.0.1983",-8.75,-75.033333,270,"anceps","anceps","nongeophyte",NA,24,"Potato","PER","Peru","2.39","LocoGSE","Pteroidea",""
21141,8476,NA,NA,NA,"Knapp, S; Helgason, T","0.0.1996",-4.93213,-73.717713,120,"anceps","anceps","nongeophyte",NA,24,"Potato","PER","Peru","2.39","LocoGSE","Pteroidea",""
21144,8478,NA,NA,NA,"Knapp, S; Helgason, T","0.0.1996",-8.666667,-75.166667,270,"anceps","anceps","nongeophyte",NA,24,"Potato","PER","Peru","2.39","LocoGSE","Pteroidea",""
21145,8479,NA,NA,NA,"Knapp, S; Helgason, T","0.0.1996",-5.75,-77.666667,1850,"anceps","anceps","nongeophyte",NA,24,"Potato","PER","Peru","2.39","LocoGSE","Pteroidea",""
21146,8480,NA,NA,NA,"Knapp, S; Helgason, T","0.0.1996",-2.8,-76.466667,210,"anceps","anceps","nongeophyte",NA,24,"Potato","PER","Peru","2.39","LocoGSE","Pteroidea",""
21147,8481,NA,NA,NA,"Nee, M","0.0.1999",-4.455452,-78.159126,213,"anceps","anceps","nongeophyte",NA,24,"Potato","PER","Peru","2.39","LocoGSE","Pteroidea",""
21148,8482,NA,NA,NA,"Nee, M","0.0.1991",-6.366042,-78.797345,2400,"anceps","anceps","nongeophyte",NA,24,"Potato","PER","Peru","2.39","LocoGSE","Pteroidea",""
21152,8483,NA,NA,NA,"Nee, M","0.0.1999",-5.202803,-79.09046,2210,"anceps","anceps","nongeophyte",NA,24,"Potato","PER","Peru","2.39","LocoGSE","Pteroidea",""
21153,8484,NA,NA,NA,"Nee, M","0.0.1999",-5.655598,-78.548377,300,"anceps","anceps","nongeophyte",NA,24,"Potato","PER","Peru","2.39","LocoGSE","Pteroidea",""
21156,8485,NA,NA,NA,"Knapp, S; Helgason, T","0.0.1996",-5.816667,-78.016667,2300,"anceps","anceps","nongeophyte",NA,24,"Potato","PER","Peru","2.39","LocoGSE","Pteroidea",""
21157,8486,NA,NA,NA,"Knapp, S; Helgason, T","0.0.1996",-10.15,-75.333333,400,"anceps","anceps","nongeophyte",NA,24,"Potato","PER","Peru","2.39","LocoGSE","Pteroidea",""
21158,8487,NA,NA,NA,"Knapp, S; Helgason, T","0.0.1996",-10.6,-75.383333,1850,"anceps","anceps","nongeophyte",NA,24,"Potato","PER","Peru","2.39","LocoGSE","Pteroidea",""
21159,8488,NA,NA,NA,"Nee, M","0.0.1997",-10.75,-74.383333,1200,"anceps","anceps","nongeophyte",NA,24,"Potato","PER","Peru","2.39","LocoGSE","Pteroidea",""
21162,8489,NA,NA,NA,"Knapp, S","0.0.2005",-4.916667,-78.833333,2200,"anceps","anceps","nongeophyte",NA,24,"Potato","PER","Peru","2.39","LocoGSE","Pteroidea",""
21163,8490,NA,NA,NA,"Nee, M","0.0.2002",-4.916667,-78.316667,480,"anceps","anceps","nongeophyte",NA,24,"Potato","PER","Peru","2.39","LocoGSE","Pteroidea",""
21169,8491,NA,NA,NA,NA,"0.0.0",-3.9,-78.433333,1800,"anceps","anceps","nongeophyte",NA,24,"Potato","PER","Peru","2.39","LocoGSE","Pteroidea",""
21170,8492,NA,NA,NA,"Knapp, S","0.2.2014",-4.166667,-73.5,220,"anceps","anceps","nongeophyte",NA,24,"Potato","PER","Peru","2.39","LocoGSE","Pteroidea",""
21173,8493,NA,NA,NA,"Knapp, S; Helgason, T","0.0.1996",-9.288809,-76.012169,672,"anceps","anceps","nongeophyte",NA,24,"Potato","PER","Peru","2.39","LocoGSE","Pteroidea",""
21175,8494,NA,NA,NA,"Knapp, S; Helgason, T","0.0.1996",-9.158621,-75.769945,1000,"anceps","anceps","nongeophyte",NA,24,"Potato","PER","Peru","2.39","LocoGSE","Pteroidea",""
21180,8495,NA,NA,NA,"Knapp, S; Helgason, T","0.0.1996",-8.380194,-74.448996,200,"anceps","anceps","nongeophyte",NA,24,"Potato","PER","Peru","2.39","LocoGSE","Pteroidea",""
21182,8496,NA,NA,NA,"Nee, M","0.0.2004",-12.923833,-72.788333,2000,"anceps","anceps","nongeophyte",NA,24,"Potato","PER","Peru","2.39","LocoGSE","Pteroidea",""
21183,8497,NA,NA,NA,"Nee, M","0.0.1991",-12.483333,-69.05,200,"anceps","anceps","nongeophyte",NA,24,"Potato","PER","Peru","2.39","LocoGSE","Pteroidea",""
21184,8498,NA,NA,NA,"Nee, M","0.0.1997",-5.607626,-78.362396,1745,"anceps","anceps","nongeophyte",NA,24,"Potato","PER","Peru","2.39","LocoGSE","Pteroidea",""
21186,8499,NA,NA,NA,"Knapp, S; Helgason, T","0.0.1996",-11.75,-71.166667,400,"anceps","anceps","nongeophyte",NA,24,"Potato","PER","Peru","2.39","LocoGSE","Pteroidea",""
21190,8500,NA,NA,NA,"Nee, M","0.0.1997",-4.416667,-78.266667,700,"anceps","anceps","nongeophyte",NA,24,"Potato","PER","Peru","2.39","LocoGSE","Pteroidea",""
21194,8501,NA,NA,NA,"Knapp, S; Helgason, T","0.0.1996",-4.166667,-73.333333,150,"anceps","anceps","nongeophyte",NA,24,"Potato","PER","Peru","2.39","LocoGSE","Pteroidea",""
21265,8502,NA,NA,NA,"Knapp, S","0.2.2014",-3.75,-73.416667,122,"anceps","anceps","nongeophyte",NA,24,"Potato","PER","Peru","2.39","LocoGSE","Pteroidea",""
21266,8503,NA,NA,NA,"Knapp, S; Helgason, T","0.0.1996",-3.7,-72.833333,110,"anceps","anceps","nongeophyte",NA,24,"Potato","PER","Peru","2.39","LocoGSE","Pteroidea",""
21267,8504,NA,NA,NA,"Knapp, S; Helgason, T","0.0.1996",-4.533333,-73.583333,160,"anceps","anceps","nongeophyte",NA,24,"Potato","PER","Peru","2.39","LocoGSE","Pteroidea",""
21275,8505,NA,NA,NA,"Knapp, S","0.2.2014",-12.916667,-71.2,500,"anceps","anceps","nongeophyte",NA,24,"Potato","PER","Peru","2.39","LocoGSE","Pteroidea",""
21276,8506,NA,NA,NA,"Knapp, S; Helgason, T","0.0.1996",-10.333333,-74.966667,300,"anceps","anceps","nongeophyte",NA,24,"Potato","PER","Peru","2.39","LocoGSE","Pteroidea",""
21277,8507,NA,NA,NA,"Knapp, S; Helgason, T","0.0.1996",-9.616667,-75.416667,500,"anceps","anceps","nongeophyte",NA,24,"Potato","PER","Peru","2.39","LocoGSE","Pteroidea",""
21281,8508,NA,NA,NA,"Knapp, S; Helgason, T","0.0.1996",-3.75,-73.25,122,"anceps","anceps","nongeophyte",NA,24,"Potato","PER","Peru","2.39","LocoGSE","Pteroidea",""
21286,8509,NA,NA,NA,"Knapp, S","0.9.2008",-6.466667,-76.35,700,"anceps","anceps","nongeophyte",NA,24,"Potato","PER","Peru","2.39","LocoGSE","Pteroidea",""
21289,8510,NA,NA,NA,"Knapp, S; Helgason, T","0.0.1996",-7.683333,-76.666667,600,"anceps","anceps","nongeophyte",NA,24,"Potato","PER","Peru","2.39","LocoGSE","Pteroidea",""
21843,8511,NA,NA,NA,"Knapp, S","0.2.2014",-10.748223,-75.058405,1200,"anceps","anceps","nongeophyte",NA,24,"Potato","PER","Peru","2.39","LocoGSE","Pteroidea",""
22290,8512,NA,NA,NA,"Knapp, S","0.2.2014",-3.333333,-76.333333,185,"anceps","anceps","nongeophyte",NA,24,"Potato","PER","Peru","2.39","LocoGSE","Pteroidea",""
23593,8513,NA,NA,NA,"Knapp, S; Helgason, T","0.0.1996",-6.008092,-76.933657,1100,"anceps","anceps","nongeophyte",NA,24,"Potato","PER","Peru","2.39","LocoGSE","Pteroidea",""
26358,8514,NA,NA,NA,"Knapp, S","0.0.2007",-8.186667,-74.170833,150,"anceps","anceps","nongeophyte",NA,24,"Potato","PER","Peru","2.39","LocoGSE","Pteroidea",""
33008,8515,NA,NA,NA,"Knapp, S","0.9.2008",-5.966667,-76.333333,200,"anceps","anceps","nongeophyte",NA,24,"Potato","PER","Peru","2.39","LocoGSE","Pteroidea",""
33010,8516,NA,NA,NA,"Knapp, S","0.9.2008",-10.2,-75.216667,320,"anceps","anceps","nongeophyte",NA,24,"Potato","PER","Peru","2.39","LocoGSE","Pteroidea",""
33013,8517,NA,NA,NA,"Knapp, S","0.9.2008",-5.75,-77.483333,1400,"anceps","anceps","nongeophyte",NA,24,"Potato","PER","Peru","2.39","LocoGSE","Pteroidea",""
33016,8518,NA,NA,NA,"Knapp, S","0.9.2008",-5.883333,-77.333333,850,"anceps","anceps","nongeophyte",NA,24,"Potato","PER","Peru","2.39","LocoGSE","Pteroidea",""
33017,8519,NA,NA,NA,"Knapp, S","0.9.2008",-10.633333,-75.166667,950,"anceps","anceps","nongeophyte",NA,24,"Potato","PER","Peru","2.39","LocoGSE","Pteroidea",""
33020,8520,NA,NA,NA,"Knapp, S","0.9.2008",-6.583333,-76.65,850,"anceps","anceps","nongeophyte",NA,24,"Potato","PER","Peru","2.39","LocoGSE","Pteroidea",""
33173,8521,NA,NA,NA,"Knapp, S","0.9.2008",-8.2,-76.383333,500,"anceps","anceps","nongeophyte",NA,24,"Potato","PER","Peru","2.39","LocoGSE","Pteroidea",""
33686,8522,NA,NA,NA,"Knapp, S","0.9.2008",-14.196404,-69.212023,2100,"anceps","anceps","nongeophyte",NA,24,"Potato","PER","Peru","2.39","LocoGSE","Pteroidea",""
56204,8523,NA,NA,NA,"Knapp, S","0.0.2011",-5.057167,-78.7415,1950,"anceps","anceps","nongeophyte",NA,24,"Potato","PER","Peru","2.39","LocoGSE","Pteroidea",""
57131,8524,NA,NA,NA,"Knapp, S","0.0.2014",-13.25,-70.666667,400,"anceps","anceps","nongeophyte",NA,24,"Potato","PER","Peru","2.39","LocoGSE","Pteroidea",""
57134,8525,NA,NA,NA,"Knapp, S","0.8.2011",-12.666667,-71.25,400,"anceps","anceps","nongeophyte",NA,24,"Potato","PER","Peru","2.39","LocoGSE","Pteroidea",""
65028,8526,NA,NA,NA,"Knapp, S","0.2.2012",-5.820167,-77.80383,2200,"anceps","anceps","nongeophyte",NA,24,"Potato","PER","Peru","2.39","LocoGSE","Pteroidea",""
65054,8527,NA,NA,NA,"Knapp, S","0.2.2012",-12.80033,-72.30783,2700,"anceps","anceps","nongeophyte",NA,24,"Potato","PER","Peru","2.39","LocoGSE","Pteroidea",""
65066,8528,NA,NA,NA,"Knapp, S","0.2.2012",-6.200699,-78.36427,1600,"anceps","anceps","nongeophyte",NA,24,"Potato","PER","Peru","2.39","LocoGSE","Pteroidea",""
65355,8529,NA,NA,NA,"Knapp, S","0.2.2012",-10.62617,-75.28867,297,"anceps","anceps","nongeophyte",NA,24,"Potato","PER","Peru","2.39","LocoGSE","Pteroidea",""
65374,8530,NA,NA,NA,"Knapp, S","0.2.2012",-6.311456,-78.04403,2926,"anceps","anceps","nongeophyte",NA,24,"Potato","PER","Peru","2.39","LocoGSE","Pteroidea",""
65637,8531,NA,NA,NA,"Cueva, M","0.0.2012",-13.17633,-71.6001,3174,"anceps","anceps","nongeophyte",NA,24,"Potato","PER","Peru","2.39","LocoGSE","Pteroidea",""
65701,8532,NA,NA,NA,"Knapp, S","29.2.2012",-10.33333,-75.66667,2300,"anceps","anceps","nongeophyte",NA,24,"Potato","PER","Peru","2.39","LocoGSE","Pteroidea",""
65765,8533,NA,NA,NA,"Knapp, S","29.2.2012",-12.31005,-70.38282,300,"anceps","anceps","nongeophyte",NA,24,"Potato","PER","Peru","2.39","LocoGSE","Pteroidea",""
71362,8534,NA,NA,NA,"SÃ¤rkinen, T","0.5.2013",-11.05289,-75.26238,2000,"anceps","anceps","nongeophyte",NA,24,"Potato","PER","Peru","2.39","LocoGSE","Pteroidea",""
73486,8535,NA,NA,NA,"Nee, M","0.0.2006",-9.05,-75.32,250,"anceps","anceps","nongeophyte",NA,24,"Potato","PER","Peru","2.39","LocoGSE","Pteroidea",""
74698,8536,NA,NA,NA,"Knapp, S","0.0.2014",-10.75,-73.322,304,"anceps","anceps","nongeophyte",NA,24,"Potato","PER","Peru","2.39","LocoGSE","Pteroidea",""
75043,8537,NA,NA,NA,"Knapp, S","0.0.2014",-9.7185,-76.11517,2750,"anceps","anceps","nongeophyte",NA,24,"Potato","PER","Peru","2.39","LocoGSE","Pteroidea",""
75044,8538,NA,NA,NA,"Knapp, S","0.0.2014",-11.78467,-72.69283,467,"anceps","anceps","nongeophyte",NA,24,"Potato","PER","Peru","2.39","LocoGSE","Pteroidea",""
75048,8539,NA,NA,NA,"Knapp, S","0.0.2014",-11.603,-69.545,0,"anceps","anceps","nongeophyte",NA,24,"Potato","PER","Peru","2.39","LocoGSE","Pteroidea",""
75055,8540,NA,NA,NA,"Knapp, S","0.0.2014",-9.881609,-70.72303,189,"anceps","anceps","nongeophyte",NA,24,"Potato","PER","Peru","2.39","LocoGSE","Pteroidea",""
75057,8541,NA,NA,NA,"Knapp, S","0.0.2014",-12.88579,-71.35782,492,"anceps","anceps","nongeophyte",NA,24,"Potato","PER","Peru","2.39","LocoGSE","Pteroidea",""
103126,8542,NA,NA,NA,"Knapp, S","0.11.2015",3.893806,-56.17544,765,"anceps","anceps","nongeophyte",NA,24,"Potato","SUR","Suriname","2.39","LocoGSE","Pteroidea",""
107921,8543,NA,NA,NA,"Nee, M","0.0.2001",3.541,-56.1046,750,"anceps","anceps","nongeophyte",NA,24,"Potato","SUR","Suriname","2.39","LocoGSE","Pteroidea",""
11956,8544,NA,NA,NA,"Knapp, S","0.0.2005",2.483333,-54.75,400,"anceps","anceps","nongeophyte",NA,24,"Potato","SUR","Suriname","2.39","LocoGSE","Pteroidea",""
107535,8605,NA,NA,NA,"D'Arcy, WG","0.0.1991",8.509444,-83.465,600,"appendiculatum","appendiculatum","nongeophyte",NA,24,"Potato","CRI","Costa Rica","1.42","LocoGSE","Anarrhichomenum",""
105642,8607,NA,NA,NA,"Nee, M","0.0.0",14.3215,-90.5248,2300,"appendiculatum","appendiculatum","nongeophyte",NA,24,"Potato","GTM","Guatemala","1.42","LocoGSE","Anarrhichomenum",""
105669,8608,NA,NA,NA,"Nee, M","0.0.1991",15.065,-92.0524,2700,"appendiculatum","appendiculatum","nongeophyte",NA,24,"Potato","GTM","Guatemala","1.42","LocoGSE","Anarrhichomenum",""
107022,8609,NA,NA,NA,"Anderson, GJ","0.0.0",15.3247,-91.3046,3300,"appendiculatum","appendiculatum","nongeophyte",NA,24,"Potato","GTM","Guatemala","1.42","LocoGSE","Anarrhichomenum",""
108275,8610,NA,NA,NA,"Anderson, GJ","0.0.0",14.99944,-91.87472,2400,"appendiculatum","appendiculatum","nongeophyte",NA,24,"Potato","GTM","Guatemala","1.42","LocoGSE","Anarrhichomenum",""
7750,8611,NA,NA,NA,"Nee, M","0.0.1995",14.866667,-91.4,2950,"appendiculatum","appendiculatum","nongeophyte",NA,24,"Potato","GTM","Guatemala","1.42","LocoGSE","Anarrhichomenum",""
106865,8613,NA,NA,NA,"D'Arcy, WG","0.0.1996",14.4,-88.42,2847,"appendiculatum","appendiculatum","nongeophyte",NA,24,"Potato","HND","Honduras","1.42","LocoGSE","Anarrhichomenum",""
108266,8614,NA,NA,NA,"Nee, M","0.0.0",14.07,-87,2000,"appendiculatum","appendiculatum","nongeophyte",NA,24,"Potato","HND","Honduras","1.42","LocoGSE","Anarrhichomenum",""
105662,8615,NA,NA,NA,"Nee, M","0.0.1984",16.79833,-92.48667,2350,"appendiculatum","appendiculatum","nongeophyte",NA,24,"Potato","MEX","Mexico","1.42","LocoGSE","Anarrhichomenum",""
105724,8616,NA,NA,NA,"D'Arcy, WG","0.0.1986",15.43917,-92.33167,2890,"appendiculatum","appendiculatum","nongeophyte",NA,24,"Potato","MEX","Mexico","1.42","LocoGSE","Anarrhichomenum",""
105909,8617,NA,NA,NA,"D'Arcy, WG","0.0.1988",20.93,-98.68,1650,"appendiculatum","appendiculatum","nongeophyte",NA,24,"Potato","MEX","Mexico","1.42","LocoGSE","Anarrhichomenum",""
105923,8618,NA,NA,NA,"Anderson, GJ","0.0.1980",25.9,-107.6833,1768,"appendiculatum","appendiculatum","nongeophyte",NA,24,"Potato","MEX","Mexico","1.42","LocoGSE","Anarrhichomenum",""
105928,8619,NA,NA,NA,"Nee, M","0.0.1997",18.18,-96.84,1265,"appendiculatum","appendiculatum","nongeophyte",NA,24,"Potato","MEX","Mexico","1.42","LocoGSE","Anarrhichomenum",""
106820,8620,NA,NA,NA,"Nee, M","0.0.1985",17.22,-96.31,2450,"appendiculatum","appendiculatum","nongeophyte",NA,24,"Potato","MEX","Mexico","1.42","LocoGSE","Anarrhichomenum",""
106874,8621,NA,NA,NA,"Nee, M","0.0.0",17.44,-96.51,2810,"appendiculatum","appendiculatum","nongeophyte",NA,24,"Potato","MEX","Mexico","1.42","LocoGSE","Anarrhichomenum",""
126455,8622,NA,NA,NA,"Knapp, S","0.12.2016",19.92728,-97.53858,1363,"appendiculatum","appendiculatum","nongeophyte",NA,24,"Potato","MEX","Mexico","1.42","LocoGSE","Anarrhichomenum",""
161856,8623,NA,NA,NA,"Knapp, S","0.12.2019",19.98289,-97.74548,1029,"appendiculatum","appendiculatum","nongeophyte",NA,24,"Potato","MEX","Mexico","1.42","LocoGSE","Anarrhichomenum",""
38955,8624,NA,NA,NA,"Knapp, S","0.10.2009",19.316667,-98.783333,2500,"appendiculatum","appendiculatum","nongeophyte",NA,24,"Potato","MEX","Mexico","1.42","LocoGSE","Anarrhichomenum",""
8144,8625,NA,NA,NA,"Anderson, GJ","0.0.1987",19.05,-100.033333,2880,"appendiculatum","appendiculatum","nongeophyte",NA,24,"Potato","MEX","Mexico","1.42","LocoGSE","Anarrhichomenum",""
8161,8626,NA,NA,NA,"Ugent, D","0.0.1967",19,-99.933333,0,"appendiculatum","appendiculatum","nongeophyte",NA,24,"Potato","MEX","Mexico","1.42","LocoGSE","Anarrhichomenum",""
8562,8627,NA,NA,NA,"Nee, M","0.0.1981",19.166667,-97.183333,2300,"appendiculatum","appendiculatum","nongeophyte",NA,24,"Potato","MEX","Mexico","1.42","LocoGSE","Anarrhichomenum",""
96194,8628,NA,NA,NA,"Knapp, S","0.0.2014",16.10556,-91.60444,1330,"appendiculatum","appendiculatum","nongeophyte",NA,24,"Potato","MEX","Mexico","1.42","LocoGSE","Anarrhichomenum",""
105852,8629,NA,NA,NA,"D'Arcy, WG","0.0.1991",13.02,-85.55,1360,"appendiculatum","appendiculatum","nongeophyte",NA,24,"Potato","NIC","Nicaragua","1.42","LocoGSE","Anarrhichomenum",""
8522,8630,NA,NA,NA,"D'Arcy, WG","0.0.1988",13.016667,-85.9,1350,"appendiculatum","appendiculatum","nongeophyte",NA,24,"Potato","NIC","Nicaragua","1.42","LocoGSE","Anarrhichomenum",""
105831,8631,NA,NA,NA,"Knapp, S","0.0.0",13.5229,-89.4755,1600,"appendiculatum","appendiculatum","nongeophyte",NA,24,"Potato","SLV","El Salvador","1.42","LocoGSE","Anarrhichomenum",""
35253,8632,NA,NA,NA,"Knapp, S","0.0.2008",14.409565,-89.3653,2232,"appendiculatum","appendiculatum","nongeophyte",NA,24,"Potato","SLV","El Salvador","1.42","LocoGSE","Anarrhichomenum",""
56199,8633,NA,NA,NA,"Knapp, S","0.0.2011",13.866667,-89.633333,1800,"appendiculatum","appendiculatum","nongeophyte",NA,24,"Potato","SLV","El Salvador","1.42","LocoGSE","Anarrhichomenum",""
7803,8634,NA,NA,NA,"Knapp, S","0.0.1999",13.874722,-89.798611,1600,"appendiculatum","appendiculatum","nongeophyte",NA,24,"Potato","SLV","El Salvador","1.42","LocoGSE","Anarrhichomenum",""
1711,8635,NA,NA,NA,"Knapp, S; Peralta, IE","0.0.2002",-7.989577,-79.038881,250,"arcanum","arcanum","nongeophyte",NA,24,"Potato","PER","Peru","2.2","FCM","Tomato",""
2202,8636,NA,NA,NA,"Knapp, S; Peralta, IE","0.0.2003",-7.254214,-78.580538,2800,"arcanum","arcanum","nongeophyte",NA,24,"Potato","PER","Peru","2.2","FCM","Tomato",""
2436,8637,NA,NA,NA,NA,"0.0.0",-7.976338,-78.659118,1800,"arcanum","arcanum","nongeophyte",NA,24,"Potato","PER","Peru","2.2","FCM","Tomato",""
2543,8638,NA,NA,NA,NA,"0.0.0",-7.217493,-78.785383,2450,"arcanum","arcanum","nongeophyte",NA,24,"Potato","PER","Peru","2.2","FCM","Tomato",""
2551,8639,NA,NA,NA,NA,"0.0.0",-7.485343,-78.101195,2150,"arcanum","arcanum","nongeophyte",NA,24,"Potato","PER","Peru","2.2","FCM","Tomato",""
2559,8640,NA,NA,NA,"Knapp, S; Peralta, IE","0.0.2002",-9.552958,-77.885897,1400,"arcanum","arcanum","nongeophyte",NA,24,"Potato","PER","Peru","2.2","FCM","Tomato",""
27660,8641,NA,NA,NA,"Knapp, S","0.9.2008",-5.916667,-79.166667,1600,"arcanum","arcanum","nongeophyte",NA,24,"Potato","PER","Peru","2.2","FCM","Tomato",""
2872,8642,NA,NA,NA,NA,"0.0.0",-7.208438,-78.68865,0,"arcanum","arcanum","nongeophyte",NA,24,"Potato","PER","Peru","2.2","FCM","Tomato",""
3333,8643,NA,NA,NA,NA,"0.0.0",-5.483333,-78.516667,380,"arcanum","arcanum","nongeophyte",NA,24,"Potato","PER","Peru","2.2","FCM","Tomato",""
3340,8644,NA,NA,NA,NA,"0.0.0",-7.989285,-78.785008,1500,"arcanum","arcanum","nongeophyte",NA,24,"Potato","PER","Peru","2.2","FCM","Tomato",""
3811,8645,NA,NA,NA,"Knapp, S; Peralta, IE","0.0.2002",-4.574577,-81.122143,150,"arcanum","arcanum","nongeophyte",NA,24,"Potato","PER","Peru","2.2","FCM","Tomato",""
4038,8646,NA,NA,NA,NA,"0.0.0",-6.838882,-77.940438,1340,"arcanum","arcanum","nongeophyte",NA,24,"Potato","PER","Peru","2.2","FCM","Tomato",""
4050,8647,NA,NA,NA,NA,"0.0.0",-7.808113,-77.707798,2600,"arcanum","arcanum","nongeophyte",NA,24,"Potato","PER","Peru","2.2","FCM","Tomato",""
4235,8648,NA,NA,NA,NA,"0.0.0",-6.003327,-77.941823,0,"arcanum","arcanum","nongeophyte",NA,24,"Potato","PER","Peru","2.2","FCM","Tomato",""
4376,8649,NA,NA,NA,NA,"0.0.0",-7.97372,-78.54269,2600,"arcanum","arcanum","nongeophyte",NA,24,"Potato","PER","Peru","2.2","FCM","Tomato",""
4396,8650,NA,NA,NA,"Knapp, S; Peralta, IE","0.0.2002",-7.869667,-77.934667,1250,"arcanum","arcanum","nongeophyte",NA,24,"Potato","PER","Peru","2.2","FCM","Tomato",""
4440,8651,NA,NA,NA,"Knapp, S; Peralta, IE","0.0.2002",-7.534908,-78.989175,350,"arcanum","arcanum","nongeophyte",NA,24,"Potato","PER","Peru","2.2","FCM","Tomato",""
4447,8652,NA,NA,NA,NA,"0.0.0",-8.831,-78.667,450,"arcanum","arcanum","nongeophyte",NA,24,"Potato","PER","Peru","2.2","FCM","Tomato",""
5376,8653,NA,NA,NA,NA,"0.0.0",-8.159617,-78.95,400,"arcanum","arcanum","nongeophyte",NA,24,"Potato","PER","Peru","2.2","FCM","Tomato",""
5393,8654,NA,NA,NA,"Knapp, S; Peralta, IE","0.0.2002",-7.383475,-78.8931,2500,"arcanum","arcanum","nongeophyte",NA,24,"Potato","PER","Peru","2.2","FCM","Tomato",""
5440,8655,NA,NA,NA,NA,"0.0.0",-6.416825,-78.838915,1720,"arcanum","arcanum","nongeophyte",NA,24,"Potato","PER","Peru","2.2","FCM","Tomato",""
5447,8656,NA,NA,NA,NA,"0.0.0",-6.921667,-78.271833,1800,"arcanum","arcanum","nongeophyte",NA,24,"Potato","PER","Peru","2.2","FCM","Tomato",""
61989,8657,NA,NA,NA,"Knapp, S","0.11.2011",-6.859869,-78.070737,0,"arcanum","arcanum","nongeophyte",NA,24,"Potato","PER","Peru","2.2","FCM","Tomato",""
6250,8658,NA,NA,NA,"Knapp, S; Peralta, IE","0.0.2002",-6.62343,-79.101775,0,"arcanum","arcanum","nongeophyte",NA,24,"Potato","PER","Peru","2.2","FCM","Tomato",""
6257,8659,NA,NA,NA,"Knapp, S; Peralta, IE","0.0.2002",-9.070807,-77.986262,2000,"arcanum","arcanum","nongeophyte",NA,24,"Potato","PER","Peru","2.2","FCM","Tomato",""
70991,8660,NA,NA,NA,"Knapp, S","2.5.2013",-6.231201,-79.38575,246,"arcanum","arcanum","nongeophyte",NA,24,"Potato","PER","Peru","2.2","FCM","Tomato",""
71190,8661,NA,NA,NA,"Knapp, S","0.0.2014",-6.51043,-77.58506,1670,"arcanum","arcanum","nongeophyte",NA,24,"Potato","PER","Peru","2.2","FCM","Tomato",""
71354,8662,NA,NA,NA,"SÃ¤rkinen, T","0.5.2013",-9.20026,-77.0305,2672,"arcanum","arcanum","nongeophyte",NA,24,"Potato","PER","Peru","2.2","FCM","Tomato",""
108024,8681,NA,NA,NA,"Nee, M","0.0.1991",-1.15,-78.3,2400,"basendopogon","basendopogon","nongeophyte",NA,24,"Potato","ECU","Ecuador","2.57","FCM","Basarthrum",""
96374,8682,NA,NA,NA,"Knapp, S","0.0.2014",-1.555809,-78.72822,3300,"basendopogon","basendopogon","nongeophyte",NA,24,"Potato","ECU","Ecuador","2.57","FCM","Basarthrum",""
108440,8683,NA,NA,NA,"Nee, M","0.0.1990",-7.383333,-78.9,2700,"basendopogon","basendopogon","nongeophyte",NA,24,"Potato","PER","Peru","2.57","FCM","Basarthrum",""
108488,8684,NA,NA,NA,"Nee, M","0.0.2001",-7.3351,-78.0123,3800,"basendopogon","basendopogon","nongeophyte",NA,24,"Potato","PER","Peru","2.57","FCM","Basarthrum",""
21450,8685,NA,NA,NA,"Nee, M","0.0.2001",-6.031034,-79.029252,800,"basendopogon","basendopogon","nongeophyte",NA,24,"Potato","PER","Peru","2.57","FCM","Basarthrum",""
21451,8686,NA,NA,NA,"Nee, M","0.0.1991",-12.95,-72.666667,1100,"basendopogon","basendopogon","nongeophyte",NA,24,"Potato","PER","Peru","2.57","FCM","Basarthrum",""
53826,8687,NA,NA,NA,"Tepe, EJ","15.10.2010",-6.29045,-77.9335,1750,"basendopogon","basendopogon","nongeophyte",NA,24,"Potato","PER","Peru","2.57","FCM","Basarthrum",""
65667,8688,NA,NA,NA,"Anderson, GJ","4.8.1978",-11.89927,-76.43111,2600,"basendopogon","basendopogon","nongeophyte",NA,24,"Potato","PER","Peru","2.57","FCM","Basarthrum",""
65755,8689,NA,NA,NA,"Knapp, S","29.2.2012",-5.661792,-78.93842,2206,"basendopogon","basendopogon","nongeophyte",NA,24,"Potato","PER","Peru","2.57","FCM","Basarthrum",""
68795,8690,NA,NA,NA,"Knapp, S","0.3.2012",-13.51745,-73.73753,2660,"basendopogon","basendopogon","nongeophyte",NA,24,"Potato","PER","Peru","2.57","FCM","Basarthrum",""
71069,8691,NA,NA,NA,"SÃ¤rkinen, T","0.5.2013",-6.38291,-78.56381,2080,"basendopogon","basendopogon","nongeophyte",NA,24,"Potato","PER","Peru","2.57","FCM","Basarthrum",""
71147,8692,NA,NA,NA,"SÃ¤rkinen, T","0.5.2013",-5.48106,-77.51314,1761,"basendopogon","basendopogon","nongeophyte",NA,24,"Potato","PER","Peru","2.57","FCM","Basarthrum",""
71149,8693,NA,NA,NA,"Knapp, S","0.0.2014",-6.1135,-77.55275,2100,"basendopogon","basendopogon","nongeophyte",NA,24,"Potato","PER","Peru","2.57","FCM","Basarthrum",""
71559,8694,NA,NA,NA,"Knapp, S","0.0.2014",-8.299722,-78.00503,2650,"basendopogon","basendopogon","nongeophyte",NA,24,"Potato","PER","Peru","2.57","FCM","Basarthrum",""
75077,8695,NA,NA,NA,"Knapp, S","0.0.2014",-6.350931,-79.12188,1998,"basendopogon","basendopogon","nongeophyte",NA,24,"Potato","PER","Peru","2.57","FCM","Basarthrum",""
75078,8696,NA,NA,NA,"Knapp, S","0.0.2014",-11.62513,-76.66934,2500,"basendopogon","basendopogon","nongeophyte",NA,24,"Potato","PER","Peru","2.57","FCM","Basarthrum",""
75697,8697,NA,NA,NA,"Knapp, S","0.5.2014",-7.966748,-78.53207,2950,"basendopogon","basendopogon","nongeophyte",NA,24,"Potato","PER","Peru","2.57","FCM","Basarthrum",""
75837,8698,NA,NA,NA,"Knapp, S","0.0.2014",-11.25976,-76.72941,2190,"basendopogon","basendopogon","nongeophyte",NA,24,"Potato","PER","Peru","2.57","FCM","Basarthrum",""
76756,8699,NA,NA,NA,"Knapp, S","0.5.2014",-10.08396,-77.49757,2800,"basendopogon","basendopogon","nongeophyte",NA,24,"Potato","PER","Peru","2.57","FCM","Basarthrum",""
76859,8700,NA,NA,NA,"Knapp, S","0.5.2014",-6.60773,-78.38936,2790,"basendopogon","basendopogon","nongeophyte",NA,24,"Potato","PER","Peru","2.57","FCM","Basarthrum",""
76860,8701,NA,NA,NA,"Knapp, S","0.5.2014",-6.253494,-77.75048,2375,"basendopogon","basendopogon","nongeophyte",NA,24,"Potato","PER","Peru","2.57","FCM","Basarthrum",""
76865,8702,NA,NA,NA,"Knapp, S","0.5.2014",-14.97444,-73.82853,3300,"basendopogon","basendopogon","nongeophyte",NA,24,"Potato","PER","Peru","2.57","FCM","Basarthrum",""
76866,8703,NA,NA,NA,"Knapp, S","0.5.2014",-8.548163,-78.2968,3234,"basendopogon","basendopogon","nongeophyte",NA,24,"Potato","PER","Peru","2.57","FCM","Basarthrum",""
76873,8704,NA,NA,NA,"Knapp, S","0.5.2014",-5.892778,-77.9725,1500,"basendopogon","basendopogon","nongeophyte",NA,24,"Potato","PER","Peru","2.57","FCM","Basarthrum",""
88223,8705,NA,NA,NA,"Knapp, S","0.0.2014",-10.19503,-77.10283,2600,"basendopogon","basendopogon","nongeophyte",NA,24,"Potato","PER","Peru","2.57","FCM","Basarthrum",""
88229,8706,NA,NA,NA,"Knapp, S","0.0.2014",-7.05436,-79.11102,1400,"basendopogon","basendopogon","nongeophyte",NA,24,"Potato","PER","Peru","2.57","FCM","Basarthrum",""
88232,8707,NA,NA,NA,"Knapp, S","0.0.2014",-10.3119,-77.19513,3600,"basendopogon","basendopogon","nongeophyte",NA,24,"Potato","PER","Peru","2.57","FCM","Basarthrum",""
99887,8708,NA,NA,NA,"SÃ¤rkinen, T","11.4.2015",-11.37332,-76.40071,2547,"basendopogon","basendopogon","nongeophyte",NA,24,"Potato","PER","Peru","2.57","FCM","Basarthrum",""
1139,8779,NA,NA,NA,"Spooner, DM","0.0.2013",-27.221215,-66.01489,3600,"boliviense","boliviense","tuberous",NA,24,"Potato","ARG","Argentina","1.69","FCM","Petota","4 North"
165124,8780,NA,NA,NA,"Barboza, GE","0.0.2020",-22.47583,-66.18222,3900,"boliviense","boliviense","tuberous",NA,24,"Potato","ARG","Argentina","1.69","FCM","Petota","4 North"
67345,8781,NA,NA,NA,"Knapp, S","0.0.2014",-26.87308,-66.73125,3037,"boliviense","boliviense","tuberous",NA,24,"Potato","ARG","Argentina","1.69","FCM","Petota","4 North"
67425,8782,NA,NA,NA,"Barboza, GE","0.0.2012",-23.68311,-65.62822,3824,"boliviense","boliviense","tuberous",NA,24,"Potato","ARG","Argentina","1.69","FCM","Petota","4 North"
77922,8783,NA,NA,NA,"Spooner, DM","0.0.2013",-22.7666,-65.75,3725,"boliviense","boliviense","tuberous",NA,24,"Potato","ARG","Argentina","1.69","FCM","Petota","4 North"
77948,8784,NA,NA,NA,"Spooner, DM","0.0.2013",-22.1,-65.7833,3600,"boliviense","boliviense","tuberous",NA,24,"Potato","ARG","Argentina","1.69","FCM","Petota","4 North"
78000,8785,NA,NA,NA,"Spooner, DM","0.0.2013",-23.1,-65.1,3500,"boliviense","boliviense","tuberous",NA,24,"Potato","ARG","Argentina","1.69","FCM","Petota","4 North"
78021,8786,NA,NA,NA,"Spooner, DM","0.0.2013",-24.9833,-65.5833,3600,"boliviense","boliviense","tuberous",NA,24,"Potato","ARG","Argentina","1.69","FCM","Petota","4 North"
78031,8787,NA,NA,NA,"Spooner, DM","0.0.2013",-25.33,-65.88,3500,"boliviense","boliviense","tuberous",NA,24,"Potato","ARG","Argentina","1.69","FCM","Petota","4 North"
78338,8788,NA,NA,NA,"Spooner, DM","0.0.2013",-23.02,-65.25,0,"boliviense","boliviense","tuberous",NA,24,"Potato","ARG","Argentina","1.69","FCM","Petota","4 North"
78372,8789,NA,NA,NA,"Spooner, DM","0.0.2013",-23,-64.8333,3700,"boliviense","boliviense","tuberous",NA,24,"Potato","ARG","Argentina","1.69","FCM","Petota","4 North"
78388,8790,NA,NA,NA,"Spooner, DM","0.0.2013",-22.25,-65.3,3850,"boliviense","boliviense","tuberous",NA,24,"Potato","ARG","Argentina","1.69","FCM","Petota","4 North"
78417,8791,NA,NA,NA,"Spooner, DM","0.0.2013",-23.2333,-65.55,3500,"boliviense","boliviense","tuberous",NA,24,"Potato","ARG","Argentina","1.69","FCM","Petota","4 North"
78440,8792,NA,NA,NA,"Spooner, DM","0.0.2013",-21.95,-66.0666,4000,"boliviense","boliviense","tuberous",NA,24,"Potato","ARG","Argentina","1.69","FCM","Petota","4 North"
78454,8793,NA,NA,NA,"Spooner, DM","0.0.2013",-22.9166,-65.5833,4100,"boliviense","boliviense","tuberous",NA,24,"Potato","ARG","Argentina","1.69","FCM","Petota","4 North"
78455,8794,NA,NA,NA,"Spooner, DM","0.0.2013",-23.3166,-65.1833,3600,"boliviense","boliviense","tuberous",NA,24,"Potato","ARG","Argentina","1.69","FCM","Petota","4 North"
78462,8795,NA,NA,NA,"Spooner, DM","0.0.2013",-22.9166,-65.3666,3600,"boliviense","boliviense","tuberous",NA,24,"Potato","ARG","Argentina","1.69","FCM","Petota","4 North"
78471,8797,NA,NA,NA,"Spooner, DM","0.0.2013",-23,-64.6333,3920,"boliviense","boliviense","tuberous",NA,24,"Potato","ARG","Argentina","1.69","FCM","Petota","4 North"
78473,8798,NA,NA,NA,"Spooner, DM","0.0.2013",-22.8,-64.7833,3500,"boliviense","boliviense","tuberous",NA,24,"Potato","ARG","Argentina","1.69","FCM","Petota","4 North"
78483,8799,NA,NA,NA,"Spooner, DM","0.0.2013",-22.55,-65.2666,3700,"boliviense","boliviense","tuberous",NA,24,"Potato","ARG","Argentina","1.69","FCM","Petota","4 North"
78492,8800,NA,NA,NA,"Spooner, DM","0.0.2013",-22.8,-64.8833,3600,"boliviense","boliviense","tuberous",NA,24,"Potato","ARG","Argentina","1.69","FCM","Petota","4 North"
78515,8801,NA,NA,NA,"Spooner, DM","0.0.2013",-22.25,-64.9666,3600,"boliviense","boliviense","tuberous",NA,24,"Potato","ARG","Argentina","1.69","FCM","Petota","4 North"
78520,8802,NA,NA,NA,"Spooner, DM","0.0.2013",-27.34,-67.12,2600,"boliviense","boliviense","tuberous",NA,24,"Potato","ARG","Argentina","1.69","FCM","Petota","4 North"
78603,8803,NA,NA,NA,"Spooner, DM","0.0.2013",-22.52,-66.4,4100,"boliviense","boliviense","tuberous",NA,24,"Potato","ARG","Argentina","1.69","FCM","Petota","4 North"
78618,8804,NA,NA,NA,"Spooner, DM","0.0.2013",-22.2666,-65.1833,3400,"boliviense","boliviense","tuberous",NA,24,"Potato","ARG","Argentina","1.69","FCM","Petota","4 North"
78630,8805,NA,NA,NA,"Spooner, DM","0.0.2013",-22.2333,-66.3333,3940,"boliviense","boliviense","tuberous",NA,24,"Potato","ARG","Argentina","1.69","FCM","Petota","4 North"
78633,8806,NA,NA,NA,"Spooner, DM","0.0.2013",-22.2166,-66.15,4140,"boliviense","boliviense","tuberous",NA,24,"Potato","ARG","Argentina","1.69","FCM","Petota","4 North"
78639,8807,NA,NA,NA,"Spooner, DM","0.0.2013",-26.3833,-65.95,2940,"boliviense","boliviense","tuberous",NA,24,"Potato","ARG","Argentina","1.69","FCM","Petota","4 North"
78697,8808,NA,NA,NA,"Spooner, DM","0.0.2013",-22.25,-65.0666,3300,"boliviense","boliviense","tuberous",NA,24,"Potato","ARG","Argentina","1.69","FCM","Petota","4 North"
78810,8809,NA,NA,NA,"Spooner, DM","0.0.2013",-27.35,-66.4,2800,"boliviense","boliviense","tuberous",NA,24,"Potato","ARG","Argentina","1.69","FCM","Petota","4 North"
78848,8810,NA,NA,NA,"Spooner, DM","0.0.2013",-24.65,-66.2166,3700,"boliviense","boliviense","tuberous",NA,24,"Potato","ARG","Argentina","1.69","FCM","Petota","4 North"
79326,8811,NA,NA,NA,"Spooner, DM","0.0.2013",-26.7333,-65.7333,3200,"boliviense","boliviense","tuberous",NA,24,"Potato","ARG","Argentina","1.69","FCM","Petota","4 North"
79483,8812,NA,NA,NA,"Spooner, DM","0.0.2013",-23.3833,-66.0333,4150,"boliviense","boliviense","tuberous",NA,24,"Potato","ARG","Argentina","1.69","FCM","Petota","4 North"
80368,8813,NA,NA,NA,"Spooner, DM","0.0.2013",-26.9166,-65.6833,3200,"boliviense","boliviense","tuberous",NA,24,"Potato","ARG","Argentina","1.69","FCM","Petota","4 North"
80381,8814,NA,NA,NA,"Spooner, DM","0.0.2013",-22.5333,-64.6833,2800,"boliviense","boliviense","tuberous",NA,24,"Potato","ARG","Argentina","1.69","FCM","Petota","4 North"
80401,8815,NA,NA,NA,"Spooner, DM","0.0.2013",-23.2,-65.35,3600,"boliviense","boliviense","tuberous",NA,24,"Potato","ARG","Argentina","1.69","FCM","Petota","4 North"
80491,8816,NA,NA,NA,"Spooner, DM","0.0.2013",-25.1666,-65.7666,3200,"boliviense","boliviense","tuberous",NA,24,"Potato","ARG","Argentina","1.69","FCM","Petota","4 North"
80601,8817,NA,NA,NA,"Spooner, DM","0.0.2013",-24.8833,-66.0333,3700,"boliviense","boliviense","tuberous",NA,24,"Potato","ARG","Argentina","1.69","FCM","Petota","4 North"
80631,8818,NA,NA,NA,"Spooner, DM","0.0.2013",-22.3,-64.6833,2650,"boliviense","boliviense","tuberous",NA,24,"Potato","ARG","Argentina","1.69","FCM","Petota","4 North"
80662,8819,NA,NA,NA,"Spooner, DM","0.0.2013",-27.25,-65.8666,3200,"boliviense","boliviense","tuberous",NA,24,"Potato","ARG","Argentina","1.69","FCM","Petota","4 North"
80698,8820,NA,NA,NA,"Spooner, DM","0.0.2013",-23.6666,-65.1666,3700,"boliviense","boliviense","tuberous",NA,24,"Potato","ARG","Argentina","1.69","FCM","Petota","4 North"
80973,8821,NA,NA,NA,"Spooner, DM","0.0.2013",-27.7,-65.9333,0,"boliviense","boliviense","tuberous",NA,24,"Potato","ARG","Argentina","1.69","FCM","Petota","4 North"
81050,8822,NA,NA,NA,"Spooner, DM","0.0.2013",-22.1333,-65.4666,0,"boliviense","boliviense","tuberous",NA,24,"Potato","ARG","Argentina","1.69","FCM","Petota","4 North"
81125,8823,NA,NA,NA,"Spooner, DM","0.0.2013",-26.60639,-65.86944,0,"boliviense","boliviense","tuberous",NA,24,"Potato","ARG","Argentina","1.69","FCM","Petota","4 North"
81165,8824,NA,NA,NA,"Spooner, DM","0.0.2013",-22.11813,-65.58009,0,"boliviense","boliviense","tuberous",NA,24,"Potato","ARG","Argentina","1.69","FCM","Petota","4 North"
81172,8825,NA,NA,NA,"Spooner, DM","0.0.2013",-24.1833,-65.3,4000,"boliviense","boliviense","tuberous",NA,24,"Potato","ARG","Argentina","1.69","FCM","Petota","4 North"
81208,8826,NA,NA,NA,"Spooner, DM","0.0.2013",-24.3833,-65.6333,0,"boliviense","boliviense","tuberous",NA,24,"Potato","ARG","Argentina","1.69","FCM","Petota","4 North"
82983,8827,NA,NA,NA,"Spooner, DM","0.0.2013",-23.5666,-65.3666,3900,"boliviense","boliviense","tuberous",NA,24,"Potato","ARG","Argentina","1.69","FCM","Petota","4 North"
83018,8828,NA,NA,NA,"Spooner, DM","0.0.2013",-25.8333,-65.5,2650,"boliviense","boliviense","tuberous",NA,24,"Potato","ARG","Argentina","1.69","FCM","Petota","4 North"
83036,8829,NA,NA,NA,"Spooner, DM","0.0.2013",-25.9166,-66.4,3350,"boliviense","boliviense","tuberous",NA,24,"Potato","ARG","Argentina","1.69","FCM","Petota","4 North"
83052,8830,NA,NA,NA,"Spooner, DM","0.0.2013",-27.5,-66.95,2500,"boliviense","boliviense","tuberous",NA,24,"Potato","ARG","Argentina","1.69","FCM","Petota","4 North"
83251,8831,NA,NA,NA,"Spooner, DM","0.0.2013",-28.75,-66.1833,3000,"boliviense","boliviense","tuberous",NA,24,"Potato","ARG","Argentina","1.69","FCM","Petota","4 North"
83262,8832,NA,NA,NA,"Spooner, DM","0.0.2013",-27.62,-66.17,2700,"boliviense","boliviense","tuberous",NA,24,"Potato","ARG","Argentina","1.69","FCM","Petota","4 North"
83289,8833,NA,NA,NA,"Spooner, DM","0.0.2013",-27.5833,-67.1333,2700,"boliviense","boliviense","tuberous",NA,24,"Potato","ARG","Argentina","1.69","FCM","Petota","4 North"
83414,8834,NA,NA,NA,"Spooner, DM","0.0.2013",-22.7333,-65.9,4000,"boliviense","boliviense","tuberous",NA,24,"Potato","ARG","Argentina","1.69","FCM","Petota","4 North"
83448,8835,NA,NA,NA,"Spooner, DM","0.0.2013",-26.4666,-66.0833,3000,"boliviense","boliviense","tuberous",NA,24,"Potato","ARG","Argentina","1.69","FCM","Petota","4 North"
83463,8836,NA,NA,NA,"Spooner, DM","0.0.2013",-28.0667,-67.5667,3500,"boliviense","boliviense","tuberous",NA,24,"Potato","ARG","Argentina","1.69","FCM","Petota","4 North"
83520,8837,NA,NA,NA,"Spooner, DM","0.0.2013",-24.5666,-65.55,3800,"boliviense","boliviense","tuberous",NA,24,"Potato","ARG","Argentina","1.69","FCM","Petota","4 North"
83538,8838,NA,NA,NA,"Spooner, DM","0.0.2013",-27.6,-66.3833,2750,"boliviense","boliviense","tuberous",NA,24,"Potato","ARG","Argentina","1.69","FCM","Petota","4 North"
83552,8839,NA,NA,NA,"Spooner, DM","0.0.2013",-26.2,-65.2667,2500,"boliviense","boliviense","tuberous",NA,24,"Potato","ARG","Argentina","1.69","FCM","Petota","4 North"
83711,8840,NA,NA,NA,"Spooner, DM","0.0.2013",-23.55,-65.2666,3600,"boliviense","boliviense","tuberous",NA,24,"Potato","ARG","Argentina","1.69","FCM","Petota","4 North"
83716,8841,NA,NA,NA,"Spooner, DM","0.0.2013",-24.9333,-66.1833,3800,"boliviense","boliviense","tuberous",NA,24,"Potato","ARG","Argentina","1.69","FCM","Petota","4 North"
83750,8842,NA,NA,NA,"Spooner, DM","0.0.2013",-26.6809,-66.58279,3200,"boliviense","boliviense","tuberous",NA,24,"Potato","ARG","Argentina","1.69","FCM","Petota","4 North"
83774,8843,NA,NA,NA,"Spooner, DM","0.0.2013",-27.1833,-66.7333,3100,"boliviense","boliviense","tuberous",NA,24,"Potato","ARG","Argentina","1.69","FCM","Petota","4 North"
83820,8844,NA,NA,NA,"Spooner, DM","0.0.2013",-22.4166,-65.5666,0,"boliviense","boliviense","tuberous",NA,24,"Potato","ARG","Argentina","1.69","FCM","Petota","4 North"
83832,8845,NA,NA,NA,"Spooner, DM","0.0.2013",-24.1166,-65.4666,0,"boliviense","boliviense","tuberous",NA,24,"Potato","ARG","Argentina","1.69","FCM","Petota","4 North"
84502,8846,NA,NA,NA,"Spooner, DM","0.0.2013",-22.9833,-65.85,3700,"boliviense","boliviense","tuberous",NA,24,"Potato","ARG","Argentina","1.69","FCM","Petota","4 North"
84504,8847,NA,NA,NA,"Spooner, DM","0.0.2013",-23.3666,-66.15,3700,"boliviense","boliviense","tuberous",NA,24,"Potato","ARG","Argentina","1.69","FCM","Petota","4 North"
85494,8848,NA,NA,NA,"Spooner, DM","0.2.2014",-27,-65.9166,3000,"boliviense","boliviense","tuberous",NA,24,"Potato","ARG","Argentina","1.69","FCM","Petota","4 North"
85639,8849,NA,NA,NA,"Spooner, DM","0.2.2014",-22.7666,-65.2333,2700,"boliviense","boliviense","tuberous",NA,24,"Potato","ARG","Argentina","1.69","FCM","Petota","4 North"
85657,8850,NA,NA,NA,"Spooner, DM","0.2.2014",-26.8166,-65.2166,0,"boliviense","boliviense","tuberous",NA,24,"Potato","ARG","Argentina","1.69","FCM","Petota","4 North"
85789,8851,NA,NA,NA,"Spooner, DM","0.2.2014",-24.02,-65.38,3650,"boliviense","boliviense","tuberous",NA,24,"Potato","ARG","Argentina","1.69","FCM","Petota","4 North"
85795,8852,NA,NA,NA,"Spooner, DM","0.2.2014",-23.7333,-65.8,4270,"boliviense","boliviense","tuberous",NA,24,"Potato","ARG","Argentina","1.69","FCM","Petota","4 North"
85827,8853,NA,NA,NA,"Spooner, DM","0.2.2014",-22.6,-65.8166,3650,"boliviense","boliviense","tuberous",NA,24,"Potato","ARG","Argentina","1.69","FCM","Petota","4 North"
85883,8854,NA,NA,NA,"Spooner, DM","0.2.2014",-22.4666,-65.1,3420,"boliviense","boliviense","tuberous",NA,24,"Potato","ARG","Argentina","1.69","FCM","Petota","4 North"
85970,8855,NA,NA,NA,"Spooner, DM","0.2.2014",-22.2666,-64.8166,3100,"boliviense","boliviense","tuberous",NA,24,"Potato","ARG","Argentina","1.69","FCM","Petota","4 North"
85993,8856,NA,NA,NA,"Spooner, DM","0.2.2014",-22.55,-64.5333,2800,"boliviense","boliviense","tuberous",NA,24,"Potato","ARG","Argentina","1.69","FCM","Petota","4 North"
86142,8857,NA,NA,NA,"Spooner, DM","0.2.2014",-22.3666,-65.7833,3680,"boliviense","boliviense","tuberous",NA,24,"Potato","ARG","Argentina","1.69","FCM","Petota","4 North"
86297,8858,NA,NA,NA,"Spooner, DM","0.2.2014",-22.0333,-66.2666,3900,"boliviense","boliviense","tuberous",NA,24,"Potato","ARG","Argentina","1.69","FCM","Petota","4 North"
86327,8859,NA,NA,NA,"Spooner, DM","0.2.2014",-22.55,-66.2833,4200,"boliviense","boliviense","tuberous",NA,24,"Potato","ARG","Argentina","1.69","FCM","Petota","4 North"
86612,8860,NA,NA,NA,"Spooner, DM","0.2.2014",-23.15,-65.45,3620,"boliviense","boliviense","tuberous",NA,24,"Potato","ARG","Argentina","1.69","FCM","Petota","4 North"
87541,8861,NA,NA,NA,"Spooner, DM","0.2.2014",-24.3,-65.85,3500,"boliviense","boliviense","tuberous",NA,24,"Potato","ARG","Argentina","1.69","FCM","Petota","4 North"
87706,8862,NA,NA,NA,"Spooner, DM","0.2.2014",-27.7356,-66.0488,0,"boliviense","boliviense","tuberous",NA,24,"Potato","ARG","Argentina","1.69","FCM","Petota","4 North"
87716,8863,NA,NA,NA,"Spooner, DM","0.2.2014",-26.5166,-66.2833,0,"boliviense","boliviense","tuberous",NA,24,"Potato","ARG","Argentina","1.69","FCM","Petota","4 North"
87970,8864,NA,NA,NA,"Spooner, DM","0.2.2014",-22.9,-66.7666,3709,"boliviense","boliviense","tuberous",NA,24,"Potato","ARG","Argentina","1.69","FCM","Petota","4 North"
88037,8865,NA,NA,NA,"Spooner, DM","0.2.2014",-26.45,-65.7166,3454,"boliviense","boliviense","tuberous",NA,24,"Potato","ARG","Argentina","1.69","FCM","Petota","4 North"
161660,8866,NA,NA,NA,"Knapp, S","0.10.2019",-18.28776,-65.39625,2900,"boliviense","boliviense","tuberous",NA,24,"Potato","BOL","Bolivia","1.69","FCM","Petota","4 North"
165507,8867,NA,NA,NA,"Matesevach, AM","0.0.2011",-19.21972,-66.09083,4089,"boliviense","boliviense","tuberous",NA,24,"Potato","BOL","Bolivia","1.69","FCM","Petota","4 North"
24271,8868,NA,NA,NA,"Spooner, DM","0.0.2014",-21.9333,-65.0667,3700,"boliviense","boliviense","tuberous",NA,24,"Potato","BOL","Bolivia","1.69","FCM","Petota","4 North"
77073,8872,NA,NA,NA,"Spooner, DM","0.0.2013",-18.9833,-65.35,3020,"boliviense","boliviense","tuberous",NA,24,"Potato","BOL","Bolivia","1.69","FCM","Petota","4 North"
77084,8873,NA,NA,NA,"Spooner, DM","0.0.2013",-21.4833,-65.0333,3550,"boliviense","boliviense","tuberous",NA,24,"Potato","BOL","Bolivia","1.69","FCM","Petota","4 North"
77150,8874,NA,NA,NA,"Spooner, DM","0.0.2013",-16.8333,-66.4167,3600,"boliviense","boliviense","tuberous",NA,24,"Potato","BOL","Bolivia","1.69","FCM","Petota","4 North"
77151,8875,NA,NA,NA,"Spooner, DM","0.0.2013",-17.1667,-66.4167,3900,"boliviense","boliviense","tuberous",NA,24,"Potato","BOL","Bolivia","1.69","FCM","Petota","4 North"
77371,8876,NA,NA,NA,"Spooner, DM","0.0.2013",-17.25,-66.5,4000,"boliviense","boliviense","tuberous",NA,24,"Potato","BOL","Bolivia","1.69","FCM","Petota","4 North"
77479,8877,NA,NA,NA,"Spooner, DM","0.0.2013",-17.4,-67.55,3800,"boliviense","boliviense","tuberous",NA,24,"Potato","BOL","Bolivia","1.69","FCM","Petota","4 North"
77480,8878,NA,NA,NA,"Spooner, DM","0.0.2013",-20.25,-65.1833,3400,"boliviense","boliviense","tuberous",NA,24,"Potato","BOL","Bolivia","1.69","FCM","Petota","4 North"
77481,8879,NA,NA,NA,"Spooner, DM","0.0.2013",-19.6167,-65.75,3800,"boliviense","boliviense","tuberous",NA,24,"Potato","BOL","Bolivia","1.69","FCM","Petota","4 North"
77484,8881,NA,NA,NA,"Spooner, DM","0.0.2013",-18.8,-65.8667,3630,"boliviense","boliviense","tuberous",NA,24,"Potato","BOL","Bolivia","1.69","FCM","Petota","4 North"
77518,8882,NA,NA,NA,"Spooner, DM","0.0.2013",-20.3333,-65,2840,"boliviense","boliviense","tuberous",NA,24,"Potato","BOL","Bolivia","1.69","FCM","Petota","4 North"
77520,8883,NA,NA,NA,"Spooner, DM","0.0.2013",-19.15,-64.8833,3100,"boliviense","boliviense","tuberous",NA,24,"Potato","BOL","Bolivia","1.69","FCM","Petota","4 North"
77524,8884,NA,NA,NA,"Spooner, DM","0.0.2013",-16.8333,-68.6,4100,"boliviense","boliviense","tuberous",NA,24,"Potato","BOL","Bolivia","1.69","FCM","Petota","4 North"
77526,8885,NA,NA,NA,"Spooner, DM","0.0.2013",-19.9167,-65.6667,3500,"boliviense","boliviense","tuberous",NA,24,"Potato","BOL","Bolivia","1.69","FCM","Petota","4 North"
77527,8886,NA,NA,NA,"Spooner, DM","0.0.2013",-19.5506,-65.4533,3800,"boliviense","boliviense","tuberous",NA,24,"Potato","BOL","Bolivia","1.69","FCM","Petota","4 North"
77529,8887,NA,NA,NA,"Spooner, DM","0.0.2013",-18.4667,-66.4333,3950,"boliviense","boliviense","tuberous",NA,24,"Potato","BOL","Bolivia","1.69","FCM","Petota","4 North"
77699,8888,NA,NA,NA,"Spooner, DM","0.0.2013",-17.6333,-66.4833,3550,"boliviense","boliviense","tuberous",NA,24,"Potato","BOL","Bolivia","1.69","FCM","Petota","4 North"
77700,8889,NA,NA,NA,"Spooner, DM","0.0.2013",-17.4167,-65.4167,3200,"boliviense","boliviense","tuberous",NA,24,"Potato","BOL","Bolivia","1.69","FCM","Petota","4 North"
77703,8890,NA,NA,NA,"Spooner, DM","0.0.2013",-17.35,-66.35,3400,"boliviense","boliviense","tuberous",NA,24,"Potato","BOL","Bolivia","1.69","FCM","Petota","4 North"
77704,8891,NA,NA,NA,"Spooner, DM","0.0.2013",-17.7333,-65.4167,3100,"boliviense","boliviense","tuberous",NA,24,"Potato","BOL","Bolivia","1.69","FCM","Petota","4 North"
77705,8892,NA,NA,NA,"Spooner, DM","0.0.2013",-17.4667,-65.2833,2900,"boliviense","boliviense","tuberous",NA,24,"Potato","BOL","Bolivia","1.69","FCM","Petota","4 North"
77706,8893,NA,NA,NA,"Spooner, DM","0.0.2013",-17.3833,-65.8667,3600,"boliviense","boliviense","tuberous",NA,24,"Potato","BOL","Bolivia","1.69","FCM","Petota","4 North"
77708,8894,NA,NA,NA,"Spooner, DM","0.0.2013",-17.05,-67.3,4040,"boliviense","boliviense","tuberous",NA,24,"Potato","BOL","Bolivia","1.69","FCM","Petota","4 North"
77712,8895,NA,NA,NA,"Spooner, DM","0.0.2013",-16.3333,-68,3970,"boliviense","boliviense","tuberous",NA,24,"Potato","BOL","Bolivia","1.69","FCM","Petota","4 North"
77718,8896,NA,NA,NA,"Spooner, DM","0.0.2013",-17.75,-67.2333,3850,"boliviense","boliviense","tuberous",NA,24,"Potato","BOL","Bolivia","1.69","FCM","Petota","4 North"
77719,8897,NA,NA,NA,"Spooner, DM","0.0.2013",-16.5,-66.5833,0,"boliviense","boliviense","tuberous",NA,24,"Potato","BOL","Bolivia","1.69","FCM","Petota","4 North"
77751,8898,NA,NA,NA,"Spooner, DM","0.0.2013",-17.4667,-66.8167,3900,"boliviense","boliviense","tuberous",NA,24,"Potato","BOL","Bolivia","1.69","FCM","Petota","4 North"
77752,8899,NA,NA,NA,"Spooner, DM","0.0.2013",-17.25,-66.9,3730,"boliviense","boliviense","tuberous",NA,24,"Potato","BOL","Bolivia","1.69","FCM","Petota","4 North"
77754,8900,NA,NA,NA,"Spooner, DM","0.0.2013",-17.3167,-66.1667,3500,"boliviense","boliviense","tuberous",NA,24,"Potato","BOL","Bolivia","1.69","FCM","Petota","4 North"
77757,8901,NA,NA,NA,"Spooner, DM","0.0.2013",-17.2333,-66.05,3920,"boliviense","boliviense","tuberous",NA,24,"Potato","BOL","Bolivia","1.69","FCM","Petota","4 North"
77761,8902,NA,NA,NA,"Spooner, DM","0.0.2013",-17.5333,-65.1333,2950,"boliviense","boliviense","tuberous",NA,24,"Potato","BOL","Bolivia","1.69","FCM","Petota","4 North"
77763,8903,NA,NA,NA,"Spooner, DM","0.0.2013",-17.4167,-65.6667,3500,"boliviense","boliviense","tuberous",NA,24,"Potato","BOL","Bolivia","1.69","FCM","Petota","4 North"
77766,8904,NA,NA,NA,"Spooner, DM","0.0.2013",-21.4333,-64.8833,3660,"boliviense","boliviense","tuberous",NA,24,"Potato","BOL","Bolivia","1.69","FCM","Petota","4 North"
77810,8905,NA,NA,NA,"Spooner, DM","0.0.2013",-19.05,-65.25,2590,"boliviense","boliviense","tuberous",NA,24,"Potato","BOL","Bolivia","1.69","FCM","Petota","4 North"
77844,8906,NA,NA,NA,"Spooner, DM","0.0.2013",-17.2,-66.2833,3900,"boliviense","boliviense","tuberous",NA,24,"Potato","BOL","Bolivia","1.69","FCM","Petota","4 North"
80144,8908,NA,NA,NA,"Spooner, DM","0.0.2013",-21.4503,-65.8151,3686,"boliviense","boliviense","tuberous",NA,24,"Potato","BOL","Bolivia","1.69","FCM","Petota","4 North"
80154,8909,NA,NA,NA,"Spooner, DM","0.0.2013",-19.4292,-64.6977,3361,"boliviense","boliviense","tuberous",NA,24,"Potato","BOL","Bolivia","1.69","FCM","Petota","4 North"
80155,8910,NA,NA,NA,"Spooner, DM","0.0.2013",-17.4851,-65.5508,3474,"boliviense","boliviense","tuberous",NA,24,"Potato","BOL","Bolivia","1.69","FCM","Petota","4 North"
80189,8911,NA,NA,NA,"Spooner, DM","0.0.2013",-19.7076,-64.582,3580,"boliviense","boliviense","tuberous",NA,24,"Potato","BOL","Bolivia","1.69","FCM","Petota","4 North"
80230,8912,NA,NA,NA,"Spooner, DM","0.0.2013",-19.539,-65.5898,3524,"boliviense","boliviense","tuberous",NA,24,"Potato","BOL","Bolivia","1.69","FCM","Petota","4 North"
80231,8913,NA,NA,NA,"Spooner, DM","0.0.2013",-20.6759,-64.8576,2940,"boliviense","boliviense","tuberous",NA,24,"Potato","BOL","Bolivia","1.69","FCM","Petota","4 North"
80242,8914,NA,NA,NA,"Spooner, DM","0.0.2013",-21.41219,-66.0907,3928,"boliviense","boliviense","tuberous",NA,24,"Potato","BOL","Bolivia","1.69","FCM","Petota","4 North"
80244,8915,NA,NA,NA,"Spooner, DM","0.0.2013",-21.4389,-65.9066,4210,"boliviense","boliviense","tuberous",NA,24,"Potato","BOL","Bolivia","1.69","FCM","Petota","4 North"
80258,8916,NA,NA,NA,"Spooner, DM","0.0.2013",-19.6418,-65.2483,3275,"boliviense","boliviense","tuberous",NA,24,"Potato","BOL","Bolivia","1.69","FCM","Petota","4 North"
80261,8917,NA,NA,NA,"Spooner, DM","0.0.2013",-18.8327,-65.4788,3260,"boliviense","boliviense","tuberous",NA,24,"Potato","BOL","Bolivia","1.69","FCM","Petota","4 North"
80264,8918,NA,NA,NA,"Spooner, DM","0.0.2013",-18.8421,-66.0106,3840,"boliviense","boliviense","tuberous",NA,24,"Potato","BOL","Bolivia","1.69","FCM","Petota","4 North"
80296,8920,NA,NA,NA,"Spooner, DM","0.0.2013",-21.45,-65.7167,4100,"boliviense","boliviense","tuberous",NA,24,"Potato","BOL","Bolivia","1.69","FCM","Petota","4 North"
80383,8921,NA,NA,NA,"Spooner, DM","0.0.2013",-16.5667,-69.033,3800,"boliviense","boliviense","tuberous",NA,24,"Potato","BOL","Bolivia","1.69","FCM","Petota","4 North"
80729,8922,NA,NA,NA,"Spooner, DM","0.0.2013",-19.1833,-65,3500,"boliviense","boliviense","tuberous",NA,24,"Potato","BOL","Bolivia","1.69","FCM","Petota","4 North"
80730,8923,NA,NA,NA,"Spooner, DM","0.0.2013",-19.0167,-65.1167,0,"boliviense","boliviense","tuberous",NA,24,"Potato","BOL","Bolivia","1.69","FCM","Petota","4 North"
81473,8924,NA,NA,NA,"Spooner, DM","0.0.2013",-16.95,-67.1833,3400,"boliviense","boliviense","tuberous",NA,24,"Potato","BOL","Bolivia","1.69","FCM","Petota","4 North"
81798,8925,NA,NA,NA,"Spooner, DM","0.0.2013",-18.7833,-66.4667,4000,"boliviense","boliviense","tuberous",NA,24,"Potato","BOL","Bolivia","1.69","FCM","Petota","4 North"
82758,8926,NA,NA,NA,"Spooner, DM","0.0.2013",-19.9167,-67.0833,3800,"boliviense","boliviense","tuberous",NA,24,"Potato","BOL","Bolivia","1.69","FCM","Petota","4 North"
83793,8927,NA,NA,NA,"Spooner, DM","0.0.2013",-16.6,-68.85,3900,"boliviense","boliviense","tuberous",NA,24,"Potato","BOL","Bolivia","1.69","FCM","Petota","4 North"
84143,8928,NA,NA,NA,"Spooner, DM","0.0.2013",-17.2833,-66.65,3950,"boliviense","boliviense","tuberous",NA,24,"Potato","BOL","Bolivia","1.69","FCM","Petota","4 North"
84387,8929,NA,NA,NA,"Spooner, DM","0.0.2013",-20.4669,-65.2328,3450,"boliviense","boliviense","tuberous",NA,24,"Potato","BOL","Bolivia","1.69","FCM","Petota","4 North"
84868,8931,NA,NA,NA,"Spooner, DM","0.0.2013",-17.1667,-68.45,4100,"boliviense","boliviense","tuberous",NA,24,"Potato","BOL","Bolivia","1.69","FCM","Petota","4 North"
84919,8932,NA,NA,NA,"Spooner, DM","0.0.2013",-17.0333,-67.6,4050,"boliviense","boliviense","tuberous",NA,24,"Potato","BOL","Bolivia","1.69","FCM","Petota","4 North"
85590,8933,NA,NA,NA,"Spooner, DM","0.2.2014",-19.23333,-65.43333,0,"boliviense","boliviense","tuberous",NA,24,"Potato","BOL","Bolivia","1.69","FCM","Petota","4 North"
87081,8935,NA,NA,NA,"Spooner, DM","0.2.2014",-19.6333,-65.3667,3700,"boliviense","boliviense","tuberous",NA,24,"Potato","BOL","Bolivia","1.69","FCM","Petota","4 North"
87817,8936,NA,NA,NA,"Spooner, DM","0.2.2014",-20.8333,-66.4,3200,"boliviense","boliviense","tuberous",NA,24,"Potato","BOL","Bolivia","1.69","FCM","Petota","4 North"
87820,8937,NA,NA,NA,"Spooner, DM","0.2.2014",-18.4667,-66.6,0,"boliviense","boliviense","tuberous",NA,24,"Potato","BOL","Bolivia","1.69","FCM","Petota","4 North"
77147,8938,NA,NA,NA,"Spooner, DM","0.0.2013",-15.8167,-70.0167,3700,"boliviense","boliviense","tuberous",NA,24,"Potato","PER","Peru","1.69","FCM","Petota","4 North"
77486,8939,NA,NA,NA,"Spooner, DM","0.0.2013",-14.0819,-71.1856,3600,"boliviense","boliviense","tuberous",NA,24,"Potato","PER","Peru","1.69","FCM","Petota","4 North"
81509,8940,NA,NA,NA,"Spooner, DM","0.0.2013",-13.3047,-72.1158,2900,"boliviense","boliviense","tuberous",NA,24,"Potato","PER","Peru","1.69","FCM","Petota","4 North"
81621,8941,NA,NA,NA,"Spooner, DM","0.0.2013",-15.0167,-71.3,3700,"boliviense","boliviense","tuberous",NA,24,"Potato","PER","Peru","1.69","FCM","Petota","4 North"
81859,8943,NA,NA,NA,"Spooner, DM","0.0.2013",-14.0269,-71.5672,3750,"boliviense","boliviense","tuberous",NA,24,"Potato","PER","Peru","1.69","FCM","Petota","4 North"
81889,8944,NA,NA,NA,"Spooner, DM","0.0.2013",-15.6138,-71.4203,4100,"boliviense","boliviense","tuberous",NA,24,"Potato","PER","Peru","1.69","FCM","Petota","4 North"
81913,8945,NA,NA,NA,"Spooner, DM","0.0.2013",-13.5928,-71.7719,3200,"boliviense","boliviense","tuberous",NA,24,"Potato","PER","Peru","1.69","FCM","Petota","4 North"
82112,8946,NA,NA,NA,"Spooner, DM","0.0.2013",-13.4167,-71.85,0,"boliviense","boliviense","tuberous",NA,24,"Potato","PER","Peru","1.69","FCM","Petota","4 North"
85030,8947,NA,NA,NA,"Spooner, DM","0.0.2013",-13,-72.1667,3020,"boliviense","boliviense","tuberous",NA,24,"Potato","PER","Peru","1.69","FCM","Petota","4 North"
85409,8948,NA,NA,NA,"Spooner, DM","0.2.2014",-16,-70.23333,4100,"boliviense","boliviense","tuberous",NA,24,"Potato","PER","Peru","1.69","FCM","Petota","4 North"
85676,8949,NA,NA,NA,"Spooner, DM","0.2.2014",-16.7394,-69.2917,3850,"boliviense","boliviense","tuberous",NA,24,"Potato","PER","Peru","1.69","FCM","Petota","4 North"
94281,8950,NA,NA,NA,"Spooner, DM","0.6.2014",-15.28117,-70.2815,3910,"boliviense","boliviense","tuberous",NA,24,"Potato","PER","Peru","1.69","FCM","Petota","4 North"
94514,8951,NA,NA,NA,"Spooner, DM","0.6.2014",-14.25,-72.58333,3440,"boliviense","boliviense","tuberous",NA,24,"Potato","PER","Peru","1.69","FCM","Petota","4 North"
94515,8952,NA,NA,NA,"Spooner, DM","0.6.2014",-15.6138,-71.535,4100,"boliviense","boliviense","tuberous",NA,24,"Potato","PER","Peru","1.69","FCM","Petota","4 North"
94981,8953,NA,NA,NA,"Spooner, DM","0.6.2014",-13.33333,-71.96667,2975,"boliviense","boliviense","tuberous",NA,24,"Potato","PER","Peru","1.69","FCM","Petota","4 North"
95252,8954,NA,NA,NA,"Spooner, DM","0.6.2014",-14.3956,-71.4919,3800,"boliviense","boliviense","tuberous",NA,24,"Potato","PER","Peru","1.69","FCM","Petota","4 North"
95327,8955,NA,NA,NA,"Spooner, DM","0.6.2014",-13.9167,-71.6667,4000,"boliviense","boliviense","tuberous",NA,24,"Potato","PER","Peru","1.69","FCM","Petota","4 North"
39413,9714,NA,NA,NA,"Knapp, S","15.10.2009",-14.251668,-73.217273,2887,"caripense","caripense","nongeophyte",NA,24,"Potato","PER","Peru","2.46","FCM","Basarthrum",""
14686,9698,NA,NA,NA,"Knapp, S","0.0.2002",-13.653209,-72.905438,2100,"caripense","caripense","nongeophyte",NA,24,"Potato","PER","Peru","2.46","FCM","Basarthrum",""
68841,9718,NA,NA,NA,"Knapp, S","0.0.2014",-13.53918,-72.71728,2673,"caripense","caripense","nongeophyte",NA,24,"Potato","PER","Peru","2.46","FCM","Basarthrum",""
68797,9717,NA,NA,NA,"Knapp, S","0.5.2014",-13.52235,-73.77215,2261,"caripense","caripense","nongeophyte",NA,24,"Potato","PER","Peru","2.46","FCM","Basarthrum",""
39415,9716,NA,NA,NA,"Knapp, S","15.10.2009",-13.47685,-72.451678,2870,"caripense","caripense","nongeophyte",NA,24,"Potato","PER","Peru","2.46","FCM","Basarthrum",""
21509,9702,NA,NA,NA,"Knapp, S","0.0.1989",-13.3525,-72.059167,2900,"caripense","caripense","nongeophyte",NA,24,"Potato","PER","Peru","2.46","FCM","Basarthrum",""
132681,9697,NA,NA,NA,"SÃ¤rkinen, T","20.11.0",-13.27361,-71.61747,2940,"caripense","caripense","nongeophyte",NA,24,"Potato","PER","Peru","2.46","FCM","Basarthrum",""
68862,9719,NA,NA,NA,"Knapp, S","0.0.2014",-13.254,-72.26713,2945,"caripense","caripense","nongeophyte",NA,24,"Potato","PER","Peru","2.46","FCM","Basarthrum",""
21518,9707,NA,NA,NA,"Nee, M","0.0.1996",-12.866706,-72.685289,1110,"caripense","caripense","nongeophyte",NA,24,"Potato","PER","Peru","2.46","FCM","Basarthrum",""
76881,9724,NA,NA,NA,"Knapp, S","0.5.2014",-12.50234,-74.96656,3200,"caripense","caripense","nongeophyte",NA,24,"Potato","PER","Peru","2.46","FCM","Basarthrum",""
39414,9715,NA,NA,NA,"Knapp, S","15.10.2009",-11.205082,-75.457088,2600,"caripense","caripense","nongeophyte",NA,24,"Potato","PER","Peru","2.46","FCM","Basarthrum",""
34820,9713,NA,NA,NA,"Knapp, S","0.0.1986",-10.760874,-76.869973,3000,"caripense","caripense","nongeophyte",NA,24,"Potato","PER","Peru","2.46","FCM","Basarthrum",""
21516,9705,NA,NA,NA,"Correll, DS","0.0.1967",-9.375841,-77.55218,2960,"caripense","caripense","nongeophyte",NA,24,"Potato","PER","Peru","2.46","FCM","Basarthrum",""
21514,9703,NA,NA,NA,"Ochoa, CM","0.0.1986",-8.95,-77.716667,3350,"caripense","caripense","nongeophyte",NA,24,"Potato","PER","Peru","2.46","FCM","Basarthrum",""
87884,9728,NA,NA,NA,"Cano, A","0.0.2013",-8.257446,-77.80991,3600,"caripense","caripense","nongeophyte",NA,24,"Potato","PER","Peru","2.46","FCM","Basarthrum",""
21445,9699,NA,NA,NA,"Knapp, S","0.0.2001",-7.924864,-78.184742,2900,"caripense","caripense","nongeophyte",NA,24,"Potato","PER","Peru","2.46","FCM","Basarthrum",""
23815,9710,NA,NA,NA,"Knapp, S","0.0.1995",-7.725698,-77.891161,2300,"caripense","caripense","nongeophyte",NA,24,"Potato","PER","Peru","2.46","FCM","Basarthrum",""
21507,9700,NA,NA,NA,"Nee, M","0.0.1999",-7.343073,-78.945486,2700,"caripense","caripense","nongeophyte",NA,24,"Potato","PER","Peru","2.46","FCM","Basarthrum",""
71200,9721,NA,NA,NA,"Knapp, S","0.0.2014",-7.13144,-78.16378,2760,"caripense","caripense","nongeophyte",NA,24,"Potato","PER","Peru","2.46","FCM","Basarthrum",""
23828,9712,NA,NA,NA,"Knapp, S","0.9.1987",-6.713488,-79.023878,1150,"caripense","caripense","nongeophyte",NA,24,"Potato","PER","Peru","2.46","FCM","Basarthrum",""
23816,9711,NA,NA,NA,"Knapp, S","0.0.1994",-6.180802,-79.354619,3300,"caripense","caripense","nongeophyte",NA,24,"Potato","PER","Peru","2.46","FCM","Basarthrum",""
76882,9725,NA,NA,NA,"Knapp, S","0.5.2014",-6.076389,-78.3625,2710,"caripense","caripense","nongeophyte",NA,24,"Potato","PER","Peru","2.46","FCM","Basarthrum",""
76880,9723,NA,NA,NA,"Knapp, S","0.5.2014",-6,-78.8666,630,"caripense","caripense","nongeophyte",NA,24,"Potato","PER","Peru","2.46","FCM","Basarthrum",""
21515,9704,NA,NA,NA,NA,"0.0.0",-5.960998,-79.677519,1150,"caripense","caripense","nongeophyte",NA,24,"Potato","PER","Peru","2.46","FCM","Basarthrum",""
21517,9706,NA,NA,NA,"Correll, DS","0.0.1967",-5.941146,-79.578428,1760,"caripense","caripense","nongeophyte",NA,24,"Potato","PER","Peru","2.46","FCM","Basarthrum",""
76893,9727,NA,NA,NA,"Knapp, S","0.5.2014",-5.637862,-78.56608,400,"caripense","caripense","nongeophyte",NA,24,"Potato","PER","Peru","2.46","FCM","Basarthrum",""
23814,9709,NA,NA,NA,"Knapp, S","0.5.2013",-5.4,-79.6,1350,"caripense","caripense","nongeophyte",NA,24,"Potato","PER","Peru","2.46","FCM","Basarthrum",""
21942,9708,NA,NA,NA,"Knapp, S","0.5.2014",-5.316667,-78.666667,900,"caripense","caripense","nongeophyte",NA,24,"Potato","PER","Peru","2.46","FCM","Basarthrum",""
21508,9701,NA,NA,NA,"Nee, M","0.0.2001",-5.145297,-79.423115,2250,"caripense","caripense","nongeophyte",NA,24,"Potato","PER","Peru","2.46","FCM","Basarthrum",""
71111,9720,NA,NA,NA,"Tepe, EJ","0.1.2018",-5.10932,-79.04409,1470,"caripense","caripense","nongeophyte",NA,24,"Potato","PER","Peru","2.46","FCM","Basarthrum",""
75314,9722,NA,NA,NA,"Knapp, S","0.2.2014",-5.059664,-79.72557,2900,"caripense","caripense","nongeophyte",NA,24,"Potato","PER","Peru","2.46","FCM","Basarthrum",""
76891,9726,NA,NA,NA,"Knapp, S","0.5.2014",-5.057778,-78.95,1650,"caripense","caripense","nongeophyte",NA,24,"Potato","PER","Peru","2.46","FCM","Basarthrum",""
23800,9683,NA,NA,NA,"Knapp, S","0.0.1996",-4.091667,-79.933333,2400,"caripense","caripense","nongeophyte",NA,24,"Potato","ECU","Ecuador","2.46","FCM","Basarthrum",""
31,9692,NA,NA,NA,"Verugo, A","2.7.2002",-3.952454,-79.163211,2270,"caripense","caripense","nongeophyte",NA,24,"Potato","ECU","Ecuador","2.46","FCM","Basarthrum",""
23812,9687,NA,NA,NA,"Knapp, S","0.0.1992",-3.616667,-79.266667,2900,"caripense","caripense","nongeophyte",NA,24,"Potato","ECU","Ecuador","2.46","FCM","Basarthrum",""
30,9691,NA,NA,NA,"CerÃ³n, CE","1.6.2002",-2.76,-78.669722,2703,"caripense","caripense","nongeophyte",NA,24,"Potato","ECU","Ecuador","2.46","FCM","Basarthrum",""
29,9690,NA,NA,NA,"CerÃ³n, CE","18.4.2002",-2.538056,-78.874722,3113,"caripense","caripense","nongeophyte",NA,24,"Potato","ECU","Ecuador","2.46","FCM","Basarthrum",""
23810,9686,NA,NA,NA,"Knapp, S","0.0.1995",-1.916667,-79.083333,2100,"caripense","caripense","nongeophyte",NA,24,"Potato","ECU","Ecuador","2.46","FCM","Basarthrum",""
96099,9695,NA,NA,NA,"Tepe, EJ","0.0.2011",-1.844083,-78.57783,3050,"caripense","caripense","nongeophyte",NA,24,"Potato","ECU","Ecuador","2.46","FCM","Basarthrum",""
23807,9685,NA,NA,NA,"Knapp, S","0.0.1987",-1.3,-78.416667,2950,"caripense","caripense","nongeophyte",NA,24,"Potato","ECU","Ecuador","2.46","FCM","Basarthrum",""
23806,9684,NA,NA,NA,"Knapp, S","0.0.1987",-1.25,-78.783333,3150,"caripense","caripense","nongeophyte",NA,24,"Potato","ECU","Ecuador","2.46","FCM","Basarthrum",""
9377,9694,NA,NA,NA,"CerÃ³n, CE","0.0.1994",-0.95,-78.55,3000,"caripense","caripense","nongeophyte",NA,24,"Potato","ECU","Ecuador","2.46","FCM","Basarthrum",""
19303,9682,NA,NA,NA,NA,"0.0.0",-0.517806,-78.611944,3220,"caripense","caripense","nongeophyte",NA,24,"Potato","ECU","Ecuador","2.46","FCM","Basarthrum",""
23813,9688,NA,NA,NA,"Knapp, S","0.0.1995",-0.083333,-78.583333,3200,"caripense","caripense","nongeophyte",NA,24,"Potato","ECU","Ecuador","2.46","FCM","Basarthrum",""
53,9693,NA,NA,NA,"PeÃ±afiel, M","0.0.1991",0.3,-78.366667,2900,"caripense","caripense","nongeophyte",NA,24,"Potato","ECU","Ecuador","2.46","FCM","Basarthrum",""
120526,9667,NA,NA,NA,"Amaya, M","1.1.1994",1.1525,-77.99283,1800,"caripense","caripense","nongeophyte",NA,24,"Potato","COL","Colombia","2.46","FCM","Basarthrum",""
115938,9665,NA,NA,NA,"Jaramillo M, R","0.0.0",4.102731,-74.42371,2450,"caripense","caripense","nongeophyte",NA,24,"Potato","COL","Colombia","2.46","FCM","Basarthrum",""
112241,9664,NA,NA,NA,"Orozco, CI","0.0.2000",4.199752,-75.68103,2700,"caripense","caripense","nongeophyte",NA,24,"Potato","COL","Colombia","2.46","FCM","Basarthrum",""
112081,9661,NA,NA,NA,"Ochoa, CM","0.0.0",4.32991,-73.94577,2100,"caripense","caripense","nongeophyte",NA,24,"Potato","COL","Colombia","2.46","FCM","Basarthrum",""
125115,9673,NA,NA,NA,"Lozano C, G","1.1.1982",4.51638,-75.61456,0,"caripense","caripense","nongeophyte",NA,24,"Potato","COL","Colombia","2.46","FCM","Basarthrum",""
117231,9666,NA,NA,NA,"Lozano C, G","0.0.0",4.647919,-74.32694,2600,"caripense","caripense","nongeophyte",NA,24,"Potato","COL","Colombia","2.46","FCM","Basarthrum",""
122079,9670,NA,NA,NA,"DÃ­az-Piedrahita, S","1.1.1980",4.725,-75.2681,3300,"caripense","caripense","nongeophyte",NA,24,"Potato","COL","Colombia","2.46","FCM","Basarthrum",""
112143,9663,NA,NA,NA,"Spooner, DM","0.0.1992",4.773723,-74.06251,2600,"caripense","caripense","nongeophyte",NA,24,"Potato","COL","Colombia","2.46","FCM","Basarthrum",""
123342,9671,NA,NA,NA,"HernÃ¡ndez S, M","1.1.2002",4.998569,-74.15199,2800,"caripense","caripense","nongeophyte",NA,24,"Potato","COL","Colombia","2.46","FCM","Basarthrum",""
121927,9669,NA,NA,NA,NA,"0.0.0",5.083611,-75.49583,2250,"caripense","caripense","nongeophyte",NA,24,"Potato","COL","Colombia","2.46","FCM","Basarthrum",""
112132,9662,NA,NA,NA,"Orozco, CI","0.0.2003",5.101389,-73.78639,2700,"caripense","caripense","nongeophyte",NA,24,"Potato","COL","Colombia","2.46","FCM","Basarthrum",""
111983,9659,NA,NA,NA,"Granados-Tochoy, JC","0.0.2004",5.46953,-73.64399,2900,"caripense","caripense","nongeophyte",NA,24,"Potato","COL","Colombia","2.46","FCM","Basarthrum",""
111980,9658,NA,NA,NA,"Orozco, CI","0.0.2008",5.4907,-73.0739,3027,"caripense","caripense","nongeophyte",NA,24,"Potato","COL","Colombia","2.46","FCM","Basarthrum",""
125168,9674,NA,NA,NA,"Rangel, O","0.0.0",5.55,-72.91667,3050,"caripense","caripense","nongeophyte",NA,24,"Potato","COL","Colombia","2.46","FCM","Basarthrum",""
111965,9657,NA,NA,NA,"Orozco, CI","0.0.1999",5.724125,-73.37383,2900,"caripense","caripense","nongeophyte",NA,24,"Potato","COL","Colombia","2.46","FCM","Basarthrum",""
23825,9676,NA,NA,NA,"Nee, M","0.0.1997",6.033,-75.429001,2180,"caripense","caripense","nongeophyte",NA,24,"Potato","COL","Colombia","2.46","FCM","Basarthrum",""
111927,9655,NA,NA,NA,"Correll, DS","0.0.1962",6.22575,-75.51508,2000,"caripense","caripense","nongeophyte",NA,24,"Potato","COL","Colombia","2.46","FCM","Basarthrum",""
111959,9656,NA,NA,NA,"Correll, DS","0.0.1962",6.25893,-72.5639,2900,"caripense","caripense","nongeophyte",NA,24,"Potato","COL","Colombia","2.46","FCM","Basarthrum",""
123948,9672,NA,NA,NA,"Rivera-DÃ­az, O","0.0.0",6.455555,-76.12055,3200,"caripense","caripense","nongeophyte",NA,24,"Potato","COL","Colombia","2.46","FCM","Basarthrum",""
121766,9668,NA,NA,NA,"Lozano C, G","1.1.1996",6.4625,-72.39,3750,"caripense","caripense","nongeophyte",NA,24,"Potato","COL","Colombia","2.46","FCM","Basarthrum",""
97431,9679,NA,NA,NA,"Bohs, L","0.0.2000",8.79,-82.95,1300,"caripense","caripense","nongeophyte",NA,24,"Potato","CRI","Costa Rica","2.46","FCM","Basarthrum",""
7888,9696,NA,NA,NA,"Knapp, S","0.0.2000",8.85,-82.75,1500,"caripense","caripense","nongeophyte",NA,24,"Potato","PAN","Panama","2.46","FCM","Basarthrum",""
23811,9729,NA,NA,NA,"Dorr, LJ","0.0.1999",9.216667,-70.2,2000,"caripense","caripense","nongeophyte",NA,24,"Potato","VEN","Venezuela","2.46","FCM","Basarthrum",""
74123,9677,NA,NA,NA,"Bohs, L","0.10.2003",9.34,-83.2725,1600,"caripense","caripense","nongeophyte",NA,24,"Potato","CRI","Costa Rica","2.46","FCM","Basarthrum",""
74124,9678,NA,NA,NA,"Bohs, L","0.10.2003",9.766667,-83.95,1450,"caripense","caripense","nongeophyte",NA,24,"Potato","CRI","Costa Rica","2.46","FCM","Basarthrum",""
125275,9675,NA,NA,NA,"GarzÃ³n-Venegas, J","1.1.2006",9.984696,-73.02848,2526,"caripense","caripense","nongeophyte",NA,24,"Potato","COL","Colombia","2.46","FCM","Basarthrum",""
112021,9660,NA,NA,NA,"Nee, M","0.0.1995",10.08333,-73.15,1800,"caripense","caripense","nongeophyte",NA,24,"Potato","COL","Colombia","2.46","FCM","Basarthrum",""
97509,9680,NA,NA,NA,"Bohs, L","0.0.2000",10.30833,-84.81527,1350,"caripense","caripense","nongeophyte",NA,24,"Potato","CRI","Costa Rica","2.46","FCM","Basarthrum",""
23836,10127,NA,NA,NA,"Knapp, S","0.0.2000",-5.830748,-77.972552,2800,"chamaepolybotryon","chamaepolybotryon","nongeophyte",NA,24,"Potato","PER","Peru","2.1","LocoGSE","Pteroidea",""
33059,10128,NA,NA,NA,"Knapp, S","0.9.2008",-5.737919,-77.535806,1300,"chamaepolybotryon","chamaepolybotryon","nongeophyte",NA,24,"Potato","PER","Peru","2.1","LocoGSE","Pteroidea",""
53814,10129,NA,NA,NA,"Tepe, EJ","0.12.2007",-5.670983,-77.6758,1275,"chamaepolybotryon","chamaepolybotryon","nongeophyte",NA,24,"Potato","PER","Peru","2.1","LocoGSE","Pteroidea",""
1636,10147,NA,NA,NA,"Knapp, S; Peralta, IE","0.0.2002",-25.458333,-70.440333,360,"chilense","chilense","nongeophyte",NA,24,"Potato","CHL","Chile","2.23","FCM","Tomato",""
1777,10149,NA,NA,NA,"Knapp, S; Peralta, IE","0.0.2002",-23.6,-67.85,0,"chilense","chilense","nongeophyte",NA,24,"Potato","CHL","Chile","2.23","FCM","Tomato",""
1887,10150,NA,NA,NA,"Knapp, S; Peralta, IE","0.0.2002",-23.683333,-68.666667,0,"chilense","chilense","nongeophyte",NA,24,"Potato","CHL","Chile","2.23","FCM","Tomato",""
1981,10151,NA,NA,NA,"Knapp, S; Peralta, IE","0.0.2002",-19.683333,-69.166667,3220,"chilense","chilense","nongeophyte",NA,24,"Potato","CHL","Chile","2.23","FCM","Tomato",""
1983,10152,NA,NA,NA,"Knapp, S; Peralta, IE","0.0.2002",-18.433333,-69.716667,2900,"chilense","chilense","nongeophyte",NA,24,"Potato","CHL","Chile","2.23","FCM","Tomato",""
1991,10154,NA,NA,NA,"Knapp, S; Peralta, IE","0.0.2002",-23.3,-67.933333,2900,"chilense","chilense","nongeophyte",NA,24,"Potato","CHL","Chile","2.23","FCM","Tomato",""
2121,10155,NA,NA,NA,"Knapp, S; Peralta, IE","0.0.2002",-18.2,-69.583333,3350,"chilense","chilense","nongeophyte",NA,24,"Potato","CHL","Chile","2.23","FCM","Tomato",""
2168,10156,NA,NA,NA,"Knapp, S; Peralta, IE","0.0.2002",-22.450387,-69.075502,1800,"chilense","chilense","nongeophyte",NA,24,"Potato","CHL","Chile","2.23","FCM","Tomato",""
2172,10157,NA,NA,NA,"Knapp, S; Peralta, IE","0.0.2002",-22.474963,-68.925075,1900,"chilense","chilense","nongeophyte",NA,24,"Potato","CHL","Chile","2.23","FCM","Tomato",""
2176,10158,NA,NA,NA,"Knapp, S; Peralta, IE","0.0.2002",-25.138762,-69.755718,0,"chilense","chilense","nongeophyte",NA,24,"Potato","CHL","Chile","2.23","FCM","Tomato",""
2177,10159,NA,NA,NA,"Knapp, S; Peralta, IE","0.0.2002",-22.558665,-70.24032,500,"chilense","chilense","nongeophyte",NA,24,"Potato","CHL","Chile","2.23","FCM","Tomato",""
2178,10160,NA,NA,NA,"Knapp, S; Peralta, IE","0.0.2002",-25.000947,-70.45773,700,"chilense","chilense","nongeophyte",NA,24,"Potato","CHL","Chile","2.23","FCM","Tomato",""
2439,10161,NA,NA,NA,"Knapp, S; Peralta, IE","0.0.2002",-22.933615,-68.204293,2550,"chilense","chilense","nongeophyte",NA,24,"Potato","CHL","Chile","2.23","FCM","Tomato",""
29814,10162,NA,NA,NA,"Knapp, S","0.6.2007",-24.5928,-70.2435,1035,"chilense","chilense","nongeophyte",NA,24,"Potato","CHL","Chile","2.23","FCM","Tomato",""
29815,10163,NA,NA,NA,"Knapp, S","0.6.2007",-26.32,-69.4534,2580,"chilense","chilense","nongeophyte",NA,24,"Potato","CHL","Chile","2.23","FCM","Tomato",""
3174,10164,NA,NA,NA,"Knapp, S; Peralta, IE","0.0.2002",-21.166667,-69.5,1020,"chilense","chilense","nongeophyte",NA,24,"Potato","CHL","Chile","2.23","FCM","Tomato",""
3175,10165,NA,NA,NA,"Knapp, S; Peralta, IE","0.0.2002",-22.083333,-70.183333,150,"chilense","chilense","nongeophyte",NA,24,"Potato","CHL","Chile","2.23","FCM","Tomato",""
3239,10166,NA,NA,NA,"Knapp, S; Peralta, IE","0.0.2002",-20.083333,-69.266667,2400,"chilense","chilense","nongeophyte",NA,24,"Potato","CHL","Chile","2.23","FCM","Tomato",""
33469,10167,NA,NA,NA,"Knapp, S","0.0.2014",-20.2491,-69.15587,2600,"chilense","chilense","nongeophyte",NA,24,"Potato","CHL","Chile","2.23","FCM","Tomato",""
3486,10168,NA,NA,NA,"Knapp, S; Peralta, IE","0.0.2002",-22.560169,-68.122576,0,"chilense","chilense","nongeophyte",NA,24,"Potato","CHL","Chile","2.23","FCM","Tomato",""
3488,10169,NA,NA,NA,"Knapp, S; Peralta, IE","0.0.2002",-18.416667,-70.3,3050,"chilense","chilense","nongeophyte",NA,24,"Potato","CHL","Chile","2.23","FCM","Tomato",""
3509,10170,NA,NA,NA,"Knapp, S; Peralta, IE","0.0.2003",-18.455704,-69.345468,0,"chilense","chilense","nongeophyte",NA,24,"Potato","CHL","Chile","2.23","FCM","Tomato",""
3603,10171,NA,NA,NA,"Knapp, S; Peralta, IE","0.0.2002",-23.41,-68.4,0,"chilense","chilense","nongeophyte",NA,24,"Potato","CHL","Chile","2.23","FCM","Tomato",""
3623,10172,NA,NA,NA,"Knapp, S; Peralta, IE","0.0.2002",-25.24,-70.29,20,"chilense","chilense","nongeophyte",NA,24,"Potato","CHL","Chile","2.23","FCM","Tomato",""
3624,10173,NA,NA,NA,"Knapp, S; Peralta, IE","0.0.2002",-25.120599,-69.454449,0,"chilense","chilense","nongeophyte",NA,24,"Potato","CHL","Chile","2.23","FCM","Tomato",""
3679,10174,NA,NA,NA,"Knapp, S; Peralta, IE","0.0.2002",-17.983333,-69.65,4000,"chilense","chilense","nongeophyte",NA,24,"Potato","CHL","Chile","2.23","FCM","Tomato",""
3861,10175,NA,NA,NA,"Knapp, S; Peralta, IE","0.0.2002",-23.11,-68.1,2500,"chilense","chilense","nongeophyte",NA,24,"Potato","CHL","Chile","2.23","FCM","Tomato",""
4303,10176,NA,NA,NA,"Knapp, S; Peralta, IE","0.0.2002",-18.526044,-70.147892,0,"chilense","chilense","nongeophyte",NA,24,"Potato","CHL","Chile","2.23","FCM","Tomato",""
4583,10177,NA,NA,NA,"Knapp, S; Peralta, IE","0.0.2002",-19.9,-69.116667,3350,"chilense","chilense","nongeophyte",NA,24,"Potato","CHL","Chile","2.23","FCM","Tomato",""
4731,10178,NA,NA,NA,"Knapp, S; Peralta, IE","0.0.2002",-23.8025,-68.275,2475,"chilense","chilense","nongeophyte",NA,24,"Potato","CHL","Chile","2.23","FCM","Tomato",""
4734,10179,NA,NA,NA,"Knapp, S; Peralta, IE","0.0.2002",-22.581389,-68.520833,2700,"chilense","chilense","nongeophyte",NA,24,"Potato","CHL","Chile","2.23","FCM","Tomato",""
4793,10180,NA,NA,NA,"Knapp, S; Peralta, IE","0.0.2002",-18.25,-69.42,4000,"chilense","chilense","nongeophyte",NA,24,"Potato","CHL","Chile","2.23","FCM","Tomato",""
4794,10181,NA,NA,NA,"Knapp, S; Peralta, IE","0.0.2002",-23.316667,-67.333333,0,"chilense","chilense","nongeophyte",NA,24,"Potato","CHL","Chile","2.23","FCM","Tomato",""
5068,10182,NA,NA,NA,"Knapp, S; Peralta, IE","0.0.2002",-23.36,-67.51,0,"chilense","chilense","nongeophyte",NA,24,"Potato","CHL","Chile","2.23","FCM","Tomato",""
5074,10183,NA,NA,NA,"Knapp, S; Peralta, IE","0.0.2002",-22.273829,-68.555896,2300,"chilense","chilense","nongeophyte",NA,24,"Potato","CHL","Chile","2.23","FCM","Tomato",""
5194,10184,NA,NA,NA,"Knapp, S; Peralta, IE","0.0.2002",-20.55,-69.3,1500,"chilense","chilense","nongeophyte",NA,24,"Potato","CHL","Chile","2.23","FCM","Tomato",""
5198,10185,NA,NA,NA,"Knapp, S; Peralta, IE","0.0.2002",-21.083333,-69.6,1200,"chilense","chilense","nongeophyte",NA,24,"Potato","CHL","Chile","2.23","FCM","Tomato",""
5199,10186,NA,NA,NA,"Knapp, S; Peralta, IE","0.0.2002",-25.116667,-70.1,50,"chilense","chilense","nongeophyte",NA,24,"Potato","CHL","Chile","2.23","FCM","Tomato",""
5202,10187,NA,NA,NA,"Knapp, S; Peralta, IE","0.0.2002",-18.533333,-70.05,1730,"chilense","chilense","nongeophyte",NA,24,"Potato","CHL","Chile","2.23","FCM","Tomato",""
5204,10188,NA,NA,NA,"Knapp, S; Peralta, IE","0.0.2002",-18.5,-69.95,1850,"chilense","chilense","nongeophyte",NA,24,"Potato","CHL","Chile","2.23","FCM","Tomato",""
5209,10189,NA,NA,NA,"Knapp, S; Peralta, IE","0.0.2002",-18.465857,-69.833103,2100,"chilense","chilense","nongeophyte",NA,24,"Potato","CHL","Chile","2.23","FCM","Tomato",""
5212,10190,NA,NA,NA,"Knapp, S; Peralta, IE","0.0.2002",-24.372555,-69.315063,0,"chilense","chilense","nongeophyte",NA,24,"Potato","CHL","Chile","2.23","FCM","Tomato",""
5213,10191,NA,NA,NA,"Knapp, S; Peralta, IE","0.0.2002",-20.933333,-68.966667,2900,"chilense","chilense","nongeophyte",NA,24,"Potato","CHL","Chile","2.23","FCM","Tomato",""
5214,10192,NA,NA,NA,"Knapp, S; Peralta, IE","0.0.2002",-18.166667,-69.75,3600,"chilense","chilense","nongeophyte",NA,24,"Potato","CHL","Chile","2.23","FCM","Tomato",""
5217,10193,NA,NA,NA,"Knapp, S; Peralta, IE","0.0.2002",-20.267214,-70.103555,250,"chilense","chilense","nongeophyte",NA,24,"Potato","CHL","Chile","2.23","FCM","Tomato",""
5223,10194,NA,NA,NA,"Knapp, S; Peralta, IE","0.0.2002",-18.833333,-69.733333,2400,"chilense","chilense","nongeophyte",NA,24,"Potato","CHL","Chile","2.23","FCM","Tomato",""
5224,10195,NA,NA,NA,"Knapp, S; Peralta, IE","0.0.2002",-19.283333,-69.45,2950,"chilense","chilense","nongeophyte",NA,24,"Potato","CHL","Chile","2.23","FCM","Tomato",""
5323,10196,NA,NA,NA,"Knapp, S; Peralta, IE","0.0.2002",-18.828151,-70.136249,500,"chilense","chilense","nongeophyte",NA,24,"Potato","CHL","Chile","2.23","FCM","Tomato",""
5666,10197,NA,NA,NA,"Knapp, S; Peralta, IE","0.0.2002",-23.2991,-67.8104,3600,"chilense","chilense","nongeophyte",NA,24,"Potato","CHL","Chile","2.23","FCM","Tomato",""
5926,10198,NA,NA,NA,"Knapp, S; Peralta, IE","0.0.2002",-22.349722,-68.327222,3300,"chilense","chilense","nongeophyte",NA,24,"Potato","CHL","Chile","2.23","FCM","Tomato",""
6169,10199,NA,NA,NA,"Knapp, S; Peralta, IE","0.0.2002",-19.75,-69.3,2000,"chilense","chilense","nongeophyte",NA,24,"Potato","CHL","Chile","2.23","FCM","Tomato",""
6170,10200,NA,NA,NA,"Knapp, S; Peralta, IE","0.0.2002",-19.166667,-69.216667,3700,"chilense","chilense","nongeophyte",NA,24,"Potato","CHL","Chile","2.23","FCM","Tomato",""
96973,10201,NA,NA,NA,NA,"0.0.0",-20.08263,-69.35975,0,"chilense","chilense","nongeophyte",NA,24,"Potato","CHL","Chile","2.23","FCM","Tomato",""
1954,10202,NA,NA,NA,"Knapp, S; Peralta, IE","0.0.2002",-17.16645,-70.887033,1560,"chilense","chilense","nongeophyte",NA,24,"Potato","PER","Peru","2.23","FCM","Tomato",""
1957,10203,NA,NA,NA,"Knapp, S; Peralta, IE","0.0.2002",-17.40908,-71.146027,580,"chilense","chilense","nongeophyte",NA,24,"Potato","PER","Peru","2.23","FCM","Tomato",""
2105,10204,NA,NA,NA,"Knapp, S; Peralta, IE","0.0.2002",-18.00866,-70.385458,200,"chilense","chilense","nongeophyte",NA,24,"Potato","PER","Peru","2.23","FCM","Tomato",""
2236,10205,NA,NA,NA,"Knapp, S; Peralta, IE","0.0.2002",-18.009748,-70.25086,650,"chilense","chilense","nongeophyte",NA,24,"Potato","PER","Peru","2.23","FCM","Tomato",""
2504,10206,NA,NA,NA,"Knapp, S; Peralta, IE","0.0.2002",-14.689402,-74.120347,1800,"chilense","chilense","nongeophyte",NA,24,"Potato","PER","Peru","2.23","FCM","Tomato",""
27656,10207,NA,NA,NA,"Knapp, S","0.4.2007",-16.834017,-70.889783,2358,"chilense","chilense","nongeophyte",NA,24,"Potato","PER","Peru","2.23","FCM","Tomato",""
3148,10208,NA,NA,NA,"Knapp, S; Peralta, IE","0.0.2002",-17.020593,-70.751718,0,"chilense","chilense","nongeophyte",NA,24,"Potato","PER","Peru","2.23","FCM","Tomato",""
33046,10209,NA,NA,NA,"Knapp, S","0.9.2008",-16.652333,-71.352667,2100,"chilense","chilense","nongeophyte",NA,24,"Potato","PER","Peru","2.23","FCM","Tomato",""
33376,10210,NA,NA,NA,"Knapp, S","0.9.2008",-15.619833,-73.791,1830,"chilense","chilense","nongeophyte",NA,24,"Potato","PER","Peru","2.23","FCM","Tomato",""
33383,10211,NA,NA,NA,"Knapp, S","0.9.2008",-17.872,-70.120833,1270,"chilense","chilense","nongeophyte",NA,24,"Potato","PER","Peru","2.23","FCM","Tomato",""
33384,10212,NA,NA,NA,"Knapp, S","0.9.2008",-14.838667,-74.725833,2135,"chilense","chilense","nongeophyte",NA,24,"Potato","PER","Peru","2.23","FCM","Tomato",""
33405,10213,NA,NA,NA,"Knapp, S","0.9.2008",-13.4733,-76.1871,5,"chilense","chilense","nongeophyte",NA,24,"Potato","PER","Peru","2.23","FCM","Tomato",""
33410,10214,NA,NA,NA,"Knapp, S","0.9.2008",-17.457642,-70.534025,1000,"chilense","chilense","nongeophyte",NA,24,"Potato","PER","Peru","2.23","FCM","Tomato",""
33464,10215,NA,NA,NA,"Knapp, S","0.9.2008",-17.625163,-70.95509,0,"chilense","chilense","nongeophyte",NA,24,"Potato","PER","Peru","2.23","FCM","Tomato",""
33465,10216,NA,NA,NA,"Knapp, S","0.9.2008",-17.839,-70.5095,450,"chilense","chilense","nongeophyte",NA,24,"Potato","PER","Peru","2.23","FCM","Tomato",""
4013,10217,NA,NA,NA,"Knapp, S; Peralta, IE","0.0.2002",-15.870513,-74.241963,200,"chilense","chilense","nongeophyte",NA,24,"Potato","PER","Peru","2.23","FCM","Tomato",""
4098,10218,NA,NA,NA,"Knapp, S; Peralta, IE","0.0.2002",-17.690128,-70.253403,1770,"chilense","chilense","nongeophyte",NA,24,"Potato","PER","Peru","2.23","FCM","Tomato",""
6198,10219,NA,NA,NA,"Knapp, S; Peralta, IE","0.0.2002",-15.425333,-74.6095,900,"chilense","chilense","nongeophyte",NA,24,"Potato","PER","Peru","2.23","FCM","Tomato",""
70674,10220,NA,NA,NA,"Knapp, S","0.0.2013",-17.66499,-69.98816,3000,"chilense","chilense","nongeophyte",NA,24,"Potato","PER","Peru","2.23","FCM","Tomato",""
53293,10223,NA,NA,NA,"Tepe, EJ","0.3.2009",-1.721944,-79.135278,2150,"chimborazense","chimborazense","nongeophyte",NA,24,"Potato","ECU","Ecuador","1.6","LocoGSE","Anarrhichomenum",""
21535,10224,NA,NA,NA,"Nee, M","0.0.2001",-7.405326,-78.768868,2700,"chimborazense","chimborazense","nongeophyte",NA,24,"Potato","PER","Peru","1.6","LocoGSE","Anarrhichomenum",""
75698,10225,NA,NA,NA,"SÃ¤rkinen, T","0.2.2014",-12.00727,-74.89933,3200,"chimborazense","chimborazense","nongeophyte",NA,24,"Potato","PER","Peru","1.6","LocoGSE","Anarrhichomenum",""
76898,10226,NA,NA,NA,"Knapp, S","0.5.2014",-10.37556,-75.07444,3110,"chimborazense","chimborazense","nongeophyte",NA,24,"Potato","PER","Peru","1.6","LocoGSE","Anarrhichomenum",""
105147,10667,NA,NA,NA,"Knapp, S","0.1.2016",-19.135,-64.19083,2127,"complectens","complectens","nongeophyte",NA,24,"Potato","BOL","Bolivia","2.14","LocoGSE","Anarrhichomenum",""
105675,10668,NA,NA,NA,"Nee, M","0.0.2009",-17.75056,-65.02861,2610,"complectens","complectens","nongeophyte",NA,24,"Potato","BOL","Bolivia","2.14","LocoGSE","Anarrhichomenum",""
105929,10669,NA,NA,NA,"Nee, M","0.0.2008",-19.9275,-64.22139,1781,"complectens","complectens","nongeophyte",NA,24,"Potato","BOL","Bolivia","2.14","LocoGSE","Anarrhichomenum",""
106894,10670,NA,NA,NA,"Nee, M","0.0.2003",-17.493,-64.3906,2640,"complectens","complectens","nongeophyte",NA,24,"Potato","BOL","Bolivia","2.14","LocoGSE","Anarrhichomenum",""
10963,10671,NA,NA,NA,"Bohs, L","10.11.2005",-18.1,-63.8,1800,"complectens","complectens","nongeophyte",NA,24,"Potato","BOL","Bolivia","2.14","LocoGSE","Anarrhichomenum",""
15388,10672,NA,NA,NA,"Knapp, S","0.0.2005",-17.53,-64.16,2000,"complectens","complectens","nongeophyte",NA,24,"Potato","BOL","Bolivia","2.14","LocoGSE","Anarrhichomenum",""
26414,10673,NA,NA,NA,"Knapp, S","0.0.2007",-17.825194,-64.674861,2550,"complectens","complectens","nongeophyte",NA,24,"Potato","BOL","Bolivia","2.14","LocoGSE","Anarrhichomenum",""
113093,10674,NA,NA,NA,"Knapp, S","0.8.2016",-4.248333,-78.65944,0,"conicum","conicum","nongeophyte",NA,24,"Potato","ECU","Ecuador","2.41","LocoGSE","Pteroidea",""
139706,10675,NA,NA,NA,"Knapp, S","0.11.2018",-10.38361,-75.62945,2950,"conicum","conicum","nongeophyte",NA,24,"Potato","PER","Peru","2.41","LocoGSE","Pteroidea",""
14950,10676,NA,NA,NA,"Knapp, S","0.0.2004",-9.342833,-76.000833,800,"conicum","conicum","nongeophyte",NA,24,"Potato","PER","Peru","2.41","LocoGSE","Pteroidea",""
21564,10677,NA,NA,NA,"Knapp, S","0.9.2008",-10.6,-75.383333,1850,"conicum","conicum","nongeophyte",NA,24,"Potato","PER","Peru","2.41","LocoGSE","Pteroidea",""
21567,10678,NA,NA,NA,"Knapp, S; Helgason, T","0.0.1996",-9.216099,-75.827399,1600,"conicum","conicum","nongeophyte",NA,24,"Potato","PER","Peru","2.41","LocoGSE","Pteroidea",""
22116,10679,NA,NA,NA,"Knapp, S","0.11.2018",-10.620833,-75.2905,2300,"conicum","conicum","nongeophyte",NA,24,"Potato","PER","Peru","2.41","LocoGSE","Pteroidea",""
22543,10680,NA,NA,NA,NA,"0.0.2012",-12.916667,-71.2,500,"conicum","conicum","nongeophyte",NA,24,"Potato","PER","Peru","2.41","LocoGSE","Pteroidea",""
26359,10681,NA,NA,NA,"Knapp, S","0.0.2007",-10.066667,-71.1,300,"conicum","conicum","nongeophyte",NA,24,"Potato","PER","Peru","2.41","LocoGSE","Pteroidea",""
26361,10682,NA,NA,NA,"Knapp, S","0.0.2007",-10.533333,-75.066667,890,"conicum","conicum","nongeophyte",NA,24,"Potato","PER","Peru","2.41","LocoGSE","Pteroidea",""
33052,10683,NA,NA,NA,"Knapp, S","0.9.2008",-5.016667,-79.016667,650,"conicum","conicum","nongeophyte",NA,24,"Potato","PER","Peru","2.41","LocoGSE","Pteroidea",""
33054,10684,NA,NA,NA,"Knapp, S","0.9.2008",-12.633333,-73.633333,1750,"conicum","conicum","nongeophyte",NA,24,"Potato","PER","Peru","2.41","LocoGSE","Pteroidea",""
33055,10685,NA,NA,NA,"Knapp, S","0.9.2008",-5.245894,-78.75462,900,"conicum","conicum","nongeophyte",NA,24,"Potato","PER","Peru","2.41","LocoGSE","Pteroidea",""
33056,10686,NA,NA,NA,"Knapp, S","0.9.2008",-12.968403,-71.307878,500,"conicum","conicum","nongeophyte",NA,24,"Potato","PER","Peru","2.41","LocoGSE","Pteroidea",""
33101,10687,NA,NA,NA,"Knapp, S","0.8.2011",-5.966667,-77.95,1500,"conicum","conicum","nongeophyte",NA,24,"Potato","PER","Peru","2.41","LocoGSE","Pteroidea",""
33202,10688,NA,NA,NA,"Knapp, S","0.8.2011",-5.883333,-77.333333,850,"conicum","conicum","nongeophyte",NA,24,"Potato","PER","Peru","2.41","LocoGSE","Pteroidea",""
33322,10689,NA,NA,NA,"Knapp, S","0.9.2008",-10.2,-75.216667,320,"conicum","conicum","nongeophyte",NA,24,"Potato","PER","Peru","2.41","LocoGSE","Pteroidea",""
53824,10690,NA,NA,NA,"Tepe, EJ","14.10.2010",-5.673083,-77.7708,1950,"conicum","conicum","nongeophyte",NA,24,"Potato","PER","Peru","2.41","LocoGSE","Pteroidea",""
65139,10691,NA,NA,NA,"Knapp, S","0.2.2012",-10.15133,-75.38867,600,"conicum","conicum","nongeophyte",NA,24,"Potato","PER","Peru","2.41","LocoGSE","Pteroidea",""
65321,10692,NA,NA,NA,"Knapp, S","0.2.2012",-12.66667,-71.25,400,"conicum","conicum","nongeophyte",NA,24,"Potato","PER","Peru","2.41","LocoGSE","Pteroidea",""
65322,10693,NA,NA,NA,"Knapp, S","0.2.2012",-12.85925,-73.50667,1650,"conicum","conicum","nongeophyte",NA,24,"Potato","PER","Peru","2.41","LocoGSE","Pteroidea",""
65324,10694,NA,NA,NA,"Knapp, S","0.2.2012",-13.25,-70.66667,400,"conicum","conicum","nongeophyte",NA,24,"Potato","PER","Peru","2.41","LocoGSE","Pteroidea",""
65325,10695,NA,NA,NA,"Knapp, S","0.2.2012",-11.7815,-72.70167,400,"conicum","conicum","nongeophyte",NA,24,"Potato","PER","Peru","2.41","LocoGSE","Pteroidea",""
65327,10696,NA,NA,NA,"Knapp, S","0.2.2012",-10.63333,-75.16667,950,"conicum","conicum","nongeophyte",NA,24,"Potato","PER","Peru","2.41","LocoGSE","Pteroidea",""
73331,10697,NA,NA,NA,"Knapp, S","0.12.2013",-10.01528,-75.59861,926,"conicum","conicum","nongeophyte",NA,24,"Potato","PER","Peru","2.41","LocoGSE","Pteroidea",""
9417,10698,NA,NA,NA,"Knapp, S","14.1.2005",-6.195348,-78.164707,3200,"conicum","conicum","nongeophyte",NA,24,"Potato","PER","Peru","2.41","LocoGSE","Pteroidea",""
98880,10699,NA,NA,NA,"Knapp, S","0.0.2015",-12.93167,-72.60056,2800,"conicum","conicum","nongeophyte",NA,24,"Potato","PER","Peru","2.41","LocoGSE","Pteroidea",""
53725,10763,NA,NA,NA,"Tepe, EJ","0.12.2009",1.18,-78.08,1325,"crassinervium","crassinervium","nongeophyte",NA,24,"Potato","COL","Colombia","1.54","LocoGSE","Herpystichum",""
75487,10764,NA,NA,NA,NA,"0.0.0",1.1,-77.58,1300,"crassinervium","crassinervium","nongeophyte",NA,24,"Potato","COL","Colombia","1.54","LocoGSE","Herpystichum",""
75488,10765,NA,NA,NA,NA,"0.0.0",1.22,-78.28,220,"crassinervium","crassinervium","nongeophyte",NA,24,"Potato","COL","Colombia","1.54","LocoGSE","Herpystichum",""
24509,10766,NA,NA,NA,"Tepe, EJ","0.0.2008",0.35,-79.733333,400,"crassinervium","crassinervium","nongeophyte",NA,24,"Potato","ECU","Ecuador","1.54","LocoGSE","Herpystichum",""
53430,10767,NA,NA,NA,"Tepe, EJ","0.6.2009",-0.49,-78.45,250,"crassinervium","crassinervium","nongeophyte",NA,24,"Potato","ECU","Ecuador","1.54","LocoGSE","Herpystichum",""
53437,10768,NA,NA,NA,"Tepe, EJ","0.6.2009",0.932604,-78.191882,1200,"crassinervium","crassinervium","nongeophyte",NA,24,"Potato","ECU","Ecuador","1.54","LocoGSE","Herpystichum",""
53530,10769,NA,NA,NA,"Tepe, EJ","20.6.2009",0.2136,-79.424,580,"crassinervium","crassinervium","nongeophyte",NA,24,"Potato","ECU","Ecuador","1.54","LocoGSE","Herpystichum",""
53534,10770,NA,NA,NA,"Tepe, EJ","20.6.2009",0.49,-78.26,1220,"crassinervium","crassinervium","nongeophyte",NA,24,"Potato","ECU","Ecuador","1.54","LocoGSE","Herpystichum",""
53710,10771,NA,NA,NA,"Tepe, EJ","0.2.2009",0.59,-78.36,350,"crassinervium","crassinervium","nongeophyte",NA,24,"Potato","ECU","Ecuador","1.54","LocoGSE","Herpystichum",""
75495,10772,NA,NA,NA,NA,"0.0.0",1.195556,-78.57472,200,"crassinervium","crassinervium","nongeophyte",NA,24,"Potato","ECU","Ecuador","1.54","LocoGSE","Herpystichum",""
75497,10773,NA,NA,NA,NA,"0.0.0",0.838333,-78.75,250,"crassinervium","crassinervium","nongeophyte",NA,24,"Potato","ECU","Ecuador","1.54","LocoGSE","Herpystichum",""
31350,10902,NA,NA,NA,"Knapp, S","0.0.2008",-35.462361,-70.969417,1593,"etuberosum","etuberosum","rhizomatous",NA,24,"Potato","CHL","Chile","1.64","FCM","Etuberosum",""
84599,10903,NA,NA,NA,"Spooner, DM","0.0.2013",-38.85,-71.43,900,"etuberosum","etuberosum","rhizomatous",NA,24,"Potato","CHL","Chile","1.64","FCM","Etuberosum",""
84600,10904,NA,NA,NA,"Spooner, DM","0.0.2013",-37.82,-71.17,1810,"etuberosum","etuberosum","rhizomatous",NA,24,"Potato","CHL","Chile","1.64","FCM","Etuberosum",""
84601,10905,NA,NA,NA,"Spooner, DM","0.0.2013",-37.68,-71.33,820,"etuberosum","etuberosum","rhizomatous",NA,24,"Potato","CHL","Chile","1.64","FCM","Etuberosum",""
84605,10906,NA,NA,NA,"Spooner, DM","0.0.2013",-37.37,-71.72,500,"etuberosum","etuberosum","rhizomatous",NA,24,"Potato","CHL","Chile","1.64","FCM","Etuberosum",""
84606,10907,NA,NA,NA,"Spooner, DM","0.0.2013",-35.08,-70.6,1240,"etuberosum","etuberosum","rhizomatous",NA,24,"Potato","CHL","Chile","1.64","FCM","Etuberosum",""
84608,10908,NA,NA,NA,"Spooner, DM","0.0.2013",-34.55,-70.6,1150,"etuberosum","etuberosum","rhizomatous",NA,24,"Potato","CHL","Chile","1.64","FCM","Etuberosum",""
84612,10909,NA,NA,NA,"Spooner, DM","0.0.2013",-34.57,-70.5,2245,"etuberosum","etuberosum","rhizomatous",NA,24,"Potato","CHL","Chile","1.64","FCM","Etuberosum",""
84630,10910,NA,NA,NA,"Spooner, DM","0.0.2013",-38.23,-71.25,1080,"etuberosum","etuberosum","rhizomatous",NA,24,"Potato","CHL","Chile","1.64","FCM","Etuberosum",""
84640,10911,NA,NA,NA,"Spooner, DM","0.0.2013",-38.2,-71.77,1005,"etuberosum","etuberosum","rhizomatous",NA,24,"Potato","CHL","Chile","1.64","FCM","Etuberosum",""
84642,10912,NA,NA,NA,"Spooner, DM","0.0.2013",-37.88,-71.6,440,"etuberosum","etuberosum","rhizomatous",NA,24,"Potato","CHL","Chile","1.64","FCM","Etuberosum",""
84643,10913,NA,NA,NA,"Spooner, DM","0.0.2013",-37.37,-71.38,1380,"etuberosum","etuberosum","rhizomatous",NA,24,"Potato","CHL","Chile","1.64","FCM","Etuberosum",""
84644,10914,NA,NA,NA,"Spooner, DM","0.0.2013",-36.88,-71.38,1700,"etuberosum","etuberosum","rhizomatous",NA,24,"Potato","CHL","Chile","1.64","FCM","Etuberosum",""
84646,10915,NA,NA,NA,"Spooner, DM","0.0.2013",-36.88,-71.48,1250,"etuberosum","etuberosum","rhizomatous",NA,24,"Potato","CHL","Chile","1.64","FCM","Etuberosum",""
84647,10916,NA,NA,NA,"Spooner, DM","0.0.2013",-36.65,-71.27,710,"etuberosum","etuberosum","rhizomatous",NA,24,"Potato","CHL","Chile","1.64","FCM","Etuberosum",""
84649,10917,NA,NA,NA,"Spooner, DM","0.0.2013",-34.83,-70.73,1540,"etuberosum","etuberosum","rhizomatous",NA,24,"Potato","CHL","Chile","1.64","FCM","Etuberosum",""
84650,10918,NA,NA,NA,"Spooner, DM","0.0.2013",-34.35,-70.42,2200,"etuberosum","etuberosum","rhizomatous",NA,24,"Potato","CHL","Chile","1.64","FCM","Etuberosum",""
84651,10919,NA,NA,NA,"Spooner, DM","0.0.2013",-33.5,-70.47,1850,"etuberosum","etuberosum","rhizomatous",NA,24,"Potato","CHL","Chile","1.64","FCM","Etuberosum",""
84652,10920,NA,NA,NA,"Spooner, DM","0.0.2013",-33.7,-70.38,1500,"etuberosum","etuberosum","rhizomatous",NA,24,"Potato","CHL","Chile","1.64","FCM","Etuberosum",""
91526,10921,NA,NA,NA,"Spooner, DM","0.0.2013",-32.8087,-70.09863,0,"etuberosum","etuberosum","rhizomatous",NA,24,"Potato","CHL","Chile","1.64","FCM","Etuberosum",""
95500,10922,NA,NA,NA,"Spooner, DM","0.0.2013",-32.5833,-71.4166,0,"etuberosum","etuberosum","rhizomatous",NA,24,"Potato","CHL","Chile","1.64","FCM","Etuberosum",""
95501,10923,NA,NA,NA,"Spooner, DM","0.0.2013",-32.8333,-70.6166,475,"etuberosum","etuberosum","rhizomatous",NA,24,"Potato","CHL","Chile","1.64","FCM","Etuberosum",""
95503,10924,NA,NA,NA,"Spooner, DM","0.0.2013",-33.0166,-71.2666,0,"etuberosum","etuberosum","rhizomatous",NA,24,"Potato","CHL","Chile","1.64","FCM","Etuberosum",""
95504,10925,NA,NA,NA,"Spooner, DM","0.0.2013",-33.2333,-71.5666,2000,"etuberosum","etuberosum","rhizomatous",NA,24,"Potato","CHL","Chile","1.64","FCM","Etuberosum",""
95520,10926,NA,NA,NA,"Spooner, DM","0.0.2013",-34.1666,-70.75,0,"etuberosum","etuberosum","rhizomatous",NA,24,"Potato","CHL","Chile","1.64","FCM","Etuberosum",""
95521,10927,NA,NA,NA,"Spooner, DM","0.0.2013",-35.0166,-71.4333,0,"etuberosum","etuberosum","rhizomatous",NA,24,"Potato","CHL","Chile","1.64","FCM","Etuberosum",""
95522,10928,NA,NA,NA,"Spooner, DM","0.0.2013",-35.3166,-72.4166,830,"etuberosum","etuberosum","rhizomatous",NA,24,"Potato","CHL","Chile","1.64","FCM","Etuberosum",""
95523,10929,NA,NA,NA,"Spooner, DM","0.0.2013",-35.4333,-71.6666,0,"etuberosum","etuberosum","rhizomatous",NA,24,"Potato","CHL","Chile","1.64","FCM","Etuberosum",""
95527,10930,NA,NA,NA,"Spooner, DM","0.0.2013",-35.85,-71.6,0,"etuberosum","etuberosum","rhizomatous",NA,24,"Potato","CHL","Chile","1.64","FCM","Etuberosum",""
95528,10931,NA,NA,NA,"Spooner, DM","0.0.2013",-35.9666,-72.35,0,"etuberosum","etuberosum","rhizomatous",NA,24,"Potato","CHL","Chile","1.64","FCM","Etuberosum",""
95529,10932,NA,NA,NA,"Spooner, DM","0.0.2013",-36.0666,-70.5,0,"etuberosum","etuberosum","rhizomatous",NA,24,"Potato","CHL","Chile","1.64","FCM","Etuberosum",""
95530,10933,NA,NA,NA,"Spooner, DM","0.0.2013",-36.3833,-71.1833,0,"etuberosum","etuberosum","rhizomatous",NA,24,"Potato","CHL","Chile","1.64","FCM","Etuberosum",""
95531,10934,NA,NA,NA,"Spooner, DM","0.0.2013",-36.6,-72.1166,0,"etuberosum","etuberosum","rhizomatous",NA,24,"Potato","CHL","Chile","1.64","FCM","Etuberosum",""
95552,10935,NA,NA,NA,"Spooner, DM","0.0.2013",-37.6666,-72.0166,0,"etuberosum","etuberosum","rhizomatous",NA,24,"Potato","CHL","Chile","1.64","FCM","Etuberosum",""
95557,10936,NA,NA,NA,"Spooner, DM","0.0.2013",-37.9,-71.7833,0,"etuberosum","etuberosum","rhizomatous",NA,24,"Potato","CHL","Chile","1.64","FCM","Etuberosum",""
96003,10937,NA,NA,NA,"Knapp, S","0.0.2014",-34.57429,-70.25347,1734,"etuberosum","etuberosum","rhizomatous",NA,24,"Potato","CHL","Chile","1.64","FCM","Etuberosum",""
96891,10938,NA,NA,NA,NA,"0.0.0",-35.91666,-70.71666,0,"etuberosum","etuberosum","rhizomatous",NA,24,"Potato","CHL","Chile","1.64","FCM","Etuberosum",""
96909,10939,NA,NA,NA,"Knapp, S","0.5.2015",-35.94827,-70.60197,0,"etuberosum","etuberosum","rhizomatous",NA,24,"Potato","CHL","Chile","1.64","FCM","Etuberosum",""
106810,10940,NA,NA,NA,"Tepe, EJ","0.0.2009",4.776111,-75.51194,1970,"evolvulifolium","evolvulifolium","nongeophyte",NA,24,"Potato","COL","Colombia","2.25","LocoGSE","Herpystichum",""
125993,10941,NA,NA,NA,NA,"0.0.0",3.970322,-75.6474,2900,"evolvulifolium","evolvulifolium","nongeophyte",NA,24,"Potato","COL","Colombia","2.25","LocoGSE","Herpystichum",""
126000,10942,NA,NA,NA,NA,"0.0.0",1.216774,-76.97008,2400,"evolvulifolium","evolvulifolium","nongeophyte",NA,24,"Potato","COL","Colombia","2.25","LocoGSE","Herpystichum",""
162576,10943,NA,NA,NA,"Knapp, S; Barboza, GE","0.3.2020",1.880472,-75.682,2385,"evolvulifolium","evolvulifolium","nongeophyte",NA,24,"Potato","COL","Colombia","2.25","LocoGSE","Herpystichum",""
34763,10944,NA,NA,NA,"Knapp, S","0.12.2008",6.533333,-76.316667,1450,"evolvulifolium","evolvulifolium","nongeophyte",NA,24,"Potato","COL","Colombia","2.25","LocoGSE","Herpystichum",""
53319,10945,NA,NA,NA,"Tepe, EJ","0.6.2009",1.3,-78.1,900,"evolvulifolium","evolvulifolium","nongeophyte",NA,24,"Potato","COL","Colombia","2.25","LocoGSE","Herpystichum",""
53328,10946,NA,NA,NA,"Tepe, EJ","2.8.2009",1.08,-77.58,1750,"evolvulifolium","evolvulifolium","nongeophyte",NA,24,"Potato","COL","Colombia","2.25","LocoGSE","Herpystichum",""
53332,10947,NA,NA,NA,"Tepe, EJ","0.6.2009",1.476133,-77.534661,1750,"evolvulifolium","evolvulifolium","nongeophyte",NA,24,"Potato","COL","Colombia","2.25","LocoGSE","Herpystichum",""
53728,10948,NA,NA,NA,"Tepe, EJ","0.12.2009",4.53,-76.07,2000,"evolvulifolium","evolvulifolium","nongeophyte",NA,24,"Potato","COL","Colombia","2.25","LocoGSE","Herpystichum",""
53731,10949,NA,NA,NA,"Tepe, EJ","0.12.2009",5.0842,-76.0046,2285,"evolvulifolium","evolvulifolium","nongeophyte",NA,24,"Potato","COL","Colombia","2.25","LocoGSE","Herpystichum",""
53733,10950,NA,NA,NA,"Tepe, EJ","0.12.2009",2.364,-74.541,2570,"evolvulifolium","evolvulifolium","nongeophyte",NA,24,"Potato","COL","Colombia","2.25","LocoGSE","Herpystichum",""
16136,10951,NA,NA,NA,"Bohs, L","0.5.2003",9.819444,-84.458333,1110,"evolvulifolium","evolvulifolium","nongeophyte",NA,24,"Potato","CRI","Costa Rica","2.25","LocoGSE","Herpystichum",""
16137,10952,NA,NA,NA,"Bohs, L","0.5.2003",9.755556,-83.783333,1300,"evolvulifolium","evolvulifolium","nongeophyte",NA,24,"Potato","CRI","Costa Rica","2.25","LocoGSE","Herpystichum",""
17937,10953,NA,NA,NA,"Bohs, L","0.5.2003",9.375,-83.236108,1700,"evolvulifolium","evolvulifolium","nongeophyte",NA,24,"Potato","CRI","Costa Rica","2.25","LocoGSE","Herpystichum",""
17941,10954,NA,NA,NA,"Bohs, L","0.5.2003",10.066667,-83.983333,1400,"evolvulifolium","evolvulifolium","nongeophyte",NA,24,"Potato","CRI","Costa Rica","2.25","LocoGSE","Herpystichum",""
17950,10956,NA,NA,NA,"Bohs, L","0.5.2003",10.329167,-84.080556,500,"evolvulifolium","evolvulifolium","nongeophyte",NA,24,"Potato","CRI","Costa Rica","2.25","LocoGSE","Herpystichum",""
53352,10957,NA,NA,NA,"Tepe, EJ","0.6.2009",10.1,-84.29,1100,"evolvulifolium","evolvulifolium","nongeophyte",NA,24,"Potato","CRI","Costa Rica","2.25","LocoGSE","Herpystichum",""
53366,10958,NA,NA,NA,"Tepe, EJ","0.6.2009",10.04,-83.59,1400,"evolvulifolium","evolvulifolium","nongeophyte",NA,24,"Potato","CRI","Costa Rica","2.25","LocoGSE","Herpystichum",""
53372,10959,NA,NA,NA,"Tepe, EJ","0.6.2009",10.14,-83.31,800,"evolvulifolium","evolvulifolium","nongeophyte",NA,24,"Potato","CRI","Costa Rica","2.25","LocoGSE","Herpystichum",""
53385,10960,NA,NA,NA,"Tepe, EJ","0.6.2009",9.472,-83.073,1600,"evolvulifolium","evolvulifolium","nongeophyte",NA,24,"Potato","CRI","Costa Rica","2.25","LocoGSE","Herpystichum",""
53390,10961,NA,NA,NA,"Tepe, EJ","0.6.2009",9.31,-83.51,1900,"evolvulifolium","evolvulifolium","nongeophyte",NA,24,"Potato","CRI","Costa Rica","2.25","LocoGSE","Herpystichum",""
106941,10962,NA,NA,NA,"Tepe, EJ","0.0.2009",-0.5845,-79.0653,1725,"evolvulifolium","evolvulifolium","nongeophyte",NA,24,"Potato","ECU","Ecuador","2.25","LocoGSE","Herpystichum",""
23775,10963,NA,NA,NA,"Tepe, EJ","0.0.2008",-4.096111,-79.945833,2250,"evolvulifolium","evolvulifolium","nongeophyte",NA,24,"Potato","ECU","Ecuador","2.25","LocoGSE","Herpystichum",""
23966,10964,NA,NA,NA,NA,"0.0.0",-0.816667,-77.583333,1060,"evolvulifolium","evolvulifolium","nongeophyte",NA,24,"Potato","ECU","Ecuador","2.25","LocoGSE","Herpystichum",""
24717,10965,NA,NA,NA,"Knapp, S","0.0.0",0.816667,-78.2,1700,"evolvulifolium","evolvulifolium","nongeophyte",NA,24,"Potato","ECU","Ecuador","2.25","LocoGSE","Herpystichum",""
44735,10966,NA,NA,NA,"Tepe, EJ","2.8.2009",-0.598611,-77.889444,2200,"evolvulifolium","evolvulifolium","nongeophyte",NA,24,"Potato","ECU","Ecuador","2.25","LocoGSE","Herpystichum",""
49,10967,NA,NA,NA,"CerÃ³n, CE","0.0.1994",-0.083333,-78.716667,0,"evolvulifolium","evolvulifolium","nongeophyte",NA,24,"Potato","ECU","Ecuador","2.25","LocoGSE","Herpystichum",""
53269,10968,NA,NA,NA,"Tepe, EJ","17.1.2009",-0.102778,-77.589722,1600,"evolvulifolium","evolvulifolium","nongeophyte",NA,24,"Potato","ECU","Ecuador","2.25","LocoGSE","Herpystichum",""
53312,10969,NA,NA,NA,"Tepe, EJ","2.8.2009",0.17,-78.13,2000,"evolvulifolium","evolvulifolium","nongeophyte",NA,24,"Potato","ECU","Ecuador","2.25","LocoGSE","Herpystichum",""
53315,10970,NA,NA,NA,"Tepe, EJ","0.6.2009",-0.26906,-78.831979,1800,"evolvulifolium","evolvulifolium","nongeophyte",NA,24,"Potato","ECU","Ecuador","2.25","LocoGSE","Herpystichum",""
53323,10971,NA,NA,NA,"Tepe, EJ","0.6.2009",-0.12,-78.48,1800,"evolvulifolium","evolvulifolium","nongeophyte",NA,24,"Potato","ECU","Ecuador","2.25","LocoGSE","Herpystichum",""
53325,10972,NA,NA,NA,"Tepe, EJ","0.6.2009",-0.12,-77.39,1800,"evolvulifolium","evolvulifolium","nongeophyte",NA,24,"Potato","ECU","Ecuador","2.25","LocoGSE","Herpystichum",""
53350,10973,NA,NA,NA,"Nee, M","0.0.2004",-0.3222,-78.5859,2349,"evolvulifolium","evolvulifolium","nongeophyte",NA,24,"Potato","ECU","Ecuador","2.25","LocoGSE","Herpystichum",""
53436,10974,NA,NA,NA,"Tepe, EJ","0.6.2009",0.51,-78.29,850,"evolvulifolium","evolvulifolium","nongeophyte",NA,24,"Potato","ECU","Ecuador","2.25","LocoGSE","Herpystichum",""
57,10975,NA,NA,NA,"CerÃ³n, CE","0.0.1994",-0.95,-78.55,3000,"evolvulifolium","evolvulifolium","nongeophyte",NA,24,"Potato","ECU","Ecuador","2.25","LocoGSE","Herpystichum",""
139564,10976,NA,NA,NA,"Knapp, S","0.11.2018",8.55,-81.8,1400,"evolvulifolium","evolvulifolium","nongeophyte",NA,24,"Potato","PAN","Panama","2.25","LocoGSE","Herpystichum",""
14818,10977,NA,NA,NA,"Knapp, S","0.0.2005",9.0842,-82.74555,2000,"evolvulifolium","evolvulifolium","nongeophyte",NA,24,"Potato","PAN","Panama","2.25","LocoGSE","Herpystichum",""
41001,10978,NA,NA,NA,"Knapp, S","0.0.2007",9.03966,-82.43931,1525,"evolvulifolium","evolvulifolium","nongeophyte",NA,24,"Potato","PAN","Panama","2.25","LocoGSE","Herpystichum",""
53351,10979,NA,NA,NA,"Tepe, EJ","0.6.2009",8.45,-82.150002,800,"evolvulifolium","evolvulifolium","nongeophyte",NA,24,"Potato","PAN","Panama","2.25","LocoGSE","Herpystichum",""
8038,10980,NA,NA,NA,"Hampshire, RJ","0.0.1985",8.716667,-82.233333,1300,"evolvulifolium","evolvulifolium","nongeophyte",NA,24,"Potato","PAN","Panama","2.25","LocoGSE","Herpystichum",""
53427,10981,NA,NA,NA,"Tepe, EJ","0.6.2009",-3.827747,-77.731318,200,"evolvulifolium","evolvulifolium","nongeophyte",NA,24,"Potato","PER","Peru","2.25","LocoGSE","Herpystichum",""
75504,10982,NA,NA,NA,NA,"0.0.0",8.233333,-71.75,2100,"evolvulifolium","evolvulifolium","nongeophyte",NA,24,"Potato","VEN","Venezuela","2.25","LocoGSE","Herpystichum",""
1643,11039,NA,NA,NA,"Knapp, S; Peralta, IE","0.0.2002",-4.042545,-79.64195,900,"habrochaites","habrochaites","nongeophyte",NA,24,"Potato","ECU","Ecuador","2.26","FCM","Tomato",""
2006,11040,NA,NA,NA,"Knapp, S; Peralta, IE","0.0.2002",-4.158717,-79.553752,2250,"habrochaites","habrochaites","nongeophyte",NA,24,"Potato","ECU","Ecuador","2.26","FCM","Tomato",""
2010,11041,NA,NA,NA,"Knapp, S","0.0.2006",-2.200977,-78.840782,2300,"habrochaites","habrochaites","nongeophyte",NA,24,"Potato","ECU","Ecuador","2.26","FCM","Tomato",""
2251,11042,NA,NA,NA,"Knapp, S; Peralta, IE","0.0.2002",-1.400069,-78.42663,1829,"habrochaites","habrochaites","nongeophyte",NA,24,"Potato","ECU","Ecuador","2.26","FCM","Tomato",""
2273,11043,NA,NA,NA,"Knapp, S; Peralta, IE","0.0.2002",-2.023038,-78.73833,2500,"habrochaites","habrochaites","nongeophyte",NA,24,"Potato","ECU","Ecuador","2.26","FCM","Tomato",""
2376,11044,NA,NA,NA,"Knapp, S; Peralta, IE","0.0.2002",-2.283372,-78.97659,1219,"habrochaites","habrochaites","nongeophyte",NA,24,"Potato","ECU","Ecuador","2.26","FCM","Tomato",""
2525,11046,NA,NA,NA,"Knapp, S; Peralta, IE","0.0.2002",-2.120586,-78.504469,2500,"habrochaites","habrochaites","nongeophyte",NA,24,"Potato","ECU","Ecuador","2.26","FCM","Tomato",""
2529,11047,NA,NA,NA,"Knapp, S; Peralta, IE","0.0.2002",-4.101283,-79.389905,2250,"habrochaites","habrochaites","nongeophyte",NA,24,"Potato","ECU","Ecuador","2.26","FCM","Tomato",""
3189,11048,NA,NA,NA,"Knapp, S; Peralta, IE","0.0.2002",-2.152701,-79.984991,400,"habrochaites","habrochaites","nongeophyte",NA,24,"Potato","ECU","Ecuador","2.26","FCM","Tomato",""
3255,11049,NA,NA,NA,"Knapp, S; Peralta, IE","0.0.2002",-3.55,-79.233333,2100,"habrochaites","habrochaites","nongeophyte",NA,24,"Potato","ECU","Ecuador","2.26","FCM","Tomato",""
4688,11050,NA,NA,NA,"Knapp, S; Peralta, IE","0.0.2002",-2.121435,-79.53551,0,"habrochaites","habrochaites","nongeophyte",NA,24,"Potato","ECU","Ecuador","2.26","FCM","Tomato",""
4926,11051,NA,NA,NA,"Knapp, S; Peralta, IE","0.0.2002",-3.95,-79.3,2000,"habrochaites","habrochaites","nongeophyte",NA,24,"Potato","ECU","Ecuador","2.26","FCM","Tomato",""
5977,11052,NA,NA,NA,"Knapp, S; Peralta, IE","0.0.2002",-2.166667,-79.833333,100,"habrochaites","habrochaites","nongeophyte",NA,24,"Potato","ECU","Ecuador","2.26","FCM","Tomato",""
6137,11053,NA,NA,NA,"Knapp, S; Peralta, IE","0.0.2002",-4.020894,-80.022335,1450,"habrochaites","habrochaites","nongeophyte",NA,24,"Potato","ECU","Ecuador","2.26","FCM","Tomato",""
6380,11054,NA,NA,NA,"Knapp, S; Peralta, IE","0.0.2002",-1.547773,-80.702419,100,"habrochaites","habrochaites","nongeophyte",NA,24,"Potato","ECU","Ecuador","2.26","FCM","Tomato",""
76520,11055,NA,NA,NA,"Knapp, S","0.11.2015",-1.748056,-79.14667,1400,"habrochaites","habrochaites","nongeophyte",NA,24,"Potato","ECU","Ecuador","2.26","FCM","Tomato",""
1712,11056,NA,NA,NA,"Knapp, S; Peralta, IE","0.0.2002",-7.958137,-79.10906,700,"habrochaites","habrochaites","nongeophyte",NA,24,"Potato","PER","Peru","2.26","FCM","Tomato",""
1958,11057,NA,NA,NA,"Knapp, S; Peralta, IE","0.0.2002",-4.226437,-80.826513,450,"habrochaites","habrochaites","nongeophyte",NA,24,"Potato","PER","Peru","2.26","FCM","Tomato",""
2196,11058,NA,NA,NA,"Knapp, S; Peralta, IE","0.0.2002",-7.807297,-78.042628,2591,"habrochaites","habrochaites","nongeophyte",NA,24,"Potato","PER","Peru","2.26","FCM","Tomato",""
2201,11059,NA,NA,NA,"Knapp, S; Peralta, IE","0.0.2002",-7.157225,-78.506305,0,"habrochaites","habrochaites","nongeophyte",NA,24,"Potato","PER","Peru","2.26","FCM","Tomato",""
2220,11060,NA,NA,NA,"Knapp, S; Peralta, IE","0.0.2002",-11.468197,-76.620637,2439,"habrochaites","habrochaites","nongeophyte",NA,24,"Potato","PER","Peru","2.26","FCM","Tomato",""
2400,11061,NA,NA,NA,"Knapp, S; Peralta, IE","0.0.2002",-8.570663,-77.906208,0,"habrochaites","habrochaites","nongeophyte",NA,24,"Potato","PER","Peru","2.26","FCM","Tomato",""
2404,11062,NA,NA,NA,"Knapp, S; Peralta, IE","0.0.2002",-12.751288,-75.808608,2800,"habrochaites","habrochaites","nongeophyte",NA,24,"Potato","PER","Peru","2.26","FCM","Tomato",""
2405,11063,NA,NA,NA,"Knapp, S; Peralta, IE","0.0.2002",-12.13654,-76.223213,3100,"habrochaites","habrochaites","nongeophyte",NA,24,"Potato","PER","Peru","2.26","FCM","Tomato",""
2425,11064,NA,NA,NA,"Knapp, S; Peralta, IE","0.0.2002",-9.092333,-77.724667,3300,"habrochaites","habrochaites","nongeophyte",NA,24,"Potato","PER","Peru","2.26","FCM","Tomato",""
2432,11065,NA,NA,NA,"Knapp, S; Peralta, IE","0.0.2002",-11.853667,-76.4025,2200,"habrochaites","habrochaites","nongeophyte",NA,24,"Potato","PER","Peru","2.26","FCM","Tomato",""
2538,11066,NA,NA,NA,"Knapp, S; Peralta, IE","0.0.2002",-5.918937,-79.535377,900,"habrochaites","habrochaites","nongeophyte",NA,24,"Potato","PER","Peru","2.26","FCM","Tomato",""
2548,11067,NA,NA,NA,"Knapp, S; Peralta, IE","0.0.2002",-7.190712,-78.6707,2650,"habrochaites","habrochaites","nongeophyte",NA,24,"Potato","PER","Peru","2.26","FCM","Tomato",""
2561,11068,NA,NA,NA,"Knapp, S; Peralta, IE","0.0.2002",-9.5541,-77.88656,1550,"habrochaites","habrochaites","nongeophyte",NA,24,"Potato","PER","Peru","2.26","FCM","Tomato",""
2570,11069,NA,NA,NA,"Knapp, S; Peralta, IE","0.0.2002",-9.5,-77.75,2900,"habrochaites","habrochaites","nongeophyte",NA,24,"Potato","PER","Peru","2.26","FCM","Tomato",""
2846,11070,NA,NA,NA,"Knapp, S; Peralta, IE","0.0.2002",-7.474505,-78.817365,900,"habrochaites","habrochaites","nongeophyte",NA,24,"Potato","PER","Peru","2.26","FCM","Tomato",""
2862,11071,NA,NA,NA,"Knapp, S; Peralta, IE","0.0.2002",-6.840535,-78.024477,1300,"habrochaites","habrochaites","nongeophyte",NA,24,"Potato","PER","Peru","2.26","FCM","Tomato",""
2863,11072,NA,NA,NA,"Knapp, S; Peralta, IE","0.0.2002",-6.2289,-79.322,2500,"habrochaites","habrochaites","nongeophyte",NA,24,"Potato","PER","Peru","2.26","FCM","Tomato",""
2868,11073,NA,NA,NA,"Knapp, S; Peralta, IE","0.0.2002",-5.3705,-79.6,900,"habrochaites","habrochaites","nongeophyte",NA,24,"Potato","PER","Peru","2.26","FCM","Tomato",""
3067,11074,NA,NA,NA,"Knapp, S; Peralta, IE","0.0.2002",-5.248227,-79.380836,0,"habrochaites","habrochaites","nongeophyte",NA,24,"Potato","PER","Peru","2.26","FCM","Tomato",""
3122,11075,NA,NA,NA,"Knapp, S; Peralta, IE","0.0.2002",-3.805,-80.255,400,"habrochaites","habrochaites","nongeophyte",NA,24,"Potato","PER","Peru","2.26","FCM","Tomato",""
3127,11076,NA,NA,NA,"Knapp, S; Peralta, IE","0.0.2002",-9.335955,-77.604652,2600,"habrochaites","habrochaites","nongeophyte",NA,24,"Potato","PER","Peru","2.26","FCM","Tomato",""
3136,11077,NA,NA,NA,"Knapp, S; Peralta, IE","0.0.2002",-3.690557,-80.435437,450,"habrochaites","habrochaites","nongeophyte",NA,24,"Potato","PER","Peru","2.26","FCM","Tomato",""
3159,11078,NA,NA,NA,"Knapp, S; Peralta, IE","0.0.2002",-6.804925,-79.13287,1450,"habrochaites","habrochaites","nongeophyte",NA,24,"Potato","PER","Peru","2.26","FCM","Tomato",""
3314,11079,NA,NA,NA,"Knapp, S; Peralta, IE","0.0.2002",-5.425587,-79.775477,500,"habrochaites","habrochaites","nongeophyte",NA,24,"Potato","PER","Peru","2.26","FCM","Tomato",""
3343,11080,NA,NA,NA,"Knapp, S; Peralta, IE","0.0.2002",-9.47115,-78.306385,3600,"habrochaites","habrochaites","nongeophyte",NA,24,"Potato","PER","Peru","2.26","FCM","Tomato",""
3350,11081,NA,NA,NA,"Knapp, S; Peralta, IE","0.0.2002",-6.683485,-77.78364,2600,"habrochaites","habrochaites","nongeophyte",NA,24,"Potato","PER","Peru","2.26","FCM","Tomato",""
3389,11082,NA,NA,NA,"Knapp, S; Peralta, IE","0.0.2002",-10.470268,-76.988327,2100,"habrochaites","habrochaites","nongeophyte",NA,24,"Potato","PER","Peru","2.26","FCM","Tomato",""
3406,11083,NA,NA,NA,"Knapp, S; Peralta, IE","0.0.2002",-6.472673,-79.91764,700,"habrochaites","habrochaites","nongeophyte",NA,24,"Potato","PER","Peru","2.26","FCM","Tomato",""
3409,11084,NA,NA,NA,"Knapp, S; Peralta, IE","0.0.2002",-4.642902,-80.038608,1400,"habrochaites","habrochaites","nongeophyte",NA,24,"Potato","PER","Peru","2.26","FCM","Tomato",""
3562,11085,NA,NA,NA,"Knapp, S; Peralta, IE","0.0.2002",-4.15,-80.616667,600,"habrochaites","habrochaites","nongeophyte",NA,24,"Potato","PER","Peru","2.26","FCM","Tomato",""
3564,11086,NA,NA,NA,"Knapp, S; Peralta, IE","0.0.2002",-6.466667,-79.033333,2100,"habrochaites","habrochaites","nongeophyte",NA,24,"Potato","PER","Peru","2.26","FCM","Tomato",""
3645,11087,NA,NA,NA,"Knapp, S; Peralta, IE","0.0.2002",-7.125692,-79.033402,1600,"habrochaites","habrochaites","nongeophyte",NA,24,"Potato","PER","Peru","2.26","FCM","Tomato",""
3647,11088,NA,NA,NA,"Knapp, S; Peralta, IE","0.0.2002",-7.927323,-78.577185,2600,"habrochaites","habrochaites","nongeophyte",NA,24,"Potato","PER","Peru","2.26","FCM","Tomato",""
4061,11089,NA,NA,NA,"Knapp, S; Peralta, IE","0.0.2002",-7.841935,-77.719495,2470,"habrochaites","habrochaites","nongeophyte",NA,24,"Potato","PER","Peru","2.26","FCM","Tomato",""
4234,11090,NA,NA,NA,"Knapp, S; Peralta, IE","0.0.2002",-6.1855,-77.974667,3000,"habrochaites","habrochaites","nongeophyte",NA,24,"Potato","PER","Peru","2.26","FCM","Tomato",""
4269,11091,NA,NA,NA,"Knapp, S; Peralta, IE","0.0.2002",-6.209928,-77.773238,1950,"habrochaites","habrochaites","nongeophyte",NA,24,"Potato","PER","Peru","2.26","FCM","Tomato",""
4408,11092,NA,NA,NA,"Knapp, S; Peralta, IE","0.0.2002",-5.985003,-79.739557,800,"habrochaites","habrochaites","nongeophyte",NA,24,"Potato","PER","Peru","2.26","FCM","Tomato",""
4410,11093,NA,NA,NA,"Knapp, S; Peralta, IE","0.0.2002",-6.556773,-78.642378,800,"habrochaites","habrochaites","nongeophyte",NA,24,"Potato","PER","Peru","2.26","FCM","Tomato",""
4423,11094,NA,NA,NA,"Knapp, S; Peralta, IE","0.0.2002",-6.566667,-79.783333,70,"habrochaites","habrochaites","nongeophyte",NA,24,"Potato","PER","Peru","2.26","FCM","Tomato",""
4448,11095,NA,NA,NA,"Knapp, S; Peralta, IE","0.0.2002",-8.093278,-78.151137,2650,"habrochaites","habrochaites","nongeophyte",NA,24,"Potato","PER","Peru","2.26","FCM","Tomato",""
4770,11096,NA,NA,NA,"Knapp, S; Peralta, IE","0.0.2002",-8.166667,-78.766667,700,"habrochaites","habrochaites","nongeophyte",NA,24,"Potato","PER","Peru","2.26","FCM","Tomato",""
4880,11097,NA,NA,NA,"Knapp, S; Peralta, IE","0.0.2002",-8.916667,-77.833333,3000,"habrochaites","habrochaites","nongeophyte",NA,24,"Potato","PER","Peru","2.26","FCM","Tomato",""
4891,11098,NA,NA,NA,"Knapp, S; Peralta, IE","0.0.2002",-11.257667,-76.738833,1800,"habrochaites","habrochaites","nongeophyte",NA,24,"Potato","PER","Peru","2.26","FCM","Tomato",""
4912,11099,NA,NA,NA,"Knapp, S; Peralta, IE","0.0.2002",-4.75,-79.833333,2000,"habrochaites","habrochaites","nongeophyte",NA,24,"Potato","PER","Peru","2.26","FCM","Tomato",""
5152,11100,NA,NA,NA,"Knapp, S; Peralta, IE","0.0.2002",-8.153123,-78.473347,0,"habrochaites","habrochaites","nongeophyte",NA,24,"Potato","PER","Peru","2.26","FCM","Tomato",""
5153,11101,NA,NA,NA,"Knapp, S; Peralta, IE","0.0.2002",-6.951712,-79.23508,0,"habrochaites","habrochaites","nongeophyte",NA,24,"Potato","PER","Peru","2.26","FCM","Tomato",""
5259,11102,NA,NA,NA,"Knapp, S; Peralta, IE","0.0.2002",-12.081324,-76.522222,1600,"habrochaites","habrochaites","nongeophyte",NA,24,"Potato","PER","Peru","2.26","FCM","Tomato",""
5279,11103,NA,NA,NA,"Knapp, S; Peralta, IE","0.0.2002",-10.417912,-77.18328,2300,"habrochaites","habrochaites","nongeophyte",NA,24,"Potato","PER","Peru","2.26","FCM","Tomato",""
5283,11104,NA,NA,NA,"Knapp, S; Peralta, IE","0.0.2002",-10.871447,-76.972938,1200,"habrochaites","habrochaites","nongeophyte",NA,24,"Potato","PER","Peru","2.26","FCM","Tomato",""
5463,11105,NA,NA,NA,"Knapp, S; Peralta, IE","0.0.2002",-6.366667,-78.85,0,"habrochaites","habrochaites","nongeophyte",NA,24,"Potato","PER","Peru","2.26","FCM","Tomato",""
5464,11106,NA,NA,NA,"Knapp, S; Peralta, IE","0.0.2002",-10.817549,-76.879271,2200,"habrochaites","habrochaites","nongeophyte",NA,24,"Potato","PER","Peru","2.26","FCM","Tomato",""
5880,11107,NA,NA,NA,"Knapp, S; Peralta, IE","0.0.2002",-10.733333,-77.266667,2010,"habrochaites","habrochaites","nongeophyte",NA,24,"Potato","PER","Peru","2.26","FCM","Tomato",""
5984,11108,NA,NA,NA,"Knapp, S; Peralta, IE","0.0.2002",-5.551165,-79.953612,200,"habrochaites","habrochaites","nongeophyte",NA,24,"Potato","PER","Peru","2.26","FCM","Tomato",""
6122,11109,NA,NA,NA,"Knapp, S; Peralta, IE","0.0.2002",-11.67,-76.786333,200,"habrochaites","habrochaites","nongeophyte",NA,24,"Potato","PER","Peru","2.26","FCM","Tomato",""
6159,11110,NA,NA,NA,"Knapp, S; Peralta, IE","0.0.2002",-12.073498,-76.906387,0,"habrochaites","habrochaites","nongeophyte",NA,24,"Potato","PER","Peru","2.26","FCM","Tomato",""
6248,11111,NA,NA,NA,"Knapp, S","0.8.2004",-12.5875,-75.954333,2000,"habrochaites","habrochaites","nongeophyte",NA,24,"Potato","PER","Peru","2.26","FCM","Tomato",""
71078,11112,NA,NA,NA,"SÃ¤rkinen, T","0.5.2013",-6.37318,-78.47086,2202,"habrochaites","habrochaites","nongeophyte",NA,24,"Potato","PER","Peru","2.26","FCM","Tomato",""
71115,11113,NA,NA,NA,"SÃ¤rkinen, T","0.5.2013",-5.11023,-79.04501,1470,"habrochaites","habrochaites","nongeophyte",NA,24,"Potato","PER","Peru","2.26","FCM","Tomato",""
71173,11114,NA,NA,NA,"Knapp, S","0.7.2014",-6.4222,-77.48093,2180,"habrochaites","habrochaites","nongeophyte",NA,24,"Potato","PER","Peru","2.26","FCM","Tomato",""
71195,11115,NA,NA,NA,"SÃ¤rkinen, T","0.6.2014",-7.12048,-78.2545,2659,"habrochaites","habrochaites","nongeophyte",NA,24,"Potato","PER","Peru","2.26","FCM","Tomato",""
71245,11116,NA,NA,NA,"SÃ¤rkinen, T","0.5.2013",-8.37332,-77.51476,2843,"habrochaites","habrochaites","nongeophyte",NA,24,"Potato","PER","Peru","2.26","FCM","Tomato",""
71495,11117,NA,NA,NA,"Knapp, S","0.0.2013",-7.423722,-78.92461,1300,"habrochaites","habrochaites","nongeophyte",NA,24,"Potato","PER","Peru","2.26","FCM","Tomato",""
71555,11118,NA,NA,NA,"Knapp, S","0.0.2013",-8.225139,-77.962,2650,"habrochaites","habrochaites","nongeophyte",NA,24,"Potato","PER","Peru","2.26","FCM","Tomato",""
71607,11119,NA,NA,NA,"Knapp, S","0.0.2013",-9.086833,-77.97236,3148,"habrochaites","habrochaites","nongeophyte",NA,24,"Potato","PER","Peru","2.26","FCM","Tomato",""
75119,11120,NA,NA,NA,"Knapp, S","0.0.2014",-8.345948,-78.30283,3234,"habrochaites","habrochaites","nongeophyte",NA,24,"Potato","PER","Peru","2.26","FCM","Tomato",""
75120,11121,NA,NA,NA,"Knapp, S","0.0.2014",-11.67317,-76.90483,500,"habrochaites","habrochaites","nongeophyte",NA,24,"Potato","PER","Peru","2.26","FCM","Tomato",""
75124,11122,NA,NA,NA,"Knapp, S","0.0.2014",-13.15037,-76.0969,900,"habrochaites","habrochaites","nongeophyte",NA,24,"Potato","PER","Peru","2.26","FCM","Tomato",""
75125,11123,NA,NA,NA,"Knapp, S","0.0.2014",-10.08964,-77.47677,2650,"habrochaites","habrochaites","nongeophyte",NA,24,"Potato","PER","Peru","2.26","FCM","Tomato",""
76675,11124,NA,NA,NA,"GonzÃ¡les, P","0.12.2013",-11.37407,-76.40077,2450,"habrochaites","habrochaites","nongeophyte",NA,24,"Potato","PER","Peru","2.26","FCM","Tomato",""
15503,11222,NA,NA,NA,"Knapp, S","0.0.2006",-3.971667,-79.078889,2030,"incurvum","incurvum","nongeophyte",NA,24,"Potato","ECU","Ecuador","2.37","LocoGSE","Pteroidea",""
139694,11223,NA,NA,NA,"Knapp, S","0.11.2018",-11.97167,-73.63694,1870,"incurvum","incurvum","nongeophyte",NA,24,"Potato","PER","Peru","2.37","LocoGSE","Pteroidea",""
21703,11224,NA,NA,NA,"Knapp, S; Helgason, T","0.0.1996",-10.566667,-75.366667,2700,"incurvum","incurvum","nongeophyte",NA,24,"Potato","PER","Peru","2.37","LocoGSE","Pteroidea",""
22135,11225,NA,NA,NA,"Knapp, S","0.11.2018",-10.366667,-75.45,2900,"incurvum","incurvum","nongeophyte",NA,24,"Potato","PER","Peru","2.37","LocoGSE","Pteroidea",""
24067,11226,NA,NA,NA,"Knapp, S","0.0.1999",-9.45,-74.766667,1620,"incurvum","incurvum","nongeophyte",NA,24,"Potato","PER","Peru","2.37","LocoGSE","Pteroidea",""
33457,11227,NA,NA,NA,"Knapp, S","0.9.2008",-10.333333,-75.666667,2300,"incurvum","incurvum","nongeophyte",NA,24,"Potato","PER","Peru","2.37","LocoGSE","Pteroidea",""
61983,11228,NA,NA,NA,"Knapp, S","0.11.2011",-9.714157,-75.783178,2439,"incurvum","incurvum","nongeophyte",NA,24,"Potato","PER","Peru","2.37","LocoGSE","Pteroidea",""
70989,11229,NA,NA,NA,"Knapp, S","2.5.2013",-10.1858,-75.3616,2680,"incurvum","incurvum","nongeophyte",NA,24,"Potato","PER","Peru","2.37","LocoGSE","Pteroidea",""
74640,11230,NA,NA,NA,"Knapp, S","0.2.2014",-10.00867,-75.54133,900,"incurvum","incurvum","nongeophyte",NA,24,"Potato","PER","Peru","2.37","LocoGSE","Pteroidea",""
76711,11231,NA,NA,NA,"GonzÃ¡les, P","0.12.2013",-10.254,-75.2609,2000,"incurvum","incurvum","nongeophyte",NA,24,"Potato","PER","Peru","2.37","LocoGSE","Pteroidea",""
98899,11232,NA,NA,NA,"Knapp, S","0.0.2015",-13.28861,-70.77417,934,"incurvum","incurvum","nongeophyte",NA,24,"Potato","PER","Peru","2.37","LocoGSE","Pteroidea",""
34777,11713,NA,NA,NA,"Knapp, S","0.12.2008",4.75,-75.583333,2000,"loxophyllum","loxophyllum","nongeophyte",NA,24,"Potato","COL","Colombia","2.04","LocoGSE","Herpystichum",""
19263,11714,NA,NA,NA,NA,"0.0.0",-4.494917,-79.131917,2500,"loxophyllum","loxophyllum","nongeophyte",NA,24,"Potato","ECU","Ecuador","2.04","LocoGSE","Herpystichum",""
23967,11715,NA,NA,NA,"Tepe, EJ","0.0.2009",0.35,-79.733333,500,"loxophyllum","loxophyllum","nongeophyte",NA,24,"Potato","ECU","Ecuador","2.04","LocoGSE","Herpystichum",""
34759,11716,NA,NA,NA,"Knapp, S","0.12.2008",0.869722,-78.451667,300,"loxophyllum","loxophyllum","nongeophyte",NA,24,"Potato","ECU","Ecuador","2.04","LocoGSE","Herpystichum",""
34761,11717,NA,NA,NA,"Knapp, S","0.12.2008",0.85,-78.266667,1000,"loxophyllum","loxophyllum","nongeophyte",NA,24,"Potato","ECU","Ecuador","2.04","LocoGSE","Herpystichum",""
44723,11718,NA,NA,NA,"Knapp, S","0.0.2010",-2.434722,-79.231389,950,"loxophyllum","loxophyllum","nongeophyte",NA,24,"Potato","ECU","Ecuador","2.04","LocoGSE","Herpystichum",""
53296,11719,NA,NA,NA,"Tepe, EJ","0.2.2009",-0.593611,-79.362222,215,"loxophyllum","loxophyllum","nongeophyte",NA,24,"Potato","ECU","Ecuador","2.04","LocoGSE","Herpystichum",""
53505,11720,NA,NA,NA,"Tepe, EJ","20.6.2009",0.48,-78.55,100,"loxophyllum","loxophyllum","nongeophyte",NA,24,"Potato","ECU","Ecuador","2.04","LocoGSE","Herpystichum",""
53507,11721,NA,NA,NA,"Tepe, EJ","20.6.2009",-0.21,-79.22,100,"loxophyllum","loxophyllum","nongeophyte",NA,24,"Potato","ECU","Ecuador","2.04","LocoGSE","Herpystichum",""
53520,11722,NA,NA,NA,"Tepe, EJ","20.6.2009",0.06,-79.02,650,"loxophyllum","loxophyllum","nongeophyte",NA,24,"Potato","ECU","Ecuador","2.04","LocoGSE","Herpystichum",""
54387,11723,NA,NA,NA,"Knapp, S","0.2.2011",1.032159,-78.615656,350,"loxophyllum","loxophyllum","nongeophyte",NA,24,"Potato","ECU","Ecuador","2.04","LocoGSE","Herpystichum",""
75505,11724,NA,NA,NA,NA,"0.0.0",-3.466667,-78.75,500,"loxophyllum","loxophyllum","nongeophyte",NA,24,"Potato","ECU","Ecuador","2.04","LocoGSE","Herpystichum",""
75506,11725,NA,NA,NA,NA,"0.0.0",-0.48,-78.44,150,"loxophyllum","loxophyllum","nongeophyte",NA,24,"Potato","ECU","Ecuador","2.04","LocoGSE","Herpystichum",""
105687,11954,NA,NA,NA,"Nee, M","0.0.2004",-14.2755,-68.3256,938,"mite","mite","nongeophyte",NA,24,"Potato","BOL","Bolivia","2.41","LocoGSE","Pteroidea",""
105801,11955,NA,NA,NA,"Nee, M","0.0.0",-11.02,-66.07,220,"mite","mite","nongeophyte",NA,24,"Potato","BOL","Bolivia","2.41","LocoGSE","Pteroidea",""
105839,11956,NA,NA,NA,"Nee, M","0.0.1989",-17.44,-63.4,700,"mite","mite","nongeophyte",NA,24,"Potato","BOL","Bolivia","2.41","LocoGSE","Pteroidea",""
106947,11957,NA,NA,NA,"Nee, M","0.0.2000",-17.27,-64.09,375,"mite","mite","nongeophyte",NA,24,"Potato","BOL","Bolivia","2.41","LocoGSE","Pteroidea",""
107217,11958,NA,NA,NA,"Nee, M","0.0.2013",-14.0913,-68.4348,1150,"mite","mite","nongeophyte",NA,24,"Potato","BOL","Bolivia","2.41","LocoGSE","Pteroidea",""
107245,11959,NA,NA,NA,"Nee, M","0.0.1990",-14.5,-67.05,220,"mite","mite","nongeophyte",NA,24,"Potato","BOL","Bolivia","2.41","LocoGSE","Pteroidea",""
107257,11960,NA,NA,NA,"Nee, M","0.0.1990",-17,-64.46,235,"mite","mite","nongeophyte",NA,24,"Potato","BOL","Bolivia","2.41","LocoGSE","Pteroidea",""
107275,11961,NA,NA,NA,"Nee, M","0.0.2005",-14.3652,-67.3911,220,"mite","mite","nongeophyte",NA,24,"Potato","BOL","Bolivia","2.41","LocoGSE","Pteroidea",""
108072,11962,NA,NA,NA,"Nee, M","0.0.1989",-10.47,-65.58,110,"mite","mite","nongeophyte",NA,24,"Potato","BOL","Bolivia","2.41","LocoGSE","Pteroidea",""
108607,11964,NA,NA,NA,"Nee, M","0.0.1995",-11.6,-68.25,150,"mite","mite","nongeophyte",NA,24,"Potato","BOL","Bolivia","2.41","LocoGSE","Pteroidea",""
108831,11965,NA,NA,NA,NA,"0.0.0",-11.3,-67.34,140,"mite","mite","nongeophyte",NA,24,"Potato","BOL","Bolivia","2.41","LocoGSE","Pteroidea",""
108880,11966,NA,NA,NA,"Nee, M","0.0.1992",-17.78333,-63.2,0,"mite","mite","nongeophyte",NA,24,"Potato","BOL","Bolivia","2.41","LocoGSE","Pteroidea",""
108944,11967,NA,NA,NA,"Nee, M","0.0.1989",-17.45,-63.67,370,"mite","mite","nongeophyte",NA,24,"Potato","BOL","Bolivia","2.41","LocoGSE","Pteroidea",""
108945,11968,NA,NA,NA,"Nee, M","0.0.1990",-17.24,-63.5,290,"mite","mite","nongeophyte",NA,24,"Potato","BOL","Bolivia","2.41","LocoGSE","Pteroidea",""
108946,11969,NA,NA,NA,"Nee, M","0.0.1992",-17.16,-64.2,240,"mite","mite","nongeophyte",NA,24,"Potato","BOL","Bolivia","2.41","LocoGSE","Pteroidea",""
108976,11970,NA,NA,NA,"Nee, M","0.0.1990",-16.57,-65.25,0,"mite","mite","nongeophyte",NA,24,"Potato","BOL","Bolivia","2.41","LocoGSE","Pteroidea",""
108999,11971,NA,NA,NA,"Nee, M","0.0.1991",-18.08,-63.41,1000,"mite","mite","nongeophyte",NA,24,"Potato","BOL","Bolivia","2.41","LocoGSE","Pteroidea",""
15523,11972,NA,NA,NA,"Knapp, S","0.0.2006",-14.614444,-67.653056,220,"mite","mite","nongeophyte",NA,24,"Potato","BOL","Bolivia","2.41","LocoGSE","Pteroidea",""
162899,11973,NA,NA,NA,"Knapp, S; Barboza, GE","0.3.2020",-16.27275,-67.57105,1100,"mite","mite","nongeophyte",NA,24,"Potato","BOL","Bolivia","2.41","LocoGSE","Pteroidea",""
162900,11974,NA,NA,NA,"Knapp, S; Barboza, GE","0.3.2020",-17,-64.76666,320,"mite","mite","nongeophyte",NA,24,"Potato","BOL","Bolivia","2.41","LocoGSE","Pteroidea",""
97669,11975,NA,NA,NA,"Bohs, L","0.0.1998",-17.08333,-65.66666,670,"mite","mite","nongeophyte",NA,24,"Potato","BOL","Bolivia","2.41","LocoGSE","Pteroidea",""
111627,11976,NA,NA,NA,"Nee, M","0.0.2003",-8.92833,-72.53875,0,"mite","mite","nongeophyte",NA,24,"Potato","BRA","Brazil","2.41","LocoGSE","Pteroidea",""
111653,11977,NA,NA,NA,"Nee, M","0.0.0",-7.4465,-73.65761,225,"mite","mite","nongeophyte",NA,24,"Potato","BRA","Brazil","2.41","LocoGSE","Pteroidea",""
111719,11978,NA,NA,NA,"Knapp, S; Helgason, T","0.0.1996",-7.6311,-72.6697,0,"mite","mite","nongeophyte",NA,24,"Potato","BRA","Brazil","2.41","LocoGSE","Pteroidea",""
111781,11979,NA,NA,NA,"Knapp, S; Helgason, T","0.0.1996",-7.6144,-72.8956,0,"mite","mite","nongeophyte",NA,24,"Potato","BRA","Brazil","2.41","LocoGSE","Pteroidea",""
111784,11980,NA,NA,NA,"Knapp, S; Helgason, T","0.0.1996",-4.3331,-69.9164,0,"mite","mite","nongeophyte",NA,24,"Potato","BRA","Brazil","2.41","LocoGSE","Pteroidea",""
111835,11981,NA,NA,NA,"Knapp, S; Helgason, T","0.0.0",-9.36666,-54.9,430,"mite","mite","nongeophyte",NA,24,"Potato","BRA","Brazil","2.41","LocoGSE","Pteroidea",""
131392,11982,NA,NA,NA,"Knapp, S","0.1.2018",-9.713408,-68.09627,0,"mite","mite","nongeophyte",NA,24,"Potato","BRA","Brazil","2.41","LocoGSE","Pteroidea",""
144921,11983,NA,NA,NA,"Nee, M","0.8.1995",-1.85611,-65.5811,0,"mite","mite","nongeophyte",NA,24,"Potato","BRA","Brazil","2.41","LocoGSE","Pteroidea",""
145112,11984,NA,NA,NA,"Nee, M","0.0.1995",-10.4389,-62.4664,0,"mite","mite","nongeophyte",NA,24,"Potato","BRA","Brazil","2.41","LocoGSE","Pteroidea",""
145241,11985,NA,NA,NA,"Nee, M","0.0.1991",-11.2,-63.05,0,"mite","mite","nongeophyte",NA,24,"Potato","BRA","Brazil","2.41","LocoGSE","Pteroidea",""
107304,11986,NA,NA,NA,"Nee, M","0.0.1996",-3.805,-70.30556,0,"mite","mite","nongeophyte",NA,24,"Potato","COL","Colombia","2.41","LocoGSE","Pteroidea",""
112234,11987,NA,NA,NA,"Granados-Tochoy, JC","0.0.0",0.359863,-76.87063,330,"mite","mite","nongeophyte",NA,24,"Potato","COL","Colombia","2.41","LocoGSE","Pteroidea",""
106966,11988,NA,NA,NA,"Nee, M","0.0.2012",-2.32,-76.49,235,"mite","mite","nongeophyte",NA,24,"Potato","ECU","Ecuador","2.41","LocoGSE","Pteroidea",""
107159,11989,NA,NA,NA,"Nee, M","0.0.2001",-1.04,-77.36,375,"mite","mite","nongeophyte",NA,24,"Potato","ECU","Ecuador","2.41","LocoGSE","Pteroidea",""
107601,11990,NA,NA,NA,"Nee, M","0.0.1988",-1.39,-75.59,200,"mite","mite","nongeophyte",NA,24,"Potato","ECU","Ecuador","2.41","LocoGSE","Pteroidea",""
17002,11991,NA,NA,NA,"Knapp, S","0.0.2006",-4.766667,-79.133333,1150,"mite","mite","nongeophyte",NA,24,"Potato","ECU","Ecuador","2.41","LocoGSE","Pteroidea",""
24284,11992,NA,NA,NA,"Knapp, S; Helgason, T","0.0.1996",-4.366667,-78.7,1080,"mite","mite","nongeophyte",NA,24,"Potato","ECU","Ecuador","2.41","LocoGSE","Pteroidea",""
27079,11993,NA,NA,NA,"Knapp, S","0.6.2008",-0.828333,-77.538333,1500,"mite","mite","nongeophyte",NA,24,"Potato","ECU","Ecuador","2.41","LocoGSE","Pteroidea",""
105913,11994,NA,NA,NA,"Nee, M","0.0.2013",-6.700556,-77.58639,2150,"mite","mite","nongeophyte",NA,24,"Potato","PER","Peru","2.41","LocoGSE","Pteroidea",""
107223,11995,NA,NA,NA,"Nee, M","0.0.2005",-5.0043,-78.5409,1550,"mite","mite","nongeophyte",NA,24,"Potato","PER","Peru","2.41","LocoGSE","Pteroidea",""
108063,11996,NA,NA,NA,"Nee, M","0.0.2008",-10.3015,-75.0401,700,"mite","mite","nongeophyte",NA,24,"Potato","PER","Peru","2.41","LocoGSE","Pteroidea",""
113109,11997,NA,NA,NA,"Knapp, S","0.8.2016",-13.24361,-70.8125,840,"mite","mite","nongeophyte",NA,24,"Potato","PER","Peru","2.41","LocoGSE","Pteroidea",""
139683,11998,NA,NA,NA,"Knapp, S","0.11.2018",-11.37,-74.03861,1348,"mite","mite","nongeophyte",NA,24,"Potato","PER","Peru","2.41","LocoGSE","Pteroidea",""
14688,11999,NA,NA,NA,"Knapp, S","0.0.2002",-11.1425,-75.343667,900,"mite","mite","nongeophyte",NA,24,"Potato","PER","Peru","2.41","LocoGSE","Pteroidea",""
14947,12000,NA,NA,NA,"Knapp, S","0.0.2004",-9.283333,-76.083333,650,"mite","mite","nongeophyte",NA,24,"Potato","PER","Peru","2.41","LocoGSE","Pteroidea",""
20902,12001,NA,NA,NA,"Knapp, S","0.3.2007",-10.948768,-75.219953,609,"mite","mite","nongeophyte",NA,24,"Potato","PER","Peru","2.41","LocoGSE","Pteroidea",""
21524,12002,NA,NA,NA,NA,"0.0.0",-6.25,-76.283333,200,"mite","mite","nongeophyte",NA,24,"Potato","PER","Peru","2.41","LocoGSE","Pteroidea",""
21861,12003,NA,NA,NA,"Nee, M","0.0.2008",-12.475833,-68.976,190,"mite","mite","nongeophyte",NA,24,"Potato","PER","Peru","2.41","LocoGSE","Pteroidea",""
21920,12004,NA,NA,NA,"Knapp, S","0.11.2018",-13.166667,-72.166667,2300,"mite","mite","nongeophyte",NA,24,"Potato","PER","Peru","2.41","LocoGSE","Pteroidea",""
22061,12005,NA,NA,NA,"Nee, M","0.0.0",-12.517333,-69.072833,200,"mite","mite","nongeophyte",NA,24,"Potato","PER","Peru","2.41","LocoGSE","Pteroidea",""
22301,12006,NA,NA,NA,"Knapp, S","0.3.2012",-4.333333,-77.333333,0,"mite","mite","nongeophyte",NA,24,"Potato","PER","Peru","2.41","LocoGSE","Pteroidea",""
22491,12007,NA,NA,NA,"Knapp, S","0.0.0",-3.366667,-72.833333,120,"mite","mite","nongeophyte",NA,24,"Potato","PER","Peru","2.41","LocoGSE","Pteroidea",""
22492,12008,NA,NA,NA,"Nee, M","0.0.1999",-3.825792,-73.299779,95,"mite","mite","nongeophyte",NA,24,"Potato","PER","Peru","2.41","LocoGSE","Pteroidea",""
22497,12009,NA,NA,NA,"Knapp, S; Helgason, T","0.0.1996",-5.983333,-76.216667,180,"mite","mite","nongeophyte",NA,24,"Potato","PER","Peru","2.41","LocoGSE","Pteroidea",""
22498,12010,NA,NA,NA,"Nee, M","0.0.1999",-12.833333,-69.283333,260,"mite","mite","nongeophyte",NA,24,"Potato","PER","Peru","2.41","LocoGSE","Pteroidea",""
22501,12011,NA,NA,NA,"Nee, M","0.0.2001",-12.78725,-68.816519,200,"mite","mite","nongeophyte",NA,24,"Potato","PER","Peru","2.41","LocoGSE","Pteroidea",""
22503,12012,NA,NA,NA,"Knapp, S","0.0.2004",-5.016667,-79.016667,650,"mite","mite","nongeophyte",NA,24,"Potato","PER","Peru","2.41","LocoGSE","Pteroidea",""
22505,12013,NA,NA,NA,"Nee, M","0.0.1991",-12.25,-69.283333,260,"mite","mite","nongeophyte",NA,24,"Potato","PER","Peru","2.41","LocoGSE","Pteroidea",""
22522,12014,NA,NA,NA,"Nee, M","0.0.2004",-13.0545,-72.041833,2100,"mite","mite","nongeophyte",NA,24,"Potato","PER","Peru","2.41","LocoGSE","Pteroidea",""
22523,12015,NA,NA,NA,"Nee, M","0.0.1999",-12.653833,-68.7355,210,"mite","mite","nongeophyte",NA,24,"Potato","PER","Peru","2.41","LocoGSE","Pteroidea",""
22528,12016,NA,NA,NA,"Knapp, S","0.0.1996",-5.655504,-78.321878,2179,"mite","mite","nongeophyte",NA,24,"Potato","PER","Peru","2.41","LocoGSE","Pteroidea",""
22531,12017,NA,NA,NA,"Nee, M","0.0.2002",-13,-72.516667,2050,"mite","mite","nongeophyte",NA,24,"Potato","PER","Peru","2.41","LocoGSE","Pteroidea",""
22534,12018,NA,NA,NA,"Nee, M","0.0.1999",-4.55,-78.166667,350,"mite","mite","nongeophyte",NA,24,"Potato","PER","Peru","2.41","LocoGSE","Pteroidea",""
22539,12019,NA,NA,NA,"Nee, M","0.0.1989",-4.166667,-73.5,130,"mite","mite","nongeophyte",NA,24,"Potato","PER","Peru","2.41","LocoGSE","Pteroidea",""
22542,12020,NA,NA,NA,"Nee, M","0.0.1999",-5.279567,-78.763178,860,"mite","mite","nongeophyte",NA,24,"Potato","PER","Peru","2.41","LocoGSE","Pteroidea",""
22544,12021,NA,NA,NA,"Foster, RB","0.0.1983",-9.666667,-75.416667,450,"mite","mite","nongeophyte",NA,24,"Potato","PER","Peru","2.41","LocoGSE","Pteroidea",""
22545,12022,NA,NA,NA,"Nee, M","0.0.1989",-3.7,-72.833333,115,"mite","mite","nongeophyte",NA,24,"Potato","PER","Peru","2.41","LocoGSE","Pteroidea",""
22546,12023,NA,NA,NA,"Nee, M","0.0.1989",-6.033333,-75.833333,250,"mite","mite","nongeophyte",NA,24,"Potato","PER","Peru","2.41","LocoGSE","Pteroidea",""
22548,12024,NA,NA,NA,"Nee, M","0.0.2005",-5.007167,-78.904833,1550,"mite","mite","nongeophyte",NA,24,"Potato","PER","Peru","2.41","LocoGSE","Pteroidea",""
22549,12025,NA,NA,NA,"Nee, M","0.0.1989",-6.6,-76.166667,200,"mite","mite","nongeophyte",NA,24,"Potato","PER","Peru","2.41","LocoGSE","Pteroidea",""
22552,12026,NA,NA,NA,"Nee, M","0.0.1989",-6.5,-76.366667,380,"mite","mite","nongeophyte",NA,24,"Potato","PER","Peru","2.41","LocoGSE","Pteroidea",""
22559,12027,NA,NA,NA,NA,"0.0.0",-5.916667,-77.883333,1500,"mite","mite","nongeophyte",NA,24,"Potato","PER","Peru","2.41","LocoGSE","Pteroidea",""
22570,12028,NA,NA,NA,"Knapp, S; Helgason, T","0.0.1996",-8.166667,-76.416667,550,"mite","mite","nongeophyte",NA,24,"Potato","PER","Peru","2.41","LocoGSE","Pteroidea",""
22571,12029,NA,NA,NA,"Knapp, S; Helgason, T","0.0.1996",-6.25,-76.716667,500,"mite","mite","nongeophyte",NA,24,"Potato","PER","Peru","2.41","LocoGSE","Pteroidea",""
22573,12030,NA,NA,NA,"Nee, M","0.0.2002",-5.633333,-77.416667,700,"mite","mite","nongeophyte",NA,24,"Potato","PER","Peru","2.41","LocoGSE","Pteroidea",""
23412,12031,NA,NA,NA,"Knapp, S","0.3.2012",-5.624956,-78.416783,1000,"mite","mite","nongeophyte",NA,24,"Potato","PER","Peru","2.41","LocoGSE","Pteroidea",""
24285,12032,NA,NA,NA,"Knapp, S; Helgason, T","0.0.1996",-5.829337,-76.563322,220,"mite","mite","nongeophyte",NA,24,"Potato","PER","Peru","2.41","LocoGSE","Pteroidea",""
24287,12033,NA,NA,NA,"Knapp, S; Helgason, T","0.0.1996",-5.26386,-75.736502,135,"mite","mite","nongeophyte",NA,24,"Potato","PER","Peru","2.41","LocoGSE","Pteroidea",""
24288,12034,NA,NA,NA,"Knapp, S; Helgason, T","0.0.1996",-6.008092,-76.933657,1100,"mite","mite","nongeophyte",NA,24,"Potato","PER","Peru","2.41","LocoGSE","Pteroidea",""
27715,12035,NA,NA,NA,"Knapp, S","0.4.2007",-9.35,-76.2,650,"mite","mite","nongeophyte",NA,24,"Potato","PER","Peru","2.41","LocoGSE","Pteroidea",""
27717,12036,NA,NA,NA,"Knapp, S","0.4.2007",-5.75,-78.933333,790,"mite","mite","nongeophyte",NA,24,"Potato","PER","Peru","2.41","LocoGSE","Pteroidea",""
33091,12037,NA,NA,NA,"Knapp, S","0.9.2008",-5.671167,-77.6725,1170,"mite","mite","nongeophyte",NA,24,"Potato","PER","Peru","2.41","LocoGSE","Pteroidea",""
33092,12038,NA,NA,NA,"Knapp, S","0.9.2008",-13.25,-70.666667,400,"mite","mite","nongeophyte",NA,24,"Potato","PER","Peru","2.41","LocoGSE","Pteroidea",""
33095,12039,NA,NA,NA,"Knapp, S","0.9.2008",-11.56,-71.16,350,"mite","mite","nongeophyte",NA,24,"Potato","PER","Peru","2.41","LocoGSE","Pteroidea",""
33102,12040,NA,NA,NA,"Knapp, S","0.9.2008",-6.583333,-76.65,850,"mite","mite","nongeophyte",NA,24,"Potato","PER","Peru","2.41","LocoGSE","Pteroidea",""
33106,12041,NA,NA,NA,"Knapp, S","0.9.2008",-3.333333,-76.333333,185,"mite","mite","nongeophyte",NA,24,"Potato","PER","Peru","2.41","LocoGSE","Pteroidea",""
33312,12042,NA,NA,NA,"Knapp, S","0.9.2008",-6.514176,-76.063514,700,"mite","mite","nongeophyte",NA,24,"Potato","PER","Peru","2.41","LocoGSE","Pteroidea",""
53740,12043,NA,NA,NA,"Nee, M","0.2.2009",-10.659833,-75.322167,2300,"mite","mite","nongeophyte",NA,24,"Potato","PER","Peru","2.41","LocoGSE","Pteroidea",""
53813,12044,NA,NA,NA,"Nee, M","0.2.2009",-6.113676,-77.293084,1550,"mite","mite","nongeophyte",NA,24,"Potato","PER","Peru","2.41","LocoGSE","Pteroidea",""
53819,12045,NA,NA,NA,"Tepe, EJ","5.10.2010",-3.2744,-72.5139,100,"mite","mite","nongeophyte",NA,24,"Potato","PER","Peru","2.41","LocoGSE","Pteroidea",""
64973,12046,NA,NA,NA,"Knapp, S","0.2.2012",-9.9185,-75.27483,306,"mite","mite","nongeophyte",NA,24,"Potato","PER","Peru","2.41","LocoGSE","Pteroidea",""
65638,12047,NA,NA,NA,"Cueva, M","0.0.2012",-8.738463,-74.10015,156,"mite","mite","nongeophyte",NA,24,"Potato","PER","Peru","2.41","LocoGSE","Pteroidea",""
65713,12048,NA,NA,NA,"Knapp, S","29.2.2012",-12.31005,-70.38282,300,"mite","mite","nongeophyte",NA,24,"Potato","PER","Peru","2.41","LocoGSE","Pteroidea",""
65768,12049,NA,NA,NA,"Knapp, S","29.2.2012",-9.027812,-74.67861,300,"mite","mite","nongeophyte",NA,24,"Potato","PER","Peru","2.41","LocoGSE","Pteroidea",""
66024,12050,NA,NA,NA,"Knapp, S","0.0.2012",-11.78467,-72.69283,467,"mite","mite","nongeophyte",NA,24,"Potato","PER","Peru","2.41","LocoGSE","Pteroidea",""
66031,12051,NA,NA,NA,"Knapp, S","0.0.2012",-10.04774,-74.97199,837,"mite","mite","nongeophyte",NA,24,"Potato","PER","Peru","2.41","LocoGSE","Pteroidea",""
66033,12052,NA,NA,NA,"Knapp, S","0.0.2012",-10.70514,-75.14757,1250,"mite","mite","nongeophyte",NA,24,"Potato","PER","Peru","2.41","LocoGSE","Pteroidea",""
66035,12053,NA,NA,NA,"Knapp, S","0.0.2012",-9.208053,-75.85109,1000,"mite","mite","nongeophyte",NA,24,"Potato","PER","Peru","2.41","LocoGSE","Pteroidea",""
66037,12054,NA,NA,NA,"Knapp, S","0.0.2012",-13.08333,-71.16667,700,"mite","mite","nongeophyte",NA,24,"Potato","PER","Peru","2.41","LocoGSE","Pteroidea",""
66039,12055,NA,NA,NA,"Knapp, S","0.0.2012",-4.916667,-73.75,120,"mite","mite","nongeophyte",NA,24,"Potato","PER","Peru","2.41","LocoGSE","Pteroidea",""
66046,12056,NA,NA,NA,"Knapp, S","0.0.2012",-9.188186,-75.96087,600,"mite","mite","nongeophyte",NA,24,"Potato","PER","Peru","2.41","LocoGSE","Pteroidea",""
66049,12057,NA,NA,NA,"Knapp, S","0.0.2012",-10.17633,-75.72083,1050,"mite","mite","nongeophyte",NA,24,"Potato","PER","Peru","2.41","LocoGSE","Pteroidea",""
71692,12058,NA,NA,NA,"SÃ¤rkinen, T","0.6.2013",-10.0825,-75.1334,290,"mite","mite","nongeophyte",NA,24,"Potato","PER","Peru","2.41","LocoGSE","Pteroidea",""
73503,12059,NA,NA,NA,"Nee, M","0.0.2010",-9.2557,-74.3247,350,"mite","mite","nongeophyte",NA,24,"Potato","PER","Peru","2.41","LocoGSE","Pteroidea",""
74643,12060,NA,NA,NA,"Knapp, S","0.2.2014",-10.0365,-75.56833,500,"mite","mite","nongeophyte",NA,24,"Potato","PER","Peru","2.41","LocoGSE","Pteroidea",""
75069,12061,NA,NA,NA,"Knapp, S","0.0.2014",-12.49207,-70.13693,250,"mite","mite","nongeophyte",NA,24,"Potato","PER","Peru","2.41","LocoGSE","Pteroidea",""
2375,12140,NA,NA,NA,"Knapp, S; Peralta, IE","0.0.2002",-3.460724,-79.177564,2000,"neorickii","neorickii","nongeophyte",NA,24,"Potato","ECU","Ecuador","1.9","FCM","Tomato",""
2553,12141,NA,NA,NA,"Knapp, S; Peralta, IE","0.0.2002",-7.483915,-78.087323,2150,"neorickii","neorickii","nongeophyte",NA,24,"Potato","PER","Peru","1.9","FCM","Tomato",""
2860,12142,NA,NA,NA,"Knapp, S; Peralta, IE","0.0.2002",-5.772801,-77.906281,1700,"neorickii","neorickii","nongeophyte",NA,24,"Potato","PER","Peru","1.9","FCM","Tomato",""
33392,12143,NA,NA,NA,"Knapp, S","0.9.2008",-5.670833,-79.342333,1940,"neorickii","neorickii","nongeophyte",NA,24,"Potato","PER","Peru","1.9","FCM","Tomato",""
33397,12144,NA,NA,NA,"Knapp, S","0.9.2008",-5.319333,-78.684167,1000,"neorickii","neorickii","nongeophyte",NA,24,"Potato","PER","Peru","1.9","FCM","Tomato",""
33472,12145,NA,NA,NA,"Knapp, S","0.9.2008",-12.400323,-74.900662,2400,"neorickii","neorickii","nongeophyte",NA,24,"Potato","PER","Peru","1.9","FCM","Tomato",""
33478,12146,NA,NA,NA,"Knapp, S","0.9.2008",-5.9061,-78.6734,500,"neorickii","neorickii","nongeophyte",NA,24,"Potato","PER","Peru","1.9","FCM","Tomato",""
4135,12147,NA,NA,NA,"Knapp, S; Peralta, IE","0.0.2002",-13.5407,-72.6896,2350,"neorickii","neorickii","nongeophyte",NA,24,"Potato","PER","Peru","1.9","FCM","Tomato",""
4552,12148,NA,NA,NA,"Knapp, S; Peralta, IE","0.0.2002",-10.452883,-75.137233,2591,"neorickii","neorickii","nongeophyte",NA,24,"Potato","PER","Peru","1.9","FCM","Tomato",""
4699,12149,NA,NA,NA,"Knapp, S","0.8.2004",-13.657667,-72.902167,2100,"neorickii","neorickii","nongeophyte",NA,24,"Potato","PER","Peru","1.9","FCM","Tomato",""
4890,12150,NA,NA,NA,"Knapp, S; Peralta, IE","0.0.2002",-10.1243,-76.2094,2240,"neorickii","neorickii","nongeophyte",NA,24,"Potato","PER","Peru","1.9","FCM","Tomato",""
6117,12151,NA,NA,NA,"Knapp, S; Peralta, IE","0.0.2002",-13.486225,-72.442905,1900,"neorickii","neorickii","nongeophyte",NA,24,"Potato","PER","Peru","1.9","FCM","Tomato",""
6300,12152,NA,NA,NA,NA,"0.0.0",-7.259375,-78.589445,1840,"neorickii","neorickii","nongeophyte",NA,24,"Potato","PER","Peru","1.9","FCM","Tomato",""
66179,12153,NA,NA,NA,NA,"0.0.0",-13.87312,-73.02347,2079,"neorickii","neorickii","nongeophyte",NA,24,"Potato","PER","Peru","1.9","FCM","Tomato",""
71067,12154,NA,NA,NA,"SÃ¤rkinen, T","0.5.2013",-6.36516,-78.5857,1590,"neorickii","neorickii","nongeophyte",NA,24,"Potato","PER","Peru","1.9","FCM","Tomato",""
71165,12155,NA,NA,NA,"SÃ¤rkinen, T","0.5.2013",-6.23536,-77.56551,2356,"neorickii","neorickii","nongeophyte",NA,24,"Potato","PER","Peru","1.9","FCM","Tomato",""
71265,12156,NA,NA,NA,"SÃ¤rkinen, T","0.5.2013",-8.33361,-77.38197,2840,"neorickii","neorickii","nongeophyte",NA,24,"Potato","PER","Peru","1.9","FCM","Tomato",""
71739,12157,NA,NA,NA,"Knapp, S","0.0.2013",-7.333611,-78.79667,2100,"neorickii","neorickii","nongeophyte",NA,24,"Potato","PER","Peru","1.9","FCM","Tomato",""
75287,12158,NA,NA,NA,"Knapp, S","0.2.2014",-13.79627,-72.62485,1974,"neorickii","neorickii","nongeophyte",NA,24,"Potato","PER","Peru","1.9","FCM","Tomato",""
95404,12159,NA,NA,NA,"Knapp, S","0.6.2014",-6.317944,-77.93569,1755,"neorickii","neorickii","nongeophyte",NA,24,"Potato","PER","Peru","1.9","FCM","Tomato",""
139552,12258,NA,NA,NA,"Knapp, S","0.11.2018",-6.986056,-77.72283,3040,"oxycoccoides","oxycoccoides","nongeophyte",NA,24,"Potato","PER","Peru","1.81","LocoGSE","Oxycoccoides",""
22850,12259,NA,NA,NA,"Nee, M","0.0.1988",-9.133333,-77.533333,4280,"oxycoccoides","oxycoccoides","nongeophyte",NA,24,"Potato","PER","Peru","1.81","LocoGSE","Oxycoccoides",""
22851,12260,NA,NA,NA,"Knapp, S","0.9.2008",-8.983333,-77.633333,4250,"oxycoccoides","oxycoccoides","nongeophyte",NA,24,"Potato","PER","Peru","1.81","LocoGSE","Oxycoccoides",""
30703,12261,NA,NA,NA,"Knapp, S","0.0.2013",-6.1671,-79.368417,3698,"oxycoccoides","oxycoccoides","nongeophyte",NA,24,"Potato","PER","Peru","1.81","LocoGSE","Oxycoccoides",""
33727,12262,NA,NA,NA,"Knapp, S","0.9.2008",-8.816667,-77.95,3900,"oxycoccoides","oxycoccoides","nongeophyte",NA,24,"Potato","PER","Peru","1.81","LocoGSE","Oxycoccoides",""
33728,12263,NA,NA,NA,"Knapp, S","0.9.2008",-9.383333,-77.45,4100,"oxycoccoides","oxycoccoides","nongeophyte",NA,24,"Potato","PER","Peru","1.81","LocoGSE","Oxycoccoides",""
33730,12264,NA,NA,NA,"Knapp, S","0.9.2008",-7.187933,-78.570517,3700,"oxycoccoides","oxycoccoides","nongeophyte",NA,24,"Potato","PER","Peru","1.81","LocoGSE","Oxycoccoides",""
70741,12265,NA,NA,NA,"Knapp, S","0.0.2013",-7.629417,-77.95897,3680,"oxycoccoides","oxycoccoides","nongeophyte",NA,24,"Potato","PER","Peru","1.81","LocoGSE","Oxycoccoides",""
75897,12266,NA,NA,NA,NA,"0.0.0",-6.342396,-79.12481,2100,"oxycoccoides","oxycoccoides","nongeophyte",NA,24,"Potato","PER","Peru","1.81","LocoGSE","Oxycoccoides",""
98055,12267,NA,NA,NA,"Cueva, M","0.11.2014",-10.20972,-76.10444,3614,"oxycoccoides","oxycoccoides","nongeophyte",NA,24,"Potato","PER","Peru","1.81","LocoGSE","Oxycoccoides",""
138884,12268,NA,NA,NA,"Knapp, S","0.10.2018",-0.737666,-79.80033,200,"pacificum","pacificum","nongeophyte",NA,24,"Potato","ECU","Ecuador","2.65","LocoGSE","Herpystichum",""
53295,12269,NA,NA,NA,"Tepe, EJ","0.2.2009",-0.593611,-79.362222,215,"pacificum","pacificum","nongeophyte",NA,24,"Potato","ECU","Ecuador","2.65","LocoGSE","Herpystichum",""
53495,12270,NA,NA,NA,"Tepe, EJ","20.6.2009",-0.3,-79.21,220,"pacificum","pacificum","nongeophyte",NA,24,"Potato","ECU","Ecuador","2.65","LocoGSE","Herpystichum",""
163293,12271,NA,NA,NA,"Knapp, S","0.0.2020",-36.43333,-70.76667,0,"palustre","palustre","rhizomatous",NA,24,"Potato","ARG","Argentina","1.61","FCM","Etuberosum",""
165071,12272,NA,NA,NA,"Matesevach, AM","0.0.2005",-40.34889,-71.22944,806,"palustre","palustre","rhizomatous",NA,24,"Potato","ARG","Argentina","1.61","FCM","Etuberosum",""
72991,12273,NA,NA,NA,"Barboza, GE","0.0.2013",-40.81181,-71.58011,823,"palustre","palustre","rhizomatous",NA,24,"Potato","ARG","Argentina","1.61","FCM","Etuberosum",""
95558,12274,NA,NA,NA,"Spooner, DM","0.0.2013",-38.1333,-70.9666,700,"palustre","palustre","rhizomatous",NA,24,"Potato","ARG","Argentina","1.61","FCM","Etuberosum",""
95585,12275,NA,NA,NA,"Spooner, DM","0.0.2013",-39.45,-71.2,1020,"palustre","palustre","rhizomatous",NA,24,"Potato","ARG","Argentina","1.61","FCM","Etuberosum",""
95587,12276,NA,NA,NA,"Spooner, DM","0.0.2013",-39.51,-71.29,1100,"palustre","palustre","rhizomatous",NA,24,"Potato","ARG","Argentina","1.61","FCM","Etuberosum",""
95590,12277,NA,NA,NA,"Spooner, DM","0.0.2013",-39.5833,-71.4666,1253,"palustre","palustre","rhizomatous",NA,24,"Potato","ARG","Argentina","1.61","FCM","Etuberosum",""
95607,12278,NA,NA,NA,"Spooner, DM","0.0.2013",-39.8,-71.5833,950,"palustre","palustre","rhizomatous",NA,24,"Potato","ARG","Argentina","1.61","FCM","Etuberosum",""
95617,12279,NA,NA,NA,"Spooner, DM","0.0.2013",-40.1666,-71.35,0,"palustre","palustre","rhizomatous",NA,24,"Potato","ARG","Argentina","1.61","FCM","Etuberosum",""
95618,12280,NA,NA,NA,"Spooner, DM","0.0.2013",-40.1666,-71.45,0,"palustre","palustre","rhizomatous",NA,24,"Potato","ARG","Argentina","1.61","FCM","Etuberosum",""
95633,12281,NA,NA,NA,"Spooner, DM","0.0.2013",-40.47,-71.78333,0,"palustre","palustre","rhizomatous",NA,24,"Potato","ARG","Argentina","1.61","FCM","Etuberosum",""
95634,12282,NA,NA,NA,"Spooner, DM","0.0.2013",-40.47,-71.4,750,"palustre","palustre","rhizomatous",NA,24,"Potato","ARG","Argentina","1.61","FCM","Etuberosum",""
95641,12283,NA,NA,NA,"Spooner, DM","0.0.2013",-40.6166,-71.3166,1040,"palustre","palustre","rhizomatous",NA,24,"Potato","ARG","Argentina","1.61","FCM","Etuberosum",""
95644,12284,NA,NA,NA,"Spooner, DM","0.0.2013",-40.7,-71.6666,0,"palustre","palustre","rhizomatous",NA,24,"Potato","ARG","Argentina","1.61","FCM","Etuberosum",""
95654,12285,NA,NA,NA,"Spooner, DM","0.0.2013",-40.9666,-71.5,0,"palustre","palustre","rhizomatous",NA,24,"Potato","ARG","Argentina","1.61","FCM","Etuberosum",""
95663,12286,NA,NA,NA,"Spooner, DM","0.0.2013",-41.05,-71.15,0,"palustre","palustre","rhizomatous",NA,24,"Potato","ARG","Argentina","1.61","FCM","Etuberosum",""
95694,12287,NA,NA,NA,"Spooner, DM","0.0.2013",-39.92171,-71.06449,0,"palustre","palustre","rhizomatous",NA,24,"Potato","ARG","Argentina","1.61","FCM","Etuberosum",""
95532,12289,NA,NA,NA,"Spooner, DM","0.0.2013",-36.9,-71.5166,1400,"palustre","palustre","rhizomatous",NA,24,"Potato","CHL","Chile","1.61","FCM","Etuberosum",""
95541,12290,NA,NA,NA,"Spooner, DM","0.0.2013",-37.3,-71.95,500,"palustre","palustre","rhizomatous",NA,24,"Potato","CHL","Chile","1.61","FCM","Etuberosum",""
95545,12291,NA,NA,NA,"Spooner, DM","0.0.2013",-37.3333,-71.6833,0,"palustre","palustre","rhizomatous",NA,24,"Potato","CHL","Chile","1.61","FCM","Etuberosum",""
95548,12292,NA,NA,NA,"Spooner, DM","0.0.2013",-37.35,-71.3166,0,"palustre","palustre","rhizomatous",NA,24,"Potato","CHL","Chile","1.61","FCM","Etuberosum",""
95550,12293,NA,NA,NA,"Spooner, DM","0.0.2013",-37.47,-72.95,750,"palustre","palustre","rhizomatous",NA,24,"Potato","CHL","Chile","1.61","FCM","Etuberosum",""
95554,12294,NA,NA,NA,"Spooner, DM","0.0.2013",-37.8,-73.3833,0,"palustre","palustre","rhizomatous",NA,24,"Potato","CHL","Chile","1.61","FCM","Etuberosum",""
95555,12295,NA,NA,NA,"Spooner, DM","0.0.2013",-37.8833,-71.6333,430,"palustre","palustre","rhizomatous",NA,24,"Potato","CHL","Chile","1.61","FCM","Etuberosum",""
95559,12296,NA,NA,NA,"Spooner, DM","0.0.2013",-38.27,-71.75,700,"palustre","palustre","rhizomatous",NA,24,"Potato","CHL","Chile","1.61","FCM","Etuberosum",""
95560,12297,NA,NA,NA,"Spooner, DM","0.0.2013",-38.27,-71.85,480,"palustre","palustre","rhizomatous",NA,24,"Potato","CHL","Chile","1.61","FCM","Etuberosum",""
95562,12298,NA,NA,NA,"Spooner, DM","0.0.2013",-38.42,-71.63333,990,"palustre","palustre","rhizomatous",NA,24,"Potato","CHL","Chile","1.61","FCM","Etuberosum",""
95563,12299,NA,NA,NA,"Spooner, DM","0.0.2013",-38.4333,-71.9833,740,"palustre","palustre","rhizomatous",NA,24,"Potato","CHL","Chile","1.61","FCM","Etuberosum",""
95568,12300,NA,NA,NA,"Spooner, DM","0.0.2013",-38.6666,-72.6333,0,"palustre","palustre","rhizomatous",NA,24,"Potato","CHL","Chile","1.61","FCM","Etuberosum",""
95572,12301,NA,NA,NA,"Spooner, DM","0.0.2013",-38.7166,-71.7166,980,"palustre","palustre","rhizomatous",NA,24,"Potato","CHL","Chile","1.61","FCM","Etuberosum",""
95573,12302,NA,NA,NA,"Spooner, DM","0.0.2013",-38.75,-72.9666,0,"palustre","palustre","rhizomatous",NA,24,"Potato","CHL","Chile","1.61","FCM","Etuberosum",""
95574,12303,NA,NA,NA,"Spooner, DM","0.0.2013",-38.8166,-71.2833,900,"palustre","palustre","rhizomatous",NA,24,"Potato","CHL","Chile","1.61","FCM","Etuberosum",""
95576,12304,NA,NA,NA,"Spooner, DM","0.0.2013",-39.0166,-72.9166,850,"palustre","palustre","rhizomatous",NA,24,"Potato","CHL","Chile","1.61","FCM","Etuberosum",""
95577,12305,NA,NA,NA,"Spooner, DM","0.0.2013",-39.1333,-71.4833,1010,"palustre","palustre","rhizomatous",NA,24,"Potato","CHL","Chile","1.61","FCM","Etuberosum",""
95578,12306,NA,NA,NA,"Spooner, DM","0.0.2013",-39.15,-71.75,590,"palustre","palustre","rhizomatous",NA,24,"Potato","CHL","Chile","1.61","FCM","Etuberosum",""
95581,12307,NA,NA,NA,"Spooner, DM","0.0.2013",-39.25,-71.6,920,"palustre","palustre","rhizomatous",NA,24,"Potato","CHL","Chile","1.61","FCM","Etuberosum",""
95582,12308,NA,NA,NA,"Spooner, DM","0.0.2013",-39.2666,-71.9666,0,"palustre","palustre","rhizomatous",NA,24,"Potato","CHL","Chile","1.61","FCM","Etuberosum",""
95591,12309,NA,NA,NA,"Spooner, DM","0.0.2013",-39.6166,-72.3166,930,"palustre","palustre","rhizomatous",NA,24,"Potato","CHL","Chile","1.61","FCM","Etuberosum",""
95594,12310,NA,NA,NA,"Spooner, DM","0.0.2013",-39.7333,-71.8666,0,"palustre","palustre","rhizomatous",NA,24,"Potato","CHL","Chile","1.61","FCM","Etuberosum",""
95608,12311,NA,NA,NA,"Spooner, DM","0.0.2013",-39.8,-73.2333,0,"palustre","palustre","rhizomatous",NA,24,"Potato","CHL","Chile","1.61","FCM","Etuberosum",""
95610,12312,NA,NA,NA,"Spooner, DM","0.0.2013",-39.8166,-72.0166,550,"palustre","palustre","rhizomatous",NA,24,"Potato","CHL","Chile","1.61","FCM","Etuberosum",""
95611,12313,NA,NA,NA,"Spooner, DM","0.0.2013",-39.95,-71.7833,650,"palustre","palustre","rhizomatous",NA,24,"Potato","CHL","Chile","1.61","FCM","Etuberosum",""
95614,12314,NA,NA,NA,"Spooner, DM","0.0.2013",-40.06,-71.68333,680,"palustre","palustre","rhizomatous",NA,24,"Potato","CHL","Chile","1.61","FCM","Etuberosum",""
95624,12315,NA,NA,NA,"Spooner, DM","0.0.2013",-40.2,-72.86667,0,"palustre","palustre","rhizomatous",NA,24,"Potato","CHL","Chile","1.61","FCM","Etuberosum",""
95626,12316,NA,NA,NA,"Spooner, DM","0.0.2013",-40.2166,-73.7166,0,"palustre","palustre","rhizomatous",NA,24,"Potato","CHL","Chile","1.61","FCM","Etuberosum",""
95627,12317,NA,NA,NA,"Spooner, DM","0.0.2013",-40.3166,-72.5,0,"palustre","palustre","rhizomatous",NA,24,"Potato","CHL","Chile","1.61","FCM","Etuberosum",""
95628,12318,NA,NA,NA,"Spooner, DM","0.0.2013",-40.3333,-73.15,0,"palustre","palustre","rhizomatous",NA,24,"Potato","CHL","Chile","1.61","FCM","Etuberosum",""
95631,12319,NA,NA,NA,"Spooner, DM","0.0.2013",-40.4,-72.06667,710,"palustre","palustre","rhizomatous",NA,24,"Potato","CHL","Chile","1.61","FCM","Etuberosum",""
95640,12320,NA,NA,NA,"Spooner, DM","0.0.2013",-40.5833,-73.0166,75,"palustre","palustre","rhizomatous",NA,24,"Potato","CHL","Chile","1.61","FCM","Etuberosum",""
95645,12321,NA,NA,NA,"Spooner, DM","0.0.2013",-40.7,-72.3,0,"palustre","palustre","rhizomatous",NA,24,"Potato","CHL","Chile","1.61","FCM","Etuberosum",""
95662,12322,NA,NA,NA,"Spooner, DM","0.0.2013",-41.05,-71.8666,0,"palustre","palustre","rhizomatous",NA,24,"Potato","CHL","Chile","1.61","FCM","Etuberosum",""
95664,12323,NA,NA,NA,"Spooner, DM","0.0.2013",-41.06,-72.01667,170,"palustre","palustre","rhizomatous",NA,24,"Potato","CHL","Chile","1.61","FCM","Etuberosum",""
95668,12324,NA,NA,NA,"Spooner, DM","0.0.2013",-41.3833,-72.2833,0,"palustre","palustre","rhizomatous",NA,24,"Potato","CHL","Chile","1.61","FCM","Etuberosum",""
95670,12325,NA,NA,NA,"Spooner, DM","0.0.2013",-41.5333,-73.45,0,"palustre","palustre","rhizomatous",NA,24,"Potato","CHL","Chile","1.61","FCM","Etuberosum",""
95671,12326,NA,NA,NA,"Spooner, DM","0.0.2013",-41.7666,-73.6,0,"palustre","palustre","rhizomatous",NA,24,"Potato","CHL","Chile","1.61","FCM","Etuberosum",""
95672,12327,NA,NA,NA,"Spooner, DM","0.0.2013",-42.3333,-73.55,10,"palustre","palustre","rhizomatous",NA,24,"Potato","CHL","Chile","1.61","FCM","Etuberosum",""
96817,12328,NA,NA,NA,NA,"0.0.0",-40.09527,-72.10055,0,"palustre","palustre","rhizomatous",NA,24,"Potato","CHL","Chile","1.61","FCM","Etuberosum",""
96850,12329,NA,NA,NA,"Spooner, DM","0.0.2016",-36.91636,-71.42619,0,"palustre","palustre","rhizomatous",NA,24,"Potato","CHL","Chile","1.61","FCM","Etuberosum",""
3929,12335,NA,NA,NA,"Knapp, S; Peralta, IE","0.0.2002",-18.483333,-69.9,1500,"pennellii","pennellii","nongeophyte",NA,24,"Potato","CHL","Chile","2.65","FCM","Tomato",""
1956,12336,NA,NA,NA,"Knapp, S; Peralta, IE","0.0.2002",-17.16683,-70.934357,1380,"pennellii","pennellii","nongeophyte",NA,24,"Potato","PER","Peru","2.65","FCM","Tomato",""
2046,12337,NA,NA,NA,"Knapp, S; Peralta, IE","0.0.2002",-14.717543,-74.254765,0,"pennellii","pennellii","nongeophyte",NA,24,"Potato","PER","Peru","2.65","FCM","Tomato",""
2417,12338,NA,NA,NA,"Knapp, S; Peralta, IE","0.0.2002",-9.9982,-78.1862,0,"pennellii","pennellii","nongeophyte",NA,24,"Potato","PER","Peru","2.65","FCM","Tomato",""
2506,12339,NA,NA,NA,"Knapp, S; Peralta, IE","0.0.2002",-16.052693,-73.920318,0,"pennellii","pennellii","nongeophyte",NA,24,"Potato","PER","Peru","2.65","FCM","Tomato",""
2520,12340,NA,NA,NA,"Knapp, S; Peralta, IE","0.0.2002",-11.468197,-76.620637,2850,"pennellii","pennellii","nongeophyte",NA,24,"Potato","PER","Peru","2.65","FCM","Tomato",""
27650,12341,NA,NA,NA,"Knapp, S","0.9.2008",-16.787667,-70.903867,1660,"pennellii","pennellii","nongeophyte",NA,24,"Potato","PER","Peru","2.65","FCM","Tomato",""
2827,12342,NA,NA,NA,"Knapp, S; Peralta, IE","0.0.2002",-12.335793,-76.819912,10,"pennellii","pennellii","nongeophyte",NA,24,"Potato","PER","Peru","2.65","FCM","Tomato",""
3176,12343,NA,NA,NA,"Knapp, S; Peralta, IE","0.0.2002",-7.616667,-79,770,"pennellii","pennellii","nongeophyte",NA,24,"Potato","PER","Peru","2.65","FCM","Tomato",""
3260,12344,NA,NA,NA,"Knapp, S; Peralta, IE","0.0.2002",-15.773202,-73.557868,1950,"pennellii","pennellii","nongeophyte",NA,24,"Potato","PER","Peru","2.65","FCM","Tomato",""
3300,12345,NA,NA,NA,"Knapp, S; Peralta, IE","0.0.2002",-5.9251,-80.935,100,"pennellii","pennellii","nongeophyte",NA,24,"Potato","PER","Peru","2.65","FCM","Tomato",""
3312,12346,NA,NA,NA,"Knapp, S; Peralta, IE","0.0.2002",-12.32237,-76.25696,1200,"pennellii","pennellii","nongeophyte",NA,24,"Potato","PER","Peru","2.65","FCM","Tomato",""
3315,12347,NA,NA,NA,"Knapp, S; Peralta, IE","0.0.2002",-11.935785,-76.700508,800,"pennellii","pennellii","nongeophyte",NA,24,"Potato","PER","Peru","2.65","FCM","Tomato",""
3316,12348,NA,NA,NA,"Knapp, S; Peralta, IE","0.0.2002",-15.864746,-74.235822,100,"pennellii","pennellii","nongeophyte",NA,24,"Potato","PER","Peru","2.65","FCM","Tomato",""
3338,12349,NA,NA,NA,"Knapp, S; Peralta, IE","0.0.2003",-14.691642,-75.051702,500,"pennellii","pennellii","nongeophyte",NA,24,"Potato","PER","Peru","2.65","FCM","Tomato",""
33381,12350,NA,NA,NA,"Knapp, S","0.9.2008",-18.122167,-70.388833,191,"pennellii","pennellii","nongeophyte",NA,24,"Potato","PER","Peru","2.65","FCM","Tomato",""
33385,12351,NA,NA,NA,"Knapp, S","0.9.2008",-14.758003,-74.53645,1200,"pennellii","pennellii","nongeophyte",NA,24,"Potato","PER","Peru","2.65","FCM","Tomato",""
3341,12352,NA,NA,NA,"Knapp, S; Peralta, IE","0.0.2002",-11.4845,-77.305333,150,"pennellii","pennellii","nongeophyte",NA,24,"Potato","PER","Peru","2.65","FCM","Tomato",""
3403,12353,NA,NA,NA,"Knapp, S; Peralta, IE","0.0.2002",-11.67,-76.786333,1300,"pennellii","pennellii","nongeophyte",NA,24,"Potato","PER","Peru","2.65","FCM","Tomato",""
3830,12354,NA,NA,NA,"Knapp, S; Peralta, IE","0.0.2002",-11.75,-77,750,"pennellii","pennellii","nongeophyte",NA,24,"Potato","PER","Peru","2.65","FCM","Tomato",""
4388,12355,NA,NA,NA,"Knapp, S; Peralta, IE","0.0.2002",-8.416667,-78.75,350,"pennellii","pennellii","nongeophyte",NA,24,"Potato","PER","Peru","2.65","FCM","Tomato",""
4419,12356,NA,NA,NA,"Knapp, S; Peralta, IE","0.0.2002",-6.867763,-79.809438,400,"pennellii","pennellii","nongeophyte",NA,24,"Potato","PER","Peru","2.65","FCM","Tomato",""
4461,12357,NA,NA,NA,"Knapp, S; Peralta, IE","0.0.2002",-7.708183,-79.104293,600,"pennellii","pennellii","nongeophyte",NA,24,"Potato","PER","Peru","2.65","FCM","Tomato",""
5257,12358,NA,NA,NA,"Knapp, S; Peralta, IE","0.0.2002",-12.081324,-76.522222,0,"pennellii","pennellii","nongeophyte",NA,24,"Potato","PER","Peru","2.65","FCM","Tomato",""
5262,12359,NA,NA,NA,"Knapp, S; Peralta, IE","0.0.2002",-13.656852,-75.746454,700,"pennellii","pennellii","nongeophyte",NA,24,"Potato","PER","Peru","2.65","FCM","Tomato",""
5263,12360,NA,NA,NA,"Knapp, S; Peralta, IE","0.0.2002",-13.51915,-75.4852,1500,"pennellii","pennellii","nongeophyte",NA,24,"Potato","PER","Peru","2.65","FCM","Tomato",""
5271,12361,NA,NA,NA,"Knapp, S; Peralta, IE","0.0.2002",-12.7045,-75.969,1050,"pennellii","pennellii","nongeophyte",NA,24,"Potato","PER","Peru","2.65","FCM","Tomato",""
5275,12362,NA,NA,NA,"Knapp, S; Peralta, IE","0.0.2002",-9.007042,-78.2254,660,"pennellii","pennellii","nongeophyte",NA,24,"Potato","PER","Peru","2.65","FCM","Tomato",""
5282,12363,NA,NA,NA,"Knapp, S; Peralta, IE","0.0.2002",-11.135812,-77.191773,1000,"pennellii","pennellii","nongeophyte",NA,24,"Potato","PER","Peru","2.65","FCM","Tomato",""
5391,12364,NA,NA,NA,"Knapp, S; Peralta, IE","0.0.2002",-7.999904,-78.83655,800,"pennellii","pennellii","nongeophyte",NA,24,"Potato","PER","Peru","2.65","FCM","Tomato",""
5404,12365,NA,NA,NA,"Knapp, S; Peralta, IE","0.0.2002",-8.105609,-78.956899,60,"pennellii","pennellii","nongeophyte",NA,24,"Potato","PER","Peru","2.65","FCM","Tomato",""
71583,12366,NA,NA,NA,"Knapp, S","0.0.2013",-8.58975,-78.19758,777,"pennellii","pennellii","nongeophyte",NA,24,"Potato","PER","Peru","2.65","FCM","Tomato",""
74964,12367,NA,NA,NA,"Knapp, S","0.2.2014",-11.66932,-76.90617,1000,"pennellii","pennellii","nongeophyte",NA,24,"Potato","PER","Peru","2.65","FCM","Tomato",""
74968,12368,NA,NA,NA,"Knapp, S","0.2.2014",-9.997597,-78.09005,565,"pennellii","pennellii","nongeophyte",NA,24,"Potato","PER","Peru","2.65","FCM","Tomato",""
74969,12369,NA,NA,NA,"Knapp, S","0.2.2014",-8.345948,-78.30283,3234,"pennellii","pennellii","nongeophyte",NA,24,"Potato","PER","Peru","2.65","FCM","Tomato",""
75874,12370,NA,NA,NA,"Knapp, S","0.0.2014",-10.36186,-77.25261,750,"pennellii","pennellii","nongeophyte",NA,24,"Potato","PER","Peru","2.65","FCM","Tomato",""
1632,12397,NA,NA,NA,"Knapp, S; Peralta, IE","0.0.2002",-18.395594,-69.593937,3350,"peruvianum","peruvianum","nongeophyte",NA,24,"Potato","CHL","Chile","2.18","FCM","Tomato",""
1724,12398,NA,NA,NA,"Knapp, S; Peralta, IE","0.0.2002",-18.4,-70.3,20,"peruvianum","peruvianum","nongeophyte",NA,24,"Potato","CHL","Chile","2.18","FCM","Tomato",""
1769,12399,NA,NA,NA,"Knapp, S; Peralta, IE","0.0.2002",-18.526044,-70.147892,0,"peruvianum","peruvianum","nongeophyte",NA,24,"Potato","CHL","Chile","2.18","FCM","Tomato",""
2658,12400,NA,NA,NA,"Knapp, S; Peralta, IE","0.0.2002",-18.759507,-69.57578,0,"peruvianum","peruvianum","nongeophyte",NA,24,"Potato","CHL","Chile","2.18","FCM","Tomato",""
3805,12401,NA,NA,NA,"Knapp, S; Peralta, IE","0.0.2002",-18.816667,-70.133333,500,"peruvianum","peruvianum","nongeophyte",NA,24,"Potato","CHL","Chile","2.18","FCM","Tomato",""
1634,12402,NA,NA,NA,"Knapp, S; Peralta, IE","0.0.2002",-16.393063,-71.535557,350,"peruvianum","peruvianum","nongeophyte",NA,24,"Potato","PER","Peru","2.18","FCM","Tomato",""
1693,12403,NA,NA,NA,"Knapp, S; Peralta, IE","0.0.2002",-16.218167,-73.673333,90,"peruvianum","peruvianum","nongeophyte",NA,24,"Potato","PER","Peru","2.18","FCM","Tomato",""
1694,12404,NA,NA,NA,"Knapp, S; Peralta, IE","0.0.2002",-16.225667,-73.5745,60,"peruvianum","peruvianum","nongeophyte",NA,24,"Potato","PER","Peru","2.18","FCM","Tomato",""
1695,12405,NA,NA,NA,"Knapp, S; Peralta, IE","0.0.2002",-15.808833,-74.352667,240,"peruvianum","peruvianum","nongeophyte",NA,24,"Potato","PER","Peru","2.18","FCM","Tomato",""
1707,12406,NA,NA,NA,"Knapp, S; Peralta, IE","0.0.2002",-11.863436,-77.007087,100,"peruvianum","peruvianum","nongeophyte",NA,24,"Potato","PER","Peru","2.18","FCM","Tomato",""
2047,12407,NA,NA,NA,"Knapp, S; Peralta, IE","0.0.2002",-12.174017,-76.90764,250,"peruvianum","peruvianum","nongeophyte",NA,24,"Potato","PER","Peru","2.18","FCM","Tomato",""
2154,12408,NA,NA,NA,"Knapp, S; Peralta, IE","0.0.2002",-11.350478,-77.376558,300,"peruvianum","peruvianum","nongeophyte",NA,24,"Potato","PER","Peru","2.18","FCM","Tomato",""
2156,12409,NA,NA,NA,"Knapp, S; Peralta, IE","0.0.2002",-17.009975,-72.016667,500,"peruvianum","peruvianum","nongeophyte",NA,24,"Potato","PER","Peru","2.18","FCM","Tomato",""
2259,12410,NA,NA,NA,"Knapp, S; Peralta, IE","0.0.2002",-10.673758,-77.818357,30,"peruvianum","peruvianum","nongeophyte",NA,24,"Potato","PER","Peru","2.18","FCM","Tomato",""
2263,12411,NA,NA,NA,"Knapp, S; Peralta, IE","0.0.2002",-7.384091,-79.550695,30,"peruvianum","peruvianum","nongeophyte",NA,24,"Potato","PER","Peru","2.18","FCM","Tomato",""
2269,12412,NA,NA,NA,"Knapp, S; Peralta, IE","0.0.2002",-7.717595,-79.325839,60,"peruvianum","peruvianum","nongeophyte",NA,24,"Potato","PER","Peru","2.18","FCM","Tomato",""
2278,12413,NA,NA,NA,"Knapp, S; Peralta, IE","0.0.2002",-16,-72.25,0,"peruvianum","peruvianum","nongeophyte",NA,24,"Potato","PER","Peru","2.18","FCM","Tomato",""
2418,12414,NA,NA,NA,"Knapp, S; Peralta, IE","0.0.2002",-9.655662,-77.059697,0,"peruvianum","peruvianum","nongeophyte",NA,24,"Potato","PER","Peru","2.18","FCM","Tomato",""
2434,12415,NA,NA,NA,"Knapp, S; Peralta, IE","0.0.2002",-11.500535,-77.205382,500,"peruvianum","peruvianum","nongeophyte",NA,24,"Potato","PER","Peru","2.18","FCM","Tomato",""
2438,12416,NA,NA,NA,"Knapp, S; Peralta, IE","0.0.2002",-16.356063,-73.02045,480,"peruvianum","peruvianum","nongeophyte",NA,24,"Potato","PER","Peru","2.18","FCM","Tomato",""
3162,12417,NA,NA,NA,"Knapp, S; Peralta, IE","0.0.2002",-10.423709,-77.923396,330,"peruvianum","peruvianum","nongeophyte",NA,24,"Potato","PER","Peru","2.18","FCM","Tomato",""
3261,12418,NA,NA,NA,"Knapp, S; Peralta, IE","0.0.2002",-16.269293,-73.470198,0,"peruvianum","peruvianum","nongeophyte",NA,24,"Potato","PER","Peru","2.18","FCM","Tomato",""
3317,12419,NA,NA,NA,"Knapp, S; Peralta, IE","0.0.2002",-17.091427,-71.671043,700,"peruvianum","peruvianum","nongeophyte",NA,24,"Potato","PER","Peru","2.18","FCM","Tomato",""
33290,12420,NA,NA,NA,"Knapp, S","0.9.2008",-15.675482,-74.501437,100,"peruvianum","peruvianum","nongeophyte",NA,24,"Potato","PER","Peru","2.18","FCM","Tomato",""
3380,12421,NA,NA,NA,"Knapp, S; Peralta, IE","0.0.2002",-15.870513,-74.241963,350,"peruvianum","peruvianum","nongeophyte",NA,24,"Potato","PER","Peru","2.18","FCM","Tomato",""
3433,12422,NA,NA,NA,"Knapp, S; Peralta, IE","0.0.2002",-6.509399,-79.12221,2000,"peruvianum","peruvianum","nongeophyte",NA,24,"Potato","PER","Peru","2.18","FCM","Tomato",""
3511,12423,NA,NA,NA,"Knapp, S; Peralta, IE","0.0.2002",-12.067242,-77.14087,0,"peruvianum","peruvianum","nongeophyte",NA,24,"Potato","PER","Peru","2.18","FCM","Tomato",""
3568,12424,NA,NA,NA,"Knapp, S; Peralta, IE","0.0.2002",-11.333333,-77.5,400,"peruvianum","peruvianum","nongeophyte",NA,24,"Potato","PER","Peru","2.18","FCM","Tomato",""
3580,12425,NA,NA,NA,"Knapp, S; Peralta, IE","0.0.2002",-10.155065,-77.443647,2500,"peruvianum","peruvianum","nongeophyte",NA,24,"Potato","PER","Peru","2.18","FCM","Tomato",""
4670,12427,NA,NA,NA,"Knapp, S; Peralta, IE","0.0.2002",-15.81998,-73.392428,1800,"peruvianum","peruvianum","nongeophyte",NA,24,"Potato","PER","Peru","2.18","FCM","Tomato",""
4778,12428,NA,NA,NA,"Knapp, S; Peralta, IE","0.0.2002",-17.987955,-70.87665,400,"peruvianum","peruvianum","nongeophyte",NA,24,"Potato","PER","Peru","2.18","FCM","Tomato",""
4800,12429,NA,NA,NA,"Knapp, S; Peralta, IE","0.0.2002",-5.016775,-80.009783,1425,"peruvianum","peruvianum","nongeophyte",NA,24,"Potato","PER","Peru","2.18","FCM","Tomato",""
4895,12430,NA,NA,NA,"Knapp, S; Peralta, IE","0.0.2002",-11.90279,-76.786243,0,"peruvianum","peruvianum","nongeophyte",NA,24,"Potato","PER","Peru","2.18","FCM","Tomato",""
5040,12431,NA,NA,NA,"Knapp, S; Peralta, IE","0.0.2002",-16.617343,-72.692108,800,"peruvianum","peruvianum","nongeophyte",NA,24,"Potato","PER","Peru","2.18","FCM","Tomato",""
5145,12432,NA,NA,NA,"Knapp, S; Peralta, IE","0.0.2002",-11.85,-76.4,0,"peruvianum","peruvianum","nongeophyte",NA,24,"Potato","PER","Peru","2.18","FCM","Tomato",""
5229,12433,NA,NA,NA,"Knapp, S; Peralta, IE","0.0.2002",-10.792652,-77.708293,0,"peruvianum","peruvianum","nongeophyte",NA,24,"Potato","PER","Peru","2.18","FCM","Tomato",""
5485,12434,NA,NA,NA,"Knapp, S; Peralta, IE","0.0.2002",-12.385702,-76.772525,152,"peruvianum","peruvianum","nongeophyte",NA,24,"Potato","PER","Peru","2.18","FCM","Tomato",""
5884,12435,NA,NA,NA,"Knapp, S; Peralta, IE","0.0.2002",-10.283543,-78.046076,100,"peruvianum","peruvianum","nongeophyte",NA,24,"Potato","PER","Peru","2.18","FCM","Tomato",""
6119,12436,NA,NA,NA,"Knapp, S; Peralta, IE","0.0.2002",-12.73876,-76.584645,300,"peruvianum","peruvianum","nongeophyte",NA,24,"Potato","PER","Peru","2.18","FCM","Tomato",""
6233,12437,NA,NA,NA,"Knapp, S; Peralta, IE","0.0.2002",-9.847379,-78.180058,330,"peruvianum","peruvianum","nongeophyte",NA,24,"Potato","PER","Peru","2.18","FCM","Tomato",""
6330,12438,NA,NA,NA,"Knapp, S; Peralta, IE","0.0.2002",-11.45159,-76.618595,0,"peruvianum","peruvianum","nongeophyte",NA,24,"Potato","PER","Peru","2.18","FCM","Tomato",""
6352,12439,NA,NA,NA,"Knapp, S; Peralta, IE","0.0.2002",-15.907062,-74.121168,250,"peruvianum","peruvianum","nongeophyte",NA,24,"Potato","PER","Peru","2.18","FCM","Tomato",""
69808,12440,NA,NA,NA,"Farruggia, F","24.10.2010",-7.658833,-79.053,500,"peruvianum","peruvianum","nongeophyte",NA,24,"Potato","PER","Peru","2.18","FCM","Tomato",""
71762,12441,NA,NA,NA,"Knapp, S","0.0.2013",-14.83333,-74.95,1500,"peruvianum","peruvianum","nongeophyte",NA,24,"Potato","PER","Peru","2.18","FCM","Tomato",""
75878,12442,NA,NA,NA,"Knapp, S","0.9.2014",-10.36186,-77.25261,750,"peruvianum","peruvianum","nongeophyte",NA,24,"Potato","PER","Peru","2.18","FCM","Tomato",""
1500,12466,NA,NA,NA,"Without Collector","0.0.0",-0.252622,-79.170405,0,"pimpinellifolium","pimpinellifolium","nongeophyte",NA,24,"Potato","ECU","Ecuador","1.96","FCM","Tomato",""
1673,12467,NA,NA,NA,"Knapp, S; Peralta, IE","0.0.2002",-3.441017,-79.824075,30,"pimpinellifolium","pimpinellifolium","nongeophyte",NA,24,"Potato","ECU","Ecuador","1.96","FCM","Tomato",""
1692,12468,NA,NA,NA,"Knapp, S; Peralta, IE","0.0.2002",-2.167922,-79.769205,0,"pimpinellifolium","pimpinellifolium","nongeophyte",NA,24,"Potato","ECU","Ecuador","1.96","FCM","Tomato",""
16921,12469,NA,NA,NA,"Knapp, S","0.0.2006",-0.405882,-80.112573,10,"pimpinellifolium","pimpinellifolium","nongeophyte",NA,24,"Potato","ECU","Ecuador","1.96","FCM","Tomato",""
2000,12470,NA,NA,NA,"Knapp, S; Peralta, IE","0.0.2002",-0.958748,-80.70281,0,"pimpinellifolium","pimpinellifolium","nongeophyte",NA,24,"Potato","ECU","Ecuador","1.96","FCM","Tomato",""
2002,12471,NA,NA,NA,"Knapp, S; Peralta, IE","0.0.2002",-0.616066,-80.433045,0,"pimpinellifolium","pimpinellifolium","nongeophyte",NA,24,"Potato","ECU","Ecuador","1.96","FCM","Tomato",""
2244,12472,NA,NA,NA,"Knapp, S; Peralta, IE","0.0.2002",-2.20142,-80.034323,0,"pimpinellifolium","pimpinellifolium","nongeophyte",NA,24,"Potato","ECU","Ecuador","1.96","FCM","Tomato",""
2245,12473,NA,NA,NA,"Knapp, S; Peralta, IE","0.0.2002",-3.45222,-79.961667,0,"pimpinellifolium","pimpinellifolium","nongeophyte",NA,24,"Potato","ECU","Ecuador","1.96","FCM","Tomato",""
2248,12474,NA,NA,NA,"Knapp, S; Peralta, IE","0.0.2002",-3.192912,-79.480387,0,"pimpinellifolium","pimpinellifolium","nongeophyte",NA,24,"Potato","ECU","Ecuador","1.96","FCM","Tomato",""
2276,12475,NA,NA,NA,"Knapp, S; Peralta, IE","0.0.2002",-2.112167,-77.201667,100,"pimpinellifolium","pimpinellifolium","nongeophyte",NA,24,"Potato","ECU","Ecuador","1.96","FCM","Tomato",""
2328,12476,NA,NA,NA,"Knapp, S; Peralta, IE","0.0.2002",-1.079175,-80.51341,80,"pimpinellifolium","pimpinellifolium","nongeophyte",NA,24,"Potato","ECU","Ecuador","1.96","FCM","Tomato",""
2670,12477,NA,NA,NA,"Knapp, S; Peralta, IE","0.0.2002",-2.923293,-79.686857,0,"pimpinellifolium","pimpinellifolium","nongeophyte",NA,24,"Potato","ECU","Ecuador","1.96","FCM","Tomato",""
2700,12478,NA,NA,NA,NA,"0.0.0",-0.694,-90.3245,187,"pimpinellifolium","pimpinellifolium","nongeophyte",NA,24,"Potato","ECU","Ecuador","1.96","FCM","Tomato",""
2961,12479,NA,NA,NA,NA,"0.0.0",-0.825132,-91.153185,230,"pimpinellifolium","pimpinellifolium","nongeophyte",NA,24,"Potato","ECU","Ecuador","1.96","FCM","Tomato",""
2968,12480,NA,NA,NA,"Knapp, S","0.0.0",-0.859883,-90.957097,140,"pimpinellifolium","pimpinellifolium","nongeophyte",NA,24,"Potato","ECU","Ecuador","1.96","FCM","Tomato",""
3001,12481,NA,NA,NA,"Knapp, S; Peralta, IE","0.0.2002",-0.906167,-89.606333,40,"pimpinellifolium","pimpinellifolium","nongeophyte",NA,24,"Potato","ECU","Ecuador","1.96","FCM","Tomato",""
3022,12482,NA,NA,NA,"Knapp, S; Peralta, IE","0.0.2002",-0.673,-90.438667,200,"pimpinellifolium","pimpinellifolium","nongeophyte",NA,24,"Potato","ECU","Ecuador","1.96","FCM","Tomato",""
3188,12483,NA,NA,NA,"Knapp, S; Peralta, IE","0.0.2002",-3.271327,-79.571666,200,"pimpinellifolium","pimpinellifolium","nongeophyte",NA,24,"Potato","ECU","Ecuador","1.96","FCM","Tomato",""
3231,12484,NA,NA,NA,"Knapp, S; Peralta, IE","0.0.2002",-2.18514,-79.433046,0,"pimpinellifolium","pimpinellifolium","nongeophyte",NA,24,"Potato","ECU","Ecuador","1.96","FCM","Tomato",""
3534,12485,NA,NA,NA,"Knapp, S; Peralta, IE","0.0.2002",-0.67525,-79.449491,200,"pimpinellifolium","pimpinellifolium","nongeophyte",NA,24,"Potato","ECU","Ecuador","1.96","FCM","Tomato",""
3903,12486,NA,NA,NA,"Knapp, S; Peralta, IE","0.0.2002",-2.121435,-79.53551,0,"pimpinellifolium","pimpinellifolium","nongeophyte",NA,24,"Potato","ECU","Ecuador","1.96","FCM","Tomato",""
3938,12487,NA,NA,NA,"Knapp, S; Peralta, IE","0.0.2002",-0.24333,-79.89167,0,"pimpinellifolium","pimpinellifolium","nongeophyte",NA,24,"Potato","ECU","Ecuador","1.96","FCM","Tomato",""
3943,12488,NA,NA,NA,"Knapp, S; Peralta, IE","0.0.2002",-2.25,-80.916667,10,"pimpinellifolium","pimpinellifolium","nongeophyte",NA,24,"Potato","ECU","Ecuador","1.96","FCM","Tomato",""
3948,12489,NA,NA,NA,"Knapp, S; Peralta, IE","0.0.2002",-2.383333,-80.683333,3,"pimpinellifolium","pimpinellifolium","nongeophyte",NA,24,"Potato","ECU","Ecuador","1.96","FCM","Tomato",""
3952,12490,NA,NA,NA,"Knapp, S; Peralta, IE","0.0.2002",-2.35,-80.5,70,"pimpinellifolium","pimpinellifolium","nongeophyte",NA,24,"Potato","ECU","Ecuador","1.96","FCM","Tomato",""
4557,12491,NA,NA,NA,NA,"0.0.0",0.522516,-78.280298,550,"pimpinellifolium","pimpinellifolium","nongeophyte",NA,24,"Potato","ECU","Ecuador","1.96","FCM","Tomato",""
5001,12492,NA,NA,NA,"Knapp, S; Peralta, IE","0.0.2002",0.325,-79.768333,550,"pimpinellifolium","pimpinellifolium","nongeophyte",NA,24,"Potato","ECU","Ecuador","1.96","FCM","Tomato",""
5082,12493,NA,NA,NA,"Knapp, S; Peralta, IE","0.0.2002",-1.291117,-80.34429,300,"pimpinellifolium","pimpinellifolium","nongeophyte",NA,24,"Potato","ECU","Ecuador","1.96","FCM","Tomato",""
5508,12494,NA,NA,NA,"Knapp, S; Peralta, IE","0.0.2002",-1.49,-79.31,20,"pimpinellifolium","pimpinellifolium","nongeophyte",NA,24,"Potato","ECU","Ecuador","1.96","FCM","Tomato",""
5601,12495,NA,NA,NA,"Knapp, S; Peralta, IE","0.0.2002",-2.161478,-80.170575,0,"pimpinellifolium","pimpinellifolium","nongeophyte",NA,24,"Potato","ECU","Ecuador","1.96","FCM","Tomato",""
6092,12496,NA,NA,NA,"Knapp, S; Peralta, IE","0.0.2002",-4.202778,-80.116667,740,"pimpinellifolium","pimpinellifolium","nongeophyte",NA,24,"Potato","ECU","Ecuador","1.96","FCM","Tomato",""
6094,12497,NA,NA,NA,"Knapp, S; Peralta, IE","0.0.2002",-3.556111,-80.2075,30,"pimpinellifolium","pimpinellifolium","nongeophyte",NA,24,"Potato","ECU","Ecuador","1.96","FCM","Tomato",""
6215,12498,NA,NA,NA,"Knapp, S; Peralta, IE","0.0.2002",0.8,-79.933333,1,"pimpinellifolium","pimpinellifolium","nongeophyte",NA,24,"Potato","ECU","Ecuador","1.96","FCM","Tomato",""
6381,12499,NA,NA,NA,"Knapp, S; Peralta, IE","0.0.2002",-1.529,-80.79,10,"pimpinellifolium","pimpinellifolium","nongeophyte",NA,24,"Potato","ECU","Ecuador","1.96","FCM","Tomato",""
6451,12500,NA,NA,NA,"Knapp, S","14.1.2005",-0.444015,-79.541439,30,"pimpinellifolium","pimpinellifolium","nongeophyte",NA,24,"Potato","ECU","Ecuador","1.96","FCM","Tomato",""
71751,12501,NA,NA,NA,"Knapp, S","0.0.2013",-2.35,-80.2833,80,"pimpinellifolium","pimpinellifolium","nongeophyte",NA,24,"Potato","ECU","Ecuador","1.96","FCM","Tomato",""
71752,12502,NA,NA,NA,"Knapp, S","0.0.2013",-0.866666,-79.9333,40,"pimpinellifolium","pimpinellifolium","nongeophyte",NA,24,"Potato","ECU","Ecuador","1.96","FCM","Tomato",""
72482,12503,NA,NA,NA,"Darwin, SC","0.0.2002",-0.694333,-90.22133,13,"pimpinellifolium","pimpinellifolium","nongeophyte",NA,24,"Potato","ECU","Ecuador","1.96","FCM","Tomato",""
1886,12504,NA,NA,NA,"Knapp, S; Peralta, IE","0.0.2002",-11.55181,-76.675858,0,"pimpinellifolium","pimpinellifolium","nongeophyte",NA,24,"Potato","PER","Peru","1.96","FCM","Tomato",""
2059,12505,NA,NA,NA,"Knapp, S; Peralta, IE","0.0.2002",-11.97622,-76.759935,762,"pimpinellifolium","pimpinellifolium","nongeophyte",NA,24,"Potato","PER","Peru","1.96","FCM","Tomato",""
2080,12506,NA,NA,NA,"Knapp, S; Peralta, IE","0.0.2002",-5.606445,-78.434288,487,"pimpinellifolium","pimpinellifolium","nongeophyte",NA,24,"Potato","PER","Peru","1.96","FCM","Tomato",""
2193,12507,NA,NA,NA,"Knapp, S; Peralta, IE","0.0.2002",-12.023333,-76.636667,0,"pimpinellifolium","pimpinellifolium","nongeophyte",NA,24,"Potato","PER","Peru","1.96","FCM","Tomato",""
2194,12508,NA,NA,NA,"Knapp, S; Peralta, IE","0.0.2002",-8.107518,-79.024875,91,"pimpinellifolium","pimpinellifolium","nongeophyte",NA,24,"Potato","PER","Peru","1.96","FCM","Tomato",""
2198,12509,NA,NA,NA,"Knapp, S; Peralta, IE","0.0.2002",-7.241655,-79.470638,45,"pimpinellifolium","pimpinellifolium","nongeophyte",NA,24,"Potato","PER","Peru","1.96","FCM","Tomato",""
2199,12510,NA,NA,NA,"Knapp, S; Peralta, IE","0.0.2002",-6.472673,-79.91764,22,"pimpinellifolium","pimpinellifolium","nongeophyte",NA,24,"Potato","PER","Peru","1.96","FCM","Tomato",""
2258,12511,NA,NA,NA,"Knapp, S; Peralta, IE","0.0.2002",-12.037332,-76.869593,0,"pimpinellifolium","pimpinellifolium","nongeophyte",NA,24,"Potato","PER","Peru","1.96","FCM","Tomato",""
2262,12512,NA,NA,NA,"Knapp, S; Peralta, IE","0.0.2002",-11.61676,-77.233808,30,"pimpinellifolium","pimpinellifolium","nongeophyte",NA,24,"Potato","PER","Peru","1.96","FCM","Tomato",""
2267,12513,NA,NA,NA,"Knapp, S; Peralta, IE","0.0.2002",-10.067873,-78.15588,60,"pimpinellifolium","pimpinellifolium","nongeophyte",NA,24,"Potato","PER","Peru","1.96","FCM","Tomato",""
2274,12514,NA,NA,NA,"Knapp, S; Peralta, IE","0.0.2002",-4.7811,-80.9707,0,"pimpinellifolium","pimpinellifolium","nongeophyte",NA,24,"Potato","PER","Peru","1.96","FCM","Tomato",""
22913,12515,NA,NA,NA,"Knapp, S","0.0.2004",-5.133333,-78.916667,620,"pimpinellifolium","pimpinellifolium","nongeophyte",NA,24,"Potato","PER","Peru","1.96","FCM","Tomato",""
2383,12516,NA,NA,NA,"Knapp, S; Peralta, IE","0.0.2002",-12.217317,-76.985674,1,"pimpinellifolium","pimpinellifolium","nongeophyte",NA,24,"Potato","PER","Peru","1.96","FCM","Tomato",""
2384,12517,NA,NA,NA,"Knapp, S; Peralta, IE","0.0.2002",-14.916667,-74.95,500,"pimpinellifolium","pimpinellifolium","nongeophyte",NA,24,"Potato","PER","Peru","1.96","FCM","Tomato",""
2412,12518,NA,NA,NA,"Knapp, S; Peralta, IE","0.0.2002",-5.143667,-81.125667,0,"pimpinellifolium","pimpinellifolium","nongeophyte",NA,24,"Potato","PER","Peru","1.96","FCM","Tomato",""
2414,12519,NA,NA,NA,"Knapp, S; Peralta, IE","0.0.2002",-5.316,-79.762667,0,"pimpinellifolium","pimpinellifolium","nongeophyte",NA,24,"Potato","PER","Peru","1.96","FCM","Tomato",""
2415,12520,NA,NA,NA,"Knapp, S; Peralta, IE","0.0.2002",-6.068485,-79.722878,0,"pimpinellifolium","pimpinellifolium","nongeophyte",NA,24,"Potato","PER","Peru","1.96","FCM","Tomato",""
2416,12521,NA,NA,NA,"Knapp, S; Peralta, IE","0.0.2002",-9.5,-77.75,0,"pimpinellifolium","pimpinellifolium","nongeophyte",NA,24,"Potato","PER","Peru","1.96","FCM","Tomato",""
2419,12522,NA,NA,NA,"Knapp, S; Peralta, IE","0.0.2002",-7.044659,-79.577452,100,"pimpinellifolium","pimpinellifolium","nongeophyte",NA,24,"Potato","PER","Peru","1.96","FCM","Tomato",""
2435,12523,NA,NA,NA,"Knapp, S; Peralta, IE","0.0.2002",-8.001306,-78.675532,2200,"pimpinellifolium","pimpinellifolium","nongeophyte",NA,24,"Potato","PER","Peru","1.96","FCM","Tomato",""
2450,12524,NA,NA,NA,"Knapp, S; Peralta, IE","0.0.2002",-4.574448,-81.269955,180,"pimpinellifolium","pimpinellifolium","nongeophyte",NA,24,"Potato","PER","Peru","1.96","FCM","Tomato",""
27633,12525,NA,NA,NA,"Knapp, S","0.4.2007",-13,-72.05,2700,"pimpinellifolium","pimpinellifolium","nongeophyte",NA,24,"Potato","PER","Peru","1.96","FCM","Tomato",""
27645,12526,NA,NA,NA,"Knapp, S","0.4.2007",-5.283333,-78.766667,600,"pimpinellifolium","pimpinellifolium","nongeophyte",NA,24,"Potato","PER","Peru","1.96","FCM","Tomato",""
2825,12527,NA,NA,NA,"Knapp, S; Peralta, IE","0.0.2002",-10.933768,-77.021997,650,"pimpinellifolium","pimpinellifolium","nongeophyte",NA,24,"Potato","PER","Peru","1.96","FCM","Tomato",""
2835,12528,NA,NA,NA,"Knapp, S; Peralta, IE","0.0.2002",-5.50796,-80.636552,50,"pimpinellifolium","pimpinellifolium","nongeophyte",NA,24,"Potato","PER","Peru","1.96","FCM","Tomato",""
2848,12529,NA,NA,NA,"Knapp, S; Peralta, IE","0.0.2002",-6.955833,-79.238667,300,"pimpinellifolium","pimpinellifolium","nongeophyte",NA,24,"Potato","PER","Peru","1.96","FCM","Tomato",""
2866,12530,NA,NA,NA,"Knapp, S; Peralta, IE","0.0.2002",-12.067,-76.1217,5,"pimpinellifolium","pimpinellifolium","nongeophyte",NA,24,"Potato","PER","Peru","1.96","FCM","Tomato",""
2892,12531,NA,NA,NA,"Knapp, S; Peralta, IE","0.0.2002",-11.884167,-76.437167,0,"pimpinellifolium","pimpinellifolium","nongeophyte",NA,24,"Potato","PER","Peru","1.96","FCM","Tomato",""
3132,12532,NA,NA,NA,"Knapp, S; Peralta, IE","0.0.2002",-4.942645,-80.566765,260,"pimpinellifolium","pimpinellifolium","nongeophyte",NA,24,"Potato","PER","Peru","1.96","FCM","Tomato",""
3313,12533,NA,NA,NA,"Knapp, S; Peralta, IE","0.0.2002",-3.559627,-80.450075,50,"pimpinellifolium","pimpinellifolium","nongeophyte",NA,24,"Potato","PER","Peru","1.96","FCM","Tomato",""
3324,12534,NA,NA,NA,"Knapp, S; Peralta, IE","0.0.2002",-3.78366,-80.626338,320,"pimpinellifolium","pimpinellifolium","nongeophyte",NA,24,"Potato","PER","Peru","1.96","FCM","Tomato",""
33404,12535,NA,NA,NA,"Knapp, S","0.9.2008",-13.4733,-76.1871,10,"pimpinellifolium","pimpinellifolium","nongeophyte",NA,24,"Potato","PER","Peru","1.96","FCM","Tomato",""
3354,12536,NA,NA,NA,"Knapp, S; Peralta, IE","0.0.2002",-3.468792,-80.334707,10,"pimpinellifolium","pimpinellifolium","nongeophyte",NA,24,"Potato","PER","Peru","1.96","FCM","Tomato",""
3355,12537,NA,NA,NA,"Knapp, S; Peralta, IE","0.0.2002",-5.20683,-80.084028,180,"pimpinellifolium","pimpinellifolium","nongeophyte",NA,24,"Potato","PER","Peru","1.96","FCM","Tomato",""
33611,12538,NA,NA,NA,"Knapp, S","0.9.2008",-5.308793,-79.28335,500,"pimpinellifolium","pimpinellifolium","nongeophyte",NA,24,"Potato","PER","Peru","1.96","FCM","Tomato",""
33613,12539,NA,NA,NA,"Knapp, S","0.9.2008",-6.15296,-80.237358,50,"pimpinellifolium","pimpinellifolium","nongeophyte",NA,24,"Potato","PER","Peru","1.96","FCM","Tomato",""
33615,12540,NA,NA,NA,"Knapp, S","0.9.2008",-5.928,-78.672333,680,"pimpinellifolium","pimpinellifolium","nongeophyte",NA,24,"Potato","PER","Peru","1.96","FCM","Tomato",""
3362,12541,NA,NA,NA,"Knapp, S; Peralta, IE","0.0.2002",-5.47144,-80.458097,100,"pimpinellifolium","pimpinellifolium","nongeophyte",NA,24,"Potato","PER","Peru","1.96","FCM","Tomato",""
3364,12542,NA,NA,NA,"Knapp, S; Peralta, IE","0.0.2002",-4.5,-80.666667,50,"pimpinellifolium","pimpinellifolium","nongeophyte",NA,24,"Potato","PER","Peru","1.96","FCM","Tomato",""
3627,12543,NA,NA,NA,"Knapp, S; Peralta, IE","0.0.2002",-8.153123,-78.473347,0,"pimpinellifolium","pimpinellifolium","nongeophyte",NA,24,"Potato","PER","Peru","1.96","FCM","Tomato",""
3644,12544,NA,NA,NA,"Knapp, S; Peralta, IE","0.0.2002",-7.833333,-78.583333,600,"pimpinellifolium","pimpinellifolium","nongeophyte",NA,24,"Potato","PER","Peru","1.96","FCM","Tomato",""
3810,12545,NA,NA,NA,"Knapp, S; Peralta, IE","0.0.2002",-4.528431,-81.053604,200,"pimpinellifolium","pimpinellifolium","nongeophyte",NA,24,"Potato","PER","Peru","1.96","FCM","Tomato",""
4023,12547,NA,NA,NA,"Knapp, S; Peralta, IE","0.0.2002",-6.054874,-79.05566,950,"pimpinellifolium","pimpinellifolium","nongeophyte",NA,24,"Potato","PER","Peru","1.96","FCM","Tomato",""
4418,12548,NA,NA,NA,"Knapp, S; Peralta, IE","0.0.2002",-6.65,-79.75,700,"pimpinellifolium","pimpinellifolium","nongeophyte",NA,24,"Potato","PER","Peru","1.96","FCM","Tomato",""
4523,12549,NA,NA,NA,"Knapp, S; Peralta, IE","0.0.2002",-14.117778,-75.759444,412,"pimpinellifolium","pimpinellifolium","nongeophyte",NA,24,"Potato","PER","Peru","1.96","FCM","Tomato",""
4779,12550,NA,NA,NA,"Knapp, S; Peralta, IE","0.0.2002",-7.82,-79.229,0,"pimpinellifolium","pimpinellifolium","nongeophyte",NA,24,"Potato","PER","Peru","1.96","FCM","Tomato",""
4881,12551,NA,NA,NA,"Knapp, S; Peralta, IE","0.0.2002",-11.358833,-76.807833,500,"pimpinellifolium","pimpinellifolium","nongeophyte",NA,24,"Potato","PER","Peru","1.96","FCM","Tomato",""
4898,12552,NA,NA,NA,"Knapp, S; Peralta, IE","0.0.2002",-13.0212,-76.1226,1500,"pimpinellifolium","pimpinellifolium","nongeophyte",NA,24,"Potato","PER","Peru","1.96","FCM","Tomato",""
5042,12553,NA,NA,NA,"Knapp, S; Peralta, IE","0.0.2002",-15.676167,-73.563333,150,"pimpinellifolium","pimpinellifolium","nongeophyte",NA,24,"Potato","PER","Peru","1.96","FCM","Tomato",""
5047,12554,NA,NA,NA,"Knapp, S; Peralta, IE","0.0.2002",-12.557895,-76.555795,100,"pimpinellifolium","pimpinellifolium","nongeophyte",NA,24,"Potato","PER","Peru","1.96","FCM","Tomato",""
5240,12555,NA,NA,NA,"Knapp, S; Peralta, IE","0.0.2002",-7.25027,-78.657345,0,"pimpinellifolium","pimpinellifolium","nongeophyte",NA,24,"Potato","PER","Peru","1.96","FCM","Tomato",""
5269,12556,NA,NA,NA,"Knapp, S; Peralta, IE","0.0.2002",-16.389669,-73.250282,0,"pimpinellifolium","pimpinellifolium","nongeophyte",NA,24,"Potato","PER","Peru","1.96","FCM","Tomato",""
5272,12557,NA,NA,NA,"Knapp, S; Peralta, IE","0.0.2002",-6.690293,-79.464351,180,"pimpinellifolium","pimpinellifolium","nongeophyte",NA,24,"Potato","PER","Peru","1.96","FCM","Tomato",""
5454,12558,NA,NA,NA,"Knapp, S; Peralta, IE","0.0.2002",-6.67603,-79.073232,1200,"pimpinellifolium","pimpinellifolium","nongeophyte",NA,24,"Potato","PER","Peru","1.96","FCM","Tomato",""
5462,12559,NA,NA,NA,"Knapp, S; Peralta, IE","0.0.2002",-11.25373,-77.41657,500,"pimpinellifolium","pimpinellifolium","nongeophyte",NA,24,"Potato","PER","Peru","1.96","FCM","Tomato",""
5487,12560,NA,NA,NA,"Knapp, S; Peralta, IE","0.0.2002",-12.067242,-77.14087,0,"pimpinellifolium","pimpinellifolium","nongeophyte",NA,24,"Potato","PER","Peru","1.96","FCM","Tomato",""
5597,12561,NA,NA,NA,"Knapp, S; Peralta, IE","0.0.2002",-7.474505,-78.817365,1140,"pimpinellifolium","pimpinellifolium","nongeophyte",NA,24,"Potato","PER","Peru","1.96","FCM","Tomato",""
5639,12562,NA,NA,NA,"Knapp, S; Peralta, IE","0.0.2002",-8.47477,-78.155608,1100,"pimpinellifolium","pimpinellifolium","nongeophyte",NA,24,"Potato","PER","Peru","1.96","FCM","Tomato",""
6099,12563,NA,NA,NA,"Knapp, S","0.6.2004",-17,-71.833333,600,"pimpinellifolium","pimpinellifolium","nongeophyte",NA,24,"Potato","PER","Peru","1.96","FCM","Tomato",""
6242,12564,NA,NA,NA,"Knapp, S; Peralta, IE","0.0.2002",-9.15697,-78.300107,223,"pimpinellifolium","pimpinellifolium","nongeophyte",NA,24,"Potato","PER","Peru","1.96","FCM","Tomato",""
6446,12565,NA,NA,NA,"Knapp, S; Peralta, IE","0.0.2002",-12.5,-75.916667,0,"pimpinellifolium","pimpinellifolium","nongeophyte",NA,24,"Potato","PER","Peru","1.96","FCM","Tomato",""
65208,12566,NA,NA,NA,"Knapp, S","0.2.2012",-15.4,-74.6,195,"pimpinellifolium","pimpinellifolium","nongeophyte",NA,24,"Potato","PER","Peru","1.96","FCM","Tomato",""
71485,12567,NA,NA,NA,"Knapp, S","0.0.2013",-7.641917,-79.00967,672,"pimpinellifolium","pimpinellifolium","nongeophyte",NA,24,"Potato","PER","Peru","1.96","FCM","Tomato",""
74972,12568,NA,NA,NA,"Knapp, S","0.2.2014",-11.67317,-76.90483,500,"pimpinellifolium","pimpinellifolium","nongeophyte",NA,24,"Potato","PER","Peru","1.96","FCM","Tomato",""
74974,12569,NA,NA,NA,"Knapp, S","0.2.2014",-14.355,-75.66901,300,"pimpinellifolium","pimpinellifolium","nongeophyte",NA,24,"Potato","PER","Peru","1.96","FCM","Tomato",""
75879,12570,NA,NA,NA,"Knapp, S","0.0.2014",-10.36186,-77.25261,750,"pimpinellifolium","pimpinellifolium","nongeophyte",NA,24,"Potato","PER","Peru","1.96","FCM","Tomato",""
95357,12571,NA,NA,NA,"Knapp, S","0.5.2014",-7.423722,-78.92475,1370,"pimpinellifolium","pimpinellifolium","nongeophyte",NA,24,"Potato","PER","Peru","1.96","FCM","Tomato",""
95413,12572,NA,NA,NA,"Knapp, S","0.6.2014",-7.661389,-79.33419,94,"pimpinellifolium","pimpinellifolium","nongeophyte",NA,24,"Potato","PER","Peru","1.96","FCM","Tomato",""
98900,12573,NA,NA,NA,"Knapp, S","0.0.2015",-12.46667,-71.56667,1719,"pimpinellifolium","pimpinellifolium","nongeophyte",NA,24,"Potato","PER","Peru","1.96","FCM","Tomato",""
118525,12671,NA,NA,NA,"Knapp, S","0.10.2016",-2.955833,-78.34139,1395,"savanillense","savanillense","nongeophyte",NA,24,"Potato","ECU","Ecuador","2.41","LocoGSE","Pteroidea",""
19297,12672,NA,NA,NA,"Knapp, S","0.0.2007",-3.6555,-79.273056,2910,"savanillense","savanillense","nongeophyte",NA,24,"Potato","ECU","Ecuador","2.41","LocoGSE","Pteroidea",""
24612,12673,NA,NA,NA,"Knapp, S","0.0.2001",-4.083333,-79.166667,2800,"savanillense","savanillense","nongeophyte",NA,24,"Potato","ECU","Ecuador","2.41","LocoGSE","Pteroidea",""
66022,12674,NA,NA,NA,"Knapp, S","0.12.2013",-6.0725,-78.3575,2710,"savanillense","savanillense","nongeophyte",NA,24,"Potato","PER","Peru","2.41","LocoGSE","Pteroidea",""
70854,12675,NA,NA,NA,"Cueva, M","19.11.2009",-6.882644,-77.59764,2900,"savanillense","savanillense","nongeophyte",NA,24,"Potato","PER","Peru","2.41","LocoGSE","Pteroidea",""
75219,12676,NA,NA,NA,"Cueva, M","0.11.2014",-10.27183,-75.50983,1895,"savanillense","savanillense","nongeophyte",NA,24,"Potato","PER","Peru","2.41","LocoGSE","Pteroidea",""
161857,12717,NA,NA,NA,"Knapp, S","0.12.2019",19.98176,-97.72126,1119,"skutchii","skutchii","nongeophyte",NA,24,"Potato","MEX","Mexico","1.14","LocoGSE","Anarrhichomenum",""
161858,12718,NA,NA,NA,"Knapp, S","0.12.2019",19.98559,-97.69139,819,"skutchii","skutchii","nongeophyte",NA,24,"Potato","MEX","Mexico","1.14","LocoGSE","Anarrhichomenum",""
122490,12719,NA,NA,NA,"Granados-Tochoy, JC","1.1.2005",2.255499,-75.67003,700,"sodiroi","sodiroi","nongeophyte",NA,24,"Potato","COL","Colombia","1.5","LocoGSE","Anarrhichomenum",""
124041,12720,NA,NA,NA,"VÃ©lez, C","1.1.1994",4.3581,-75.64405,1920,"sodiroi","sodiroi","nongeophyte",NA,24,"Potato","COL","Colombia","1.5","LocoGSE","Anarrhichomenum",""
125234,12721,NA,NA,NA,NA,"0.0.0",5.084692,-75.39146,3000,"sodiroi","sodiroi","nongeophyte",NA,24,"Potato","COL","Colombia","1.5","LocoGSE","Anarrhichomenum",""
139183,12722,NA,NA,NA,"Tepe, EJ","0.10.2018",0.166667,-78.36667,2200,"sodiroi","sodiroi","nongeophyte",NA,24,"Potato","ECU","Ecuador","1.5","LocoGSE","Anarrhichomenum",""
19310,12723,NA,NA,NA,NA,"0.0.0",-1.405861,-78.411167,2280,"sodiroi","sodiroi","nongeophyte",NA,24,"Potato","ECU","Ecuador","1.5","LocoGSE","Anarrhichomenum",""
19337,12724,NA,NA,NA,NA,"0.0.0",-0.000222,-78.544139,2700,"sodiroi","sodiroi","nongeophyte",NA,24,"Potato","ECU","Ecuador","1.5","LocoGSE","Anarrhichomenum",""
26772,12725,NA,NA,NA,"Knapp, S","0.0.1987",-1.25,-78.783333,3150,"sodiroi","sodiroi","nongeophyte",NA,24,"Potato","ECU","Ecuador","1.5","LocoGSE","Anarrhichomenum",""
26774,12726,NA,NA,NA,NA,"0.0.0",-0.05,-78.666667,2700,"sodiroi","sodiroi","nongeophyte",NA,24,"Potato","ECU","Ecuador","1.5","LocoGSE","Anarrhichomenum",""
53290,12727,NA,NA,NA,"Tepe, EJ","0.1.2009",-0.585833,-77.884444,2100,"sodiroi","sodiroi","nongeophyte",NA,24,"Potato","ECU","Ecuador","1.5","LocoGSE","Anarrhichomenum",""
161659,13101,NA,NA,NA,"Knapp, S","0.10.2019",-15.53333,-67.35,650,"suaveolens","suaveolens","nongeophyte",NA,24,"Potato","BOL","Bolivia","2.63","FCM","Basarthrum",""
24607,13102,NA,NA,NA,NA,"0.0.0",-16.337262,-67.82499,0,"suaveolens","suaveolens","nongeophyte",NA,24,"Potato","BOL","Bolivia","2.63","FCM","Basarthrum",""
35404,13103,NA,NA,NA,"Knapp, S","0.0.2006",-14.37502,-68.2522,1297,"suaveolens","suaveolens","nongeophyte",NA,24,"Potato","BOL","Bolivia","2.63","FCM","Basarthrum",""
35412,13104,NA,NA,NA,"Knapp, S","0.0.2006",-16.20305,-67.26625,1155,"suaveolens","suaveolens","nongeophyte",NA,24,"Potato","BOL","Bolivia","2.63","FCM","Basarthrum",""
112078,13105,NA,NA,NA,"Correll, DS","0.0.1962",4.933859,-74.43444,1600,"suaveolens","suaveolens","nongeophyte",NA,24,"Potato","COL","Colombia","2.63","FCM","Basarthrum",""
112233,13106,NA,NA,NA,"Correll, DS","0.0.1962",1.209976,-76.80697,1600,"suaveolens","suaveolens","nongeophyte",NA,24,"Potato","COL","Colombia","2.63","FCM","Basarthrum",""
7992,13107,NA,NA,NA,"Knapp, S","0.0.2000",10.304167,-84.811111,1500,"suaveolens","suaveolens","nongeophyte",NA,24,"Potato","CRI","Costa Rica","2.63","FCM","Basarthrum",""
26830,13108,NA,NA,NA,"Nee, M","0.0.1997",-1.616667,-80.833333,20,"suaveolens","suaveolens","nongeophyte",NA,24,"Potato","ECU","Ecuador","2.63","FCM","Basarthrum",""
26833,13109,NA,NA,NA,"Knapp, S","0.0.0",-2.166667,-79.833333,100,"suaveolens","suaveolens","nongeophyte",NA,24,"Potato","ECU","Ecuador","2.63","FCM","Basarthrum",""
9196,13110,NA,NA,NA,"Knapp, S","0.0.2002",17.160694,-89.658397,0,"suaveolens","suaveolens","nongeophyte",NA,24,"Potato","GTM","Guatemala","2.63","FCM","Basarthrum",""
7754,13111,NA,NA,NA,"Nee, M","0.0.1995",15.416667,-85.783333,635,"suaveolens","suaveolens","nongeophyte",NA,24,"Potato","HND","Honduras","2.63","FCM","Basarthrum",""
7759,13112,NA,NA,NA,"Nee, M","0.0.1995",17.266667,-93.016667,750,"suaveolens","suaveolens","nongeophyte",NA,24,"Potato","MEX","Mexico","2.63","FCM","Basarthrum",""
132554,13113,NA,NA,NA,"Orejuela, A","1.6.2017",-8.354639,-76.73242,1007,"suaveolens","suaveolens","nongeophyte",NA,24,"Potato","PER","Peru","2.63","FCM","Basarthrum",""
15189,13114,NA,NA,NA,"Knapp, S","0.0.2005",-5.683333,-77.65,1000,"suaveolens","suaveolens","nongeophyte",NA,24,"Potato","PER","Peru","2.63","FCM","Basarthrum",""
22212,13115,NA,NA,NA,"Knapp, S","0.0.2014",-6.6,-76.166667,250,"suaveolens","suaveolens","nongeophyte",NA,24,"Potato","PER","Peru","2.63","FCM","Basarthrum",""
23277,13117,NA,NA,NA,NA,"0.0.0",-10.066667,-71.1,300,"suaveolens","suaveolens","nongeophyte",NA,24,"Potato","PER","Peru","2.63","FCM","Basarthrum",""
23278,13118,NA,NA,NA,"Knapp, S","0.0.2014",-10.2,-70.95,190,"suaveolens","suaveolens","nongeophyte",NA,24,"Potato","PER","Peru","2.63","FCM","Basarthrum",""
23279,13119,NA,NA,NA,"Knapp, S","0.0.2014",-11.900541,-71.367529,400,"suaveolens","suaveolens","nongeophyte",NA,24,"Potato","PER","Peru","2.63","FCM","Basarthrum",""
26831,13120,NA,NA,NA,"Ugent, D","0.0.1967",-6.471617,-76.404035,250,"suaveolens","suaveolens","nongeophyte",NA,24,"Potato","PER","Peru","2.63","FCM","Basarthrum",""
32955,13121,NA,NA,NA,"Knapp, S","0.9.2008",-12.766667,-73.166667,500,"suaveolens","suaveolens","nongeophyte",NA,24,"Potato","PER","Peru","2.63","FCM","Basarthrum",""
70935,13122,NA,NA,NA,"Knapp, S","0.0.2014",-12.8837,-73.55174,830,"suaveolens","suaveolens","nongeophyte",NA,24,"Potato","PER","Peru","2.63","FCM","Basarthrum",""
71384,13123,NA,NA,NA,"Knapp, S","0.0.0",-11.15082,-75.21364,1309,"suaveolens","suaveolens","nongeophyte",NA,24,"Potato","PER","Peru","2.63","FCM","Basarthrum",""
74636,13124,NA,NA,NA,"Knapp, S","0.2.2014",-10.38109,-75.54987,1645,"suaveolens","suaveolens","nongeophyte",NA,24,"Potato","PER","Peru","2.63","FCM","Basarthrum",""
75280,13125,NA,NA,NA,"Knapp, S","0.2.2014",-10.706,-75.05,970,"suaveolens","suaveolens","nongeophyte",NA,24,"Potato","PER","Peru","2.63","FCM","Basarthrum",""
75310,13126,NA,NA,NA,"Knapp, S","0.2.2014",-8.079888,-76.63074,500,"suaveolens","suaveolens","nongeophyte",NA,24,"Potato","PER","Peru","2.63","FCM","Basarthrum",""
75601,13127,NA,NA,NA,"Knapp, S","0.0.2014",-12.11364,-74.0068,460,"suaveolens","suaveolens","nongeophyte",NA,24,"Potato","PER","Peru","2.63","FCM","Basarthrum",""
75607,13128,NA,NA,NA,"Knapp, S","0.0.2014",-11.10784,-75.33776,800,"suaveolens","suaveolens","nongeophyte",NA,24,"Potato","PER","Peru","2.63","FCM","Basarthrum",""
75608,13129,NA,NA,NA,"Knapp, S","0.0.2014",-12.57235,-73.79683,600,"suaveolens","suaveolens","nongeophyte",NA,24,"Potato","PER","Peru","2.63","FCM","Basarthrum",""
75611,13130,NA,NA,NA,"Knapp, S","0.0.2014",-9.074329,-76.08717,500,"suaveolens","suaveolens","nongeophyte",NA,24,"Potato","PER","Peru","2.63","FCM","Basarthrum",""
75614,13131,NA,NA,NA,"Knapp, S","0.0.2014",-7.206401,-75.03864,160,"suaveolens","suaveolens","nongeophyte",NA,24,"Potato","PER","Peru","2.63","FCM","Basarthrum",""
76754,13132,NA,NA,NA,"Knapp, S","0.5.2014",-10.19707,-75.45771,1146,"suaveolens","suaveolens","nongeophyte",NA,24,"Potato","PER","Peru","2.63","FCM","Basarthrum",""
76755,13133,NA,NA,NA,"Knapp, S","0.5.2014",-11.26284,-75.55697,2300,"suaveolens","suaveolens","nongeophyte",NA,24,"Potato","PER","Peru","2.63","FCM","Basarthrum",""
107448,13134,NA,NA,NA,"Tepe, EJ","0.0.2008",6.59,-75.24,2750,"tabanoense","tabanoense","nongeophyte",NA,24,"Potato","COL","Colombia","2.31","LocoGSE","Basarthrum",""
107582,13135,NA,NA,NA,"Tepe, EJ","0.0.2008",5.43,-75.15,2500,"tabanoense","tabanoense","nongeophyte",NA,24,"Potato","COL","Colombia","2.31","LocoGSE","Basarthrum",""
108264,13136,NA,NA,NA,"Tepe, EJ","0.0.2008",6.18,-75.41,2640,"tabanoense","tabanoense","nongeophyte",NA,24,"Potato","COL","Colombia","2.31","LocoGSE","Basarthrum",""
120441,13137,NA,NA,NA,"Rangel, O","0.0.0",5.514426,-72.91203,3000,"tabanoense","tabanoense","nongeophyte",NA,24,"Potato","COL","Colombia","2.31","LocoGSE","Basarthrum",""
121397,13138,NA,NA,NA,"Ochoa, CM","1.1.1992",1.179956,-76.9414,2200,"tabanoense","tabanoense","nongeophyte",NA,24,"Potato","COL","Colombia","2.31","LocoGSE","Basarthrum",""
121784,13139,NA,NA,NA,"Ochoa, CM","1.1.1992",6.27534,-75.68285,2800,"tabanoense","tabanoense","nongeophyte",NA,24,"Potato","COL","Colombia","2.31","LocoGSE","Basarthrum",""
124488,13140,NA,NA,NA,"Granados-Tochoy, JC","1.1.2004",2.472611,-76.20333,2700,"tabanoense","tabanoense","nongeophyte",NA,24,"Potato","COL","Colombia","2.31","LocoGSE","Basarthrum",""
107014,13141,NA,NA,NA,"Tepe, EJ","0.0.2008",-3.808333,-79.23333,2987,"tabanoense","tabanoense","nongeophyte",NA,24,"Potato","ECU","Ecuador","2.31","LocoGSE","Basarthrum",""
108289,13142,NA,NA,NA,"Tepe, EJ","0.0.2008",-2.783333,-78.61667,2438,"tabanoense","tabanoense","nongeophyte",NA,24,"Potato","ECU","Ecuador","2.31","LocoGSE","Basarthrum",""
108358,13143,NA,NA,NA,"Anderson, GJ","0.0.1997",-2.866667,-79.06667,3000,"tabanoense","tabanoense","nongeophyte",NA,24,"Potato","ECU","Ecuador","2.31","LocoGSE","Basarthrum",""
139182,13144,NA,NA,NA,"Tepe, EJ","0.10.2018",0.646417,-77.52436,2680,"tabanoense","tabanoense","nongeophyte",NA,24,"Potato","ECU","Ecuador","2.31","LocoGSE","Basarthrum",""
34756,13145,NA,NA,NA,"Knapp, S","0.0.2008",-2.09,-79.02,650,"tabanoense","tabanoense","nongeophyte",NA,24,"Potato","ECU","Ecuador","2.31","LocoGSE","Basarthrum",""
34778,13146,NA,NA,NA,"Knapp, S","0.12.2008",0.116667,-78.633333,1250,"tabanoense","tabanoense","nongeophyte",NA,24,"Potato","ECU","Ecuador","2.31","LocoGSE","Basarthrum",""
70750,13147,NA,NA,NA,"Tepe, EJ","0.0.2008",-6.813209,-77.6674,2500,"tabanoense","tabanoense","nongeophyte",NA,24,"Potato","PER","Peru","2.31","LocoGSE","Basarthrum",""
107243,13148,NA,NA,NA,"Bohs, L","0.0.1998",9.44,-83.52,3100,"taeniotrichum","taeniotrichum","nongeophyte",NA,24,"Potato","CRI","Costa Rica","2.3","LocoGSE","Articulatum",""
107285,13149,NA,NA,NA,"Bohs, L","0.0.1998",9.53,-83.7,2700,"taeniotrichum","taeniotrichum","nongeophyte",NA,24,"Potato","CRI","Costa Rica","2.3","LocoGSE","Articulatum",""
18101,13150,NA,NA,NA,"Bohs, L","0.1.2004",9.440833,-83.520833,3100,"taeniotrichum","taeniotrichum","nongeophyte",NA,24,"Potato","CRI","Costa Rica","2.3","LocoGSE","Articulatum",""
18102,13151,NA,NA,NA,"Bohs, L","0.1.2001",9.533333,-83.7,2800,"taeniotrichum","taeniotrichum","nongeophyte",NA,24,"Potato","CRI","Costa Rica","2.3","LocoGSE","Articulatum",""
97430,13152,NA,NA,NA,"Bohs, L","0.0.2000",9.57111,-83.73888,3200,"taeniotrichum","taeniotrichum","nongeophyte",NA,24,"Potato","CRI","Costa Rica","2.3","LocoGSE","Articulatum",""
40993,13153,NA,NA,NA,"Knapp, S","0.0.2007",9.05641,-82.5236,3000,"taeniotrichum","taeniotrichum","nongeophyte",NA,24,"Potato","PAN","Panama","2.3","LocoGSE","Articulatum",""
40996,13154,NA,NA,NA,"Knapp, S","0.0.2007",9.05769,-82.52423,3200,"taeniotrichum","taeniotrichum","nongeophyte",NA,24,"Potato","PAN","Panama","2.3","LocoGSE","Articulatum",""
105104,13161,NA,NA,NA,"Knapp, S","0.1.2016",-14.78722,-69.02667,3061,"ternatum","ternatum","nongeophyte",NA,24,"Potato","BOL","Bolivia","2.52","LocoGSE","Pteroidea",""
11465,13162,NA,NA,NA,"Nee, M","0.0.1997",-17.26613,-65.55602,0,"ternatum","ternatum","nongeophyte",NA,24,"Potato","BOL","Bolivia","2.52","LocoGSE","Pteroidea",""
35338,13163,NA,NA,NA,"Knapp, S","0.0.2006",-15.090142,-68.485737,1500,"ternatum","ternatum","nongeophyte",NA,24,"Potato","BOL","Bolivia","2.52","LocoGSE","Pteroidea",""
114654,13164,NA,NA,NA,"Nee, M","1.1.1988",2.198881,-76.09716,2300,"ternatum","ternatum","nongeophyte",NA,24,"Potato","COL","Colombia","2.52","LocoGSE","Pteroidea",""
115106,13165,NA,NA,NA,"Orozco, CI","1.1.1999",5.966881,-73.1632,2600,"ternatum","ternatum","nongeophyte",NA,24,"Potato","COL","Colombia","2.52","LocoGSE","Pteroidea",""
122124,13166,NA,NA,NA,"Nee, M","1.1.1988",4.097671,-74.41397,2300,"ternatum","ternatum","nongeophyte",NA,24,"Potato","COL","Colombia","2.52","LocoGSE","Pteroidea",""
124306,13167,NA,NA,NA,"VÃ©lez, JM","16.3.2011",6.604694,-73.35833,0,"ternatum","ternatum","nongeophyte",NA,24,"Potato","COL","Colombia","2.52","LocoGSE","Pteroidea",""
124375,13168,NA,NA,NA,"Orozco, CI","1.1.1999",5.809952,-73.49441,2400,"ternatum","ternatum","nongeophyte",NA,24,"Potato","COL","Colombia","2.52","LocoGSE","Pteroidea",""
19247,13169,NA,NA,NA,"Knapp, S","0.0.2007",-4.494917,-79.131917,2500,"ternatum","ternatum","nongeophyte",NA,24,"Potato","ECU","Ecuador","2.52","LocoGSE","Pteroidea",""
35938,13170,NA,NA,NA,"Knapp, S","0.0.2007",-0.633333,-77.833333,2000,"ternatum","ternatum","nongeophyte",NA,24,"Potato","ECU","Ecuador","2.52","LocoGSE","Pteroidea",""
74781,13171,NA,NA,NA,"Knapp, S","0.2.2014",-4.116667,-78.61667,900,"ternatum","ternatum","nongeophyte",NA,24,"Potato","ECU","Ecuador","2.52","LocoGSE","Pteroidea",""
11466,13172,NA,NA,NA,"Knapp, S","0.0.1996",-11.205912,-75.480655,1900,"ternatum","ternatum","nongeophyte",NA,24,"Potato","PER","Peru","2.52","LocoGSE","Pteroidea",""
139673,13173,NA,NA,NA,"Knapp, S","0.11.2018",-11.38389,-74.02889,1346,"ternatum","ternatum","nongeophyte",NA,24,"Potato","PER","Peru","2.52","LocoGSE","Pteroidea",""
139703,13174,NA,NA,NA,"Knapp, S","0.11.2018",-11.30056,-74.97889,3180,"ternatum","ternatum","nongeophyte",NA,24,"Potato","PER","Peru","2.52","LocoGSE","Pteroidea",""
15526,13175,NA,NA,NA,"Knapp, S","0.0.2006",-10.433333,-75.383333,2210,"ternatum","ternatum","nongeophyte",NA,24,"Potato","PER","Peru","2.52","LocoGSE","Pteroidea",""
20620,13176,NA,NA,NA,"Knapp, S","0.3.2007",-9.507825,-75.93533,900,"ternatum","ternatum","nongeophyte",NA,24,"Potato","PER","Peru","2.52","LocoGSE","Pteroidea",""
21596,13177,NA,NA,NA,"SÃ¤rkinen, T","0.9.2014",-10.2,-75.216667,430,"ternatum","ternatum","nongeophyte",NA,24,"Potato","PER","Peru","2.52","LocoGSE","Pteroidea",""
21773,13178,NA,NA,NA,"Nee, M","0.0.2008",-10.372167,-75.608,2720,"ternatum","ternatum","nongeophyte",NA,24,"Potato","PER","Peru","2.52","LocoGSE","Pteroidea",""
21930,13179,NA,NA,NA,"Knapp, S","0.0.2012",-13.15,-72.5,2200,"ternatum","ternatum","nongeophyte",NA,24,"Potato","PER","Peru","2.52","LocoGSE","Pteroidea",""
23328,13180,NA,NA,NA,"Knapp, S; Helgason, T","0.0.1996",-9.176957,-75.800327,1620,"ternatum","ternatum","nongeophyte",NA,24,"Potato","PER","Peru","2.52","LocoGSE","Pteroidea",""
23330,13181,NA,NA,NA,"Nee, M","0.0.1986",-9.7,-76.083333,2850,"ternatum","ternatum","nongeophyte",NA,24,"Potato","PER","Peru","2.52","LocoGSE","Pteroidea",""
23331,13182,NA,NA,NA,"Nee, M","0.0.1991",-6.366042,-78.797345,2400,"ternatum","ternatum","nongeophyte",NA,24,"Potato","PER","Peru","2.52","LocoGSE","Pteroidea",""
23335,13183,NA,NA,NA,"Nee, M","0.0.2005",-4.9875,-78.9025,2010,"ternatum","ternatum","nongeophyte",NA,24,"Potato","PER","Peru","2.52","LocoGSE","Pteroidea",""
23336,13184,NA,NA,NA,"Nee, M","0.0.1997",-6.33933,-77.494918,2000,"ternatum","ternatum","nongeophyte",NA,24,"Potato","PER","Peru","2.52","LocoGSE","Pteroidea",""
23337,13185,NA,NA,NA,"Nee, M","0.0.2004",-5.288167,-79.272,2190,"ternatum","ternatum","nongeophyte",NA,24,"Potato","PER","Peru","2.52","LocoGSE","Pteroidea",""
23340,13186,NA,NA,NA,"Nee, M","0.0.1986",-10.25,-75.5,1620,"ternatum","ternatum","nongeophyte",NA,24,"Potato","PER","Peru","2.52","LocoGSE","Pteroidea",""
23344,13187,NA,NA,NA,"Nee, M","0.0.2005",-5.666667,-77.766667,1850,"ternatum","ternatum","nongeophyte",NA,24,"Potato","PER","Peru","2.52","LocoGSE","Pteroidea",""
23350,13188,NA,NA,NA,"Knapp, S; Helgason, T","0.0.1996",-9.288809,-76.012169,700,"ternatum","ternatum","nongeophyte",NA,24,"Potato","PER","Peru","2.52","LocoGSE","Pteroidea",""
23353,13189,NA,NA,NA,"Knapp, S","0.0.1996",-13.283333,-70.8,720,"ternatum","ternatum","nongeophyte",NA,24,"Potato","PER","Peru","2.52","LocoGSE","Pteroidea",""
23355,13190,NA,NA,NA,"Knapp, S","0.0.1996",-5.655504,-78.321878,2179,"ternatum","ternatum","nongeophyte",NA,24,"Potato","PER","Peru","2.52","LocoGSE","Pteroidea",""
23358,13191,NA,NA,NA,"Nee, M","0.0.1999",-6.1055,-78.3425,2370,"ternatum","ternatum","nongeophyte",NA,24,"Potato","PER","Peru","2.52","LocoGSE","Pteroidea",""
23360,13192,NA,NA,NA,"Knapp, S; Helgason, T","0.0.1996",-9.666667,-75.416667,450,"ternatum","ternatum","nongeophyte",NA,24,"Potato","PER","Peru","2.52","LocoGSE","Pteroidea",""
26870,13193,NA,NA,NA,"Knapp, S","0.0.1998",-6.083333,-77.266667,870,"ternatum","ternatum","nongeophyte",NA,24,"Potato","PER","Peru","2.52","LocoGSE","Pteroidea",""
26871,13194,NA,NA,NA,"Knapp, S","0.0.2000",-6.813209,-77.667402,2500,"ternatum","ternatum","nongeophyte",NA,24,"Potato","PER","Peru","2.52","LocoGSE","Pteroidea",""
27723,13195,NA,NA,NA,"Knapp, S","0.4.2007",-6.2075,-77.6765,2100,"ternatum","ternatum","nongeophyte",NA,24,"Potato","PER","Peru","2.52","LocoGSE","Pteroidea",""
27725,13196,NA,NA,NA,"Knapp, S","0.4.2007",-5.275452,-78.710079,1600,"ternatum","ternatum","nongeophyte",NA,24,"Potato","PER","Peru","2.52","LocoGSE","Pteroidea",""
27728,13197,NA,NA,NA,"Knapp, S","0.4.2007",-10.75,-74.916667,1450,"ternatum","ternatum","nongeophyte",NA,24,"Potato","PER","Peru","2.52","LocoGSE","Pteroidea",""
33186,13198,NA,NA,NA,"Knapp, S","0.9.2008",-13.109855,-71.610291,3250,"ternatum","ternatum","nongeophyte",NA,24,"Potato","PER","Peru","2.52","LocoGSE","Pteroidea",""
33189,13199,NA,NA,NA,"Knapp, S","0.9.2008",-12.257667,-72.092167,2179,"ternatum","ternatum","nongeophyte",NA,24,"Potato","PER","Peru","2.52","LocoGSE","Pteroidea",""
33190,13200,NA,NA,NA,"Knapp, S","0.9.2008",-12.158,-72.571833,750,"ternatum","ternatum","nongeophyte",NA,24,"Potato","PER","Peru","2.52","LocoGSE","Pteroidea",""
57339,13201,NA,NA,NA,"Knapp, S","0.8.2011",-10.633333,-75.166667,950,"ternatum","ternatum","nongeophyte",NA,24,"Potato","PER","Peru","2.52","LocoGSE","Pteroidea",""
65078,13202,NA,NA,NA,"Knapp, S","0.2.2012",-10.53833,-75.06683,1000,"ternatum","ternatum","nongeophyte",NA,24,"Potato","PER","Peru","2.52","LocoGSE","Pteroidea",""
73296,13204,NA,NA,NA,"Knapp, S","0.12.2013",-12.91861,-72.78139,1354,"ternatum","ternatum","nongeophyte",NA,24,"Potato","PER","Peru","2.52","LocoGSE","Pteroidea",""
73502,13205,NA,NA,NA,"Nee, M","0.0.2010",-9.2614,-74.333,400,"ternatum","ternatum","nongeophyte",NA,24,"Potato","PER","Peru","2.52","LocoGSE","Pteroidea",""
74651,13206,NA,NA,NA,"Knapp, S","0.2.2014",-13.4919,-70.8757,2791,"ternatum","ternatum","nongeophyte",NA,24,"Potato","PER","Peru","2.52","LocoGSE","Pteroidea",""
74766,13207,NA,NA,NA,"Knapp, S","0.2.2014",-7.649114,-77.39734,2350,"ternatum","ternatum","nongeophyte",NA,24,"Potato","PER","Peru","2.52","LocoGSE","Pteroidea",""
74769,13208,NA,NA,NA,"Knapp, S","0.2.2014",-12.86181,-72.65649,2600,"ternatum","ternatum","nongeophyte",NA,24,"Potato","PER","Peru","2.52","LocoGSE","Pteroidea",""
74777,13209,NA,NA,NA,"Knapp, S","0.2.2014",-12.44167,-72.50083,1567,"ternatum","ternatum","nongeophyte",NA,24,"Potato","PER","Peru","2.52","LocoGSE","Pteroidea",""
74779,13210,NA,NA,NA,"Knapp, S","0.2.2014",-11.656,-73.667,3350,"ternatum","ternatum","nongeophyte",NA,24,"Potato","PER","Peru","2.52","LocoGSE","Pteroidea",""
74780,13211,NA,NA,NA,"Knapp, S","0.2.2014",-12.73367,-73.36717,1167,"ternatum","ternatum","nongeophyte",NA,24,"Potato","PER","Peru","2.52","LocoGSE","Pteroidea",""
74783,13212,NA,NA,NA,"Knapp, S","0.2.2014",-6.350668,-79.11182,1940,"ternatum","ternatum","nongeophyte",NA,24,"Potato","PER","Peru","2.52","LocoGSE","Pteroidea",""
831,13213,NA,NA,NA,NA,"0.0.0",-9.596798,-75.689312,2200,"ternatum","ternatum","nongeophyte",NA,24,"Potato","PER","Peru","2.52","LocoGSE","Pteroidea",""
14682,13214,NA,NA,NA,"Dorr, LJ","0.0.2002",9.148653,-70.295616,1900,"ternatum","ternatum","nongeophyte",NA,24,"Potato","VEN","Venezuela","2.52","LocoGSE","Pteroidea",""
26873,13215,NA,NA,NA,"Knapp, S","0.10.2009",8.627836,-71.154491,0,"ternatum","ternatum","nongeophyte",NA,24,"Potato","VEN","Venezuela","2.52","LocoGSE","Pteroidea",""
27729,13216,NA,NA,NA,"Knapp, S","0.4.2007",7.566667,-72.416667,2200,"ternatum","ternatum","nongeophyte",NA,24,"Potato","VEN","Venezuela","2.52","LocoGSE","Pteroidea",""
35060,13217,NA,NA,NA,"Knapp, S; Helgason, T","0.0.1996",10.393265,-67.298169,0,"ternatum","ternatum","nongeophyte",NA,24,"Potato","VEN","Venezuela","2.52","LocoGSE","Pteroidea",""
76462,13218,NA,NA,NA,"Stern, S","18.2.2009",-0.689361,-77.73689,1057,"trachycarpum","trachycarpum","nongeophyte",NA,24,"Potato","ECU","Ecuador","2.3","FCM","Basarthrum",""
76868,13219,NA,NA,NA,"Knapp, S","0.5.2014",-5.666667,-78.41667,700,"trachycarpum","trachycarpum","nongeophyte",NA,24,"Potato","PER","Peru","2.3","FCM","Basarthrum",""
76869,13220,NA,NA,NA,"Knapp, S","0.5.2014",-10.19503,-77.10283,2600,"trachycarpum","trachycarpum","nongeophyte",NA,24,"Potato","PER","Peru","2.3","FCM","Basarthrum",""
76870,13221,NA,NA,NA,"Knapp, S","0.5.2014",-10.20708,-77.11224,3000,"trachycarpum","trachycarpum","nongeophyte",NA,24,"Potato","PER","Peru","2.3","FCM","Basarthrum",""
53292,13238,NA,NA,NA,"Tepe, EJ","0.2.2009",-1.676667,-79.104167,2800,"trifolium","trifolium","nongeophyte",NA,24,"Potato","ECU","Ecuador","2.3","LocoGSE","Herpystichum",""
53471,13239,NA,NA,NA,"Tepe, EJ","0.12.2008",-1.43,-79.06,2800,"trifolium","trifolium","nongeophyte",NA,24,"Potato","ECU","Ecuador","2.3","LocoGSE","Herpystichum",""
75538,13240,NA,NA,NA,NA,"0.0.0",-1.39,-79.06,2820,"trifolium","trifolium","nongeophyte",NA,24,"Potato","ECU","Ecuador","2.3","LocoGSE","Herpystichum",""
12759,13244,NA,NA,NA,"Bohs, L","0.0.2000",8.950083,-82.832444,1700,"trizygum","trizygum","nongeophyte",NA,24,"Potato","CRI","Costa Rica","2.41","LocoGSE","Pteroidea",""
12768,13245,NA,NA,NA,"Bohs, L","0.1.2001",10.8,-85.352778,1000,"trizygum","trizygum","nongeophyte",NA,24,"Potato","CRI","Costa Rica","2.41","LocoGSE","Pteroidea",""
130213,13246,NA,NA,NA,"Knapp, S","0.11.2017",10.15417,-83.94414,475,"trizygum","trizygum","nongeophyte",NA,24,"Potato","CRI","Costa Rica","2.41","LocoGSE","Pteroidea",""
16204,13247,NA,NA,NA,"Bohs, L","0.4.2002",9.358333,-83.230556,1800,"trizygum","trizygum","nongeophyte",NA,24,"Potato","CRI","Costa Rica","2.41","LocoGSE","Pteroidea",""
16205,13248,NA,NA,NA,"Bohs, L","0.4.2002",9.025,-82.961111,1680,"trizygum","trizygum","nongeophyte",NA,24,"Potato","CRI","Costa Rica","2.41","LocoGSE","Pteroidea",""
16207,13249,NA,NA,NA,"Bohs, L","0.4.2002",9.3925,-83.621944,1900,"trizygum","trizygum","nongeophyte",NA,24,"Potato","CRI","Costa Rica","2.41","LocoGSE","Pteroidea",""
18106,13250,NA,NA,NA,"Bohs, L","0.1.2001",10.894444,-84.788889,40,"trizygum","trizygum","nongeophyte",NA,24,"Potato","CRI","Costa Rica","2.41","LocoGSE","Pteroidea",""
8119,13251,NA,NA,NA,"D'Arcy, WG","0.0.1997",10.816667,-84.45,700,"trizygum","trizygum","nongeophyte",NA,24,"Potato","CRI","Costa Rica","2.41","LocoGSE","Pteroidea",""
8802,13252,NA,NA,NA,"Knapp, S","0.0.2001",10.113333,-84.103889,2380,"trizygum","trizygum","nongeophyte",NA,24,"Potato","CRI","Costa Rica","2.41","LocoGSE","Pteroidea",""
96384,13253,NA,NA,NA,"Knapp, S","0.0.2014",15.85,-91.21667,1200,"trizygum","trizygum","nongeophyte",NA,24,"Potato","GTM","Guatemala","2.41","LocoGSE","Pteroidea",""
126377,13254,NA,NA,NA,"Knapp, S","0.12.2016",19.99972,-97.46833,1001,"trizygum","trizygum","nongeophyte",NA,24,"Potato","MEX","Mexico","2.41","LocoGSE","Pteroidea",""
20829,13255,NA,NA,NA,"Knapp, S; Helgason, T","0.0.1996",15.666667,-92.850006,1850,"trizygum","trizygum","nongeophyte",NA,24,"Potato","MEX","Mexico","2.41","LocoGSE","Pteroidea",""
8211,13256,NA,NA,NA,"Knapp, S; Helgason, T","0.0.1996",17.866667,-96.366667,1000,"trizygum","trizygum","nongeophyte",NA,24,"Potato","MEX","Mexico","2.41","LocoGSE","Pteroidea",""
7998,13257,NA,NA,NA,"D'Arcy, WG","0.0.1997",8.783333,-82.666667,1400,"trizygum","trizygum","nongeophyte",NA,24,"Potato","PAN","Panama","2.41","LocoGSE","Pteroidea",""
8032,13258,NA,NA,NA,"Knapp, S; Helgason, T","0.0.1996",8.75,-82.216667,1200,"trizygum","trizygum","nongeophyte",NA,24,"Potato","PAN","Panama","2.41","LocoGSE","Pteroidea",""
8293,13259,NA,NA,NA,"Knapp, S; Helgason, T","0.0.1996",8.783333,-82.35,1800,"trizygum","trizygum","nongeophyte",NA,24,"Potato","PAN","Panama","2.41","LocoGSE","Pteroidea",""
26892,13260,NA,NA,NA,"Knapp, S; Helgason, T","0.0.1996",10.35,-67.7,1000,"trizygum","trizygum","nongeophyte",NA,24,"Potato","VEN","Venezuela","2.41","LocoGSE","Pteroidea",""
26893,13261,NA,NA,NA,"Knapp, S; Helgason, T","0.0.1996",10.404314,-67.288986,0,"trizygum","trizygum","nongeophyte",NA,24,"Potato","VEN","Venezuela","2.41","LocoGSE","Pteroidea",""
57341,13262,NA,NA,NA,"Knapp, S","0.8.2011",10.666667,-62.683333,800,"trizygum","trizygum","nongeophyte",NA,24,"Potato","VEN","Venezuela","2.41","LocoGSE","Pteroidea",""
57342,13263,NA,NA,NA,"Knapp, S","0.8.2011",11.166667,-69.583333,1300,"trizygum","trizygum","nongeophyte",NA,24,"Potato","VEN","Venezuela","2.41","LocoGSE","Pteroidea",""
1331,14334,NA,NA,NA,"Bennett, JR","0.6.2006",-23.53,-70.39,0,"brachyantherum","brachyantherum","nongeophyte",NA,24,"GagnOl","CHL","Chile","1.62","LocoGSE","Regmandra",""
10018,14335,NA,NA,NA,"Bennett, JR","0.10.2005",-25.083333,-70.483333,0,"brachyantherum","brachyantherum","nongeophyte",NA,24,"GagnOl","CHL","Chile","1.62","LocoGSE","Regmandra",""
14409,14336,NA,NA,NA,"Bennett, JR","0.6.2006",-25.4,-70.483333,200,"brachyantherum","brachyantherum","nongeophyte",NA,24,"GagnOl","CHL","Chile","1.62","LocoGSE","Regmandra",""
14419,14337,NA,NA,NA,"Bennett, JR","0.6.2006",-29.03,-71.43,100,"brachyantherum","brachyantherum","nongeophyte",NA,24,"GagnOl","CHL","Chile","1.62","LocoGSE","Regmandra",""
14425,14338,NA,NA,NA,"Bennett, JR","0.6.2006",-26.23,-70.65,0,"brachyantherum","brachyantherum","nongeophyte",NA,24,"GagnOl","CHL","Chile","1.62","LocoGSE","Regmandra",""
14427,14339,NA,NA,NA,"Bennett, JR","0.6.2006",-22.083333,-70.166667,0,"brachyantherum","brachyantherum","nongeophyte",NA,24,"GagnOl","CHL","Chile","1.62","LocoGSE","Regmandra",""
14429,14340,NA,NA,NA,"Bennett, JR","0.6.2006",-24.75,-69.316667,0,"brachyantherum","brachyantherum","nongeophyte",NA,24,"GagnOl","CHL","Chile","1.62","LocoGSE","Regmandra",""
14435,14341,NA,NA,NA,"Bennett, JR","0.6.2006",-20.816667,-70.15,0,"brachyantherum","brachyantherum","nongeophyte",NA,24,"GagnOl","CHL","Chile","1.62","LocoGSE","Regmandra",""
14439,14342,NA,NA,NA,"Bennett, JR","0.6.2006",-25.02,-70.28,0,"brachyantherum","brachyantherum","nongeophyte",NA,24,"GagnOl","CHL","Chile","1.62","LocoGSE","Regmandra",""
14441,14343,NA,NA,NA,"Bennett, JR","0.6.2006",-27.066667,-70.833333,0,"brachyantherum","brachyantherum","nongeophyte",NA,24,"GagnOl","CHL","Chile","1.62","LocoGSE","Regmandra",""
14520,14344,NA,NA,NA,"Bennett, JR","26.7.2005",-27.416667,-70.283333,0,"brachyantherum","brachyantherum","nongeophyte",NA,24,"GagnOl","CHL","Chile","1.62","LocoGSE","Regmandra",""
16814,14345,NA,NA,NA,NA,"0.0.0",-24.55,-70.55,100,"brachyantherum","brachyantherum","nongeophyte",NA,24,"GagnOl","CHL","Chile","1.62","LocoGSE","Regmandra",""
17751,14346,NA,NA,NA,"Bennett, JR","0.2.2007",-24.233333,-70.516667,250,"brachyantherum","brachyantherum","nongeophyte",NA,24,"GagnOl","CHL","Chile","1.62","LocoGSE","Regmandra",""
96854,14347,NA,NA,NA,NA,"0.0.0",-30.06272,-71.36982,0,"brachyantherum","brachyantherum","nongeophyte",NA,24,"GagnOl","CHL","Chile","1.62","LocoGSE","Regmandra",""
96930,17341,NA,NA,NA,"SÃ¤rkinen, T","0.4.2020",-24.92625,-70.48702,0,"multifidum","multifidum","nongeophyte",NA,24,"GagnOl","CHL","Chile","2.25","LocoGSE","Regmandra",""
1249,17342,NA,NA,NA,"Bennett, JR","0.4.2006",-12.952167,-76.438167,320,"multifidum","multifidum","nongeophyte",NA,24,"GagnOl","PER","Peru","2.25","LocoGSE","Regmandra",""
1284,17343,NA,NA,NA,"Bennett, JR","0.4.2006",-15.766667,-74.2,200,"multifidum","multifidum","nongeophyte",NA,24,"GagnOl","PER","Peru","2.25","LocoGSE","Regmandra",""
1285,17344,NA,NA,NA,"Bennett, JR","0.4.2006",-11.766667,-77.166667,0,"multifidum","multifidum","nongeophyte",NA,24,"GagnOl","PER","Peru","2.25","LocoGSE","Regmandra",""
1287,17345,NA,NA,NA,"Bennett, JR","0.4.2006",-11.333333,-77.5,300,"multifidum","multifidum","nongeophyte",NA,24,"GagnOl","PER","Peru","2.25","LocoGSE","Regmandra",""
1288,17346,NA,NA,NA,NA,"0.0.0",-16.983333,-71.8,900,"multifidum","multifidum","nongeophyte",NA,24,"GagnOl","PER","Peru","2.25","LocoGSE","Regmandra",""
1289,17347,NA,NA,NA,"Bennett, JR","0.10.2005",-7.983333,-79.1,550,"multifidum","multifidum","nongeophyte",NA,24,"GagnOl","PER","Peru","2.25","LocoGSE","Regmandra",""
1292,17348,NA,NA,NA,NA,"0.0.0",-17.721769,-70.817981,850,"multifidum","multifidum","nongeophyte",NA,24,"GagnOl","PER","Peru","2.25","LocoGSE","Regmandra",""
1293,17349,NA,NA,NA,"Ugent, D","0.0.1967",-17.016667,-71.916667,175,"multifidum","multifidum","nongeophyte",NA,24,"GagnOl","PER","Peru","2.25","LocoGSE","Regmandra",""
1297,17350,NA,NA,NA,"Bennett, JR","0.4.2006",-9.55,-78.333333,450,"multifidum","multifidum","nongeophyte",NA,24,"GagnOl","PER","Peru","2.25","LocoGSE","Regmandra",""
1311,17351,NA,NA,NA,NA,"0.0.0",-18.05,-70.283333,650,"multifidum","multifidum","nongeophyte",NA,24,"GagnOl","PER","Peru","2.25","LocoGSE","Regmandra",""
1313,17352,NA,NA,NA,"Bennett, JR","0.4.2006",-12.02039,-76.886286,100,"multifidum","multifidum","nongeophyte",NA,24,"GagnOl","PER","Peru","2.25","LocoGSE","Regmandra",""
1314,17353,NA,NA,NA,"Bennett, JR","0.4.2006",-12.383333,-76.783333,121,"multifidum","multifidum","nongeophyte",NA,24,"GagnOl","PER","Peru","2.25","LocoGSE","Regmandra",""
1322,17354,NA,NA,NA,"Bennett, JR","0.4.2006",-11.55,-77.266667,160,"multifidum","multifidum","nongeophyte",NA,24,"GagnOl","PER","Peru","2.25","LocoGSE","Regmandra",""
1330,17355,NA,NA,NA,NA,"0.0.0",-10.333333,-77.916667,330,"multifidum","multifidum","nongeophyte",NA,24,"GagnOl","PER","Peru","2.25","LocoGSE","Regmandra",""
1345,17356,NA,NA,NA,"Bennett, JR","0.10.2005",-17.016667,-71.7,700,"multifidum","multifidum","nongeophyte",NA,24,"GagnOl","PER","Peru","2.25","LocoGSE","Regmandra",""
1346,17357,NA,NA,NA,"Nee, M","0.0.2000",-15.75,-74.333333,500,"multifidum","multifidum","nongeophyte",NA,24,"GagnOl","PER","Peru","2.25","LocoGSE","Regmandra",""
1356,17358,NA,NA,NA,"Bennett, JR","0.4.2006",-12.166667,-77.033333,200,"multifidum","multifidum","nongeophyte",NA,24,"GagnOl","PER","Peru","2.25","LocoGSE","Regmandra",""
1357,17359,NA,NA,NA,"Bennett, JR","0.4.2006",-10.2,-78.05,0,"multifidum","multifidum","nongeophyte",NA,24,"GagnOl","PER","Peru","2.25","LocoGSE","Regmandra",""
9962,17360,NA,NA,NA,"Bennett, JR","0.10.2005",-16.2,-73.616667,150,"multifidum","multifidum","nongeophyte",NA,24,"GagnOl","PER","Peru","2.25","LocoGSE","Regmandra",""
10140,17361,NA,NA,NA,NA,"0.0.0",-9.847379,-78.180058,330,"multifidum","multifidum","nongeophyte",NA,24,"GagnOl","PER","Peru","2.25","LocoGSE","Regmandra",""
10141,17362,NA,NA,NA,"Bennett, JR","0.10.2005",-11.35,-77.383333,150,"multifidum","multifidum","nongeophyte",NA,24,"GagnOl","PER","Peru","2.25","LocoGSE","Regmandra",""
10142,17363,NA,NA,NA,"Bennett, JR","0.10.2005",-17.994966,-70.880415,10,"multifidum","multifidum","nongeophyte",NA,24,"GagnOl","PER","Peru","2.25","LocoGSE","Regmandra",""
10149,17364,NA,NA,NA,"Bennett, JR","0.10.2005",-10.7,-77.783333,250,"multifidum","multifidum","nongeophyte",NA,24,"GagnOl","PER","Peru","2.25","LocoGSE","Regmandra",""
10150,17365,NA,NA,NA,"Bennett, JR","0.10.2005",-11.366667,-76.75,0,"multifidum","multifidum","nongeophyte",NA,24,"GagnOl","PER","Peru","2.25","LocoGSE","Regmandra",""
10154,17366,NA,NA,NA,"Bennett, JR","0.10.2005",-10.2,-77.55,360,"multifidum","multifidum","nongeophyte",NA,24,"GagnOl","PER","Peru","2.25","LocoGSE","Regmandra",""
10155,17367,NA,NA,NA,NA,"0.0.0",-17.786184,-70.484614,530,"multifidum","multifidum","nongeophyte",NA,24,"GagnOl","PER","Peru","2.25","LocoGSE","Regmandra",""
10156,17368,NA,NA,NA,"Bennett, JR","0.10.2005",-17.383333,-70.483333,1000,"multifidum","multifidum","nongeophyte",NA,24,"GagnOl","PER","Peru","2.25","LocoGSE","Regmandra",""
10158,17369,NA,NA,NA,NA,"0.0.0",-16.25,-73.416667,110,"multifidum","multifidum","nongeophyte",NA,24,"GagnOl","PER","Peru","2.25","LocoGSE","Regmandra",""
10162,17370,NA,NA,NA,"Bennett, JR","0.10.2005",-15.2,-75.1,740,"multifidum","multifidum","nongeophyte",NA,24,"GagnOl","PER","Peru","2.25","LocoGSE","Regmandra",""
10163,17371,NA,NA,NA,"Bennett, JR","0.10.2005",-17.583333,-70.283333,500,"multifidum","multifidum","nongeophyte",NA,24,"GagnOl","PER","Peru","2.25","LocoGSE","Regmandra",""
10179,17372,NA,NA,NA,"Bennett, JR","0.10.2005",-6.76,-79.74,400,"multifidum","multifidum","nongeophyte",NA,24,"GagnOl","PER","Peru","2.25","LocoGSE","Regmandra",""
10180,17373,NA,NA,NA,"Bennett, JR","0.10.2005",-15.450811,-74.8694,300,"multifidum","multifidum","nongeophyte",NA,24,"GagnOl","PER","Peru","2.25","LocoGSE","Regmandra",""
10218,17374,NA,NA,NA,"Bennett, JR","0.10.2005",-8.4,-78.783333,100,"multifidum","multifidum","nongeophyte",NA,24,"GagnOl","PER","Peru","2.25","LocoGSE","Regmandra",""
10227,17375,NA,NA,NA,"Bennett, JR","0.10.2005",-9.066667,-78.633333,620,"multifidum","multifidum","nongeophyte",NA,24,"GagnOl","PER","Peru","2.25","LocoGSE","Regmandra",""
14525,18577,NA,NA,NA,"Knapp, S","0.12.2009",-32.25,-71.466667,0,"trinominum","trinominum","nongeophyte",NA,24,"GagnOl","CHL","Chile","2.04","LocoGSE","Regmandra",""
15107,18578,NA,NA,NA,"Bennett, JR","0.7.2006",-30.666667,-71.616667,0,"trinominum","trinominum","nongeophyte",NA,24,"GagnOl","CHL","Chile","2.04","LocoGSE","Regmandra",""
15109,18579,NA,NA,NA,"Bennett, JR","0.7.2006",-29.9,-71.25,0,"trinominum","trinominum","nongeophyte",NA,24,"GagnOl","CHL","Chile","2.04","LocoGSE","Regmandra",""
15117,18580,NA,NA,NA,"Bennett, JR","0.7.2006",-29.983333,-71.35,20,"trinominum","trinominum","nongeophyte",NA,24,"GagnOl","CHL","Chile","2.04","LocoGSE","Regmandra",""
15118,18581,NA,NA,NA,"Bennett, JR","0.7.2006",-30.25,-71.483333,0,"trinominum","trinominum","nongeophyte",NA,24,"GagnOl","CHL","Chile","2.04","LocoGSE","Regmandra",""
15119,18582,NA,NA,NA,"Bennett, JR","0.7.2006",-29.111111,-71.463333,0,"trinominum","trinominum","nongeophyte",NA,24,"GagnOl","CHL","Chile","2.04","LocoGSE","Regmandra",""
15122,18583,NA,NA,NA,"Bennett, JR","0.7.2006",-33.033333,-71.6,0,"trinominum","trinominum","nongeophyte",NA,24,"GagnOl","CHL","Chile","2.04","LocoGSE","Regmandra",""
17656,18585,NA,NA,NA,"Bennett, JR","0.3.2007",-28.283333,-71.166667,20,"trinominum","trinominum","nongeophyte",NA,24,"GagnOl","CHL","Chile","2.04","LocoGSE","Regmandra",""
24798,18586,NA,NA,NA,"Bennett, JR","0.7.2006",-29.083333,-70.133333,0,"trinominum","trinominum","nongeophyte",NA,24,"GagnOl","CHL","Chile","2.04","LocoGSE","Regmandra",""
