"BRAHMS","MASTER","gbifID","SarkID","ACCESSION","DETBY","DETDATE","LATDEC","LONGDEC","ALT","SP1","Species","roots","basisOfRecord","Ploidy","Source","countryCode","COUNTRY"
NA,1,NA,1,"CIP 763516","","",-9.8972,-77.7447,4200,"acaule","acaule","tuberous","germplasm",48,"SŠrkinen","",""
NA,2,NA,2,"CIP 761464","","",-8.4544,-77.6961,4100,"acaule","acaule","tuberous","germplasm",48,"SŠrkinen","",""
NA,3,NA,3,"CIP 762478","","",-9.7586,-77.4428,3512,"acaule","acaule","tuberous","germplasm",48,"SŠrkinen","",""
NA,4,NA,4,"CIP 763001","","",-9.9111,-77.3172,3676,"acaule","acaule","tuberous","germplasm",NA,"SŠrkinen","",""
NA,5,NA,5,"CIP 761057","","",-9.8831,-77.2947,4247,"acaule","acaule","tuberous","germplasm",48,"SŠrkinen","",""
NA,6,NA,6,"CIP 762417","","",-10.1914,-77.2319,4146,"acaule","acaule","tuberous","germplasm",48,"SŠrkinen","",""
NA,7,NA,7,"CIP 761426","","",-10.3794,-77.215,3942,"acaule","acaule","tuberous","germplasm",48,"SŠrkinen","",""
NA,8,NA,8,"CIP 762415","","",-10.0847,-77.1939,4257,"acaule","acaule","tuberous","germplasm",48,"SŠrkinen","",""
NA,10,NA,10,"CIP 762411","","",-10.1078,-77.1867,4165,"acaule","acaule","tuberous","germplasm",48,"SŠrkinen","",""
NA,14,NA,14,"CIP 761438","","",-9.4564,-77.0772,4140,"acaule","acaule","tuberous","germplasm",48,"SŠrkinen","",""
NA,15,NA,15,"CIP 764217","","",-10.4617,-76.945,NA,"acaule","acaule","tuberous","germplasm",48,"SŠrkinen","",""
NA,16,NA,16,"CIP 761508","","",-10.555,-76.8822,4741,"acaule","acaule","tuberous","germplasm",48,"SŠrkinen","",""
NA,17,NA,17,"CIP 761509","","",-10.5761,-76.7675,3947,"acaule","acaule","tuberous","germplasm",48,"SŠrkinen","",""
NA,19,NA,19,"CIP 761513","","",-10.6697,-76.7581,4100,"acaule","acaule","tuberous","germplasm",48,"SŠrkinen","",""
NA,20,NA,20,"CIP 762065","","",-11.8092,-76.6306,1609,"acaule","acaule","tuberous","germplasm",48,"SŠrkinen","",""
NA,21,NA,21,"CIP 763409","","",-11.7861,-76.6267,3051,"acaule","acaule","tuberous","germplasm",72,"SŠrkinen","",""
NA,22,NA,22,"CIP 764010","","",-11.4669,-76.6239,2833,"acaule","acaule","tuberous","germplasm",48,"SŠrkinen","",""
NA,23,NA,23,"CIP 763202","","",-11.45,-76.6011,3173,"acaule","acaule","tuberous","germplasm",48,"SŠrkinen","",""
NA,24,NA,24,"CIP 761200","","",-11.4061,-76.5761,3643,"acaule","acaule","tuberous","germplasm",48,"SŠrkinen","",""
NA,25,NA,25,"CIP 762784","","",-11.6153,-76.4061,3997,"acaule","acaule","tuberous","germplasm",NA,"SŠrkinen","",""
NA,26,NA,26,"CIP 761859","","",-11.0042,-76.3669,4295,"acaule","acaule","tuberous","germplasm",48,"SŠrkinen","",""
NA,28,NA,28,"CIP 761528","","",-11.5903,-76.3553,4573,"acaule","acaule","tuberous","germplasm",48,"SŠrkinen","",""
NA,29,NA,29,"CIP 762074","","",-12.2078,-76.3492,3873,"acaule","acaule","tuberous","germplasm",48,"SŠrkinen","",""
NA,32,NA,32,"CIP 762117","","",-11.7075,-76.2686,3734,"acaule","acaule","tuberous","germplasm",48,"SŠrkinen","",""
NA,33,NA,33,"CIP 762285","","",-10.7519,-76.2672,4272,"acaule","acaule","tuberous","germplasm",48,"SŠrkinen","",""
NA,34,NA,34,"CIP 765843","","",-11.6663,-76.2515,4026,"acaule","acaule","tuberous","germplasm",NA,"SŠrkinen","",""
NA,36,NA,36,"CIP 761857","","",-10.7014,-76.2467,4000,"acaule","acaule","tuberous","germplasm",48,"SŠrkinen","",""
NA,38,NA,38,"CIP 765839","","",-11.6091,-76.2401,4386,"acaule","acaule","tuberous","germplasm",NA,"SŠrkinen","",""
NA,41,NA,41,"CIP 761026","","",-12.1375,-76.2319,3044,"acaule","acaule","tuberous","germplasm",48,"SŠrkinen","",""
NA,44,NA,44,"CIP 763818","","",-10.8981,-76.0722,4143,"acaule","acaule","tuberous","germplasm",NA,"SŠrkinen","",""
NA,45,NA,45,"CIP 762282","","",-11.5858,-76.0625,4231,"acaule","acaule","tuberous","germplasm",48,"SŠrkinen","",""
NA,46,NA,46,"CIP 764012","","",-10.9183,-76.0503,3889,"acaule","acaule","tuberous","germplasm",48,"SŠrkinen","",""
NA,47,NA,47,"CIP 766003","","",-9.64,-76.05,4059,"acaule","acaule","tuberous","germplasm",NA,"SŠrkinen","",""
NA,48,NA,48,"CIP 765797","","",-10.915,-76.0145,4131,"acaule","acaule","tuberous","germplasm",NA,"SŠrkinen","",""
NA,49,NA,49,"CIP 765798","","",-10.9147,-76.0144,4117,"acaule","acaule","tuberous","germplasm",NA,"SŠrkinen","",""
NA,50,NA,50,"CIP 761860","","",-11.1886,-76.0119,4000,"acaule","acaule","tuberous","germplasm",48,"SŠrkinen","",""
NA,51,NA,51,"CIP 762283","","",-11.4558,-75.955,3889,"acaule","acaule","tuberous","germplasm",48,"SŠrkinen","",""
NA,52,NA,52,"CIP 765799","","",-10.8658,-75.9338,4200,"acaule","acaule","tuberous","germplasm",NA,"SŠrkinen","",""
NA,53,NA,53,"CIP 761852","","",-10.8558,-75.91,4179,"acaule","acaule","tuberous","germplasm",48,"SŠrkinen","",""
NA,56,NA,56,"CIP 761861","","",-11.52,-75.8992,3712,"acaule","acaule","tuberous","germplasm",48,"SŠrkinen","",""
NA,57,NA,57,"CIP 761225","","",-11.6053,-75.8567,3600,"acaule","acaule","tuberous","germplasm",48,"SŠrkinen","",""
NA,60,NA,60,"CIP 761313","","",-11.7244,-75.8217,3950,"acaule","acaule","tuberous","germplasm",48,"SŠrkinen","",""
NA,61,NA,61,"CIP 761307","","",-10.7661,-75.7953,4000,"acaule","acaule","tuberous","germplasm",48,"SŠrkinen","",""
NA,64,NA,64,"CIP 760767","","",-11.6664,-75.6547,3378,"acaule","acaule","tuberous","germplasm",NA,"SŠrkinen","",""
NA,65,NA,65,"CIP 761025","","",-10.7556,-75.6383,3126,"acaule","acaule","tuberous","germplasm",48,"SŠrkinen","",""
NA,66,NA,66,"CIP 760772","","",-11.7758,-75.4967,3373,"acaule","acaule","tuberous","germplasm",NA,"SŠrkinen","",""
NA,67,NA,67,"CIP 761522","","",-12.7878,-74.9733,3681,"acaule","acaule","tuberous","germplasm",48,"SŠrkinen","",""
NA,68,NA,68,"CIP 765781","","",-13.4083,-74.9388,4077,"acaule","acaule","tuberous","germplasm",NA,"SŠrkinen","",""
NA,70,NA,70,"CIP 761537","","",-13.4703,-74.8625,3810,"acaule","acaule","tuberous","germplasm",48,"SŠrkinen","",""
NA,71,NA,71,"CIP 761525","","",-13.1033,-74.7381,4100,"acaule","acaule","tuberous","germplasm",48,"SŠrkinen","",""
NA,72,NA,72,"CIP 761536","","",-13.3686,-74.6992,4736,"acaule","acaule","tuberous","germplasm",48,"SŠrkinen","",""
NA,73,NA,73,"CIP 764211","","",-9.1723,-74.3568,NA,"acaule","acaule","tuberous","germplasm",48,"SŠrkinen","",""
NA,74,NA,74,"CIP 761024","","",-14.4872,-74.3044,4000,"acaule","acaule","tuberous","germplasm",48,"SŠrkinen","",""
NA,79,NA,79,"CIP 761158","","",-14.6217,-74.2336,3291,"acaule","acaule","tuberous","germplasm",48,"SŠrkinen","",""
NA,80,NA,80,"CIP 763414","","",-13.3694,-74.1914,3724,"acaule","acaule","tuberous","germplasm",48,"SŠrkinen","",""
NA,81,NA,81,"CIP 761149","","",-13.3694,-74.1656,3900,"acaule","acaule","tuberous","germplasm",48,"SŠrkinen","",""
NA,84,NA,84,"CIP 761826","","",-14.6908,-74.1258,3242,"acaule","acaule","tuberous","germplasm",48,"SŠrkinen","",""
NA,91,NA,91,"CIP 765785","","",-13.353,-74.103,4208,"acaule","acaule","tuberous","germplasm",NA,"SŠrkinen","",""
NA,92,NA,92,"CIP 761823","","",-14.2333,-74.0414,3178,"acaule","acaule","tuberous","germplasm",48,"SŠrkinen","",""
NA,93,NA,93,"CIP 761821","","",-14.6753,-74.0169,4200,"acaule","acaule","tuberous","germplasm",48,"SŠrkinen","",""
NA,99,NA,99,"CIP 762035","","",-14.2922,-73.9678,3307,"acaule","acaule","tuberous","germplasm",48,"SŠrkinen","",""
NA,100,NA,100,"CIP 761824","","",-13.5278,-73.8181,2235,"acaule","acaule","tuberous","germplasm",48,"SŠrkinen","",""
NA,103,NA,103,"CIP 761143","","",-15.2819,-73.5978,3400,"acaule","acaule","tuberous","germplasm",48,"SŠrkinen","",""
NA,106,NA,106,"CIP 764243","","",-14.5461,-73.5278,NA,"acaule","acaule","tuberous","germplasm",48,"SŠrkinen","",""
NA,107,NA,107,"CIP 761139","","",-14.2961,-73.4786,3820,"acaule","acaule","tuberous","germplasm",48,"SŠrkinen","",""
NA,108,NA,108,"CIP 761142","","",-13.7906,-73.4719,3890,"acaule","acaule","tuberous","germplasm",48,"SŠrkinen","",""
NA,109,NA,109,"CIP 764209","","",-14.2233,-73.0153,NA,"acaule","acaule","tuberous","germplasm",48,"SŠrkinen","",""
NA,110,NA,110,"CIP 760008","","",-13.5011,-72.8972,3051,"acaule","acaule","tuberous","germplasm",48,"SŠrkinen","",""
NA,111,NA,111,"CIP 765882","","",-13.94,-72.7897,4251,"acaule","acaule","tuberous","germplasm",NA,"SŠrkinen","",""
NA,112,NA,112,"CIP 761135","","",-14.5181,-72.7503,3900,"acaule","acaule","tuberous","germplasm",48,"SŠrkinen","",""
NA,113,NA,113,"CIP 765887","","",-13.9175,-72.7158,4430,"acaule","acaule","tuberous","germplasm",NA,"SŠrkinen","",""
NA,114,NA,114,"CIP 762009","","",-13.1083,-72.5928,1588,"acaule","acaule","tuberous","germplasm",48,"SŠrkinen","",""
NA,115,NA,115,"CIP 761727","","",-13.7486,-72.2736,3861,"acaule","acaule","tuberous","germplasm",48,"SŠrkinen","",""
NA,116,NA,116,"CIP 761553","","",-14.2839,-72.0406,3551,"acaule","acaule","tuberous","germplasm",48,"SŠrkinen","",""
NA,117,NA,117,"CIP 761986","","",-13.0819,-72.0247,4100,"acaule","acaule","tuberous","germplasm",48,"SŠrkinen","",""
NA,119,NA,119,"CIP 761134","","",-14.6736,-72.0231,3924,"acaule","acaule","tuberous","germplasm",48,"SŠrkinen","",""
NA,120,NA,120,"CIP 761803","","",-13.2639,-71.9553,4200,"acaule","acaule","tuberous","germplasm",48,"SŠrkinen","",""
NA,125,NA,125,"CIP 763358","","",-13.4208,-71.8511,2966,"acaule","acaule","tuberous","germplasm",NA,"SŠrkinen","",""
NA,126,NA,126,"CIP 765745","","",-13.3534,-71.8279,4069,"acaule","acaule","tuberous","germplasm",NA,"SŠrkinen","",""
NA,127,NA,127,"CIP 765741","","",-13.3541,-71.8257,4054,"acaule","acaule","tuberous","germplasm",NA,"SŠrkinen","",""
NA,128,NA,128,"CIP 761125","","",-13.3592,-71.8189,3831,"acaule","acaule","tuberous","germplasm",48,"SŠrkinen","",""
NA,129,NA,129,"CIP 765748","","",-13.3403,-71.817,4182,"acaule","acaule","tuberous","germplasm",NA,"SŠrkinen","",""
NA,130,NA,130,"CIP 765753","","",-13.4178,-71.7702,4339,"acaule","acaule","tuberous","germplasm",NA,"SŠrkinen","",""
NA,131,NA,131,"CIP 765754","","",-13.4199,-71.7641,4342,"acaule","acaule","tuberous","germplasm",NA,"SŠrkinen","",""
NA,132,NA,132,"CIP 765905","","",-13.4192,-71.7512,4277,"acaule","acaule","tuberous","germplasm",NA,"SŠrkinen","",""
NA,133,NA,133,"CIP 761955","","",-15.5786,-71.7192,4350,"acaule","acaule","tuberous","germplasm",48,"SŠrkinen","",""
NA,134,NA,134,"CIP 762440","","",-14.7822,-71.6892,4041,"acaule","acaule","tuberous","germplasm",NA,"SŠrkinen","",""
NA,140,NA,140,"CIP 761681","","",-13.9461,-71.6031,3783,"acaule","acaule","tuberous","germplasm",48,"SŠrkinen","",""
NA,141,NA,141,"CIP 761946","","",-15.9606,-71.5964,3794,"acaule","acaule","tuberous","germplasm",48,"SŠrkinen","",""
NA,144,NA,144,"CIP 760947","","",-15.64,-71.5503,4520,"acaule","acaule","tuberous","germplasm",NA,"SŠrkinen","",""
NA,147,NA,147,"CIP 762384","","",-14.4914,-71.4783,3857,"acaule","acaule","tuberous","germplasm",48,"SŠrkinen","",""
NA,151,NA,151,"CIP 762435","","",-14.7428,-71.4575,3884,"acaule","acaule","tuberous","germplasm",48,"SŠrkinen","",""
NA,152,NA,152,"CIP 761956","","",-15.485,-71.4567,3813,"acaule","acaule","tuberous","germplasm",48,"SŠrkinen","",""
NA,154,NA,154,"CIP 762873","","",-15.6519,-71.4222,4228,"acaule","acaule","tuberous","germplasm",48,"SŠrkinen","",""
NA,155,NA,155,"CIP 765718","","",-15.5092,-71.4123,3879,"acaule","acaule","tuberous","germplasm",NA,"SŠrkinen","",""
NA,156,NA,156,"CIP 762567","","",-14.7925,-71.4119,3909,"acaule","acaule","tuberous","germplasm",48,"SŠrkinen","",""
NA,157,NA,157,"CIP 761129","","",-14.9044,-71.3808,3900,"acaule","acaule","tuberous","germplasm",48,"SŠrkinen","",""
NA,166,NA,166,"CIP 760946","","",-15.9839,-71.3631,4185,"acaule","acaule","tuberous","germplasm",NA,"SŠrkinen","",""
NA,168,NA,168,"CIP 765919","","",-14.5268,-71.3046,3950,"acaule","acaule","tuberous","germplasm",NA,"SŠrkinen","",""
NA,169,NA,169,"CIP 762420","","",-14.3844,-71.2981,4000,"acaule","acaule","tuberous","germplasm",48,"SŠrkinen","",""
NA,170,NA,170,"CIP 765720","","",-15.402,-71.2911,4273,"acaule","acaule","tuberous","germplasm",NA,"SŠrkinen","",""
NA,171,NA,171,"CIP 765719","","",-15.4929,-71.2839,4237,"acaule","acaule","tuberous","germplasm",NA,"SŠrkinen","",""
NA,172,NA,172,"CIP 762427","","",-14.9719,-71.2708,4221,"acaule","acaule","tuberous","germplasm",48,"SŠrkinen","",""
NA,173,NA,173,"CIP 763204","","",-15.4989,-71.2236,3488,"acaule","acaule","tuberous","germplasm",48,"SŠrkinen","",""
NA,174,NA,174,"CIP 762424","","",-14.6803,-71.22,4117,"acaule","acaule","tuberous","germplasm",NA,"SŠrkinen","",""
NA,176,NA,176,"CIP 761620","","",-14.3736,-71.0961,4145,"acaule","acaule","tuberous","germplasm",48,"SŠrkinen","",""
NA,178,NA,178,"CIP 765757","","",-14.4831,-70.9896,4333,"acaule","acaule","tuberous","germplasm",NA,"SŠrkinen","",""
NA,179,NA,179,"CIP 762213","","",-15.0475,-70.9583,4444,"acaule","acaule","tuberous","germplasm",48,"SŠrkinen","",""
NA,183,NA,183,"CIP 761229","","",-13.595,-70.9564,2783,"acaule","acaule","tuberous","germplasm",48,"SŠrkinen","",""
NA,184,NA,184,"CIP 761616","","",-14.5097,-70.9233,4153,"acaule","acaule","tuberous","germplasm",48,"SŠrkinen","",""
NA,185,NA,185,"CIP 765725","","",-15.6927,-70.8133,4192,"acaule","acaule","tuberous","germplasm",NA,"SŠrkinen","",""
NA,186,NA,186,"CIP 760346","","",-14.5742,-70.8122,4175,"acaule","acaule","tuberous","germplasm",48,"SŠrkinen","",""
NA,191,NA,191,"CIP 765724","","",-15.6833,-70.8005,4191,"acaule","acaule","tuberous","germplasm",NA,"SŠrkinen","",""
NA,192,NA,192,"CIP 761612","","",-14.6075,-70.7861,4034,"acaule","acaule","tuberous","germplasm",48,"SŠrkinen","",""
NA,193,NA,193,"CIP 761963","","",-15.6014,-70.785,4050,"acaule","acaule","tuberous","germplasm",48,"SŠrkinen","",""
NA,196,NA,196,"CIP 761961","","",-15.8589,-70.7528,4154,"acaule","acaule","tuberous","germplasm",48,"SŠrkinen","",""
NA,200,NA,200,"CIP 762865","","",-16.8653,-70.6706,3876,"acaule","acaule","tuberous","germplasm",48,"SŠrkinen","",""
NA,201,NA,201,"CIP 761972","","",-14.4511,-70.66,4055,"acaule","acaule","tuberous","germplasm",48,"SŠrkinen","",""
NA,202,NA,202,"CIP 760949","","",-14.0561,-70.4703,4000,"acaule","acaule","tuberous","germplasm",NA,"SŠrkinen","",""
NA,204,NA,204,"CIP 761944","","",-17.1161,-70.3886,4405,"acaule","acaule","tuberous","germplasm",48,"SŠrkinen","",""
NA,205,NA,205,"CIP 760342","","",-15.7914,-70.36,3934,"acaule","acaule","tuberous","germplasm",48,"SŠrkinen","",""
NA,206,NA,206,"CIP 762378","","",-15.565,-70.3008,3859,"acaule","acaule","tuberous","germplasm",48,"SŠrkinen","",""
NA,208,NA,208,"CIP 761958","","",-15.6431,-70.2803,4180,"acaule","acaule","tuberous","germplasm",48,"SŠrkinen","",""
NA,211,NA,211,"CIP 761965","","",-15.5394,-70.2617,3847,"acaule","acaule","tuberous","germplasm",48,"SŠrkinen","",""
NA,214,NA,214,"CIP 761939","","",-17.2681,-70.2497,3328,"acaule","acaule","tuberous","germplasm",48,"SŠrkinen","",""
NA,215,NA,215,"CIP 761940","","",-17.0419,-70.2483,3240,"acaule","acaule","tuberous","germplasm",48,"SŠrkinen","",""
NA,216,NA,216,"CIP 762545","","",-15.3125,-70.2347,3900,"acaule","acaule","tuberous","germplasm",48,"SŠrkinen","",""
NA,217,NA,217,"CIP 761560","","",-15.5103,-70.2156,3842,"acaule","acaule","tuberous","germplasm",48,"SŠrkinen","",""
NA,218,NA,218,"CIP 760383","","",-15.4469,-70.1872,NA,"acaule","acaule","tuberous","germplasm",NA,"SŠrkinen","",""
NA,220,NA,220,"CIP 765771","","",-15.7213,-70.1588,3914,"acaule","acaule","tuberous","germplasm",NA,"SŠrkinen","",""
NA,221,NA,221,"CIP 761971","","",-14.4167,-70.0919,4300,"acaule","acaule","tuberous","germplasm",48,"SŠrkinen","",""
NA,222,NA,222,"CIP 760382","","",-15.5556,-70.0889,3900,"acaule","acaule","tuberous","germplasm",NA,"SŠrkinen","",""
NA,223,NA,223,"CIP 762345","","",-15.7125,-70.0831,3822,"acaule","acaule","tuberous","germplasm",48,"SŠrkinen","",""
NA,225,NA,225,"CIP 761573","","",-15.7269,-70.0681,3901,"acaule","acaule","tuberous","germplasm",48,"SŠrkinen","",""
NA,226,NA,226,"CIP 760379","","",-15.9053,-70.0642,3900,"acaule","acaule","tuberous","germplasm",NA,"SŠrkinen","",""
NA,228,NA,228,"CIP 761631","","",-15.8392,-70.0292,3856,"acaule","acaule","tuberous","germplasm",48,"SŠrkinen","",""
NA,229,NA,229,"CIP 765780","","",-15.8272,-70.0183,3851,"acaule","acaule","tuberous","germplasm",NA,"SŠrkinen","",""
NA,230,NA,230,"CIP 761625","","",-15.9417,-69.9175,3820,"acaule","acaule","tuberous","germplasm",48,"SŠrkinen","",""
NA,231,NA,231,"CIP 761329","","",-15.8942,-69.8897,3819,"acaule","acaule","tuberous","germplasm",48,"SŠrkinen","",""
NA,232,NA,232,"CIP 760339","","",-15.2922,-69.8264,3950,"acaule","acaule","tuberous","germplasm",48,"SŠrkinen","",""
NA,233,NA,233,"CIP 761407","","",-15.1833,-69.8086,3820,"acaule","acaule","tuberous","germplasm",48,"SŠrkinen","",""
NA,235,NA,235,"CIP 761330","","",-15.9742,-69.7989,3827,"acaule","acaule","tuberous","germplasm",48,"SŠrkinen","",""
NA,236,NA,236,"CIP 765767","","",-14.3119,-69.7952,4335,"acaule","acaule","tuberous","germplasm",NA,"SŠrkinen","",""
NA,237,NA,237,"CIP 762141","","",-15.2033,-69.7608,3855,"acaule","acaule","tuberous","germplasm",48,"SŠrkinen","",""
NA,238,NA,238,"CIP 760013","","",-17.3769,-69.7517,3950,"acaule","acaule","tuberous","germplasm",NA,"SŠrkinen","",""
NA,239,NA,239,"CIP 762337","","",-14.2172,-69.7406,4156,"acaule","acaule","tuberous","germplasm",48,"SŠrkinen","",""
NA,240,NA,240,"CIP 761627","","",-16.0772,-69.6708,3843,"acaule","acaule","tuberous","germplasm",48,"SŠrkinen","",""
NA,241,NA,241,"CIP 762205","","",-14.31,-69.6308,3800,"acaule","acaule","tuberous","germplasm",48,"SŠrkinen","",""
NA,242,NA,242,"CIP 762206","","",-14.3589,-69.6197,3748,"acaule","acaule","tuberous","germplasm",48,"SŠrkinen","",""
NA,243,NA,243,"CIP 762338","","",-14.2172,-69.6064,4100,"acaule","acaule","tuberous","germplasm",48,"SŠrkinen","",""
NA,244,NA,244,"CIP 762194","","",-14.5206,-69.5547,4000,"acaule","acaule","tuberous","germplasm",48,"SŠrkinen","",""
NA,248,NA,248,"CIP 762209","","",-15.1183,-69.5514,3928,"acaule","acaule","tuberous","germplasm",48,"SŠrkinen","",""
NA,254,NA,254,"CIP 765765","","",-14.483,-69.5497,3490,"acaule","acaule","tuberous","germplasm",NA,"SŠrkinen","",""
NA,256,NA,256,"CIP 762342","","",-14.6908,-69.5069,4200,"acaule","acaule","tuberous","germplasm",48,"SŠrkinen","",""
NA,258,NA,258,"CIP 761331","","",-16.2147,-69.4592,3900,"acaule","acaule","tuberous","germplasm",48,"SŠrkinen","",""
NA,260,NA,260,"CIP 762145","","",-15.0083,-69.3933,4300,"acaule","acaule","tuberous","germplasm",48,"SŠrkinen","",""
NA,271,NA,271,"CIP 762140","","",-15.0153,-69.3647,4342,"acaule","acaule","tuberous","germplasm",48,"SŠrkinen","",""
NA,275,NA,275,"CIP 761332","","",-16.2728,-69.2931,3880,"acaule","acaule","tuberous","germplasm",48,"SŠrkinen","",""
NA,276,NA,276,"CIP 760597","","",-16.2286,-69.0961,3849,"acaule","acaule","tuberous","germplasm",NA,"SŠrkinen","",""
NA,277,NA,277,"CIP 760596","","",-16.2458,-69.0917,3824,"acaule","acaule","tuberous","germplasm",NA,"SŠrkinen","",""
NA,278,NA,278,"CIP 761286","","",-16.15,-69.0833,3825,"acaule","acaule","tuberous","germplasm",48,"SŠrkinen","",""
NA,282,NA,282,"CIP 762158","","",-14.8,-69.0833,4278,"acaule","acaule","tuberous","germplasm",48,"SŠrkinen","",""
NA,288,NA,288,"CIP 761340","","",-15.4,-69.0667,4215,"acaule","acaule","tuberous","germplasm",48,"SŠrkinen","",""
NA,289,NA,289,"CIP 761347","","",-15.75,-69.0667,3854,"acaule","acaule","tuberous","germplasm",48,"SŠrkinen","",""
NA,290,NA,290,"CIP 764382","","",-16.2444,-69.0419,3841,"acaule","acaule","tuberous","germplasm",48,"SŠrkinen","",""
NA,292,NA,292,"CIP 762821","","",-16.2608,-69.0103,3823,"acaule","acaule","tuberous","germplasm",48,"SŠrkinen","",""
NA,293,NA,293,"CIP 760593","","",-15.4667,-69,3599,"acaule","acaule","tuberous","germplasm",NA,"SŠrkinen","",""
NA,294,NA,294,"CIP 760862","","",-16.45,-68.8667,3877,"acaule","acaule","tuberous","germplasm",NA,"SŠrkinen","",""
NA,295,NA,295,"CIP 761336","","",-16.2167,-68.8333,3824,"acaule","acaule","tuberous","germplasm",48,"SŠrkinen","",""
NA,296,NA,296,"CIP 762301","","",-15.9667,-68.7167,3823,"acaule","acaule","tuberous","germplasm",48,"SŠrkinen","",""
NA,297,NA,297,"CIP 760594","","",-16.0256,-68.7039,3599,"acaule","acaule","tuberous","germplasm",NA,"SŠrkinen","",""
NA,298,NA,298,"CIP 760332","","",-16.55,-68.7,3838,"acaule","acaule","tuberous","germplasm",48,"SŠrkinen","",""
NA,299,NA,299,"CIP 760591","","",-16.05,-68.6833,3848,"acaule","acaule","tuberous","germplasm",NA,"SŠrkinen","",""
NA,303,NA,303,"CIP 760589","","",-15.7667,-68.6333,3550,"acaule","acaule","tuberous","germplasm",NA,"SŠrkinen","",""
NA,304,NA,304,"CIP 760316","","",-17.0167,-68.6167,3925,"acaule","acaule","tuberous","germplasm",48,"SŠrkinen","",""
NA,305,NA,305,"CIP 761290","","",-16.1667,-68.5667,3930,"acaule","acaule","tuberous","germplasm",48,"SŠrkinen","",""
NA,309,NA,309,"CIP 761294","","",-16.0667,-68.4667,4511,"acaule","acaule","tuberous","germplasm",48,"SŠrkinen","",""
NA,310,NA,310,"CIP 760314","","",-17.1667,-68.45,3988,"acaule","acaule","tuberous","germplasm",48,"SŠrkinen","",""
NA,312,NA,312,"CIP 762163","","",-14.6778,-68.3567,4368,"acaule","acaule","tuberous","germplasm",48,"SŠrkinen","",""
NA,317,NA,317,"CIP 764301","","",-16.65,-68.3,NA,"acaule","acaule","tuberous","germplasm",48,"SŠrkinen","",""
NA,318,NA,318,"CIP 762297","","",-15.3,-68.25,593,"acaule","acaule","tuberous","germplasm",48,"SŠrkinen","",""
NA,319,NA,319,"CIP 762299","","",-15.5478,-68.1789,4413,"acaule","acaule","tuberous","germplasm",48,"SŠrkinen","",""
NA,323,NA,323,"CIP 760212","","",-17.2333,-67.9167,3813,"acaule","acaule","tuberous","germplasm",48,"SŠrkinen","",""
NA,325,NA,325,"CIP 760873","","",-18.1,-67.7833,3982,"acaule","acaule","tuberous","germplasm",NA,"SŠrkinen","",""
NA,326,NA,326,"CIP 766106","","",-17.11666667,-67.7,4020,"acaule","acaule","tuberous","germplasm",NA,"SŠrkinen","",""
NA,327,NA,327,"CIP 760585","","",-17.05,-67.6667,2600,"acaule","acaule","tuberous","germplasm",NA,"SŠrkinen","",""
NA,329,NA,329,"CIP 760807","","",-17.5,-67.4667,3916,"acaule","acaule","tuberous","germplasm",NA,"SŠrkinen","",""
NA,330,NA,330,"CIP 760581","","",-17.1333,-67.3333,4558,"acaule","acaule","tuberous","germplasm",NA,"SŠrkinen","",""
NA,331,NA,331,"CIP 762307","","",-17.0833,-67.3167,4496,"acaule","acaule","tuberous","germplasm",48,"SŠrkinen","",""
NA,332,NA,332,"CIP 760571","","",-17.0333,-67.25,4465,"acaule","acaule","tuberous","germplasm",NA,"SŠrkinen","",""
NA,334,NA,334,"CIP 761350","","",-16.9833,-67.2167,3042,"acaule","acaule","tuberous","germplasm",48,"SŠrkinen","",""
NA,335,NA,335,"CIP 760882","","",-17.65,-67.1667,3783,"acaule","acaule","tuberous","germplasm",48,"SŠrkinen","",""
NA,336,NA,336,"CIP 760897","","",-18.1,-67.1333,3708,"acaule","acaule","tuberous","germplasm",NA,"SŠrkinen","",""
NA,337,NA,337,"CIP 761404","","",-18.1667,-67.0333,3720,"acaule","acaule","tuberous","germplasm",48,"SŠrkinen","",""
NA,338,NA,338,"CIP 760816","","",-17.7167,-66.9833,4118,"acaule","acaule","tuberous","germplasm",48,"SŠrkinen","",""
NA,339,NA,339,"CIP 760884","","",-18.7167,-66.8667,3718,"acaule","acaule","tuberous","germplasm",48,"SŠrkinen","",""
NA,340,NA,340,"CIP 760483","","",-18.2667,-66.85,4169,"acaule","acaule","tuberous","germplasm",48,"SŠrkinen","",""
NA,341,NA,341,"CIP 760448","","",-17.0667,-66.8167,3056,"acaule","acaule","tuberous","germplasm",48,"SŠrkinen","",""
NA,342,NA,342,"CIP 762565","","",-17.505,-66.6842,4100,"acaule","acaule","tuberous","germplasm",48,"SŠrkinen","",""
NA,343,NA,343,"CIP 760491","","",-18.45,-66.6167,4431,"acaule","acaule","tuberous","germplasm",NA,"SŠrkinen","",""
NA,344,NA,344,"CIP 760480","","",-17.2333,-66.5333,2934,"acaule","acaule","tuberous","germplasm",NA,"SŠrkinen","",""
NA,346,NA,346,"CIP 760484","","",-18.2167,-66.4833,3454,"acaule","acaule","tuberous","germplasm",48,"SŠrkinen","",""
NA,347,NA,347,"CIP 760540","","",-17.7,-66.4667,3758,"acaule","acaule","tuberous","germplasm",NA,"SŠrkinen","",""
NA,348,NA,348,"CIP 760216","","",-17.4,-66.2831,2549,"acaule","acaule","tuberous","germplasm",48,"SŠrkinen","",""
NA,349,NA,349,"CIP 760457","","",-17.3833,-66.0333,2846,"acaule","acaule","tuberous","germplasm",NA,"SŠrkinen","",""
NA,353,NA,353,"CIP 760496","","",-18.6667,-66.0167,4686,"acaule","acaule","tuberous","germplasm",48,"SŠrkinen","",""
NA,354,NA,354,"CIP 760267","","",-19.3747,-65.9442,3925,"acaule","acaule","tuberous","germplasm",48,"SŠrkinen","",""
NA,360,NA,360,"CIP 760510","","",-21.3703,-65.9439,3900,"acaule","acaule","tuberous","germplasm",48,"SŠrkinen","",""
NA,363,NA,363,"CIP 760495","","",-18.8333,-65.8333,3970,"acaule","acaule","tuberous","germplasm",48,"SŠrkinen","",""
NA,364,NA,364,"CIP 760526","","",-20.8333,-65.6833,2648,"acaule","acaule","tuberous","germplasm",48,"SŠrkinen","",""
NA,365,NA,365,"CIP 760213","","",-17.4333,-65.5833,4116,"acaule","acaule","tuberous","germplasm",48,"SŠrkinen","",""
NA,367,NA,367,"CIP 760456","","",-16.9167,-65.3667,259,"acaule","acaule","tuberous","germplasm",48,"SŠrkinen","",""
NA,368,NA,368,"CIP 760225","","",-20.4,-65.3,3579,"acaule","acaule","tuberous","germplasm",48,"SŠrkinen","",""
NA,369,NA,369,"CIP 761376","","",-21.7833,-65.1833,2710,"acaule","acaule","tuberous","germplasm",48,"SŠrkinen","",""
NA,370,NA,370,"CIP 764228","","",-23.6,-65.1333,NA,"acaule","acaule","tuberous","germplasm",48,"SŠrkinen","",""
NA,371,NA,371,"CIP 761385","","",-21.95,-65.1158,3853,"acaule","acaule","tuberous","germplasm",48,"SŠrkinen","",""
NA,372,NA,372,"CIP 761378","","",-21.95,-65.0667,4006,"acaule","acaule","tuberous","germplasm",48,"SŠrkinen","",""
NA,376,NA,376,"CIP 761386","","",-21.8333,-65.0589,3715,"acaule","acaule","tuberous","germplasm",48,"SŠrkinen","",""
NA,377,NA,377,"CIP 760296","","",-21.7522,-65.0111,3700,"acaule","acaule","tuberous","germplasm",48,"SŠrkinen","",""
NA,378,NA,378,"CIP 762983","","",-21.5833,-64.8833,3411,"acaule","acaule","tuberous","germplasm",NA,"SŠrkinen","",""
NA,379,NA,379,"77470","","",-14.4333,-71,3950,"acaule","acaule","tuberous","wild",NA,"SŠrkinen","",""
NA,380,NA,380,"77435","","",-15.9,-68.65,4100,"acaule","acaule","tuberous","wild",NA,"SŠrkinen","",""
NA,381,NA,381,"95314","","",-11.61667,-75.63333,4000,"acaule","acaule","tuberous","wild",NA,"SŠrkinen","",""
NA,382,NA,382,"77099","","",-17.6167,-66.65,3950,"acaule","acaule","tuberous","wild",NA,"SŠrkinen","",""
NA,383,NA,383,"95304","","",-14.6722,-72.0219,3900,"acaule","acaule","tuberous","wild",NA,"SŠrkinen","",""
NA,384,NA,384,"77468","","",-13.4167,-71,4300,"acaule","acaule","tuberous","wild",NA,"SŠrkinen","",""
NA,385,NA,385,"84058","","",-16.3667,-68.0333,4400,"acaule","acaule","tuberous","wild",NA,"SŠrkinen","",""
NA,386,NA,386,"79600","","",-23.36694,-66.36467,3706,"acaule","acaule","tuberous","wild",NA,"SŠrkinen","",""
NA,387,NA,387,"81435","","",-14.75,-70.75,3980,"acaule","acaule","tuberous","wild",NA,"SŠrkinen","",""
NA,388,NA,388,"77097","","",-17.3333,-66.3333,4100,"acaule","acaule","tuberous","wild",NA,"SŠrkinen","",""
NA,389,NA,389,"77448","","",-17.25,-66.9,3730,"acaule","acaule","tuberous","wild",NA,"SŠrkinen","",""
NA,390,NA,390,"95307","","",-9.7833,-76.5833,3750,"acaule","acaule","tuberous","wild",NA,"SŠrkinen","",""
NA,392,NA,392,"23477","","",-16.20013,-68.6903,3902,"acaule","acaule","tuberous","wild",NA,"SŠrkinen","",""
NA,393,NA,393,"82451","","",-13.6667,-73.4167,3890,"acaule","acaule","tuberous","wild",NA,"SŠrkinen","",""
NA,394,NA,394,"77436","","",-17.1,-67.7167,4020,"acaule","acaule","tuberous","wild",NA,"SŠrkinen","",""
NA,395,NA,395,"81519","","",-14.3,-69.5333,3800,"acaule","acaule","tuberous","wild",NA,"SŠrkinen","",""
NA,396,NA,396,"81618","","",-13.2167,-72,4080,"acaule","acaule","tuberous","wild",NA,"SŠrkinen","",""
NA,397,NA,397,"87620","","",-25.05,-66.35,3500,"acaule","acaule","tuberous","wild",NA,"SŠrkinen","",""
NA,398,NA,398,"83381","","",-22.45,-68.93,3800,"acaule","acaule","tuberous","wild",NA,"SŠrkinen","",""
NA,399,NA,399,"80241","","",-21.41219,-66.0907,3928,"acaule","acaule","tuberous","wild",NA,"SŠrkinen","",""
NA,400,NA,400,"77469","","",-15.8333,-70.5,4200,"acaule","acaule","tuberous","wild",NA,"SŠrkinen","",""
NA,401,NA,401,"81623","","",-16.3333,-71.5,4000,"acaule","acaule","tuberous","wild",NA,"SŠrkinen","",""
NA,402,NA,402,"87486","","",-24.2,-66.5833,3720,"acaule","acaule","tuberous","wild",NA,"SŠrkinen","",""
NA,403,NA,403,"77452","","",-20.26478,-65.1469,3400,"acaule","acaule","tuberous","wild",NA,"SŠrkinen","",""
NA,404,NA,404,"77361","","",-7.0833,-78.5833,3500,"acaule","acaule","tuberous","wild",NA,"SŠrkinen","",""
NA,405,NA,405,"80975","","",-27.7,-65.9333,3500,"acaule","acaule","tuberous","wild",NA,"SŠrkinen","",""
NA,406,NA,406,"77457","","",-17.48296,-65.55927,3550,"acaule","acaule","tuberous","wild",NA,"SŠrkinen","",""
NA,407,NA,407,"77461","","",-16.15159,-68.35972,4500,"acaule","acaule","tuberous","wild",NA,"SŠrkinen","",""
NA,408,NA,408,"23482","","",-15.49865,-70.13057,3810,"acaule","acaule","tuberous","wild",NA,"SŠrkinen","",""
NA,409,NA,409,"77450","","",-17.4667,-66.8167,3850,"acaule","acaule","tuberous","wild",NA,"SŠrkinen","",""
NA,410,NA,410,"82612","","",-17.81158,-68.46738,4100,"acaule","acaule","tuberous","wild",NA,"SŠrkinen","",""
NA,411,NA,411,"86390","","",-28.4166,-67.6833,3200,"acaule","acaule","tuberous","wild",NA,"SŠrkinen","",""
NA,412,NA,412,"87033","","",-28.8333,-67.45,2900,"acaule","acaule","tuberous","wild",NA,"SŠrkinen","",""
NA,413,NA,413,"79377","","",-22.25,-65.0666,3350,"acaule","acaule","tuberous","wild",NA,"SŠrkinen","",""
NA,415,NA,415,"83160","","",-26.35,-65.9333,3200,"acaule","acaule","tuberous","wild",NA,"SŠrkinen","",""
NA,416,NA,416,"83159","","",-26.45,-65.7166,4200,"acaule","acaule","tuberous","wild",NA,"SŠrkinen","",""
NA,417,NA,417,"77477","","",-23.5667,-65.3667,3800,"acaule","acaule","tuberous","wild",NA,"SŠrkinen","",""
NA,418,NA,418,"23481","","",-14.47405,-71.90325,3750,"acaule","acaule","tuberous","wild",NA,"SŠrkinen","",""
NA,419,NA,419,"81663","","",-14.3006,-73.2308,2950,"acaule","acaule","tuberous","wild",NA,"SŠrkinen","",""
NA,421,NA,421,"77100","","",-15.7,-70.6,4270,"acaule","acaule","tuberous","wild",NA,"SŠrkinen","",""
NA,423,NA,423,"81645","","",-10.99707,-76.36212,4200,"acaule","acaule","tuberous","wild",NA,"SŠrkinen","",""
NA,424,NA,424,"86421","","",-28.8833,-67.3333,3400,"acaule","acaule","tuberous","wild",NA,"SŠrkinen","",""
NA,426,NA,426,"75866","","",-10.55817,-76.77193,4134,"acaule","acaule","tuberous","wild",NA,"SŠrkinen","",""
NA,427,NA,427,"81830","","",-10.4667,-76.3481,3900,"acaule","acaule","tuberous","wild",NA,"SŠrkinen","",""
NA,428,NA,428,"77434","","",-17.56637,-67.48486,3840,"acaule","acaule","tuberous","wild",NA,"SŠrkinen","",""
NA,429,NA,429,"81840","","",-13.2728,-74.2047,3900,"acaule","acaule","tuberous","wild",NA,"SŠrkinen","",""
NA,430,NA,430,"86325","","",-22.55,-66.2833,4200,"acaule","acaule","tuberous","wild",NA,"SŠrkinen","",""
NA,431,NA,431,"84331","","",-15.50657,-70.39572,4000,"acaule","acaule","tuberous","wild",NA,"SŠrkinen","",""
NA,432,NA,432,"81646","","",-10.8833,-75.95,0,"acaule","acaule","tuberous","wild",NA,"SŠrkinen","",""
NA,433,NA,433,"77467","","",-13.3333,-73.9333,3900,"acaule","acaule","tuberous","wild",NA,"SŠrkinen","",""
NA,434,NA,434,"84057","","",-16.8667,-67.4667,4530,"acaule","acaule","tuberous","wild",NA,"SŠrkinen","",""
NA,435,NA,435,"85755","","",-23.4666,-64.9833,2900,"acaule","acaule","tuberous","wild",NA,"SŠrkinen","",""
NA,437,NA,437,"83855","","",-23.4267,-65.29344,4000,"acaule","acaule","tuberous","wild",NA,"SŠrkinen","",""
NA,438,NA,438,"86927","","",-19.91667,-66.06667,3800,"acaule","acaule","tuberous","wild",NA,"SŠrkinen","",""
NA,439,NA,439,"81999","","",-9.4,-76.5667,0,"acaule","acaule","tuberous","wild",NA,"SŠrkinen","",""
NA,440,NA,440,"82133","","",-10.85,-76.1167,4150,"acaule","acaule","tuberous","wild",NA,"SŠrkinen","",""
NA,441,NA,441,"80060","","",-23.7333,-65.25,3400,"acaule","acaule","tuberous","wild",NA,"SŠrkinen","",""
NA,442,NA,442,"87551","","",-23.9166,-65.6333,3500,"acaule","acaule","tuberous","wild",NA,"SŠrkinen","",""
NA,443,NA,443,"82964","","",-22.69019,-66.51412,4200,"acaule","acaule","tuberous","wild",NA,"SŠrkinen","",""
NA,444,NA,444,"87164","","",-22.8333,-64.7,3500,"acaule","acaule","tuberous","wild",NA,"SŠrkinen","",""
NA,445,NA,445,"77728","","",-15.2333,-69.7333,3820,"acaule","acaule","tuberous","wild",NA,"SŠrkinen","",""
NA,446,NA,446,"81635","","",-15.6138,-71.4203,3820,"acaule","acaule","tuberous","wild",NA,"SŠrkinen","",""
NA,447,NA,447,"86250","","",-21.9,-66.2333,4000,"acaule","acaule","tuberous","wild",NA,"SŠrkinen","",""
NA,448,NA,448,"82450","","",-13.2667,-73.6667,3900,"acaule","acaule","tuberous","wild",NA,"SŠrkinen","",""
NA,449,NA,449,"84051","","",-16.2167,-68.1167,4100,"acaule","acaule","tuberous","wild",NA,"SŠrkinen","",""
NA,450,NA,450,"80156","","",-19.5387,-65.5898,3524,"acaule","acaule","tuberous","wild",NA,"SŠrkinen","",""
NA,451,NA,451,"82613","","",-17.01667,-68.6,3950,"acaule","acaule","tuberous","wild",NA,"SŠrkinen","",""
NA,452,NA,452,"81000","","",-22.7333,-65.9,3500,"acaule","acaule","tuberous","wild",NA,"SŠrkinen","",""
NA,453,NA,453,"85797","","",-23.4833,-65.8,3800,"acaule","acaule","tuberous","wild",NA,"SŠrkinen","",""
NA,454,NA,454,"87934","","",-11.16667,-75.41667,3750,"acaule","acaule","tuberous","wild",NA,"SŠrkinen","",""
NA,455,NA,455,"79604","","",-21.95,-66.0666,3852,"acaule","acaule","tuberous","wild",NA,"SŠrkinen","",""
NA,456,NA,456,"95139","","",-12.41666,-76,4200,"acaule","acaule","tuberous","wild",NA,"SŠrkinen","",""
NA,457,NA,457,"82301","","",-17.6167,-67.3833,3700,"acaule","acaule","tuberous","wild",NA,"SŠrkinen","",""
NA,458,NA,458,"81802","","",-11.7333,-75.7833,3950,"acaule","acaule","tuberous","wild",NA,"SŠrkinen","",""
NA,459,NA,459,"77369","","",-17.68763,-66.48879,3750,"acaule","acaule","tuberous","wild",NA,"SŠrkinen","",""
NA,460,NA,460,"85967","","",-22.5666,-64.6333,3220,"acaule","acaule","tuberous","wild",NA,"SŠrkinen","",""
NA,461,NA,461,"86495","","",-23.58,-65.7,3800,"acaule","acaule","tuberous","wild",NA,"SŠrkinen","",""
NA,462,NA,462,"81500","","",-10.7333,-76.2333,4000,"acaule","acaule","tuberous","wild",NA,"SŠrkinen","",""
NA,463,NA,463,"23474","","",-17.97343,-67.12549,4024,"acaule","acaule","tuberous","wild",NA,"SŠrkinen","",""
NA,464,NA,464,"77938","","",-26.8666,-65.6833,0,"acaule","acaule","tuberous","wild",NA,"SŠrkinen","",""
NA,465,NA,465,"83936","","",-25.5333,-65.8333,3200,"acaule","acaule","tuberous","wild",NA,"SŠrkinen","",""
NA,466,NA,466,"77104","","",-19.62295,-65.74272,4400,"acaule","acaule","tuberous","wild",NA,"SŠrkinen","",""
NA,467,NA,467,"81969","","",-15.2167,-73.4667,3600,"acaule","acaule","tuberous","wild",NA,"SŠrkinen","",""
NA,468,NA,468,"77914","","",-22.11813,-65.58009,0,"acaule","acaule","tuberous","wild",NA,"SŠrkinen","",""
NA,469,NA,469,"94551","","",-16.2667,-69.3,3850,"acaule","acaule","tuberous","wild",NA,"SŠrkinen","",""
NA,470,NA,470,"86758","","",-23.7833,-66.0166,4000,"acaule","acaule","tuberous","wild",NA,"SŠrkinen","",""
NA,471,NA,471,"94560","","",-9.666667,-77.35,4400,"acaule","acaule","tuberous","wild",NA,"SŠrkinen","",""
NA,472,NA,472,"71262","","",-8.3417,-77.43049,3955,"acaule","acaule","tuberous","wild",NA,"SŠrkinen","",""
NA,473,NA,473,"81622","","",-14.35,-70,4300,"acaule","acaule","tuberous","wild",NA,"SŠrkinen","",""
NA,474,NA,474,"77102","","",-15.76878,-70.26787,3950,"acaule","acaule","tuberous","wild",NA,"SŠrkinen","",""
NA,475,NA,475,"79765","","",-28.3333,-67.9166,2850,"acaule","acaule","tuberous","wild",NA,"SŠrkinen","",""
NA,476,NA,476,"33718","","",-16.94634,-69.70047,4000,"acaule","acaule","tuberous","wild",NA,"SŠrkinen","",""
NA,477,NA,477,"77103","","",-14.4667,-71.4,0,"acaule","acaule","tuberous","wild",NA,"SŠrkinen","",""
NA,478,NA,478,"81068","","",-22.31917,-65.64528,3650,"acaule","acaule","tuberous","wild",NA,"SŠrkinen","",""
NA,479,NA,479,"81738","","",-8.58333,-77.6833,4100,"acaule","acaule","tuberous","wild",NA,"SŠrkinen","",""
NA,480,NA,480,"86387","","",-28.6666,-67.7,3200,"acaule","acaule","tuberous","wild",NA,"SŠrkinen","",""
NA,482,NA,482,"77364","","",-11.4667,-75.95,3850,"acaule","acaule","tuberous","wild",NA,"SŠrkinen","",""
NA,483,NA,483,"77363","","",-12.6,-75.03,3900,"acaule","acaule","tuberous","wild",NA,"SŠrkinen","",""
NA,484,NA,484,"86417","","",-28.3833,-67.8166,3100,"acaule","acaule","tuberous","wild",NA,"SŠrkinen","",""
NA,485,NA,485,"77459","","",-17.33306,-67.13309,3800,"acaule","acaule","tuberous","wild",NA,"SŠrkinen","",""
NA,486,NA,486,"77463","","",-16.55274,-68.68045,3800,"acaule","acaule","tuberous","wild",NA,"SŠrkinen","",""
NA,487,NA,487,"83577","","",-26.2,-65.2667,4000,"acaule","acaule","tuberous","wild",NA,"SŠrkinen","",""
NA,488,NA,488,"84472","","",-17.477,-65.6535,3578,"acaule","acaule","tuberous","wild",NA,"SŠrkinen","",""
NA,489,NA,489,"77464","","",-19.4736,-65.80909,3500,"acaule","acaule","tuberous","wild",NA,"SŠrkinen","",""
NA,490,NA,490,"83256","","",-27.35,-66.4,3600,"acaule","acaule","tuberous","wild",NA,"SŠrkinen","",""
NA,491,NA,491,"94205","","",-16.26083,-69.01033,3850,"acaule","acaule","tuberous","wild",NA,"SŠrkinen","",""
NA,492,NA,492,"81593","","",-14.6667,-74.3833,3950,"acaule","acaule","tuberous","wild",NA,"SŠrkinen","",""
NA,493,NA,493,"94652","","",-9.33333,-77.16666,3900,"acaule","acaule","tuberous","wild",NA,"SŠrkinen","",""
NA,494,NA,494,"82221","","",-14.7914,-71.4125,3900,"acaule","acaule","tuberous","wild",NA,"SŠrkinen","",""
NA,495,NA,495,"77474","","",-15.9167,-70.75,4450,"acaule","acaule","tuberous","wild",NA,"SŠrkinen","",""
NA,497,NA,497,"94264","","",-16.86533,-70.67067,3660,"acaule","acaule","tuberous","wild",NA,"SŠrkinen","",""
NA,498,NA,498,"87296","","",-22.7666,-65.35,3600,"acaule","acaule","tuberous","wild",NA,"SŠrkinen","",""
NA,500,NA,500,"95289","","",-13.78333,-71.88333,4000,"acaule","acaule","tuberous","wild",NA,"SŠrkinen","",""
NA,501,NA,501,"86140","","",-22.0833,-65.8833,3700,"acaule","acaule","tuberous","wild",NA,"SŠrkinen","",""
NA,502,NA,502,"84333","","",-21.71385,-65.08875,3550,"acaule","acaule","tuberous","wild",NA,"SŠrkinen","",""
NA,503,NA,503,"85269","","",-26.2333,-65.4833,0,"acaule","acaule","tuberous","wild",NA,"SŠrkinen","",""
NA,504,NA,504,"84873","","",-16.64781,-68.2923,3900,"acaule","acaule","tuberous","wild",NA,"SŠrkinen","",""
NA,505,NA,505,"95203","","",-13.8333,-70.25,4000,"acaule","acaule","tuberous","wild",NA,"SŠrkinen","",""
NA,506,NA,506,"81616","","",-13.21849,-71.90841,4100,"acaule","acaule","tuberous","wild",NA,"SŠrkinen","",""
NA,507,NA,507,"81131","","",-25.18028,-65.85861,3500,"acaule","acaule","tuberous","wild",NA,"SŠrkinen","",""
NA,508,NA,508,"95228","","",-13.6333,-74.2,3600,"acaule","acaule","tuberous","wild",NA,"SŠrkinen","",""
NA,509,NA,509,"83416","","",-22.9166,-65.5833,3800,"acaule","acaule","tuberous","wild",NA,"SŠrkinen","",""
NA,510,NA,510,"86304","","",-22.2666,-66.2333,3800,"acaule","acaule","tuberous","wild",NA,"SŠrkinen","",""
NA,511,NA,511,"81723","","",-14.3833,-74.7667,4000,"acaule","acaule","tuberous","wild",NA,"SŠrkinen","",""
NA,512,NA,512,"84893","","",-28.56,-67.4,3800,"acaule","acaule","tuberous","wild",NA,"SŠrkinen","",""
NA,513,NA,513,"87818","","",-21.1667,-66.1333,0,"acaule","acaule","tuberous","wild",NA,"SŠrkinen","",""
NA,514,NA,514,"81725","","",-12.6667,-75.25,3900,"acaule","acaule","tuberous","wild",NA,"SŠrkinen","",""
NA,516,NA,516,"81639","","",-17.2678,-70.2494,3240,"acaule","acaule","tuberous","wild",NA,"SŠrkinen","",""
NA,517,NA,517,"77923","","",-24.22168,-66.44957,0,"acaule","acaule","tuberous","wild",NA,"SŠrkinen","",""
NA,518,NA,518,"94574","","",-14.14,-73.7,4100,"acaule","acaule","tuberous","wild",NA,"SŠrkinen","",""
NA,519,NA,519,"79760","","",-25.1666,-65.7666,2950,"acaule","acaule","tuberous","wild",NA,"SŠrkinen","",""
NA,520,NA,520,"81638","","",-17.0333,-70.4,3450,"acaule","acaule","tuberous","wild",NA,"SŠrkinen","",""
NA,521,NA,521,"81178","","",-23.65,-65.6,3590,"acaule","acaule","tuberous","wild",NA,"SŠrkinen","",""
NA,522,NA,522,"81867","","",-13.35,-74.85,3500,"acaule","acaule","tuberous","wild",NA,"SŠrkinen","",""
NA,523,NA,523,"81866","","",-11.5833,-74.95,3800,"acaule","acaule","tuberous","wild",NA,"SŠrkinen","",""
NA,524,NA,524,"77727","","",-15.2833,-69.8333,3820,"acaule","acaule","tuberous","wild",NA,"SŠrkinen","",""
NA,525,NA,525,"81432","","",-16.25,-69.5167,4100,"acaule","acaule","tuberous","wild",NA,"SŠrkinen","",""
NA,526,NA,526,"81660","","",-14.6667,-73.9333,4200,"acaule","acaule","tuberous","wild",NA,"SŠrkinen","",""
NA,527,NA,527,"82154","","",-11.5533,-76.6233,3800,"acaule","acaule","tuberous","wild",NA,"SŠrkinen","",""
NA,528,NA,528,"83267","","",-23.1333,-65.7,4100,"acaule","acaule","tuberous","wild",NA,"SŠrkinen","",""
NA,529,NA,529,"82211","","",-13.3156,-71.5917,3600,"acaule","acaule","tuberous","wild",NA,"SŠrkinen","",""
NA,530,NA,530,"84464","","",-22.97,-65.45,3500,"acaule","acaule","tuberous","wild",NA,"SŠrkinen","",""
NA,531,NA,531,"84979","","",-10.3833,-77.2167,3900,"acaule","acaule","tuberous","wild",NA,"SŠrkinen","",""
NA,532,NA,532,"94650","","",-11.91667,-76.41667,4200,"acaule","acaule","tuberous","wild",NA,"SŠrkinen","",""
NA,533,NA,533,"65753","","",-10.95,-76.71667,3600,"acaule","acaule","tuberous","wild",NA,"SŠrkinen","",""
NA,534,NA,534,"93857","","",-15.0689,-71.7492,3900,"acaule","acaule","tuberous","wild",NA,"SŠrkinen","",""
NA,535,NA,535,"85596","","",-19.78333,-65.65,4000,"acaule","acaule","tuberous","wild",NA,"SŠrkinen","",""
NA,536,NA,536,"95141","","",-16.03333,-71.45,4078,"acaule","acaule","tuberous","wild",NA,"SŠrkinen","",""
NA,537,NA,537,"81784","","",-21.45,-65.7167,3800,"acaule","acaule","tuberous","wild",NA,"SŠrkinen","",""
NA,538,NA,538,"83151","","",-23.3833,-65.5333,3700,"acaule","acaule","tuberous","wild",NA,"SŠrkinen","",""
NA,541,NA,541,"82523","","",-15.8333,-70.3833,3800,"acaule","acaule","tuberous","wild",NA,"SŠrkinen","",""
NA,542,NA,542,"75816","","",-11.38743,-76.47753,4052,"acaule","acaule","tuberous","wild",NA,"SŠrkinen","",""
NA,543,NA,543,"77975","","",-23.12,-64.55,2900,"acaule","acaule","tuberous","wild",NA,"SŠrkinen","",""
NA,544,NA,544,"82880","","",-23.9,-65.45,2600,"acaule","acaule","tuberous","wild",NA,"SŠrkinen","",""
NA,545,NA,545,"77968","","",-24.8333,-65.7166,3700,"acaule","acaule","tuberous","wild",NA,"SŠrkinen","",""
NA,546,NA,546,"81947","","",-14.3458,-72.8925,3290,"acaule","acaule","tuberous","wild",NA,"SŠrkinen","",""
NA,547,NA,547,"84090","","",-24.1833,-65.3,3800,"acaule","acaule","tuberous","wild",NA,"SŠrkinen","",""
NA,548,NA,548,"86266","","",-22.2,-66.4,3800,"acaule","acaule","tuberous","wild",NA,"SŠrkinen","",""
NA,549,NA,549,"77978","","",-23.2,-64.9166,3600,"acaule","acaule","tuberous","wild",NA,"SŠrkinen","",""
NA,550,NA,550,"68740","","",-13.2892,-75.05093,4332,"acaule","acaule","tuberous","wild",NA,"SŠrkinen","",""
NA,551,NA,551,"86389","","",-28.9166,-67.1833,3200,"acaule","acaule","tuberous","wild",NA,"SŠrkinen","",""
NA,552,NA,552,"84888","","",-19.9167,-67.0833,3800,"acaule","acaule","tuberous","wild",NA,"SŠrkinen","",""
NA,553,NA,553,"86731","","",-24.8,-66.3833,4350,"acaule","acaule","tuberous","wild",NA,"SŠrkinen","",""
NA,554,NA,554,"81719","","",-14.2822,-72.0419,3850,"acaule","acaule","tuberous","wild",NA,"SŠrkinen","",""
NA,555,NA,555,"68278","","",-14.0585,-71.336,3840,"acaule","acaule","tuberous","wild",NA,"SŠrkinen","",""
NA,556,NA,556,"32993","","",-15.60883,-71.97617,3220,"acaule","acaule","tuberous","wild",NA,"SŠrkinen","",""
NA,557,NA,557,"77444","","",-17.2333,-66.05,4200,"acaule","acaule","tuberous","wild",NA,"SŠrkinen","",""
NA,558,NA,558,"86917","","",-26.0166,-65.9833,2800,"acaule","acaule","tuberous","wild",NA,"SŠrkinen","",""
NA,560,NA,560,"81060","","",-22.2275,-65.26806,0,"acaule","acaule","tuberous","wild",NA,"SŠrkinen","",""
NA,561,NA,561,"82131","","",-12.6683,-75.61,4200,"acaule","acaule","tuberous","wild",NA,"SŠrkinen","",""
NA,562,NA,562,"94573","","",-15.66667,-71.535,4500,"acaule","acaule","tuberous","wild",NA,"SŠrkinen","",""
NA,563,NA,563,"93866","","",-13.1667,-71.4167,0,"acaule","acaule","tuberous","wild",NA,"SŠrkinen","",""
NA,564,NA,564,"77085","","",-17.33485,-67.74379,3700,"acaule","acaule","tuberous","wild",NA,"SŠrkinen","",""
NA,565,NA,565,"86391","","",-28.9666,-67.55,2900,"acaule","acaule","tuberous","wild",NA,"SŠrkinen","",""
NA,566,NA,566,"94424","","",-14.36667,-71.13333,0,"acaule","acaule","tuberous","wild",NA,"SŠrkinen","",""
NA,567,NA,567,"83462","","",-28.0667,-67.5667,3500,"acaule","acaule","tuberous","wild",NA,"SŠrkinen","",""
NA,568,NA,568,"79633","","",-22.96771,-66.06696,3488,"acaule","acaule","tuberous","wild",NA,"SŠrkinen","",""
NA,569,NA,569,"77741","","",-15.9667,-69.8,3850,"acaule","acaule","tuberous","wild",NA,"SŠrkinen","",""
NA,570,NA,570,"81436","","",-15.1,-70.4,3900,"acaule","acaule","tuberous","wild",NA,"SŠrkinen","",""
NA,571,NA,571,"83120","","",-22.1333,-65.4666,3450,"acaule","acaule","tuberous","wild",NA,"SŠrkinen","",""
NA,572,NA,572,"85786","","",-24.2666,-64.3166,3700,"acaule","acaule","tuberous","wild",NA,"SŠrkinen","",""
NA,573,NA,573,"87228","","",-22.17,-66.02,3650,"acaule","acaule","tuberous","wild",NA,"SŠrkinen","",""
NA,574,NA,574,"78849","","",-24.65,-66.2166,3480,"acaule","acaule","tuberous","wild",NA,"SŠrkinen","",""
NA,575,NA,575,"83339","","",-24.21912,-66.32104,0,"acaule","acaule","tuberous","wild",NA,"SŠrkinen","",""
NA,576,NA,576,"83449","","",-26.4166,-66.0333,3000,"acaule","acaule","tuberous","wild",NA,"SŠrkinen","",""
NA,577,NA,577,"81564","","",-15.0333,-69.3833,0,"acaule","acaule","tuberous","wild",NA,"SŠrkinen","",""
NA,578,NA,578,"165650","","",-28.17917,-65.9925,3513,"acaule","acaule","tuberous","wild",NA,"SŠrkinen","",""
NA,579,NA,579,"81689","","",-13.955,-71.6028,3900,"acaule","acaule","tuberous","wild",NA,"SŠrkinen","",""
NA,580,NA,580,"81604","","",-14.6333,-73.75,4200,"acaule","acaule","tuberous","wild",NA,"SŠrkinen","",""
NA,581,NA,581,"80450","","",-12.9,-74.0833,4000,"acaule","acaule","tuberous","wild",NA,"SŠrkinen","",""
NA,582,NA,582,"85834","","",-22.4,-65.3833,4300,"acaule","acaule","tuberous","wild",NA,"SŠrkinen","",""
NA,583,NA,583,"81486","","",-15.8333,-68.35,4000,"acaule","acaule","tuberous","wild",NA,"SŠrkinen","",""
NA,584,NA,584,"85842","","",-22.1666,-65.3666,3700,"acaule","acaule","tuberous","wild",NA,"SŠrkinen","",""
NA,585,NA,585,"86187","","",-25.13,-65.52,3500,"acaule","acaule","tuberous","wild",NA,"SŠrkinen","",""
NA,586,NA,586,"95151","","",-10.08333,-77.13333,4400,"acaule","acaule","tuberous","wild",NA,"SŠrkinen","",""
NA,587,NA,587,"82086","","",-14.4167,-72.75,4200,"acaule","acaule","tuberous","wild",NA,"SŠrkinen","",""
NA,588,NA,588,"84075","","",-23.3,-65.9833,4050,"acaule","acaule","tuberous","wild",NA,"SŠrkinen","",""
NA,589,NA,589,"81443","","",-14.1667,-69.7167,4100,"acaule","acaule","tuberous","wild",NA,"SŠrkinen","",""
NA,590,NA,590,"81891","","",-15.1067,-72.3058,4520,"acaule","acaule","tuberous","wild",NA,"SŠrkinen","",""
NA,591,NA,591,"83266","","",-23.2,-65.35,4650,"acaule","acaule","tuberous","wild",NA,"SŠrkinen","",""
NA,592,NA,592,"85859","","",-23.05,-66.95,4200,"acaule","acaule","tuberous","wild",NA,"SŠrkinen","",""
NA,593,NA,593,"81724","","",-12.96068,-74.75517,4100,"acaule","acaule","tuberous","wild",NA,"SŠrkinen","",""
NA,594,NA,594,"82160","","",-12.0667,-75.2333,3900,"acaule","acaule","tuberous","wild",NA,"SŠrkinen","",""
NA,595,NA,595,"79911","","",-24.19,-66.1,3800,"acaule","acaule","tuberous","wild",NA,"SŠrkinen","",""
NA,596,NA,596,"77440","","",-18.8,-65.8667,4080,"acaule","acaule","tuberous","wild",NA,"SŠrkinen","",""
NA,597,NA,597,"81624","","",-16.35,-70.95,4100,"acaule","acaule","tuberous","wild",NA,"SŠrkinen","",""
NA,598,NA,598,"86352","","",-24.39,-66.2,3480,"acaule","acaule","tuberous","wild",NA,"SŠrkinen","",""
NA,599,NA,599,"77442","","",-17.23348,-66.42107,4000,"acaule","acaule","tuberous","wild",NA,"SŠrkinen","",""
NA,600,NA,600,"93702","","",-14.63333,-71.75,4000,"acaule","acaule","tuberous","wild",NA,"SŠrkinen","",""
NA,601,NA,601,"82818","","",-26.61835,-65.80498,3000,"acaule","acaule","tuberous","wild",NA,"SŠrkinen","",""
NA,602,NA,602,"83299","","",-23.7333,-65.8,3850,"acaule","acaule","tuberous","wild",NA,"SŠrkinen","",""
NA,603,NA,603,"79623","","",-22.4,-66.1166,3724,"acaule","acaule","tuberous","wild",NA,"SŠrkinen","",""
NA,604,NA,604,"87491","","",-23.9333,-66.3,4220,"acaule","acaule","tuberous","wild",NA,"SŠrkinen","",""
NA,605,NA,605,"77365","","",-10.3333,-77.4167,3880,"acaule","acaule","tuberous","wild",NA,"SŠrkinen","",""
NA,606,NA,606,"84462","","",-17.65,-67.2333,3800,"acaule","acaule","tuberous","wild",NA,"SŠrkinen","",""
NA,607,NA,607,"78888","","",-24.9,-66.15,3700,"acaule","acaule","tuberous","wild",NA,"SŠrkinen","",""
NA,608,NA,608,"87732","","",-17.35,-65.86667,0,"acaule","acaule","tuberous","wild",NA,"SŠrkinen","",""
NA,609,NA,609,"83027","","",-22.8833,-65.2667,3875,"acaule","acaule","tuberous","wild",NA,"SŠrkinen","",""
NA,610,NA,610,"83862","","",-23.42127,-65.20001,3800,"acaule","acaule","tuberous","wild",NA,"SŠrkinen","",""
NA,611,NA,611,"68808","","",-13.57518,-73.62517,4150,"acaule","acaule","tuberous","wild",NA,"SŠrkinen","",""
NA,612,NA,612,"81772","","",-21.95,-65.1167,3700,"acaule","acaule","tuberous","wild",NA,"SŠrkinen","",""
NA,613,NA,613,"82444","","",-13.85,-72.2667,4400,"acaule","acaule","tuberous","wild",NA,"SŠrkinen","",""
NA,614,NA,614,"79638","","",-23.0833,-65.15,3981,"acaule","acaule","tuberous","wild",NA,"SŠrkinen","",""
NA,615,NA,615,"81944","","",-14.2333,-72.2833,3700,"acaule","acaule","tuberous","wild",NA,"SŠrkinen","",""
NA,616,NA,616,"83296","","",-27.55,-67.0166,2800,"acaule","acaule","tuberous","wild",NA,"SŠrkinen","",""
NA,617,NA,617,"81597","","",-14.7,-74.1333,3650,"acaule","acaule","tuberous","wild",NA,"SŠrkinen","",""
NA,619,NA,619,"81471","","",-17.0333,-67.2833,4000,"acaule","acaule","tuberous","wild",NA,"SŠrkinen","",""
NA,620,NA,620,"81379","","",-22.4166,-65.9333,0,"acaule","acaule","tuberous","wild",NA,"SŠrkinen","",""
NA,621,NA,621,"87156","","",-22.55,-65.2666,3800,"acaule","acaule","tuberous","wild",NA,"SŠrkinen","",""
NA,622,NA,622,"86569","","",-23.1333,-64.3333,3900,"acaule","acaule","tuberous","wild",NA,"SŠrkinen","",""
NA,623,NA,623,"77488","","",-14.7667,-69.95,4150,"acaule","acaule","tuberous","wild",NA,"SŠrkinen","",""
NA,625,NA,625,"81610","","",-13,-72.1667,4300,"acaule","acaule","tuberous","wild",NA,"SŠrkinen","",""
NA,626,NA,626,"82564","","",-10.6333,-76.55,4300,"acaule","acaule","tuberous","wild",NA,"SŠrkinen","",""
NA,627,NA,627,"80033","","",-28.95,-67.7,3150,"acaule","acaule","tuberous","wild",NA,"SŠrkinen","",""
NA,628,NA,628,"81439","","",-15,-69.85,4200,"acaule","acaule","tuberous","wild",NA,"SŠrkinen","",""
NA,629,NA,629,"83176","","",-22.2166,-64.8833,3150,"acaule","acaule","tuberous","wild",NA,"SŠrkinen","",""
NA,630,NA,630,"85983","","",-23.67,-63.4,3090,"acaule","acaule","tuberous","wild",NA,"SŠrkinen","",""
NA,631,NA,631,"77447","","",-17.3,-66.1667,4000,"acaule","acaule","tuberous","wild",NA,"SŠrkinen","",""
NA,632,NA,632,"83846","","",-22.1,-65.78333,3600,"acaule","acaule","tuberous","wild",NA,"SŠrkinen","",""
NA,633,NA,633,"83268","","",-23.7,-65.0666,4000,"acaule","acaule","tuberous","wild",NA,"SŠrkinen","",""
NA,635,NA,635,"82728","","",-17.22384,-68.48183,3950,"acaule","acaule","tuberous","wild",NA,"SŠrkinen","",""
NA,636,NA,636,"77437","","",-19.3333,-66,4100,"acaule","acaule","tuberous","wild",NA,"SŠrkinen","",""
NA,637,NA,637,"86350","","",-23.6333,-66.3166,3480,"acaule","acaule","tuberous","wild",NA,"SŠrkinen","",""
NA,638,NA,638,"164883","","",-24.60833,-67.3225,3800,"acaule","acaule","tuberous","wild",NA,"SŠrkinen","",""
NA,639,NA,639,"87823","","",-15.31667,-70.2,3850,"acaule","acaule","tuberous","wild",NA,"SŠrkinen","",""
NA,640,NA,640,"165483","","",-28.97056,-67.795,3334,"acaule","acaule","tuberous","wild",NA,"SŠrkinen","",""
NA,641,NA,641,"86572","","",-23.4166,-63.7166,3900,"acaule","acaule","tuberous","wild",NA,"SŠrkinen","",""
NA,642,NA,642,"95339","","",-14.6,-74.25,4400,"acaule","acaule","tuberous","wild",NA,"SŠrkinen","",""
NA,643,NA,643,"81595","","",-14.55,-74.05,4000,"acaule","acaule","tuberous","wild",NA,"SŠrkinen","",""
NA,644,NA,644,"77441","","",-18.5741,-66.3983,3790,"acaule","acaule","tuberous","wild",NA,"SŠrkinen","",""
NA,645,NA,645,"81785","","",-21.25,-65.6,4250,"acaule","acaule","tuberous","wild",NA,"SŠrkinen","",""
NA,646,NA,646,"78479","","",-22.9833,-65.35,3580,"acaule","acaule","tuberous","wild",NA,"SŠrkinen","",""
NA,647,NA,647,"82095","","",-13.9833,-72.7333,3900,"acaule","acaule","tuberous","wild",NA,"SŠrkinen","",""
NA,648,NA,648,"85906","","",-30.17,-69.43,2800,"acaule","acaule","tuberous","wild",NA,"SŠrkinen","",""
NA,649,NA,649,"80275","","",-19.7472,-64.5855,3730,"acaule","acaule","tuberous","wild",NA,"SŠrkinen","",""
NA,650,NA,650,"77951","","",-26.0833,-65.8333,3780,"acaule","acaule","tuberous","wild",NA,"SŠrkinen","",""
NA,651,NA,651,"77370","","",-21.4333,-64.8833,3660,"acaule","acaule","tuberous","wild",NA,"SŠrkinen","",""
NA,652,NA,652,"82194","","",-14.0833,-70.4333,4200,"acaule","acaule","tuberous","wild",NA,"SŠrkinen","",""
NA,653,NA,653,"84076","","",-23.05,-66.2666,4050,"acaule","acaule","tuberous","wild",NA,"SŠrkinen","",""
NA,654,NA,654,"84916","","",-17.11667,-68.76667,3800,"acaule","acaule","tuberous","wild",NA,"SŠrkinen","",""
NA,655,NA,655,"81557","","",-16.0167,-69.3667,4000,"acaule","acaule","tuberous","wild",NA,"SŠrkinen","",""
NA,656,NA,656,"75030","","",-11.69326,-76.26406,3850,"acaule","acaule","tuberous","wild",NA,"SŠrkinen","",""
NA,657,NA,657,"83537","","",-27.6,-66.3833,3600,"acaule","acaule","tuberous","wild",NA,"SŠrkinen","",""
NA,658,NA,658,"81549","","",-14.7667,-69.1333,4200,"acaule","acaule","tuberous","wild",NA,"SŠrkinen","",""
NA,659,NA,659,"85621","","",-21.4333,-65.1167,0,"acaule","acaule","tuberous","wild",NA,"SŠrkinen","",""
NA,660,NA,660,"82150","","",-11.8575,-74.565,4000,"acaule","acaule","tuberous","wild",NA,"SŠrkinen","",""
NA,661,NA,661,"81495","","",-15.25,-73.5667,3600,"acaule","acaule","tuberous","wild",NA,"SŠrkinen","",""
NA,662,NA,662,"93735","","",-14.4319,-71.2731,4000,"acaule","acaule","tuberous","wild",NA,"SŠrkinen","",""
NA,663,NA,663,"81603","","",-13.5322,-73.8294,3980,"acaule","acaule","tuberous","wild",NA,"SŠrkinen","",""
NA,664,NA,664,"94886","","",-15.85,-70.13333,4200,"acaule","acaule","tuberous","wild",NA,"SŠrkinen","",""
NA,665,NA,665,"81541","","",-14.5,-68.3333,4000,"acaule","acaule","tuberous","wild",NA,"SŠrkinen","",""
NA,666,NA,666,"81848","","",-14.1869,-73.5439,3820,"acaule","acaule","tuberous","wild",NA,"SŠrkinen","",""
NA,667,NA,667,"84950","","",-25.0833,-66.2333,3500,"acaule","acaule","tuberous","wild",NA,"SŠrkinen","",""
NA,668,NA,668,"83437","","",-26.3833,-65.8333,3900,"acaule","acaule","tuberous","wild",NA,"SŠrkinen","",""
NA,669,NA,669,"77439","","",-21.6667,-65,4000,"acaule","acaule","tuberous","wild",NA,"SŠrkinen","",""
NA,670,NA,670,"82113","","",-17.25,-70.0167,3950,"acaule","acaule","tuberous","wild",NA,"SŠrkinen","",""
NA,671,NA,671,"86132","","",-22.0333,-66.15,3800,"acaule","acaule","tuberous","wild",NA,"SŠrkinen","",""
NA,672,NA,672,"83749","","",-27.23489,-66.11459,4000,"acaule","acaule","tuberous","wild",NA,"SŠrkinen","",""
NA,673,NA,673,"80269","","",-18.3842,-66.6593,4149,"acaule","acaule","tuberous","wild",NA,"SŠrkinen","",""
NA,674,NA,674,"79613","","",-22.3333,-66.4833,3604,"acaule","acaule","tuberous","wild",NA,"SŠrkinen","",""
NA,675,NA,675,"79601","","",-23.05018,-65.78387,3583,"acaule","acaule","tuberous","wild",NA,"SŠrkinen","",""
NA,676,NA,676,"82058","","",-9.387909,-76.72422,3500,"acaule","acaule","tuberous","wild",NA,"SŠrkinen","",""
NA,677,NA,677,"79631","","",-22.77314,-65.7149,3662,"acaule","acaule","tuberous","wild",NA,"SŠrkinen","",""
NA,678,NA,678,"93651","","",-14.8167,-71.3167,4000,"acaule","acaule","tuberous","wild",NA,"SŠrkinen","",""
NA,679,NA,679,"80276","","",-18.8421,-66.0106,3840,"acaule","acaule","tuberous","wild",NA,"SŠrkinen","",""
NA,680,NA,680,"81732","","",-10.5547,-76.88,4500,"acaule","acaule","tuberous","wild",NA,"SŠrkinen","",""
NA,681,NA,681,"81702","","",-13.15,-72.5167,4000,"acaule","acaule","tuberous","wild",NA,"SŠrkinen","",""
NA,682,NA,682,"472639","","",-23.196984,-65.685554,NA,"acaule","acaule","tuberous","germplasm",48,"SŠrkinen","",""
NA,684,NA,684,"472642","","",-23.233334,-65.549999,NA,"acaule","acaule","tuberous","germplasm",48,"SŠrkinen","",""
NA,685,NA,685,"472643","","",-22.403406,-64.916153,NA,"acaule","acaule","tuberous","germplasm",48,"SŠrkinen","",""
NA,686,NA,686,"472646","","",-22.166667,-65.366665,NA,"acaule","acaule","tuberous","germplasm",48,"SŠrkinen","",""
NA,688,NA,688,"472649","","",-22.349999,-65.066669,NA,"acaule","acaule","tuberous","germplasm",48,"SŠrkinen","",""
NA,689,NA,689,"472651","","",-21.95,-66.164888,NA,"acaule","acaule","tuberous","germplasm",48,"SŠrkinen","",""
NA,690,NA,690,"472670","","",-21.95,-66.158141,NA,"acaule","acaule","tuberous","germplasm",48,"SŠrkinen","",""
NA,691,NA,691,"472681","","",-22.601083,-66.338333,NA,"acaule","acaule","tuberous","germplasm",48,"SŠrkinen","",""
NA,692,NA,692,"472682","","",-22.484416,-66.221622,NA,"acaule","acaule","tuberous","germplasm",48,"SŠrkinen","",""
NA,694,NA,694,"472687","","",-22.374217,-64.83816,NA,"acaule","acaule","tuberous","germplasm",48,"SŠrkinen","",""
NA,695,NA,695,"472691","","",-25.533334,-64.083328,NA,"acaule","acaule","tuberous","germplasm",48,"SŠrkinen","",""
NA,696,NA,696,"472693","","",-24.333523,-65.624404,NA,"acaule","acaule","tuberous","germplasm",48,"SŠrkinen","",""
NA,697,NA,697,"472695","","",-24.36211,-65.648804,NA,"acaule","acaule","tuberous","germplasm",48,"SŠrkinen","",""
NA,698,NA,698,"472696","","",-25.366665,-66.01667,NA,"acaule","acaule","tuberous","germplasm",48,"SŠrkinen","",""
NA,699,NA,699,"472702","","",-22.153822,-65.299999,NA,"acaule","acaule","tuberous","germplasm",48,"SŠrkinen","",""
NA,701,NA,701,"472763","","",-22.916667,-65.733334,NA,"acaule","acaule","tuberous","germplasm",48,"SŠrkinen","",""
NA,702,NA,702,"472767","","",-22.266665,-66.398514,NA,"acaule","acaule","tuberous","germplasm",48,"SŠrkinen","",""
NA,703,NA,703,"472769","","",-22.266665,-66.456728,NA,"acaule","acaule","tuberous","germplasm",48,"SŠrkinen","",""
NA,705,NA,705,"472790","","",-22.288644,-66.050234,NA,"acaule","acaule","tuberous","germplasm",48,"SŠrkinen","",""
NA,706,NA,706,"473165","","",-22.96155,-65.43798,NA,"acaule","acaule","tuberous","germplasm",48,"SŠrkinen","",""
NA,707,NA,707,"473399","","",-22.368202,-65.32886,NA,"acaule","acaule","tuberous","germplasm",48,"SŠrkinen","",""
NA,708,NA,708,"473431","","",-13.334915,-72.170868,NA,"acaule","acaule","tuberous","germplasm",48,"SŠrkinen","",""
NA,710,NA,710,"473434","","",-14.006656,-72.949459,NA,"acaule","acaule","tuberous","germplasm",48,"SŠrkinen","",""
NA,711,NA,711,"473438","","",-13.898589,-73.992756,NA,"acaule","acaule","tuberous","germplasm",48,"SŠrkinen","",""
NA,712,NA,712,"473440","","",-13.400001,-74.200001,NA,"acaule","acaule","tuberous","germplasm",48,"SŠrkinen","",""
NA,713,NA,713,"473515","","",-16.016665,-68.733334,NA,"acaule","acaule","tuberous","germplasm",48,"SŠrkinen","",""
NA,715,NA,715,"498186","","",-15.5,-68.999996,NA,"acaule","acaule","tuberous","germplasm",48,"SŠrkinen","",""
NA,716,NA,716,"498187","","",-17.333333,-67.733334,NA,"acaule","acaule","tuberous","germplasm",48,"SŠrkinen","",""
NA,717,NA,717,"498200","","",-9.816666,-77.299999,NA,"acaule","acaule","tuberous","germplasm",48,"SŠrkinen","",""
NA,718,NA,718,"568892","","",-21.6908,-65.002622,NA,"acaule","acaule","tuberous","germplasm",48,"SŠrkinen","",""
NA,719,NA,719,"568894","","",-17.223411,-67.136443,NA,"acaule","acaule","tuberous","germplasm",48,"SŠrkinen","",""
NA,720,NA,720,"568911","","",-14.800001,-69.083328,NA,"acaule","acaule","tuberous","germplasm",NA,"SŠrkinen","",""
NA,721,NA,721,"PI 195161","","",-12.45,-76.25,NA,"acaule","acaule","tuberous","germplasm",48,"SŠrkinen","",""
NA,722,NA,722,"PI 208856","","",-26.866667,-65.683333,NA,"acaule","acaule","tuberous","germplasm",48,"SŠrkinen","",""
NA,723,NA,723,"PI 210029","","",-21.916667,-65.233333,NA,"acaule","acaule","tuberous","germplasm",48,"SŠrkinen","",""
NA,724,NA,724,"PI 210032","","",-13.266667,-73.85,NA,"acaule","acaule","tuberous","germplasm",48,"SŠrkinen","",""
NA,725,NA,725,"PI 210033","","",-15.866667,-70.75,NA,"acaule","acaule","tuberous","germplasm",48,"SŠrkinen","",""
NA,726,NA,726,"PI 217449","","",-23.583333,-65.333333,NA,"acaule","acaule","tuberous","germplasm",48,"SŠrkinen","",""
NA,727,NA,727,"PI 246504","","",-15.683333,-70.516667,NA,"acaule","acaule","tuberous","germplasm",48,"SŠrkinen","",""
NA,728,NA,728,"PI 255501","","",-23.583333,-65.2,NA,"acaule","acaule","tuberous","germplasm",48,"SŠrkinen","",""
NA,729,NA,729,"PI 266386","","",-11.6,-75.366667,NA,"acaule","acaule","tuberous","germplasm",48,"SŠrkinen","",""
NA,730,NA,730,"PI 275126","","",-23.716667,-65.283333,NA,"acaule","acaule","tuberous","germplasm",48,"SŠrkinen","",""
NA,731,NA,731,"PI 275128","","",-22.332778,-65.466944,NA,"acaule","acaule","tuberous","germplasm",48,"SŠrkinen","",""
NA,732,NA,732,"PI 275129","","",-14.166667,-71.1,NA,"acaule","acaule","tuberous","germplasm",48,"SŠrkinen","",""
NA,733,NA,733,"PI 275130","","",-25.15,-65.85,NA,"acaule","acaule","tuberous","germplasm",48,"SŠrkinen","",""
NA,735,NA,735,"PI 320275","","",-22.233333,-65.283333,NA,"acaule","acaule","tuberous","germplasm",48,"SŠrkinen","",""
NA,736,NA,736,"PI 320276","","",-22.166667,-65.216667,NA,"acaule","acaule","tuberous","germplasm",48,"SŠrkinen","",""
NA,737,NA,737,"PI 365309","","",-9.866667,-76.533333,NA,"acaule","acaule","tuberous","germplasm",48,"SŠrkinen","",""
NA,738,NA,738,"PI 472637","","",-23.55,-64.95,NA,"acaule","acaule","tuberous","germplasm",48,"SŠrkinen","",""
NA,739,NA,739,"PI 472638","","",-24.032778,-65.55,NA,"acaule","acaule","tuberous","germplasm",48,"SŠrkinen","",""
NA,740,NA,740,"PI 472639","","",-23.95,-65.633333,NA,"acaule","acaule","tuberous","germplasm",NA,"SŠrkinen","",""
NA,741,NA,741,"PI 472640","","",-23.916667,-65.583333,NA,"acaule","acaule","tuberous","germplasm",48,"SŠrkinen","",""
NA,742,NA,742,"PI 472642","","",-22.25,-65.416667,NA,"acaule","acaule","tuberous","germplasm",NA,"SŠrkinen","",""
NA,743,NA,743,"PI 472643","","",-22.333333,-65.233333,NA,"acaule","acaule","tuberous","germplasm",NA,"SŠrkinen","",""
NA,744,NA,744,"PI 472646","","",-22.166667,-65.383333,NA,"acaule","acaule","tuberous","germplasm",NA,"SŠrkinen","",""
NA,745,NA,745,"PI 472648","","",-22.833333,-65.966667,NA,"acaule","acaule","tuberous","germplasm",48,"SŠrkinen","",""
NA,746,NA,746,"PI 472649","","",-22.416667,-65.083333,NA,"acaule","acaule","tuberous","germplasm",NA,"SŠrkinen","",""
NA,747,NA,747,"PI 472651","","",-21.883333,-66.116667,NA,"acaule","acaule","tuberous","germplasm",NA,"SŠrkinen","",""
NA,748,NA,748,"PI 472656","","",-22.116667,-65.7,NA,"acaule","acaule","tuberous","germplasm",48,"SŠrkinen","",""
NA,749,NA,749,"PI 472660","","",-22.133333,-65.75,NA,"acaule","acaule","tuberous","germplasm",48,"SŠrkinen","",""
NA,752,NA,752,"PI 472666","","",-21.883333,-66.033333,NA,"acaule","acaule","tuberous","germplasm",48,"SŠrkinen","",""
NA,759,NA,759,"PI 472678","","",-22.45,-66.183333,NA,"acaule","acaule","tuberous","germplasm",48,"SŠrkinen","",""
NA,762,NA,762,"PI 472686","","",-22.116667,-65.466667,NA,"acaule","acaule","tuberous","germplasm",48,"SŠrkinen","",""
NA,763,NA,763,"PI 472687","","",-22.266667,-65.083333,NA,"acaule","acaule","tuberous","germplasm",NA,"SŠrkinen","",""
NA,764,NA,764,"PI 472691","","",-22.266667,-64.866667,NA,"acaule","acaule","tuberous","germplasm",NA,"SŠrkinen","",""
NA,765,NA,765,"PI 472692","","",-23.666667,-63.4,NA,"acaule","acaule","tuberous","germplasm",48,"SŠrkinen","",""
NA,766,NA,766,"PI 472695","","",-22.2,-65.05,NA,"acaule","acaule","tuberous","germplasm",NA,"SŠrkinen","",""
NA,767,NA,767,"PI 472696","","",-22.216667,-65.05,NA,"acaule","acaule","tuberous","germplasm",NA,"SŠrkinen","",""
NA,769,NA,769,"PI 472702","","",-22.15,-65.283333,NA,"acaule","acaule","tuberous","germplasm",NA,"SŠrkinen","",""
NA,770,NA,770,"PI 472711","","",-23.566667,-65.266667,NA,"acaule","acaule","tuberous","germplasm",48,"SŠrkinen","",""
NA,771,NA,771,"PI 472719","","",-23.166667,-64.95,NA,"acaule","acaule","tuberous","germplasm",48,"SŠrkinen","",""
NA,772,NA,772,"PI 472720","","",-23.183333,-65.05,NA,"acaule","acaule","tuberous","germplasm",48,"SŠrkinen","",""
NA,774,NA,774,"PI 472752","","",-22.433333,-66.183333,NA,"acaule","acaule","tuberous","germplasm",48,"SŠrkinen","",""
NA,775,NA,775,"PI 472761","","",-22.4,-65.35,NA,"acaule","acaule","tuberous","germplasm",48,"SŠrkinen","",""
NA,776,NA,776,"PI 472763","","",-22.3,-65.35,NA,"acaule","acaule","tuberous","germplasm",NA,"SŠrkinen","",""
NA,777,NA,777,"PI 472767","","",-22.25,-66.333333,NA,"acaule","acaule","tuberous","germplasm",NA,"SŠrkinen","",""
NA,778,NA,778,"PI 472768","","",-22.25,-66.35,NA,"acaule","acaule","tuberous","germplasm",48,"SŠrkinen","",""
NA,779,NA,779,"PI 472769","","",-22.233333,-66.383333,NA,"acaule","acaule","tuberous","germplasm",NA,"SŠrkinen","",""
NA,780,NA,780,"PI 472777","","",-22.366667,-65.066667,NA,"acaule","acaule","tuberous","germplasm",48,"SŠrkinen","",""
NA,781,NA,781,"PI 472779","","",-23.1,-65.166667,NA,"acaule","acaule","tuberous","germplasm",48,"SŠrkinen","",""
NA,784,NA,784,"PI 472784","","",-22.966667,-65.433333,NA,"acaule","acaule","tuberous","germplasm",48,"SŠrkinen","",""
NA,789,NA,789,"PI 472789","","",-22,-66.066667,NA,"acaule","acaule","tuberous","germplasm",48,"SŠrkinen","",""
NA,790,NA,790,"PI 472790","","",-22.283333,-66.033333,NA,"acaule","acaule","tuberous","germplasm",NA,"SŠrkinen","",""
NA,792,NA,792,"PI 473165","","",-22.966667,-65.45,NA,"acaule","acaule","tuberous","germplasm",NA,"SŠrkinen","",""
NA,793,NA,793,"PI 473313","","",-15.5,-70.133333,NA,"acaule","acaule","tuberous","germplasm",48,"SŠrkinen","",""
NA,794,NA,794,"PI 473314","","",-17.366944,-67.15,NA,"acaule","acaule","tuberous","germplasm",48,"SŠrkinen","",""
NA,795,NA,795,"PI 473319","","",-19.333333,-65.166667,NA,"acaule","acaule","tuberous","germplasm",48,"SŠrkinen","",""
NA,796,NA,796,"PI 473320","","",-19.633333,-65.066667,NA,"acaule","acaule","tuberous","germplasm",48,"SŠrkinen","",""
NA,797,NA,797,"PI 473322","","",-21.516667,-65.05,NA,"acaule","acaule","tuberous","germplasm",48,"SŠrkinen","",""
NA,799,NA,799,"PI 473325","","",-17.033333,-68.85,NA,"acaule","acaule","tuberous","germplasm",48,"SŠrkinen","",""
NA,801,NA,801,"PI 473327","","",-15.3,-69.966667,NA,"acaule","acaule","tuberous","germplasm",48,"SŠrkinen","",""
NA,802,NA,802,"PI 473328","","",-15.833333,-70.033333,NA,"acaule","acaule","tuberous","germplasm",48,"SŠrkinen","",""
NA,803,NA,803,"PI 473399","","",-22.216667,-65.25,NA,"acaule","acaule","tuberous","germplasm",NA,"SŠrkinen","",""
NA,804,NA,804,"PI 473444","","",-13.5,-70.916667,NA,"acaule","acaule","tuberous","germplasm",48,"SŠrkinen","",""
NA,805,NA,805,"PI 473484","","",-15.2,-71.766667,NA,"acaule","acaule","tuberous","germplasm",48,"SŠrkinen","",""
NA,806,NA,806,"PI 473485","","",-11.416667,-76.633333,NA,"acaule","acaule","tuberous","germplasm",48,"SŠrkinen","",""
NA,807,NA,807,"PI 473486","","",-15.073889,-71.283611,NA,"acaule","acaule","tuberous","germplasm",48,"SŠrkinen","",""
NA,808,NA,808,"PI 473487","","",-15.233333,-69.75,NA,"acaule","acaule","tuberous","germplasm",48,"SŠrkinen","",""
NA,810,NA,810,"PI 473512","","",-15.783333,-68.666667,NA,"acaule","acaule","tuberous","germplasm",48,"SŠrkinen","",""
NA,811,NA,811,"PI 473513","","",-13.516667,-71.983333,NA,"acaule","acaule","tuberous","germplasm",48,"SŠrkinen","",""
NA,812,NA,812,"PI 473514","","",-16.083333,-69.666667,NA,"acaule","acaule","tuberous","germplasm",48,"SŠrkinen","",""
NA,815,NA,815,"PI 498066","","",-19.6,-65.95,NA,"acaule","acaule","tuberous","germplasm",48,"SŠrkinen","",""
NA,816,NA,816,"PI 498081","","",-17.233333,-66.05,NA,"acaule","acaule","tuberous","germplasm",48,"SŠrkinen","",""
NA,818,NA,818,"PI 498083","","",-17.25,-66.05,NA,"acaule","acaule","tuberous","germplasm",48,"SŠrkinen","",""
NA,819,NA,819,"PI 498178","","",-14.566667,-73.783333,NA,"acaule","acaule","tuberous","germplasm",48,"SŠrkinen","",""
NA,820,NA,820,"PI 498179","","",-10.666667,-76.083333,NA,"acaule","acaule","tuberous","germplasm",48,"SŠrkinen","",""
NA,821,NA,821,"PI 498180","","",-12.15,-76.233333,NA,"acaule","acaule","tuberous","germplasm",48,"SŠrkinen","",""
NA,824,NA,824,"PI 498183","","",-11.7,-75.433333,NA,"acaule","acaule","tuberous","germplasm",48,"SŠrkinen","",""
NA,825,NA,825,"PI 498184","","",-16.016667,-68.766667,NA,"acaule","acaule","tuberous","germplasm",48,"SŠrkinen","",""
NA,826,NA,826,"PI 498185","","",-16.216667,-68.866667,NA,"acaule","acaule","tuberous","germplasm",48,"SŠrkinen","",""
NA,827,NA,827,"PI 498186","","",-15.75,-69.066667,NA,"acaule","acaule","tuberous","germplasm",NA,"SŠrkinen","",""
NA,828,NA,828,"PI 498188","","",-21.45,-65.716667,NA,"acaule","acaule","tuberous","germplasm",48,"SŠrkinen","",""
NA,830,NA,830,"PI 498190","","",-21.333333,-65.716667,NA,"acaule","acaule","tuberous","germplasm",48,"SŠrkinen","",""
NA,831,NA,831,"PI 498193","","",-21.833333,-65,NA,"acaule","acaule","tuberous","germplasm",48,"SŠrkinen","",""
NA,832,NA,832,"PI 498195","","",-9.866667,-77.2,NA,"acaule","acaule","tuberous","germplasm",48,"SŠrkinen","",""
NA,833,NA,833,"PI 498197","","",-7.466667,-76.616667,NA,"acaule","acaule","tuberous","germplasm",48,"SŠrkinen","",""
NA,835,NA,835,"PI 498297","","",-13.533333,-72.45,NA,"acaule","acaule","tuberous","germplasm",48,"SŠrkinen","",""
NA,836,NA,836,"PI 498353","","",-23.166667,-65.05,NA,"acaule","acaule","tuberous","germplasm",48,"SŠrkinen","",""
NA,837,NA,837,"PI 545837","","",-17.416667,-66.833333,NA,"acaule","acaule","tuberous","germplasm",48,"SŠrkinen","",""
NA,838,NA,838,"PI 545838","","",-21.45,-64.983333,NA,"acaule","acaule","tuberous","germplasm",48,"SŠrkinen","",""
NA,839,NA,839,"PI 545839","","",-21.566667,-65.033333,NA,"acaule","acaule","tuberous","germplasm",48,"SŠrkinen","",""
NA,840,NA,840,"PI 545840","","",-21.783333,-65.133333,NA,"acaule","acaule","tuberous","germplasm",48,"SŠrkinen","",""
NA,841,NA,841,"PI 545841","","",-21.133333,-65.8,NA,"acaule","acaule","tuberous","germplasm",48,"SŠrkinen","",""
NA,842,NA,842,"PI 545842","","",-19.533333,-65.733333,NA,"acaule","acaule","tuberous","germplasm",48,"SŠrkinen","",""
NA,843,NA,843,"PI 545931","","",-17.466667,-66.8,NA,"acaule","acaule","tuberous","germplasm",48,"SŠrkinen","",""
NA,844,NA,844,"PI 545932","","",-17.633333,-66.75,NA,"acaule","acaule","tuberous","germplasm",48,"SŠrkinen","",""
NA,845,NA,845,"PI 545933","","",-17.633333,-66.65,NA,"acaule","acaule","tuberous","germplasm",48,"SŠrkinen","",""
NA,846,NA,846,"PI 545934","","",-17.65,-67,NA,"acaule","acaule","tuberous","germplasm",48,"SŠrkinen","",""
NA,847,NA,847,"PI 545935","","",-17.616667,-67.033333,NA,"acaule","acaule","tuberous","germplasm",48,"SŠrkinen","",""
NA,848,NA,848,"PI 545936","","",-17.05,-67.883333,NA,"acaule","acaule","tuberous","germplasm",48,"SŠrkinen","",""
NA,849,NA,849,"PI 545937","","",-17.033333,-67.85,NA,"acaule","acaule","tuberous","germplasm",48,"SŠrkinen","",""
NA,850,NA,850,"PI 545941","","",-15.633333,-69.066667,NA,"acaule","acaule","tuberous","germplasm",48,"SŠrkinen","",""
NA,851,NA,851,"PI 545942","","",-15.716667,-68.85,NA,"acaule","acaule","tuberous","germplasm",48,"SŠrkinen","",""
NA,852,NA,852,"PI 545943","","",-15.833333,-68.75,NA,"acaule","acaule","tuberous","germplasm",48,"SŠrkinen","",""
NA,853,NA,853,"PI 545944","","",-17.333333,-67.383333,NA,"acaule","acaule","tuberous","germplasm",48,"SŠrkinen","",""
NA,854,NA,854,"PI 545945","","",-17.333333,-67.4,NA,"acaule","acaule","tuberous","germplasm",48,"SŠrkinen","",""
NA,855,NA,855,"PI 545946","","",-17.966667,-66.933333,NA,"acaule","acaule","tuberous","germplasm",48,"SŠrkinen","",""
NA,856,NA,856,"PI 545951","","",-17.616667,-67.05,NA,"acaule","acaule","tuberous","germplasm",48,"SŠrkinen","",""
NA,857,NA,857,"PI 545952","","",-17.783333,-66.816667,NA,"acaule","acaule","tuberous","germplasm",48,"SŠrkinen","",""
NA,858,NA,858,"PI 545954","","",-19.516667,-64.683333,NA,"acaule","acaule","tuberous","germplasm",48,"SŠrkinen","",""
NA,859,NA,859,"PI 545955","","",-19.45,-64.75,NA,"acaule","acaule","tuberous","germplasm",48,"SŠrkinen","",""
NA,860,NA,860,"PI 545956","","",-19.45,-64.733333,NA,"acaule","acaule","tuberous","germplasm",48,"SŠrkinen","",""
NA,861,NA,861,"PI 558024","","",-24.1,-65.666667,NA,"acaule","acaule","tuberous","germplasm",48,"SŠrkinen","",""
NA,862,NA,862,"PI 558024","","",-24.1,-65.66,NA,"acaule","acaule","tuberous","germplasm",NA,"SŠrkinen","",""
NA,863,NA,863,"PI 558025","","",-23.166667,-65.1,NA,"acaule","acaule","tuberous","germplasm",48,"SŠrkinen","",""
NA,864,NA,864,"PI 558025","","",-23.16,-65.1,NA,"acaule","acaule","tuberous","germplasm",NA,"SŠrkinen","",""
NA,865,NA,865,"PI 607892","","",-16.865278,-70.670556,NA,"acaule","acaule","tuberous","germplasm",48,"SŠrkinen","",""
NA,866,NA,866,"PI 619116","","",-15.651944,-71.422222,NA,"acaule","acaule","tuberous","germplasm",48,"SŠrkinen","",""
NA,867,NA,867,"PI 653826","","",-17.116667,-67.7,NA,"acaule","acaule","tuberous","germplasm",48,"SŠrkinen","",""
NA,869,NA,884,"CIP 765722","","",-14.6675,-74.0983,3436,"acroscopicum","acroscopicum","tuberous","germplasm",NA,"SŠrkinen","",""
NA,870,NA,885,"CIP 760030","","",-15.2764,-72.8617,3000,"acroscopicum","acroscopicum","tuberous","germplasm",24,"SŠrkinen","",""
NA,871,NA,886,"CIP 760029","","",-15.2481,-72.86,3831,"acroscopicum","acroscopicum","tuberous","germplasm",24,"SŠrkinen","",""
NA,872,NA,887,"CIP 765710","","",-16.5519,-71.347,3160,"acroscopicum","acroscopicum","tuberous","germplasm",NA,"SŠrkinen","",""
NA,873,NA,888,"CIP 765709","","",-16.6156,-71.1855,3172,"acroscopicum","acroscopicum","tuberous","germplasm",NA,"SŠrkinen","",""
NA,874,NA,889,"CIP 762869","","",-16.6192,-71.1739,3327,"acroscopicum","acroscopicum","tuberous","germplasm",24,"SŠrkinen","",""
NA,875,NA,890,"CIP 762868","","",-16.6472,-71.1003,3515,"acroscopicum","acroscopicum","tuberous","germplasm",24,"SŠrkinen","",""
NA,876,NA,891,"CIP 762867","","",-16.8644,-70.6703,3876,"acroscopicum","acroscopicum","tuberous","germplasm",24,"SŠrkinen","",""
NA,877,NA,892,"CIP 765702","","",-16.8569,-70.6632,3825,"acroscopicum","acroscopicum","tuberous","germplasm",NA,"SŠrkinen","",""
NA,879,NA,894,"CIP 765705","","",-16.8367,-70.6614,3653,"acroscopicum","acroscopicum","tuberous","germplasm",NA,"SŠrkinen","",""
NA,880,NA,895,"CIP 765690","","",-17.45,-70.02,3398,"acroscopicum","acroscopicum","tuberous","germplasm",NA,"SŠrkinen","",""
NA,882,NA,897,"CIP 765726","","",-17.4516,-70.0138,3482,"acroscopicum","acroscopicum","tuberous","germplasm",NA,"SŠrkinen","",""
NA,883,NA,898,"CIP 762863","","",-17.4511,-70.0131,3418,"acroscopicum","acroscopicum","tuberous","germplasm",24,"SŠrkinen","",""
NA,884,NA,899,"CIP 765693","","",-17.8501,-70.0114,3520,"acroscopicum","acroscopicum","tuberous","germplasm",NA,"SŠrkinen","",""
NA,886,NA,901,"CIP 761268","","",-6.2431,-78.6144,2780,"acroscopicum","acroscopicum","tuberous","germplasm",24,"SŠrkinen","",""
NA,887,NA,902,"91708","","",-15.21667,-72.88333,3300,"acroscopicum","acroscopicum","tuberous","wild",NA,"SŠrkinen","",""
NA,888,NA,903,"75025","","",-16.26281,-71.5067,3600,"acroscopicum","acroscopicum","tuberous","wild",NA,"SŠrkinen","",""
NA,889,NA,904,"876","","",-17.45887,-70.03103,3450,"acroscopicum","acroscopicum","tuberous","wild",NA,"SŠrkinen","",""
NA,890,NA,905,"82383","","",-6.3667,-78.85,2550,"acroscopicum","acroscopicum","tuberous","wild",NA,"SŠrkinen","",""
NA,892,NA,907,"95219","","",-15.20201,-73.17226,3800,"acroscopicum","acroscopicum","tuberous","wild",NA,"SŠrkinen","",""
NA,893,NA,908,"93673","","",-15.23333,-73.26667,3600,"acroscopicum","acroscopicum","tuberous","wild",NA,"SŠrkinen","",""
NA,894,NA,909,"81396","","",-15.2131,-72.0167,3400,"acroscopicum","acroscopicum","tuberous","wild",NA,"SŠrkinen","",""
NA,895,NA,910,"82628","","",-17.1956,-70.9343,3200,"acroscopicum","acroscopicum","tuberous","wild",NA,"SŠrkinen","",""
NA,896,NA,911,"22417","","",-6.259636,-78.59436,2700,"acroscopicum","acroscopicum","tuberous","wild",NA,"SŠrkinen","",""
NA,897,NA,912,"82319","","",-15.8072,-72.6333,3500,"acroscopicum","acroscopicum","tuberous","wild",NA,"SŠrkinen","",""
NA,898,NA,913,"82379","","",-7.5,-78.4,3000,"acroscopicum","acroscopicum","tuberous","wild",NA,"SŠrkinen","",""
NA,899,NA,914,"93416","","",-14.7,-74.1333,3500,"acroscopicum","acroscopicum","tuberous","wild",NA,"SŠrkinen","",""
NA,900,NA,915,"82381","","",-15.1,-73.7667,3700,"acroscopicum","acroscopicum","tuberous","wild",NA,"SŠrkinen","",""
NA,901,NA,916,"93713","","",-15.6033,-73.9806,3200,"acroscopicum","acroscopicum","tuberous","wild",NA,"SŠrkinen","",""
NA,902,NA,917,"PI 230495","","",-17.466667,-70.033333,NA,"acroscopicum","acroscopicum","tuberous","germplasm",48,"SŠrkinen","",""
NA,903,NA,918,"165132","","",-22.59361,-65.84972,3700,"aemulans","aemulans","tuberous","wild",NA,"SŠrkinen","",""
NA,904,NA,919,"165620","","",-28.74056,-67.83944,3034,"aemulans","aemulans","tuberous","wild",NA,"SŠrkinen","",""
NA,905,NA,920,"77366","","",-23.53972,-65.29306,4000,"aemulans","aemulans","tuberous","wild",NA,"SŠrkinen","",""
NA,906,NA,921,"77368","","",-24.1833,-65.3,3300,"aemulans","aemulans","tuberous","wild",NA,"SŠrkinen","",""
NA,907,NA,922,"77982","","",-22.9333,-65.3,3500,"aemulans","aemulans","tuberous","wild",NA,"SŠrkinen","",""
NA,908,NA,923,"77996","","",-23.1,-65.1,3500,"aemulans","aemulans","tuberous","wild",NA,"SŠrkinen","",""
NA,909,NA,924,"78381","","",-22.4666,-65.9666,4000,"aemulans","aemulans","tuberous","wild",NA,"SŠrkinen","",""
NA,910,NA,925,"78382","","",-22.5833,-66.35,4000,"aemulans","aemulans","tuberous","wild",NA,"SŠrkinen","",""
NA,911,NA,926,"78383","","",-21.95,-66.0666,3800,"aemulans","aemulans","tuberous","wild",NA,"SŠrkinen","",""
NA,912,NA,927,"78389","","",-22.25,-65.3,3854,"aemulans","aemulans","tuberous","wild",NA,"SŠrkinen","",""
NA,913,NA,928,"78399","","",-22.97,-65.43,3600,"aemulans","aemulans","tuberous","wild",NA,"SŠrkinen","",""
NA,914,NA,929,"78400","","",-23.0666,-65.2166,3500,"aemulans","aemulans","tuberous","wild",NA,"SŠrkinen","",""
NA,915,NA,930,"78675","","",-22.4666,-66.6166,4000,"aemulans","aemulans","tuberous","wild",NA,"SŠrkinen","",""
NA,916,NA,931,"80990","","",-28.3333,-67.9166,3000,"aemulans","aemulans","tuberous","wild",NA,"SŠrkinen","",""
NA,917,NA,932,"82892","","",-22.4166,-65.5666,0,"aemulans","aemulans","tuberous","wild",NA,"SŠrkinen","",""
NA,918,NA,933,"83054","","",-28.8833,-67.3333,3450,"aemulans","aemulans","tuberous","wild",NA,"SŠrkinen","",""
NA,919,NA,934,"83100","","",-28.95,-67.7,2950,"aemulans","aemulans","tuberous","wild",NA,"SŠrkinen","",""
NA,920,NA,935,"83836","","",-23.1833,-65.7166,0,"aemulans","aemulans","tuberous","wild",NA,"SŠrkinen","",""
NA,921,NA,936,"83953","","",-28.56,-67.4,0,"aemulans","aemulans","tuberous","wild",NA,"SŠrkinen","",""
NA,922,NA,937,"85812","","",-22.9166,-65.5833,3550,"aemulans","aemulans","tuberous","wild",NA,"SŠrkinen","",""
NA,923,NA,938,"86113","","",-22.0333,-66.15,4000,"aemulans","aemulans","tuberous","wild",NA,"SŠrkinen","",""
NA,924,NA,939,"86306","","",-22.3333,-66.4833,3800,"aemulans","aemulans","tuberous","wild",NA,"SŠrkinen","",""
NA,925,NA,940,"86341","","",-22.3833,-66.1166,4000,"aemulans","aemulans","tuberous","wild",NA,"SŠrkinen","",""
NA,926,NA,941,"86486","","",-23.7333,-65.25,3900,"aemulans","aemulans","tuberous","wild",NA,"SŠrkinen","",""
NA,927,NA,942,"87036","","",-28.8333,-67.45,3580,"aemulans","aemulans","tuberous","wild",NA,"SŠrkinen","",""
NA,928,NA,943,"87040","","",-28.8333,-67.6,3120,"aemulans","aemulans","tuberous","wild",NA,"SŠrkinen","",""
NA,929,NA,944,"87042","","",-28.6666,-67.7,2900,"aemulans","aemulans","tuberous","wild",NA,"SŠrkinen","",""
NA,930,NA,945,"87048","","",-28.9166,-67.1833,2850,"aemulans","aemulans","tuberous","wild",NA,"SŠrkinen","",""
NA,931,NA,946,"87189","","",-22.2333,-66.3333,3800,"aemulans","aemulans","tuberous","wild",NA,"SŠrkinen","",""
NA,932,NA,947,"87244","","",-22.7166,-65.2,3100,"aemulans","aemulans","tuberous","wild",NA,"SŠrkinen","",""
NA,933,NA,948,"PI 275132","","",-23.716667,-65.283333,NA,"aemulans","aemulans","tuberous","germplasm",48,"SŠrkinen","",""
NA,934,NA,949,"PI 275133","","",-28.966667,-67.7,NA,"aemulans","aemulans","tuberous","germplasm",48,"SŠrkinen","",""
NA,935,NA,950,"PI 472794","","",-23.583333,-65.2,NA,"aemulans","aemulans","tuberous","germplasm",48,"SŠrkinen","",""
NA,937,NA,1116,"CIP 762578","","",-6.9875,-78.6764,3550,"albicans","albicans","tuberous","germplasm",NA,"SŠrkinen","",""
NA,950,NA,1129,"CIP 762604","","",-7.3772,-78.6311,2963,"albicans","albicans","tuberous","germplasm",72,"SŠrkinen","",""
NA,956,NA,1135,"CIP 762597","","",-6.9333,-78.6083,3926,"albicans","albicans","tuberous","germplasm",72,"SŠrkinen","",""
NA,960,NA,1139,"CIP 762120","","",-6.7531,-78.6003,4000,"albicans","albicans","tuberous","germplasm",72,"SŠrkinen","",""
NA,961,NA,1140,"CIP 760014","","",-7.0908,-78.5797,3171,"albicans","albicans","tuberous","germplasm",72,"SŠrkinen","",""
NA,963,NA,1142,"CIP 762584","","",-7.0558,-78.3758,3263,"albicans","albicans","tuberous","germplasm",72,"SŠrkinen","",""
NA,972,NA,1151,"CIP 762937","","",-7.9903,-78.2483,4031,"albicans","albicans","tuberous","germplasm",72,"SŠrkinen","",""
NA,974,NA,1153,"CIP 762949","","",-7.9161,-78.1689,3910,"albicans","albicans","tuberous","germplasm",72,"SŠrkinen","",""
NA,975,NA,1154,"CIP 762237","","",-9.8972,-77.7447,4200,"albicans","albicans","tuberous","germplasm",72,"SŠrkinen","",""
NA,979,NA,1158,"CIP 762957","","",-8.5761,-77.7211,4223,"albicans","albicans","tuberous","germplasm",72,"SŠrkinen","",""
NA,980,NA,1159,"CIP 762917","","",-9.725,-77.7169,4190,"albicans","albicans","tuberous","germplasm",72,"SŠrkinen","",""
NA,981,NA,1160,"CIP 761264","","",-9.8747,-77.7078,2945,"albicans","albicans","tuberous","germplasm",72,"SŠrkinen","",""
NA,982,NA,1161,"CIP 765944","","",-8.5666,-77.7,4093,"albicans","albicans","tuberous","germplasm",NA,"SŠrkinen","",""
NA,985,NA,1164,"CIP 761474","","",-8.4544,-77.6961,4200,"albicans","albicans","tuberous","germplasm",72,"SŠrkinen","",""
NA,986,NA,1165,"CIP 762534","","",-9.0939,-77.6661,3389,"albicans","albicans","tuberous","germplasm",NA,"SŠrkinen","",""
NA,987,NA,1166,"CIP 765948","","",-9.5333,-77.6166,4157,"albicans","albicans","tuberous","germplasm",NA,"SŠrkinen","",""
NA,988,NA,1167,"CIP 761557","","",-9.7814,-77.6089,3349,"albicans","albicans","tuberous","germplasm",NA,"SŠrkinen","",""
NA,991,NA,1170,"CIP 765947","","",-9.55,-77.5833,4091,"albicans","albicans","tuberous","germplasm",NA,"SŠrkinen","",""
NA,992,NA,1171,"CIP 763514","","",-9.8,-77.5675,4000,"albicans","albicans","tuberous","germplasm",72,"SŠrkinen","",""
NA,993,NA,1172,"CIP 761435","","",-9.7586,-77.4428,3512,"albicans","albicans","tuberous","germplasm",NA,"SŠrkinen","",""
NA,995,NA,1174,"CIP 761451","","",-9.8547,-77.4028,3742,"albicans","albicans","tuberous","germplasm",72,"SŠrkinen","",""
NA,998,NA,1177,"CIP 761456","","",-9.8017,-77.375,3854,"albicans","albicans","tuberous","germplasm",72,"SŠrkinen","",""
NA,999,NA,1178,"CIP 761297","","",-9.9111,-77.3172,4200,"albicans","albicans","tuberous","germplasm",72,"SŠrkinen","",""
NA,1001,NA,1180,"CIP 765957","","",-10.15,-77.3166,3925,"albicans","albicans","tuberous","germplasm",NA,"SŠrkinen","",""
NA,1002,NA,1181,"CIP 761433","","",-10.1222,-77.2953,4152,"albicans","albicans","tuberous","germplasm",72,"SŠrkinen","",""
NA,1003,NA,1182,"CIP 761455","","",-9.8831,-77.2947,4247,"albicans","albicans","tuberous","germplasm",72,"SŠrkinen","",""
NA,1004,NA,1183,"CIP 761434","","",-10.0906,-77.2533,4100,"albicans","albicans","tuberous","germplasm",72,"SŠrkinen","",""
NA,1005,NA,1184,"CIP 761444","","",-9.3231,-77.2333,4150,"albicans","albicans","tuberous","germplasm",72,"SŠrkinen","",""
NA,1006,NA,1185,"CIP 765955","","",-9.6833,-77.2333,4182,"albicans","albicans","tuberous","germplasm",NA,"SŠrkinen","",""
NA,1007,NA,1186,"CIP 763238","","",-9.6883,-77.2286,4248,"albicans","albicans","tuberous","germplasm",NA,"SŠrkinen","",""
NA,1008,NA,1187,"CIP 761429","","",-10.3794,-77.215,4400,"albicans","albicans","tuberous","germplasm",72,"SŠrkinen","",""
NA,1010,NA,1189,"CIP 761446","","",-9.5883,-77.1772,3138,"albicans","albicans","tuberous","germplasm",72,"SŠrkinen","",""
NA,1011,NA,1190,"CIP 760010","","",-10.6011,-76.8192,4084,"albicans","albicans","tuberous","germplasm",72,"SŠrkinen","",""
NA,1012,NA,1191,"CIP 760028","","",-9.3928,-76.7211,3667,"albicans","albicans","tuberous","germplasm",72,"SŠrkinen","",""
NA,1013,NA,1192,"CIP 763415","","",-9.6367,-76.6108,3900,"albicans","albicans","tuberous","germplasm",72,"SŠrkinen","",""
NA,1014,NA,1193,"CIP 763421","","",-9.8792,-76.5069,3450,"albicans","albicans","tuberous","germplasm",NA,"SŠrkinen","",""
NA,1015,NA,1194,"75369","","",-10.39072,-77.21607,3600,"albicans","albicans","tuberous","wild",NA,"SŠrkinen","",""
NA,1016,NA,1195,"95293","","",-9.25,-76.5,3500,"albicans","albicans","tuberous","wild",NA,"SŠrkinen","",""
NA,1018,NA,1197,"95306","","",-8.316667,-77.75,3750,"albicans","albicans","tuberous","wild",NA,"SŠrkinen","",""
NA,1019,NA,1198,"75370","","",-7.04349,-78.5895,3650,"albicans","albicans","tuberous","wild",NA,"SŠrkinen","",""
NA,1021,NA,1200,"81715","","",-9.7167,-77.4667,3500,"albicans","albicans","tuberous","wild",NA,"SŠrkinen","",""
NA,1022,NA,1201,"95187","","",-9.5333,-76.6333,3900,"albicans","albicans","tuberous","wild",NA,"SŠrkinen","",""
NA,1023,NA,1202,"81717","","",-9.7667,-77.6333,4000,"albicans","albicans","tuberous","wild",NA,"SŠrkinen","",""
NA,1024,NA,1203,"93374","","",-9.066667,-77.56667,4250,"albicans","albicans","tuberous","wild",NA,"SŠrkinen","",""
NA,1025,NA,1204,"20992","","",-9.683333,-77.23333,4350,"albicans","albicans","tuberous","wild",NA,"SŠrkinen","",""
NA,1026,NA,1205,"20996","","",-9.483333,-77.36667,3690,"albicans","albicans","tuberous","wild",NA,"SŠrkinen","",""
NA,1027,NA,1206,"94569","","",-9.16666,-77.75,4200,"albicans","albicans","tuberous","wild",NA,"SŠrkinen","",""
NA,1028,NA,1207,"95296","","",-8.9372,-78.0206,4300,"albicans","albicans","tuberous","wild",NA,"SŠrkinen","",""
NA,1029,NA,1208,"94558","","",-10.11667,-77.3,4100,"albicans","albicans","tuberous","wild",NA,"SŠrkinen","",""
NA,1030,NA,1209,"93585","","",-7.3333,-78.4167,3620,"albicans","albicans","tuberous","wild",NA,"SŠrkinen","",""
NA,1031,NA,1210,"95224","","",-8.2,-77.9,4000,"albicans","albicans","tuberous","wild",NA,"SŠrkinen","",""
NA,1032,NA,1211,"95321","","",-8.3667,-77.65,3900,"albicans","albicans","tuberous","wild",NA,"SŠrkinen","",""
NA,1033,NA,1212,"75364","","",-6.740652,-78.36092,3500,"albicans","albicans","tuberous","wild",NA,"SŠrkinen","",""
NA,1036,NA,1215,"PI 365306","","",-10.566667,-76.9,NA,"albicans","albicans","tuberous","germplasm",72,"SŠrkinen","",""
NA,1037,NA,1216,"PI 365311","","",-9.216667,-76.483333,NA,"albicans","albicans","tuberous","germplasm",72,"SŠrkinen","",""
NA,1038,NA,1217,"PI 365376","","",-8.283333,-77.3,NA,"albicans","albicans","tuberous","germplasm",72,"SŠrkinen","",""
NA,1039,NA,1218,"PI 498203","","",-10.433333,-76.783333,NA,"albicans","albicans","tuberous","germplasm",72,"SŠrkinen","",""
NA,1040,NA,1219,"CIP 763735","","",-3.9647,-79.3475,2159,"albornozii","albornozii","tuberous","germplasm",24,"SŠrkinen","",""
NA,1041,NA,1220,"CIP 761164","","",-4,-79.2167,2159,"albornozii","albornozii","tuberous","germplasm",24,"SŠrkinen","",""
NA,1045,NA,1224,"95057","","",-3.983333,-79.15,2750,"albornozii","albornozii","tuberous","wild",NA,"SŠrkinen","",""
NA,1047,NA,1226,"94174","","",-4,-79.28,2350,"albornozii","albornozii","tuberous","wild",NA,"SŠrkinen","",""
NA,1048,NA,1227,"94345","","",-3.983333,-79.28333,0,"albornozii","albornozii","tuberous","wild",NA,"SŠrkinen","",""
NA,1049,NA,1228,"94694","","",-4,-79.22,2700,"albornozii","albornozii","tuberous","wild",NA,"SŠrkinen","",""
NA,1050,NA,1229,"94173","","",-4,-79.27,2630,"albornozii","albornozii","tuberous","wild",NA,"SŠrkinen","",""
NA,1051,NA,1230,"PI 498206","","",-4,-79.216667,NA,"albornozii","albornozii","tuberous","germplasm",24,"SŠrkinen","",""
NA,1053,NA,1270,"CIP 762818","","",-2.5608,-78.005,621,"andreanum","andreanum","tuberous","germplasm",24,"SŠrkinen","",""
NA,1055,NA,1272,"CIP 762809","","",-0.45,-77.8831,1867,"andreanum","andreanum","tuberous","germplasm",NA,"SŠrkinen","",""
NA,1056,NA,1273,"CIP 762806","","",-0.6353,-77.72,2650,"andreanum","andreanum","tuberous","germplasm",24,"SŠrkinen","",""
NA,1057,NA,1274,"CIP 764057","","",1.2167,-77.2667,NA,"andreanum","andreanum","tuberous","germplasm",24,"SŠrkinen","",""
NA,1058,NA,1275,"CIP 762677","","",1.2192,-76.9561,2086,"andreanum","andreanum","tuberous","germplasm",24,"SŠrkinen","",""
NA,1059,NA,1276,"CIP 763108","","",2.385,-76.8558,NA,"andreanum","andreanum","tuberous","germplasm",24,"SŠrkinen","",""
NA,1062,NA,1279,"CIP 762801","","",-0.9908,-78.9972,3394,"andreanum","andreanum","tuberous","germplasm",NA,"SŠrkinen","",""
NA,1063,NA,1280,"CIP 763277","","",-2.8833,-78.9833,2490,"andreanum","andreanum","tuberous","germplasm",NA,"SŠrkinen","",""
NA,1064,NA,1281,"CIP 762800","","",-2.0136,-78.9272,3770,"andreanum","andreanum","tuberous","germplasm",48,"SŠrkinen","",""
NA,1065,NA,1282,"CIP 762798","","",-1.6333,-78.8725,3725,"andreanum","andreanum","tuberous","germplasm",48,"SŠrkinen","",""
NA,1066,NA,1283,"CIP 762816","","",-2.005,-78.6892,3600,"andreanum","andreanum","tuberous","germplasm",48,"SŠrkinen","",""
NA,1067,NA,1284,"CIP 761161","","",-1.2558,-78.6094,3550,"andreanum","andreanum","tuberous","germplasm",48,"SŠrkinen","",""
NA,1069,NA,1286,"CIP 763773","","",-2.1667,-78.5667,3432,"andreanum","andreanum","tuberous","germplasm",NA,"SŠrkinen","",""
NA,1070,NA,1287,"CIP 763798","","",-0.6167,-78.5667,2786,"andreanum","andreanum","tuberous","germplasm",48,"SŠrkinen","",""
NA,1072,NA,1289,"CIP 762802","","",-0.9189,-78.5403,2786,"andreanum","andreanum","tuberous","germplasm",48,"SŠrkinen","",""
NA,1075,NA,1292,"CIP 761608","","",-0.7833,-78.4833,3582,"andreanum","andreanum","tuberous","germplasm",48,"SŠrkinen","",""
NA,1076,NA,1293,"CIP 761595","","",-1.8333,-78.4167,3944,"andreanum","andreanum","tuberous","germplasm",48,"SŠrkinen","",""
NA,1077,NA,1294,"CIP 763776","","",-2.7167,-78.25,621,"andreanum","andreanum","tuberous","germplasm",48,"SŠrkinen","",""
NA,1078,NA,1295,"CIP 762787","","",-0.0033,-78.0622,3450,"andreanum","andreanum","tuberous","germplasm",48,"SŠrkinen","",""
NA,1080,NA,1297,"CIP 761597","","",-1.6167,-76.7967,3200,"andreanum","andreanum","tuberous","germplasm",48,"SŠrkinen","",""
NA,1081,NA,1298,"CIP 763792","","",-0.9333,-78.6167,2786,"andreanum","andreanum","tuberous","germplasm",48,"SŠrkinen","",""
NA,1085,NA,1302,"CIP 761834","","",-0.0167,-78.45,2536,"andreanum","andreanum","tuberous","germplasm",48,"SŠrkinen","",""
NA,1086,NA,1303,"CIP 763795","","",-0.3,-78.2667,2439,"andreanum","andreanum","tuberous","germplasm",48,"SŠrkinen","",""
NA,1087,NA,1304,"CIP 763760","","",-0.3611,-78.0906,3450,"andreanum","andreanum","tuberous","germplasm",48,"SŠrkinen","",""
NA,1088,NA,1305,"CIP 762804","","",-0.8,-77.7167,2939,"andreanum","andreanum","tuberous","germplasm",48,"SŠrkinen","",""
NA,1090,NA,1307,"CIP 762711","","",1.0833,-77.6,2973,"andreanum","andreanum","tuberous","germplasm",48,"SŠrkinen","",""
NA,1092,NA,1309,"94171","","",-0.6,-78.67,3460,"andreanum","andreanum","tuberous","wild",NA,"SŠrkinen","",""
NA,1093,NA,1310,"84316","","",-0.583333,-77.95,2530,"andreanum","andreanum","tuberous","wild",NA,"SŠrkinen","",""
NA,1094,NA,1311,"94790","","",0.816667,-78.03333,2740,"andreanum","andreanum","tuberous","wild",NA,"SŠrkinen","",""
NA,1095,NA,1312,"92414","","",-4.083333,-79.18333,2750,"andreanum","andreanum","tuberous","wild",NA,"SŠrkinen","",""
NA,1096,NA,1313,"91762","","",-2.616667,-78.91667,3500,"andreanum","andreanum","tuberous","wild",NA,"SŠrkinen","",""
NA,1097,NA,1314,"94163","","",-0.65,-77.53333,2650,"andreanum","andreanum","tuberous","wild",NA,"SŠrkinen","",""
NA,1098,NA,1315,"77865","","",-2.2,-78.3833,2450,"andreanum","andreanum","tuberous","wild",NA,"SŠrkinen","",""
NA,1099,NA,1316,"94389","","",1.139311,-77.01514,2180,"andreanum","andreanum","tuberous","wild",NA,"SŠrkinen","",""
NA,1100,NA,1317,"91551","","",-1.62,-79,4000,"andreanum","andreanum","tuberous","wild",NA,"SŠrkinen","",""
NA,1101,NA,1318,"77867","","",0.266667,-78.4667,3420,"andreanum","andreanum","tuberous","wild",NA,"SŠrkinen","",""
NA,1102,NA,1319,"94290","","",0.116667,-77.98333,3445,"andreanum","andreanum","tuberous","wild",NA,"SŠrkinen","",""
NA,1104,NA,1321,"83161","","",0.65,-77.8167,3120,"andreanum","andreanum","tuberous","wild",NA,"SŠrkinen","",""
NA,1105,NA,1322,"94166","","",-2.08,-78.62,3600,"andreanum","andreanum","tuberous","wild",NA,"SŠrkinen","",""
NA,1106,NA,1323,"35941","","",-0.633333,-77.83333,2000,"andreanum","andreanum","tuberous","wild",NA,"SŠrkinen","",""
NA,1108,NA,1325,"81270","","",-1.5667,-78.75,3200,"andreanum","andreanum","tuberous","wild",NA,"SŠrkinen","",""
NA,1109,NA,1326,"94187","","",0.65,-77.91667,3400,"andreanum","andreanum","tuberous","wild",NA,"SŠrkinen","",""
NA,1110,NA,1327,"92327","","",-0.813967,-78.92882,3600,"andreanum","andreanum","tuberous","wild",NA,"SŠrkinen","",""
NA,1111,NA,1328,"92616","","",-1.333333,-78.46667,2700,"andreanum","andreanum","tuberous","wild",NA,"SŠrkinen","",""
NA,1112,NA,1329,"82712","","",1.6,-77.15,2200,"andreanum","andreanum","tuberous","wild",NA,"SŠrkinen","",""
NA,1113,NA,1330,"94775","","",-1.966667,-78.93333,2800,"andreanum","andreanum","tuberous","wild",NA,"SŠrkinen","",""
NA,1115,NA,1332,"92430","","",1.166667,-76.76667,0,"andreanum","andreanum","tuberous","wild",NA,"SŠrkinen","",""
NA,1116,NA,1333,"81257","","",-0.5333,-78.5667,3650,"andreanum","andreanum","tuberous","wild",NA,"SŠrkinen","",""
NA,1117,NA,1334,"92350","","",-4,-79.02667,2850,"andreanum","andreanum","tuberous","wild",NA,"SŠrkinen","",""
NA,1118,NA,1335,"94758","","",-3.033333,-78.65,3500,"andreanum","andreanum","tuberous","wild",NA,"SŠrkinen","",""
NA,1119,NA,1336,"94393","","",0.673248,-77.47145,2200,"andreanum","andreanum","tuberous","wild",NA,"SŠrkinen","",""
NA,1120,NA,1337,"84321","","",-0.235709,-78.3471,3500,"andreanum","andreanum","tuberous","wild",NA,"SŠrkinen","",""
NA,1121,NA,1338,"84374","","",1.3,-77.25,2700,"andreanum","andreanum","tuberous","wild",NA,"SŠrkinen","",""
NA,1122,NA,1339,"95067","","",0.33,-78.07,3450,"andreanum","andreanum","tuberous","wild",NA,"SŠrkinen","",""
NA,1123,NA,1340,"92235","","",-0.65,-77.3833,0,"andreanum","andreanum","tuberous","wild",NA,"SŠrkinen","",""
NA,1124,NA,1341,"94973","","",-0.3,-78.78333,1980,"andreanum","andreanum","tuberous","wild",NA,"SŠrkinen","",""
NA,1125,NA,1342,"81261","","",-0.6667,-78.4333,3600,"andreanum","andreanum","tuberous","wild",NA,"SŠrkinen","",""
NA,1126,NA,1343,"92247","","",-1.666667,-79.11667,2790,"andreanum","andreanum","tuberous","wild",NA,"SŠrkinen","",""
NA,1127,NA,1344,"93879","","",-2.2167,-78.8167,2400,"andreanum","andreanum","tuberous","wild",NA,"SŠrkinen","",""
NA,1128,NA,1345,"54885","","",-0.2,-78.1,2878,"andreanum","andreanum","tuberous","wild",NA,"SŠrkinen","",""
NA,1129,NA,1346,"94891","","",-0.95,-79.03333,2400,"andreanum","andreanum","tuberous","wild",NA,"SŠrkinen","",""
NA,1130,NA,1347,"91650","","",1.2,-76.91667,2100,"andreanum","andreanum","tuberous","wild",NA,"SŠrkinen","",""
NA,1131,NA,1348,"91883","","",-0.466667,-77.71667,2840,"andreanum","andreanum","tuberous","wild",NA,"SŠrkinen","",""
NA,1132,NA,1349,"94988","","",-1.683333,-76.1,2760,"andreanum","andreanum","tuberous","wild",NA,"SŠrkinen","",""
NA,1133,NA,1350,"91870","","",0.819217,-77.60218,2450,"andreanum","andreanum","tuberous","wild",NA,"SŠrkinen","",""
NA,1135,NA,1352,"91778","","",0.916667,-77.73333,3300,"andreanum","andreanum","tuberous","wild",NA,"SŠrkinen","",""
NA,1136,NA,1353,"95167","","",-2.81666,-79.13333,3200,"andreanum","andreanum","tuberous","wild",NA,"SŠrkinen","",""
NA,1137,NA,1354,"84568","","",0.33,-78.33,3870,"andreanum","andreanum","tuberous","wild",NA,"SŠrkinen","",""
NA,1138,NA,1355,"94697","","",-1.25,-78.6167,3550,"andreanum","andreanum","tuberous","wild",NA,"SŠrkinen","",""
NA,1139,NA,1356,"26897","","",-0.3,-78.23333,3750,"andreanum","andreanum","tuberous","wild",NA,"SŠrkinen","",""
NA,1149,NA,1366,"423334","","",1.25,-76.75,NA,"andreanum","andreanum","tuberous","germplasm",NA,"SŠrkinen","",""
NA,1150,NA,1367,"423335","","",1.283333,-76.783333,NA,"andreanum","andreanum","tuberous","germplasm",NA,"SŠrkinen","",""
NA,1151,NA,1368,"423336","","",1.283333,-76.766667,NA,"andreanum","andreanum","tuberous","germplasm",NA,"SŠrkinen","",""
NA,1152,NA,1369,"423342","","",1.133333,-77,NA,"andreanum","andreanum","tuberous","germplasm",NA,"SŠrkinen","",""
NA,1153,NA,1370,"423378","","",0.7,-76.516667,NA,"andreanum","andreanum","tuberous","germplasm",NA,"SŠrkinen","",""
NA,1155,NA,1372,"423380","","",0.7,-76.35,NA,"andreanum","andreanum","tuberous","germplasm",NA,"SŠrkinen","",""
NA,1156,NA,1373,"423395","","",0.683333,-76.5,NA,"andreanum","andreanum","tuberous","germplasm",NA,"SŠrkinen","",""
NA,1157,NA,1374,"473472","","",-1.244778,-78.523144,NA,"andreanum","andreanum","tuberous","germplasm",48,"SŠrkinen","",""
NA,1158,NA,1375,"567813","","",1.545452,-77.1175,NA,"andreanum","andreanum","tuberous","germplasm",24,"SŠrkinen","",""
NA,1159,NA,1376,"567819","","",0.642858,-77.668447,NA,"andreanum","andreanum","tuberous","germplasm",24,"SŠrkinen","",""
NA,1161,NA,1378,"570609","","",-2.514212,-77.819393,NA,"andreanum","andreanum","tuberous","germplasm",NA,"SŠrkinen","",""
NA,1163,NA,1380,"597668","","",0.766274,-76.582947,NA,"andreanum","andreanum","tuberous","germplasm",24,"SŠrkinen","",""
NA,1164,NA,1381,"COL000039004","","",0.766667,-77.666667,NA,"andreanum","andreanum","tuberous","germplasm",NA,"SŠrkinen","",""
NA,1165,NA,1382,"COL000039006","","",0.916667,-77.75,NA,"andreanum","andreanum","tuberous","germplasm",NA,"SŠrkinen","",""
NA,1166,NA,1383,"PI 246971","","",-1.616667,-79,NA,"andreanum","andreanum","tuberous","germplasm",48,"SŠrkinen","",""
NA,1167,NA,1384,"PI 246995","","",-3.766667,-79.266667,NA,"andreanum","andreanum","tuberous","germplasm",NA,"SŠrkinen","",""
NA,1168,NA,1385,"PI 498147","","",1.2,-76.916667,NA,"andreanum","andreanum","tuberous","germplasm",24,"SŠrkinen","",""
NA,1169,NA,1386,"PI 498148","","",1.216667,-77.283333,NA,"andreanum","andreanum","tuberous","germplasm",24,"SŠrkinen","",""
NA,1170,NA,1387,"PI 498177","","",0.9,-77.783333,NA,"andreanum","andreanum","tuberous","germplasm",48,"SŠrkinen","",""
NA,1172,NA,1389,"PI 561654","","",-2.083333,-78.616667,NA,"andreanum","andreanum","tuberous","germplasm",48,"SŠrkinen","",""
NA,1173,NA,1390,"PI 561654","","",-2.08,-78.61,NA,"andreanum","andreanum","tuberous","germplasm",NA,"SŠrkinen","",""
NA,1174,NA,1391,"PI 567813","","",0.7,-77.65,NA,"andreanum","andreanum","tuberous","germplasm",NA,"SŠrkinen","",""
NA,1175,NA,1392,"PI 567814","","",0.7,-77.483333,NA,"andreanum","andreanum","tuberous","germplasm",NA,"SŠrkinen","",""
NA,1176,NA,1393,"PI 567819","","",0.65,-77.533333,NA,"andreanum","andreanum","tuberous","germplasm",NA,"SŠrkinen","",""
NA,1177,NA,1394,"PI 567819","","",0.65,-77.53,NA,"andreanum","andreanum","tuberous","germplasm",NA,"SŠrkinen","",""
NA,1178,NA,1408,"CIP 762328","","",-17.5667,-66.35,2602,"berthaultii","berthaultii","tuberous","germplasm",24,"SŠrkinen","",""
NA,1180,NA,1410,"CIP 760236","","",-17.7167,-66.2333,2525,"berthaultii","berthaultii","tuberous","germplasm",24,"SŠrkinen","",""
NA,1182,NA,1412,"CIP 761401","","",-17.3333,-66.1833,2861,"berthaultii","berthaultii","tuberous","germplasm",24,"SŠrkinen","",""
NA,1183,NA,1413,"CIP 760248","","",-17.3833,-66.15,2583,"berthaultii","berthaultii","tuberous","germplasm",24,"SŠrkinen","",""
NA,1184,NA,1414,"CIP 760446","","",-17.7453,-65.9689,3241,"berthaultii","berthaultii","tuberous","germplasm",NA,"SŠrkinen","",""
NA,1186,NA,1416,"CIP 760305","","",-21.3703,-65.9439,3100,"berthaultii","berthaultii","tuberous","germplasm",24,"SŠrkinen","",""
NA,1187,NA,1417,"CIP 760438","","",-17.8333,-65.9167,3241,"berthaultii","berthaultii","tuberous","germplasm",24,"SŠrkinen","",""
NA,1193,NA,1423,"CIP 761390","","",-17.7333,-65.6119,3563,"berthaultii","berthaultii","tuberous","germplasm",24,"SŠrkinen","",""
NA,1194,NA,1424,"CIP 762501","","",-18.3833,-65.35,2525,"berthaultii","berthaultii","tuberous","germplasm",24,"SŠrkinen","",""
NA,1196,NA,1426,"CIP 760259","","",-18.8253,-65.3375,2500,"berthaultii","berthaultii","tuberous","germplasm",24,"SŠrkinen","",""
NA,1197,NA,1427,"CIP 760304","","",-19.5333,-65.2667,3077,"berthaultii","berthaultii","tuberous","germplasm",24,"SŠrkinen","",""
NA,1198,NA,1428,"CIP 760310","","",-19.0431,-65.2592,2796,"berthaultii","berthaultii","tuberous","germplasm",24,"SŠrkinen","",""
NA,1200,NA,1430,"CIP 760470","","",-18.1667,-65.1667,2293,"berthaultii","berthaultii","tuberous","germplasm",NA,"SŠrkinen","",""
NA,1201,NA,1431,"CIP 760257","","",-19.1808,-64.9864,2400,"berthaultii","berthaultii","tuberous","germplasm",24,"SŠrkinen","",""
NA,1202,NA,1432,"CIP 760519","","",-19.1667,-64.9167,3252,"berthaultii","berthaultii","tuberous","germplasm",24,"SŠrkinen","",""
NA,1203,NA,1433,"CIP 761064","","",-17.75,-64.8167,2844,"berthaultii","berthaultii","tuberous","germplasm",24,"SŠrkinen","",""
NA,1204,NA,1434,"CIP 762326","","",-17.9333,-64.45,1692,"berthaultii","berthaultii","tuberous","germplasm",24,"SŠrkinen","",""
NA,1208,NA,1438,"CIP 760426","","",-17.9331,-65.1669,2266,"berthaultii","berthaultii","tuberous","germplasm",24,"SŠrkinen","",""
NA,1211,NA,1441,"CIP 760517","","",-16.7081,-64.6617,NA,"berthaultii","berthaultii","tuberous","germplasm",24,"SŠrkinen","",""
NA,1212,NA,1442,"29502","","",-19.309,-65.1704,0,"berthaultii","berthaultii","tuberous","wild",NA,"SŠrkinen","",""
NA,1213,NA,1443,"77002","","",-25.55,-66.21667,265,"berthaultii","berthaultii","tuberous","wild",NA,"SŠrkinen","",""
NA,1214,NA,1444,"77009","","",-24.0833,-64.5833,0,"berthaultii","berthaultii","tuberous","wild",NA,"SŠrkinen","",""
NA,1215,NA,1445,"29666","","",-22.35,-65.18,2700,"berthaultii","berthaultii","tuberous","wild",NA,"SŠrkinen","",""
NA,1216,NA,1446,"29542","","",-17.6167,-66.5333,2950,"berthaultii","berthaultii","tuberous","wild",NA,"SŠrkinen","",""
NA,1217,NA,1447,"29570","","",-17.72344,-64.889,2100,"berthaultii","berthaultii","tuberous","wild",NA,"SŠrkinen","",""
NA,1218,NA,1448,"29627","","",-21.5833,-64.7666,1920,"berthaultii","berthaultii","tuberous","wild",NA,"SŠrkinen","",""
NA,1219,NA,1449,"29492","","",-18.1138,-64.2155,1200,"berthaultii","berthaultii","tuberous","wild",NA,"SŠrkinen","",""
NA,1220,NA,1450,"29596","","",-18.90063,-65.11418,1980,"berthaultii","berthaultii","tuberous","wild",NA,"SŠrkinen","",""
NA,1222,NA,1452,"29557","","",-19.46667,-65.38333,2700,"berthaultii","berthaultii","tuberous","wild",NA,"SŠrkinen","",""
NA,1224,NA,1454,"77014","","",-18.612,-65.481,1980,"berthaultii","berthaultii","tuberous","wild",NA,"SŠrkinen","",""
NA,1225,NA,1455,"29536","","",-25.18333,-65.8,2075,"berthaultii","berthaultii","tuberous","wild",NA,"SŠrkinen","",""
NA,1227,NA,1457,"29560","","",-19.37838,-64.3197,2100,"berthaultii","berthaultii","tuberous","wild",NA,"SŠrkinen","",""
NA,1228,NA,1458,"29496","","",-18.38333,-65.21667,3000,"berthaultii","berthaultii","tuberous","wild",NA,"SŠrkinen","",""
NA,1229,NA,1459,"29486","","",-17.33736,-66.16061,2560,"berthaultii","berthaultii","tuberous","wild",NA,"SŠrkinen","",""
NA,1230,NA,1460,"29577","","",-22.25,-64.9667,2500,"berthaultii","berthaultii","tuberous","wild",NA,"SŠrkinen","",""
NA,1231,NA,1461,"76991","","",-15.8333,-68.7,2250,"berthaultii","berthaultii","tuberous","wild",NA,"SŠrkinen","",""
NA,1232,NA,1462,"29624","","",-18.5,-64.1,2040,"berthaultii","berthaultii","tuberous","wild",NA,"SŠrkinen","",""
NA,1233,NA,1463,"29632","","",-17.5333,-68.5166,2800,"berthaultii","berthaultii","tuberous","wild",NA,"SŠrkinen","",""
NA,1234,NA,1464,"29582","","",-22.25,-65.07,2850,"berthaultii","berthaultii","tuberous","wild",NA,"SŠrkinen","",""
NA,1235,NA,1465,"29601","","",-19.3,-64.85,2650,"berthaultii","berthaultii","tuberous","wild",NA,"SŠrkinen","",""
NA,1236,NA,1466,"29556","","",-19.25,-65.33333,2450,"berthaultii","berthaultii","tuberous","wild",NA,"SŠrkinen","",""
NA,1237,NA,1467,"77016","","",-22.6833,-64.6,2200,"berthaultii","berthaultii","tuberous","wild",NA,"SŠrkinen","",""
NA,1238,NA,1468,"29600","","",-17.63,-66.7,3950,"berthaultii","berthaultii","tuberous","wild",NA,"SŠrkinen","",""
NA,1239,NA,1469,"29537","","",-17.9333,-67.1333,2700,"berthaultii","berthaultii","tuberous","wild",NA,"SŠrkinen","",""
NA,1240,NA,1470,"77005","","",-23.9833,-64.3,0,"berthaultii","berthaultii","tuberous","wild",NA,"SŠrkinen","",""
NA,1241,NA,1471,"76939","","",-17.8894,-65.361,2200,"berthaultii","berthaultii","tuberous","wild",NA,"SŠrkinen","",""
NA,1243,NA,1473,"29575","","",-21.5169,-64.55,2350,"berthaultii","berthaultii","tuberous","wild",NA,"SŠrkinen","",""
NA,1244,NA,1474,"29603","","",-18.15,-65.13,2300,"berthaultii","berthaultii","tuberous","wild",NA,"SŠrkinen","",""
NA,1245,NA,1475,"29619","","",-25.03,-66.21,2900,"berthaultii","berthaultii","tuberous","wild",NA,"SŠrkinen","",""
NA,1246,NA,1476,"76960","","",-22.1833,-64.8333,2600,"berthaultii","berthaultii","tuberous","wild",NA,"SŠrkinen","",""
NA,1247,NA,1477,"29594","","",-19.26681,-64.96154,2590,"berthaultii","berthaultii","tuberous","wild",NA,"SŠrkinen","",""
NA,1248,NA,1478,"29520","","",-17.91667,-65.91667,2730,"berthaultii","berthaultii","tuberous","wild",NA,"SŠrkinen","",""
NA,1249,NA,1479,"29579","","",-22.65,-65.18333,2200,"berthaultii","berthaultii","tuberous","wild",NA,"SŠrkinen","",""
NA,1250,NA,1480,"77063","","",-23.7833,-64.7833,0,"berthaultii","berthaultii","tuberous","wild",NA,"SŠrkinen","",""
NA,1251,NA,1481,"29677","","",-22.2329,-64.73203,2600,"berthaultii","berthaultii","tuberous","wild",NA,"SŠrkinen","",""
NA,1252,NA,1482,"77010","","",-24.2833,-64.6833,0,"berthaultii","berthaultii","tuberous","wild",NA,"SŠrkinen","",""
NA,1253,NA,1483,"86356","","",-25.0333,-66.1,2600,"berthaultii","berthaultii","tuberous","wild",NA,"SŠrkinen","",""
NA,1254,NA,1484,"29478","","",-19.098,-65.26698,2900,"berthaultii","berthaultii","tuberous","wild",NA,"SŠrkinen","",""
NA,1255,NA,1485,"164907","","",-25.7,-65.4925,0,"berthaultii","berthaultii","tuberous","wild",NA,"SŠrkinen","",""
NA,1256,NA,1486,"105210","","",-18.3575,-64.28222,2500,"berthaultii","berthaultii","tuberous","wild",NA,"SŠrkinen","",""
NA,1257,NA,1487,"29578","","",-22.2139,-65.2528,2450,"berthaultii","berthaultii","tuberous","wild",NA,"SŠrkinen","",""
NA,1258,NA,1488,"29604","","",-18.85,-65.23,0,"berthaultii","berthaultii","tuberous","wild",NA,"SŠrkinen","",""
NA,1259,NA,1489,"29505","","",-17.93,-65.17,0,"berthaultii","berthaultii","tuberous","wild",NA,"SŠrkinen","",""
NA,1260,NA,1490,"29685","","",-21.44,-64.46,2369,"berthaultii","berthaultii","tuberous","wild",NA,"SŠrkinen","",""
NA,1261,NA,1491,"29543","","",-17.5666,-65.7666,2750,"berthaultii","berthaultii","tuberous","wild",NA,"SŠrkinen","",""
NA,1262,NA,1492,"29680","","",-23,-64.5667,2450,"berthaultii","berthaultii","tuberous","wild",NA,"SŠrkinen","",""
NA,1263,NA,1493,"29509","","",-19.1,-64.7,2700,"berthaultii","berthaultii","tuberous","wild",NA,"SŠrkinen","",""
NA,1264,NA,1494,"88008","","",-25.1,-65.55,2139,"berthaultii","berthaultii","tuberous","wild",NA,"SŠrkinen","",""
NA,1265,NA,1495,"29602","","",-17.72,-65.2,2200,"berthaultii","berthaultii","tuberous","wild",NA,"SŠrkinen","",""
NA,1266,NA,1496,"29484","","",-17.40401,-66.04187,2580,"berthaultii","berthaultii","tuberous","wild",NA,"SŠrkinen","",""
NA,1268,NA,1498,"29639","","",-19.7666,-65.15,2600,"berthaultii","berthaultii","tuberous","wild",NA,"SŠrkinen","",""
NA,1269,NA,1499,"77004","","",-24.35,-65.0666,0,"berthaultii","berthaultii","tuberous","wild",NA,"SŠrkinen","",""
NA,1270,NA,1500,"29535","","",-17.56667,-66.38333,2450,"berthaultii","berthaultii","tuberous","wild",NA,"SŠrkinen","",""
NA,1271,NA,1501,"29623","","",-24.30383,-64.50217,1365,"berthaultii","berthaultii","tuberous","wild",NA,"SŠrkinen","",""
NA,1272,NA,1502,"76990","","",-24.7166,-65.4333,1400,"berthaultii","berthaultii","tuberous","wild",NA,"SŠrkinen","",""
NA,1273,NA,1503,"65536","","",-17.41199,-65.93807,3100,"berthaultii","berthaultii","tuberous","wild",NA,"SŠrkinen","",""
NA,1274,NA,1504,"29487","","",-19.12374,-64.60686,2200,"berthaultii","berthaultii","tuberous","wild",NA,"SŠrkinen","",""
NA,1275,NA,1505,"29710","","",-18.93918,-64.93782,0,"berthaultii","berthaultii","tuberous","wild",NA,"SŠrkinen","",""
NA,1277,NA,1507,"77007","","",-23.6667,-64.4667,0,"berthaultii","berthaultii","tuberous","wild",NA,"SŠrkinen","",""
NA,1278,NA,1508,"65473","","",-16.9667,-66.8333,3000,"berthaultii","berthaultii","tuberous","wild",NA,"SŠrkinen","",""
NA,1279,NA,1509,"29517","","",-18.08333,-65.25,2200,"berthaultii","berthaultii","tuberous","wild",NA,"SŠrkinen","",""
NA,1280,NA,1510,"85986","","",-22.5333,-64.6833,2350,"berthaultii","berthaultii","tuberous","wild",NA,"SŠrkinen","",""
NA,1281,NA,1511,"29477","","",-17.2333,-67.0166,2850,"berthaultii","berthaultii","tuberous","wild",NA,"SŠrkinen","",""
NA,1282,NA,1512,"442689","","",-22.197039,-64.751162,NA,"berthaultii","berthaultii","tuberous","germplasm",24,"SŠrkinen","",""
NA,1283,NA,1513,"458365","","",-23.233334,-63.916666,NA,"berthaultii","berthaultii","tuberous","germplasm",24,"SŠrkinen","",""
NA,1284,NA,1514,"458366","","",-24.36211,-65.648804,NA,"berthaultii","berthaultii","tuberous","germplasm",24,"SŠrkinen","",""
NA,1286,NA,1516,"473217","","",-22.733334,-65.116665,NA,"berthaultii","berthaultii","tuberous","germplasm",24,"SŠrkinen","",""
NA,1287,NA,1517,"473218","","",-22.250001,-64.966663,NA,"berthaultii","berthaultii","tuberous","germplasm",24,"SŠrkinen","",""
NA,1288,NA,1518,"473219","","",-22.250001,-65.066669,NA,"berthaultii","berthaultii","tuberous","germplasm",24,"SŠrkinen","",""
NA,1290,NA,1520,"473237","","",-22.272259,-64.995117,NA,"berthaultii","berthaultii","tuberous","germplasm",24,"SŠrkinen","",""
NA,1291,NA,1521,"473242","","",-22.250971,-64.957867,NA,"berthaultii","berthaultii","tuberous","germplasm",24,"SŠrkinen","",""
NA,1292,NA,1522,"473244","","",-22.35,-65.115065,NA,"berthaultii","berthaultii","tuberous","germplasm",24,"SŠrkinen","",""
NA,1293,NA,1523,"527984","","",-21.583333,-64.76667,NA,"berthaultii","berthaultii","tuberous","germplasm",NA,"SŠrkinen","",""
NA,1294,NA,1524,"566799","","",-22.768247,-64.922665,NA,"berthaultii","berthaultii","tuberous","germplasm",24,"SŠrkinen","",""
NA,1295,NA,1525,"568918","","",-18.042477,-65.234578,NA,"berthaultii","berthaultii","tuberous","germplasm",24,"SŠrkinen","",""
NA,1296,NA,1526,"568919","","",-17.3169,-66.173942,NA,"berthaultii","berthaultii","tuberous","germplasm",24,"SŠrkinen","",""
NA,1297,NA,1527,"568920","","",-17.933332,-64.450001,NA,"berthaultii","berthaultii","tuberous","germplasm",24,"SŠrkinen","",""
NA,1298,NA,1528,"PI 217458","","",-23,-64.566667,NA,"berthaultii","berthaultii","tuberous","germplasm",24,"SŠrkinen","",""
NA,1299,NA,1529,"PI 218215","","",-19.583333,-65.75,NA,"berthaultii","berthaultii","tuberous","germplasm",24,"SŠrkinen","",""
NA,1300,NA,1530,"PI 265577","","",-17.933333,-65.166667,NA,"berthaultii","berthaultii","tuberous","germplasm",24,"SŠrkinen","",""
NA,1301,NA,1531,"PI 265857","","",-17.4,-66.15,NA,"berthaultii","berthaultii","tuberous","germplasm",24,"SŠrkinen","",""
NA,1306,NA,1536,"PI 414148","","",-22.216667,-64.95,NA,"berthaultii","berthaultii","tuberous","germplasm",24,"SŠrkinen","",""
NA,1307,NA,1537,"PI 414150","","",-22.25,-64.966667,NA,"berthaultii","berthaultii","tuberous","germplasm",24,"SŠrkinen","",""
NA,1310,NA,1540,"PI 458365","","",-22.25,-64.883333,NA,"berthaultii","berthaultii","tuberous","germplasm",NA,"SŠrkinen","",""
NA,1311,NA,1541,"PI 458366","","",-22.25,-64.95,NA,"berthaultii","berthaultii","tuberous","germplasm",NA,"SŠrkinen","",""
NA,1312,NA,1542,"PI 458394","","",-19.166667,-65.283333,NA,"berthaultii","berthaultii","tuberous","germplasm",24,"SŠrkinen","",""
NA,1313,NA,1543,"PI 458395","","",-21.516944,-64.55,NA,"berthaultii","berthaultii","tuberous","germplasm",24,"SŠrkinen","",""
NA,1314,NA,1544,"PI 473216","","",-22.65,-65.183333,NA,"berthaultii","berthaultii","tuberous","germplasm",24,"SŠrkinen","",""
NA,1315,NA,1545,"PI 473217","","",-22.6,-65.116667,NA,"berthaultii","berthaultii","tuberous","germplasm",NA,"SŠrkinen","",""
NA,1317,NA,1547,"PI 473219","","",-22.25,-65.066667,NA,"berthaultii","berthaultii","tuberous","germplasm",NA,"SŠrkinen","",""
NA,1318,NA,1548,"PI 473235","","",-22.266667,-64.966667,NA,"berthaultii","berthaultii","tuberous","germplasm",24,"SŠrkinen","",""
NA,1325,NA,1555,"PI 473242","","",-22.266667,-64.95,NA,"berthaultii","berthaultii","tuberous","germplasm",NA,"SŠrkinen","",""
NA,1326,NA,1556,"PI 473243","","",-22.35,-65.183333,NA,"berthaultii","berthaultii","tuberous","germplasm",24,"SŠrkinen","",""
NA,1328,NA,1558,"PI 473245","","",-22.266667,-64.983333,NA,"berthaultii","berthaultii","tuberous","germplasm",24,"SŠrkinen","",""
NA,1329,NA,1559,"PI 473333","","",-19.1,-65.233333,NA,"berthaultii","berthaultii","tuberous","germplasm",24,"SŠrkinen","",""
NA,1330,NA,1560,"PI 498096","","",-18.083333,-65.15,NA,"berthaultii","berthaultii","tuberous","germplasm",24,"SŠrkinen","",""
NA,1331,NA,1561,"PI 498097","","",-18.066667,-65.166667,NA,"berthaultii","berthaultii","tuberous","germplasm",24,"SŠrkinen","",""
NA,1332,NA,1562,"PI 498099","","",-17.916667,-65.916667,NA,"berthaultii","berthaultii","tuberous","germplasm",24,"SŠrkinen","",""
NA,1334,NA,1564,"PI 498103","","",-17.9,-65.916667,NA,"berthaultii","berthaultii","tuberous","germplasm",24,"SŠrkinen","",""
NA,1336,NA,1566,"PI 527891","","",-18.883333,-65.233333,NA,"berthaultii","berthaultii","tuberous","germplasm",NA,"SŠrkinen","",""
NA,1337,NA,1567,"PI 545849","","",-17.716667,-65.2,NA,"berthaultii","berthaultii","tuberous","germplasm",24,"SŠrkinen","",""
NA,1338,NA,1568,"PI 545852","","",-19.2,-64.666667,NA,"berthaultii","berthaultii","tuberous","germplasm",24,"SŠrkinen","",""
NA,1339,NA,1569,"PI 545886","","",-19.116667,-64.85,NA,"berthaultii","berthaultii","tuberous","germplasm",24,"SŠrkinen","",""
NA,1340,NA,1570,"PI 545890","","",-19.383333,-65.366667,NA,"berthaultii","berthaultii","tuberous","germplasm",24,"SŠrkinen","",""
NA,1341,NA,1571,"PI 545922","","",-19.233333,-65.166667,NA,"berthaultii","berthaultii","tuberous","germplasm",24,"SŠrkinen","",""
NA,1342,NA,1572,"PI 545923","","",-19.25,-65.166667,NA,"berthaultii","berthaultii","tuberous","germplasm",24,"SŠrkinen","",""
NA,1344,NA,1574,"PI 545960","","",-17.516667,-66.3,NA,"berthaultii","berthaultii","tuberous","germplasm",24,"SŠrkinen","",""
NA,1347,NA,1577,"PI 597770","","",-19.3,-65.166667,NA,"berthaultii","berthaultii","tuberous","germplasm",24,"SŠrkinen","",""
NA,1348,NA,1578,"PI 597774","","",-19.083333,-65.183333,NA,"berthaultii","berthaultii","tuberous","germplasm",24,"SŠrkinen","",""
NA,1349,NA,1579,"PI 597775","","",-19.116667,-64.666667,NA,"berthaultii","berthaultii","tuberous","germplasm",24,"SŠrkinen","",""
NA,1350,NA,1580,"PI 604044","","",-18.95,-65.133333,NA,"berthaultii","berthaultii","tuberous","germplasm",24,"SŠrkinen","",""
NA,1359,NA,1589,"PI414148(PTIS)","","",-22.22,-64.95,NA,"berthaultii","berthaultii","tuberous","germplasm",NA,"SŠrkinen","",""
NA,1360,NA,1590,"PI414150(PTIS)","","",-22.25,-64.97,NA,"berthaultii","berthaultii","tuberous","germplasm",NA,"SŠrkinen","",""
NA,1362,NA,1592,"PI458364(PTIS)","","",-22.25,-64.9666,NA,"berthaultii","berthaultii","tuberous","germplasm",24,"SŠrkinen","",""
NA,1367,NA,1597,"PI473217(PTIS)","","",-22.7333,-65.1166,NA,"berthaultii","berthaultii","tuberous","germplasm",NA,"SŠrkinen","",""
NA,1370,NA,1600,"PI473223(PTIS)","","",-22.27,-64.97,NA,"berthaultii","berthaultii","tuberous","germplasm",24,"SŠrkinen","",""
NA,1392,NA,1622,"PI498096(PTIS)","","",-18.083333,-65.25,NA,"berthaultii","berthaultii","tuberous","germplasm",NA,"SŠrkinen","",""
NA,1393,NA,1623,"PI498097(PTIS)","","",-18.05,-65.266667,NA,"berthaultii","berthaultii","tuberous","germplasm",NA,"SŠrkinen","",""
NA,1398,NA,1628,"PI545852(PTIS)","","",-19.2,-64.67,NA,"berthaultii","berthaultii","tuberous","germplasm",NA,"SŠrkinen","",""
NA,1399,NA,1629,"PI545886(PTIS)","","",-19.12,-64.85,NA,"berthaultii","berthaultii","tuberous","germplasm",NA,"SŠrkinen","",""
NA,1400,NA,1630,"PI545890(PTIS)","","",-19.38,-65.37,NA,"berthaultii","berthaultii","tuberous","germplasm",NA,"SŠrkinen","",""
NA,1401,NA,1631,"PI545922(PTIS)","","",-19.23,-65.17,NA,"berthaultii","berthaultii","tuberous","germplasm",NA,"SŠrkinen","",""
NA,1402,NA,1632,"PI545923(PTIS)","","",-19.25,-65.17,NA,"berthaultii","berthaultii","tuberous","germplasm",NA,"SŠrkinen","",""
NA,1404,NA,1634,"PI545960(PTIS)","","",-17.52,-66.3,NA,"berthaultii","berthaultii","tuberous","germplasm",NA,"SŠrkinen","",""
NA,1406,NA,1636,"PI566799(PTIS)","","",-22.7666,-65.2333,NA,"berthaultii","berthaultii","tuberous","germplasm",NA,"SŠrkinen","",""
NA,1407,NA,1637,"PI604044(PTIS)","","",-18.95,-65.14,NA,"berthaultii","berthaultii","tuberous","germplasm",NA,"SŠrkinen","",""
NA,1427,NA,1657,"CIP 762524","","",-7.0775,-78.5797,3100,"blanco-galdosii","blanco-galdosii","tuberous","germplasm",24,"SŠrkinen","",""
NA,1428,NA,1658,"CIP 760026","","",-6.4317,-78.1708,2800,"blanco-galdosii","blanco-galdosii","tuberous","germplasm",24,"SŠrkinen","",""
NA,1429,NA,1659,"CIP 761466","","",-8.5508,-77.6017,3100,"blanco-galdosii","blanco-galdosii","tuberous","germplasm",24,"SŠrkinen","",""
NA,1430,NA,1660,"CIP 762958","","",-8.4519,-77.3119,3215,"blanco-galdosii","blanco-galdosii","tuberous","germplasm",24,"SŠrkinen","",""
NA,1431,NA,1661,"65644","","",-7.353591,-78.04709,2700,"blanco-galdosii","blanco-galdosii","tuberous","wild",NA,"SŠrkinen","",""
NA,1432,NA,1662,"71026","","",-7.198909,-78.33807,2750,"blanco-galdosii","blanco-galdosii","tuberous","wild",NA,"SŠrkinen","",""
NA,1433,NA,1663,"75455","","",-7.18043,-78.51222,2800,"blanco-galdosii","blanco-galdosii","tuberous","wild",NA,"SŠrkinen","",""
NA,1434,NA,1664,"92829","","",-8.566667,-77.61667,3100,"blanco-galdosii","blanco-galdosii","tuberous","wild",NA,"SŠrkinen","",""
NA,1435,NA,1665,"94142","","",-8.47,-77.286,3215,"blanco-galdosii","blanco-galdosii","tuberous","wild",NA,"SŠrkinen","",""
NA,1436,NA,1666,"95071","","",-5.979444,-78.78139,0,"blanco-galdosii","blanco-galdosii","tuberous","wild",NA,"SŠrkinen","",""
NA,1438,NA,2004,"CIP 761393","","",-17.925,-65.4689,2300,"brevicaule","brevicaule","tuberous","germplasm",24,"SŠrkinen","",""
NA,1439,NA,2005,"CIP 761394","","",-17.9331,-65.1669,2266,"brevicaule","brevicaule","tuberous","germplasm",24,"SŠrkinen","",""
NA,1442,NA,2008,"CIP 760424","","",-18.1667,-65.1667,2293,"brevicaule","brevicaule","tuberous","germplasm",24,"SŠrkinen","",""
NA,1444,NA,2010,"CIP 761076","","",-17.9333,-65.1667,2471,"brevicaule","brevicaule","tuberous","germplasm",24,"SŠrkinen","",""
NA,1447,NA,2013,"CIP 760471","","",-17.7072,-65.15,3004,"brevicaule","brevicaule","tuberous","germplasm",24,"SŠrkinen","",""
NA,1448,NA,2014,"CIP 760472","","",-17.7,-65.15,3004,"brevicaule","brevicaule","tuberous","germplasm",24,"SŠrkinen","",""
NA,1450,NA,2016,"CIP 764189","","",-20.4167,-65.1333,NA,"brevicaule","brevicaule","tuberous","germplasm",24,"SŠrkinen","",""
NA,1451,NA,2017,"CIP 762310","","",-17.7333,-64.8667,2367,"brevicaule","brevicaule","tuberous","germplasm",24,"SŠrkinen","",""
NA,1453,NA,2019,"CIP 760468","","",-19.9561,-64.4769,2100,"brevicaule","brevicaule","tuberous","germplasm",24,"SŠrkinen","",""
NA,1454,NA,2020,"CIP 760434","","",-18.4897,-64.1069,2450,"brevicaule","brevicaule","tuberous","germplasm",NA,"SŠrkinen","",""
NA,1460,NA,2026,"CIP 765721","","",-14.0599,-73.248,2401,"brevicaule","brevicaule","tuberous","germplasm",NA,"SŠrkinen","",""
NA,1462,NA,2028,"CIP 761812","","",-14.2233,-73.0153,3545,"brevicaule","brevicaule","tuberous","germplasm",24,"SŠrkinen","",""
NA,1464,NA,2030,"CIP 762928","","",-12.445,-74.7811,3345,"brevicaule","brevicaule","tuberous","germplasm",24,"SŠrkinen","",""
NA,1465,NA,2031,"CIP 765791","","",-12.4061,-74.665,3075,"brevicaule","brevicaule","tuberous","germplasm",NA,"SŠrkinen","",""
NA,1466,NA,2032,"CIP 762926","","",-12.4061,-74.6619,2989,"brevicaule","brevicaule","tuberous","germplasm",24,"SŠrkinen","",""
NA,1467,NA,2033,"CIP 763146","","",-15.6667,-69.1333,4215,"brevicaule","brevicaule","tuberous","germplasm",24,"SŠrkinen","",""
NA,1468,NA,2034,"CIP 762304","","",-16.8897,-67.1492,3042,"brevicaule","brevicaule","tuberous","germplasm",24,"SŠrkinen","",""
NA,1469,NA,2035,"CIP 763145","","",-17.8833,-66.5333,3631,"brevicaule","brevicaule","tuberous","germplasm",24,"SŠrkinen","",""
NA,1470,NA,2036,"CIP 766111","","",-17.33333333,-66.35,3150,"brevicaule","brevicaule","tuberous","germplasm",NA,"SŠrkinen","",""
NA,1471,NA,2037,"CIP 760245","","",-17.4,-66.2831,2549,"brevicaule","brevicaule","tuberous","germplasm",24,"SŠrkinen","",""
NA,1475,NA,2041,"CIP 762548","","",-17.3978,-66.2633,2583,"brevicaule","brevicaule","tuberous","germplasm",24,"SŠrkinen","",""
NA,1476,NA,2042,"CIP 763144","","",-17.3833,-66.15,2583,"brevicaule","brevicaule","tuberous","germplasm",24,"SŠrkinen","",""
NA,1478,NA,2044,"CIP 760461","","",-17.3833,-66.0333,2846,"brevicaule","brevicaule","tuberous","germplasm",24,"SŠrkinen","",""
NA,1480,NA,2046,"CIP 763095","","",-19.5836,-65.7531,3324,"brevicaule","brevicaule","tuberous","germplasm",24,"SŠrkinen","",""
NA,1481,NA,2047,"CIP 761074","","",-18.9833,-65.3667,3133,"brevicaule","brevicaule","tuberous","germplasm",24,"SŠrkinen","",""
NA,1482,NA,2048,"CIP 762364","","",-13.1556,-73.1317,3700,"brevicaule","brevicaule","tuberous","germplasm",24,"SŠrkinen","",""
NA,1484,NA,2050,"CIP 765736","","",-13.1373,-72.9831,3784,"brevicaule","brevicaule","tuberous","germplasm",NA,"SŠrkinen","",""
NA,1485,NA,2051,"CIP 765735","","",-13.1345,-72.9827,3664,"brevicaule","brevicaule","tuberous","germplasm",NA,"SŠrkinen","",""
NA,1486,NA,2052,"CIP 765898","","",-13.1323,-72.9827,3642,"brevicaule","brevicaule","tuberous","germplasm",NA,"SŠrkinen","",""
NA,1487,NA,2053,"CIP 765737","","",-13.1366,-72.9811,3736,"brevicaule","brevicaule","tuberous","germplasm",NA,"SŠrkinen","",""
NA,1488,NA,2054,"CIP 761667","","",-13.4978,-72.8928,3068,"brevicaule","brevicaule","tuberous","germplasm",24,"SŠrkinen","",""
NA,1490,NA,2056,"CIP 761665","","",-13.4775,-72.8847,2385,"brevicaule","brevicaule","tuberous","germplasm",24,"SŠrkinen","",""
NA,1491,NA,2057,"CIP 761999","","",-13.4328,-72.8303,1971,"brevicaule","brevicaule","tuberous","germplasm",24,"SŠrkinen","",""
NA,1492,NA,2058,"CIP 761998","","",-13.6086,-72.8292,3496,"brevicaule","brevicaule","tuberous","germplasm",24,"SŠrkinen","",""
NA,1493,NA,2059,"CIP 762481","","",-13.4878,-72.8175,3190,"brevicaule","brevicaule","tuberous","germplasm",NA,"SŠrkinen","",""
NA,1494,NA,2060,"CIP 765876","","",-13.55,-72.8149,3858,"brevicaule","brevicaule","tuberous","germplasm",NA,"SŠrkinen","",""
NA,1495,NA,2061,"CIP 764198","","",-13.5728,-72.6267,NA,"brevicaule","brevicaule","tuberous","germplasm",24,"SŠrkinen","",""
NA,1496,NA,2062,"CIP 761660","","",-13.4658,-72.6197,3500,"brevicaule","brevicaule","tuberous","germplasm",24,"SŠrkinen","",""
NA,1498,NA,2064,"CIP 761810","","",-13.5072,-72.5325,2881,"brevicaule","brevicaule","tuberous","germplasm",24,"SŠrkinen","",""
NA,1500,NA,2066,"CIP 761689","","",-13.2031,-72.5028,3700,"brevicaule","brevicaule","tuberous","germplasm",24,"SŠrkinen","",""
NA,1508,NA,2074,"CIP 762005","","",-13.1689,-72.4811,3076,"brevicaule","brevicaule","tuberous","germplasm",24,"SŠrkinen","",""
NA,1509,NA,2075,"CIP 762002","","",-13.2092,-72.4422,2457,"brevicaule","brevicaule","tuberous","germplasm",24,"SŠrkinen","",""
NA,1510,NA,2076,"CIP 761728","","",-13.7453,-72.3558,3404,"brevicaule","brevicaule","tuberous","germplasm",24,"SŠrkinen","",""
NA,1511,NA,2077,"CIP 761729","","",-13.6128,-72.2722,3600,"brevicaule","brevicaule","tuberous","germplasm",24,"SŠrkinen","",""
NA,1514,NA,2080,"CIP 761670","","",-13.4656,-72.2472,3300,"brevicaule","brevicaule","tuberous","germplasm",24,"SŠrkinen","",""
NA,1516,NA,2082,"CIP 762363","","",-13.2739,-72.2236,2972,"brevicaule","brevicaule","tuberous","germplasm",24,"SŠrkinen","",""
NA,1517,NA,2083,"CIP 761715","","",-13.9172,-72.2133,3600,"brevicaule","brevicaule","tuberous","germplasm",24,"SŠrkinen","",""
NA,1518,NA,2084,"CIP 761982","","",-13.2639,-71.9553,4050,"brevicaule","brevicaule","tuberous","germplasm",NA,"SŠrkinen","",""
NA,1519,NA,2085,"CIP 761736","","",-14.3414,-71.9292,3945,"brevicaule","brevicaule","tuberous","germplasm",24,"SŠrkinen","",""
NA,1520,NA,2086,"CIP 763015","","",-19.9,-64.5333,2863,"brevicaule","brevicaule","tuberous","germplasm",48,"SŠrkinen","",""
NA,1521,NA,2087,"CIP 763016","","",-20.1,-64.4167,2497,"brevicaule","brevicaule","tuberous","germplasm",48,"SŠrkinen","",""
NA,1522,NA,2088,"CIP 764230","","",-24.7667,-65.7333,2320,"brevicaule","brevicaule","tuberous","germplasm",24,"SŠrkinen","",""
NA,1523,NA,2089,"CIP 763697","","",-24.8333,-65.7167,2314,"brevicaule","brevicaule","tuberous","germplasm",24,"SŠrkinen","",""
NA,1526,NA,2092,"CIP 763702","","",-24.2967,-64.8203,NA,"brevicaule","brevicaule","tuberous","germplasm",24,"SŠrkinen","",""
NA,1528,NA,2094,"CIP 761701","","",-14.2014,-72.9214,4500,"brevicaule","brevicaule","tuberous","germplasm",24,"SŠrkinen","",""
NA,1529,NA,2095,"CIP 761712","","",-14.5181,-72.7503,3550,"brevicaule","brevicaule","tuberous","germplasm",24,"SŠrkinen","",""
NA,1530,NA,2096,"CIP 761766","","",-13.8875,-72.6397,4162,"brevicaule","brevicaule","tuberous","germplasm",24,"SŠrkinen","",""
NA,1533,NA,2099,"CIP 761765","","",-14.2125,-72.5667,3800,"brevicaule","brevicaule","tuberous","germplasm",24,"SŠrkinen","",""
NA,1535,NA,2101,"CIP 761702","","",-14.3347,-72.5403,3563,"brevicaule","brevicaule","tuberous","germplasm",24,"SŠrkinen","",""
NA,1536,NA,2102,"CIP 761679","","",-13.8858,-71.4383,3500,"brevicaule","brevicaule","tuberous","germplasm",24,"SŠrkinen","",""
NA,1537,NA,2103,"CIP 762666","","",-14.1661,-71.3333,3550,"brevicaule","brevicaule","tuberous","germplasm",NA,"SŠrkinen","",""
NA,1538,NA,2104,"CIP 761156","","",-15.8392,-70.0292,3856,"brevicaule","brevicaule","tuberous","germplasm",24,"SŠrkinen","",""
NA,1539,NA,2105,"CIP 762490","","",-16.1833,-69.0833,4006,"brevicaule","brevicaule","tuberous","germplasm",24,"SŠrkinen","",""
NA,1540,NA,2106,"CIP 760333","","",-16.5647,-69.0408,3824,"brevicaule","brevicaule","tuberous","germplasm",24,"SŠrkinen","",""
NA,1541,NA,2107,"CIP 760598","","",-16.2333,-68.85,4002,"brevicaule","brevicaule","tuberous","germplasm",24,"SŠrkinen","",""
NA,1542,NA,2108,"CIP 760328","","",-17.2667,-68.7167,3884,"brevicaule","brevicaule","tuberous","germplasm",24,"SŠrkinen","",""
NA,1545,NA,2111,"CIP 760805","","",-16.6833,-68.0333,2923,"brevicaule","brevicaule","tuberous","germplasm",24,"SŠrkinen","",""
NA,1546,NA,2112,"CIP 763061","","",-23.9433,-67.9739,4368,"brevicaule","brevicaule","tuberous","germplasm",24,"SŠrkinen","",""
NA,1547,NA,2113,"CIP 760883","","",-17.65,-67.1667,3783,"brevicaule","brevicaule","tuberous","germplasm",NA,"SŠrkinen","",""
NA,1548,NA,2114,"CIP 760895","","",-18.6,-66.9167,3720,"brevicaule","brevicaule","tuberous","germplasm",24,"SŠrkinen","",""
NA,1550,NA,2116,"CIP 763148","","",-18.1667,-66.4333,3684,"brevicaule","brevicaule","tuberous","germplasm",24,"SŠrkinen","",""
NA,1551,NA,2117,"CIP 763017","","",-18.15,-66.4178,3681,"brevicaule","brevicaule","tuberous","germplasm",24,"SŠrkinen","",""
NA,1553,NA,2119,"CIP 763087","","",-19.7939,-65.5028,3278,"brevicaule","brevicaule","tuberous","germplasm",24,"SŠrkinen","",""
NA,1554,NA,2120,"CIP 763139","","",-23.85,-65.4667,2099,"brevicaule","brevicaule","tuberous","germplasm",24,"SŠrkinen","",""
NA,1555,NA,2121,"CIP 763151","","",-18.8253,-65.3375,3200,"brevicaule","brevicaule","tuberous","germplasm",24,"SŠrkinen","",""
NA,1557,NA,2123,"CIP 760684","","",-23.5667,-65.3333,3660,"brevicaule","brevicaule","tuberous","germplasm",24,"SŠrkinen","",""
NA,1558,NA,2124,"CIP 763022","","",-19.0431,-65.2592,3200,"brevicaule","brevicaule","tuberous","germplasm",24,"SŠrkinen","",""
NA,1561,NA,2127,"CIP 760673","","",-22.7972,-64.9094,3250,"brevicaule","brevicaule","tuberous","germplasm",24,"SŠrkinen","",""
NA,1563,NA,2129,"CIP 765897","","",-13.2552,-73.0563,4074,"brevicaule","brevicaule","tuberous","germplasm",NA,"SŠrkinen","",""
NA,1564,NA,2130,"CIP 761800","","",-13.1544,-72.5253,4145,"brevicaule","brevicaule","tuberous","germplasm",24,"SŠrkinen","",""
NA,1565,NA,2131,"CIP 761656","","",-13.1564,-72.5225,2298,"brevicaule","brevicaule","tuberous","germplasm",24,"SŠrkinen","",""
NA,1566,NA,2132,"CIP 762555","","",-13.2369,-72.3181,2700,"brevicaule","brevicaule","tuberous","germplasm",24,"SŠrkinen","",""
NA,1570,NA,2136,"CIP 765892","","",-13.2668,-72.2336,2820,"brevicaule","brevicaule","tuberous","germplasm",NA,"SŠrkinen","",""
NA,1571,NA,2137,"CIP 765734","","",-13.2674,-72.2325,2838,"brevicaule","brevicaule","tuberous","germplasm",NA,"SŠrkinen","",""
NA,1572,NA,2138,"CIP 763119","","",-13.1911,-72.1536,2850,"brevicaule","brevicaule","tuberous","germplasm",24,"SŠrkinen","",""
NA,1573,NA,2139,"CIP 762361","","",-13.245,-72.1317,3000,"brevicaule","brevicaule","tuberous","germplasm",24,"SŠrkinen","",""
NA,1574,NA,2140,"CIP 763054","","",-13.3056,-72.125,2850,"brevicaule","brevicaule","tuberous","germplasm",24,"SŠrkinen","",""
NA,1575,NA,2141,"CIP 763191","","",-13.3117,-72.1222,2852,"brevicaule","brevicaule","tuberous","germplasm",24,"SŠrkinen","",""
NA,1576,NA,2142,"CIP 761128","","",-13.3056,-72.1158,2892,"brevicaule","brevicaule","tuberous","germplasm",24,"SŠrkinen","",""
NA,1577,NA,2143,"CIP 762832","","",-13.3114,-72.1136,2907,"brevicaule","brevicaule","tuberous","germplasm",24,"SŠrkinen","",""
NA,1579,NA,2145,"CIP 761793","","",-13.2942,-72.0733,2900,"brevicaule","brevicaule","tuberous","germplasm",24,"SŠrkinen","",""
NA,1581,NA,2147,"CIP 761746","","",-13.5347,-71.925,3400,"brevicaule","brevicaule","tuberous","germplasm",24,"SŠrkinen","",""
NA,1582,NA,2148,"CIP 761788","","",-13.4292,-71.8672,3063,"brevicaule","brevicaule","tuberous","germplasm",24,"SŠrkinen","",""
NA,1583,NA,2149,"CIP 764086","","",-13.5578,-71.8647,NA,"brevicaule","brevicaule","tuberous","germplasm",24,"SŠrkinen","",""
NA,1584,NA,2150,"CIP 765739","","",-13.8232,-71.834,2968,"brevicaule","brevicaule","tuberous","germplasm",NA,"SŠrkinen","",""
NA,1585,NA,2151,"CIP 765911","","",-13.8231,-71.834,2947,"brevicaule","brevicaule","tuberous","germplasm",NA,"SŠrkinen","",""
NA,1586,NA,2152,"CIP 761740","","",-13.5525,-71.8314,3250,"brevicaule","brevicaule","tuberous","germplasm",24,"SŠrkinen","",""
NA,1587,NA,2153,"CIP 762841","","",-13.8244,-71.8281,2873,"brevicaule","brevicaule","tuberous","germplasm",24,"SŠrkinen","",""
NA,1588,NA,2154,"CIP 765913","","",-13.83,-71.8079,2763,"brevicaule","brevicaule","tuberous","germplasm",NA,"SŠrkinen","",""
NA,1589,NA,2155,"CIP 762399","","",-14.0536,-71.6244,3800,"brevicaule","brevicaule","tuberous","germplasm",24,"SŠrkinen","",""
NA,1590,NA,2156,"CIP 761698","","",-13.3186,-71.5956,2923,"brevicaule","brevicaule","tuberous","germplasm",24,"SŠrkinen","",""
NA,1591,NA,2157,"CIP 761111","","",-14.0361,-71.5708,3699,"brevicaule","brevicaule","tuberous","germplasm",24,"SŠrkinen","",""
NA,1592,NA,2158,"CIP 761012","","",-13.8211,-71.5406,3214,"brevicaule","brevicaule","tuberous","germplasm",24,"SŠrkinen","",""
NA,1593,NA,2159,"CIP 761693","","",-13.3219,-71.4961,2980,"brevicaule","brevicaule","tuberous","germplasm",24,"SŠrkinen","",""
NA,1595,NA,2161,"CIP 761757","","",-13.4992,-71.0192,3250,"brevicaule","brevicaule","tuberous","germplasm",24,"SŠrkinen","",""
NA,1596,NA,2162,"CIP 762733","","",-14.0561,-70.4703,4200,"brevicaule","brevicaule","tuberous","germplasm",24,"SŠrkinen","",""
NA,1597,NA,2163,"CIP 765770","","",-15.7213,-70.1588,3914,"brevicaule","brevicaule","tuberous","germplasm",NA,"SŠrkinen","",""
NA,1598,NA,2164,"CIP 761001","","",-16.05,-68.6833,3848,"brevicaule","brevicaule","tuberous","germplasm",24,"SŠrkinen","",""
NA,1601,NA,2167,"CIP 760476","","",-17.6,-66.2833,2431,"brevicaule","brevicaule","tuberous","germplasm",24,"SŠrkinen","",""
NA,1602,NA,2168,"CIP 760234","","",-17.7167,-66.2333,2525,"brevicaule","brevicaule","tuberous","germplasm",24,"SŠrkinen","",""
NA,1604,NA,2170,"CIP 760242","","",-17.35,-66.2333,2602,"brevicaule","brevicaule","tuberous","germplasm",24,"SŠrkinen","",""
NA,1609,NA,2175,"CIP 760445","","",-17.7453,-65.9689,3241,"brevicaule","brevicaule","tuberous","germplasm",24,"SŠrkinen","",""
NA,1610,NA,2176,"CIP 760436","","",-17.8333,-65.9167,3241,"brevicaule","brevicaule","tuberous","germplasm",24,"SŠrkinen","",""
NA,1612,NA,2178,"CIP 760239","","",-17.5667,-65.7667,2809,"brevicaule","brevicaule","tuberous","germplasm",24,"SŠrkinen","",""
NA,1613,NA,2179,"CIP 761358","","",-19.5833,-65.2833,3271,"brevicaule","brevicaule","tuberous","germplasm",24,"SŠrkinen","",""
NA,1614,NA,2180,"CIP 761361","","",-20.5833,-65.1667,2715,"brevicaule","brevicaule","tuberous","germplasm",24,"SŠrkinen","",""
NA,1615,NA,2181,"CIP 762309","","",-17.7167,-65.0333,3398,"brevicaule","brevicaule","tuberous","germplasm",24,"SŠrkinen","",""
NA,1616,NA,2182,"CIP 763932","","",-19.1808,-64.9864,3000,"brevicaule","brevicaule","tuberous","germplasm",24,"SŠrkinen","",""
NA,1617,NA,2183,"CIP 760230","","",-17.1775,-64.885,2600,"brevicaule","brevicaule","tuberous","germplasm",24,"SŠrkinen","",""
NA,1618,NA,2184,"CIP 763138","","",-28.5833,-68.15,2850,"brevicaule","brevicaule","tuberous","germplasm",24,"SŠrkinen","",""
NA,1620,NA,2186,"CIP 763132","","",-28.8333,-67.6667,2199,"brevicaule","brevicaule","tuberous","germplasm",24,"SŠrkinen","",""
NA,1621,NA,2187,"CIP 760271","","",-21.45,-65.7167,NA,"brevicaule","brevicaule","tuberous","germplasm",NA,"SŠrkinen","",""
NA,1622,NA,2188,"CIP 760268","","",-19.3747,-65.9442,3900,"brevicaule","brevicaule","tuberous","germplasm",48,"SŠrkinen","",""
NA,1626,NA,2192,"CIP 760511","","",-19.45,-65.8,3705,"brevicaule","brevicaule","tuberous","germplasm",48,"SŠrkinen","",""
NA,1627,NA,2193,"CIP 760298","","",-21.3167,-65.7667,3160,"brevicaule","brevicaule","tuberous","germplasm",48,"SŠrkinen","",""
NA,1630,NA,2196,"CIP 763042","","",-20.8333,-65.6833,2648,"brevicaule","brevicaule","tuberous","germplasm",48,"SŠrkinen","",""
NA,1632,NA,2198,"CIP 763086","","",-19.1667,-64.9167,3252,"brevicaule","brevicaule","tuberous","germplasm",48,"SŠrkinen","",""
NA,1633,NA,2199,"CIP 761357","","",-16.7081,-64.6617,2760,"brevicaule","brevicaule","tuberous","germplasm",48,"SŠrkinen","",""
NA,1634,NA,2200,"CIP 761285","","",-16.0167,-69.1667,3852,"brevicaule","brevicaule","tuberous","germplasm",24,"SŠrkinen","",""
NA,1637,NA,2203,"CIP 761283","","",-16.15,-69.0833,3825,"brevicaule","brevicaule","tuberous","germplasm",24,"SŠrkinen","",""
NA,1639,NA,2205,"CIP 761334","","",-16.1192,-69.0519,3852,"brevicaule","brevicaule","tuberous","germplasm",24,"SŠrkinen","",""
NA,1645,NA,2211,"CIP 764236","","",-23.9333,-66.35,3700,"brevicaule","brevicaule","tuberous","germplasm",24,"SŠrkinen","",""
NA,1646,NA,2212,"CIP 763705","","",-24.2667,-66.3167,NA,"brevicaule","brevicaule","tuberous","germplasm",24,"SŠrkinen","",""
NA,1647,NA,2213,"CIP 760676","","",-23.2,-65.4689,3995,"brevicaule","brevicaule","tuberous","germplasm",24,"SŠrkinen","",""
NA,1648,NA,2214,"CIP 763691","","",-23.15,-65.45,3622,"brevicaule","brevicaule","tuberous","germplasm",24,"SŠrkinen","",""
NA,1650,NA,2216,"CIP 763137","","",-22.7167,-65.2,3606,"brevicaule","brevicaule","tuberous","germplasm",24,"SŠrkinen","",""
NA,1651,NA,2217,"CIP 763711","","",-22.2667,-65.1833,3717,"brevicaule","brevicaule","tuberous","germplasm",24,"SŠrkinen","",""
NA,1653,NA,2219,"CIP 760760","","",-22.5,-65.1167,3390,"brevicaule","brevicaule","tuberous","germplasm",24,"SŠrkinen","",""
NA,1656,NA,2222,"77344","","",-13.6833,-71.6167,2850,"brevicaule","brevicaule","tuberous","wild",NA,"SŠrkinen","",""
NA,1657,NA,2223,"77337","","",-15.4167,-68.6667,3500,"brevicaule","brevicaule","tuberous","wild",NA,"SŠrkinen","",""
NA,1658,NA,2224,"87153","","",-22.6333,-64.8166,3300,"brevicaule","brevicaule","tuberous","wild",NA,"SŠrkinen","",""
NA,1659,NA,2225,"77340","","",-13,-72.1667,2800,"brevicaule","brevicaule","tuberous","wild",NA,"SŠrkinen","",""
NA,1660,NA,2226,"77559","","",-17.6833,-64.9667,2640,"brevicaule","brevicaule","tuberous","wild",NA,"SŠrkinen","",""
NA,1661,NA,2227,"77330","","",-17.5667,-64.8167,2950,"brevicaule","brevicaule","tuberous","wild",NA,"SŠrkinen","",""
NA,1662,NA,2228,"1038","","",-17.566642,-66.014089,0,"brevicaule","brevicaule","tuberous","wild",NA,"SŠrkinen","",""
NA,1663,NA,2229,"80468","","",-25.8333,-65.5,2650,"brevicaule","brevicaule","tuberous","wild",NA,"SŠrkinen","",""
NA,1664,NA,2230,"87135","","",-22.6166,-65.0333,3250,"brevicaule","brevicaule","tuberous","wild",NA,"SŠrkinen","",""
NA,1665,NA,2231,"80190","","",-19.7076,-64.582,3580,"brevicaule","brevicaule","tuberous","wild",NA,"SŠrkinen","",""
NA,1666,NA,2232,"87160","","",-22.8,-64.5833,3000,"brevicaule","brevicaule","tuberous","wild",NA,"SŠrkinen","",""
NA,1667,NA,2233,"77320","","",-18.6833,-64.1833,2450,"brevicaule","brevicaule","tuberous","wild",NA,"SŠrkinen","",""
NA,1668,NA,2234,"78656","","",-24.9833,-65.5833,2200,"brevicaule","brevicaule","tuberous","wild",NA,"SŠrkinen","",""
NA,1669,NA,2235,"77329","","",-17.8167,-65.2,2600,"brevicaule","brevicaule","tuberous","wild",NA,"SŠrkinen","",""
NA,1670,NA,2236,"79207","","",-21.8833,-66.1833,3700,"brevicaule","brevicaule","tuberous","wild",NA,"SŠrkinen","",""
NA,1671,NA,2237,"77319","","",-17.9,-64.65,2600,"brevicaule","brevicaule","tuberous","wild",NA,"SŠrkinen","",""
NA,1672,NA,2238,"87555","","",-24.8166,-66.0666,3650,"brevicaule","brevicaule","tuberous","wild",NA,"SŠrkinen","",""
NA,1673,NA,2239,"80485","","",-23.9,-65.45,3100,"brevicaule","brevicaule","tuberous","wild",NA,"SŠrkinen","",""
NA,1674,NA,2240,"77312","","",-18.3,-64.15,2850,"brevicaule","brevicaule","tuberous","wild",NA,"SŠrkinen","",""
NA,1675,NA,2241,"77353","","",-13.6333,-71.7333,3200,"brevicaule","brevicaule","tuberous","wild",NA,"SŠrkinen","",""
NA,1676,NA,2242,"81072","","",-26.71667,-65.79361,2920,"brevicaule","brevicaule","tuberous","wild",NA,"SŠrkinen","",""
NA,1677,NA,2243,"77315","","",-17.7167,-65.1,2800,"brevicaule","brevicaule","tuberous","wild",NA,"SŠrkinen","",""
NA,1678,NA,2244,"81464","","",-16.9833,-63.25,2700,"brevicaule","brevicaule","tuberous","wild",NA,"SŠrkinen","",""
NA,1679,NA,2245,"77604","","",-17.2333,-66.05,3760,"brevicaule","brevicaule","tuberous","wild",NA,"SŠrkinen","",""
NA,1680,NA,2246,"80226","","",-17.4851,-65.5508,3774,"brevicaule","brevicaule","tuberous","wild",NA,"SŠrkinen","",""
NA,1681,NA,2247,"77349","","",-13.9508,-71.7372,3150,"brevicaule","brevicaule","tuberous","wild",NA,"SŠrkinen","",""
NA,1682,NA,2248,"87813","","",-20.6667,-66,0,"brevicaule","brevicaule","tuberous","wild",NA,"SŠrkinen","",""
NA,1683,NA,2249,"83814","","",-27.5833,-66.3,2500,"brevicaule","brevicaule","tuberous","wild",NA,"SŠrkinen","",""
NA,1684,NA,2250,"78576","","",-28.54,-67.41,2700,"brevicaule","brevicaule","tuberous","wild",NA,"SŠrkinen","",""
NA,1685,NA,2251,"84529","","",-22.1,-65.95,3500,"brevicaule","brevicaule","tuberous","wild",NA,"SŠrkinen","",""
NA,1686,NA,2252,"85904","","",-28.58,-68.15,2850,"brevicaule","brevicaule","tuberous","wild",NA,"SŠrkinen","",""
NA,1687,NA,2253,"84056","","",-16.4333,-68.6667,3850,"brevicaule","brevicaule","tuberous","wild",NA,"SŠrkinen","",""
NA,1688,NA,2254,"77157","","",-19.9,-65.85,3350,"brevicaule","brevicaule","tuberous","wild",NA,"SŠrkinen","",""
NA,1689,NA,2255,"94529","","",-13.41667,-71,3370,"brevicaule","brevicaule","tuberous","wild",NA,"SŠrkinen","",""
NA,1690,NA,2256,"79901","","",-24.1833,-66.35,3720,"brevicaule","brevicaule","tuberous","wild",NA,"SŠrkinen","",""
NA,1691,NA,2257,"83775","","",-27.1333,-66.95,0,"brevicaule","brevicaule","tuberous","wild",NA,"SŠrkinen","",""
NA,1692,NA,2258,"77426","","",-21.3667,-65.1833,2500,"brevicaule","brevicaule","tuberous","wild",NA,"SŠrkinen","",""
NA,1693,NA,2259,"77478","","",-25,-66.0167,2600,"brevicaule","brevicaule","tuberous","wild",NA,"SŠrkinen","",""
NA,1694,NA,2260,"77421","","",-17.0167,-67.85,3990,"brevicaule","brevicaule","tuberous","wild",NA,"SŠrkinen","",""
NA,1695,NA,2261,"80317","","",-17.6333,-66.8167,2800,"brevicaule","brevicaule","tuberous","wild",NA,"SŠrkinen","",""
NA,1696,NA,2262,"78555","","",-27.35,-67.04,1600,"brevicaule","brevicaule","tuberous","wild",NA,"SŠrkinen","",""
NA,1697,NA,2263,"83254","","",-23.9666,-65.8333,3600,"brevicaule","brevicaule","tuberous","wild",NA,"SŠrkinen","",""
NA,1699,NA,2265,"81531","","",-14.5,-68.3333,3500,"brevicaule","brevicaule","tuberous","wild",NA,"SŠrkinen","",""
NA,1700,NA,2266,"77307","","",-17.4667,-65.2833,2900,"brevicaule","brevicaule","tuberous","wild",NA,"SŠrkinen","",""
NA,1701,NA,2267,"78901","","",-25.7666,-65.9833,3300,"brevicaule","brevicaule","tuberous","wild",NA,"SŠrkinen","",""
NA,1702,NA,2268,"87140","","",-23,-64.8333,3300,"brevicaule","brevicaule","tuberous","wild",NA,"SŠrkinen","",""
NA,1703,NA,2269,"83265","","",-22.7667,-65.2333,3300,"brevicaule","brevicaule","tuberous","wild",NA,"SŠrkinen","",""
NA,1704,NA,2270,"84889","","",-19.9167,-67.0833,3800,"brevicaule","brevicaule","tuberous","wild",NA,"SŠrkinen","",""
NA,1705,NA,2271,"77560","","",-17.5833,-65.3667,2900,"brevicaule","brevicaule","tuberous","wild",NA,"SŠrkinen","",""
NA,1706,NA,2272,"67326","","",-27.52719,-67.09922,1947,"brevicaule","brevicaule","tuberous","wild",NA,"SŠrkinen","",""
NA,1707,NA,2273,"78611","","",-22.2666,-65.1833,3500,"brevicaule","brevicaule","tuberous","wild",NA,"SŠrkinen","",""
NA,1709,NA,2275,"77267","","",-20.4667,-65.5833,2900,"brevicaule","brevicaule","tuberous","wild",NA,"SŠrkinen","",""
NA,1710,NA,2276,"85897","","",-27.42,-67.58,2600,"brevicaule","brevicaule","tuberous","wild",NA,"SŠrkinen","",""
NA,1711,NA,2277,"77341","","",-13.55,-72.7,3200,"brevicaule","brevicaule","tuberous","wild",NA,"SŠrkinen","",""
NA,1712,NA,2278,"88006","","",-25.1,-65.7166,2864,"brevicaule","brevicaule","tuberous","wild",NA,"SŠrkinen","",""
NA,1713,NA,2279,"79256","","",-26.0333,-66.3333,3300,"brevicaule","brevicaule","tuberous","wild",NA,"SŠrkinen","",""
NA,1714,NA,2280,"77538","","",-16.5833,-68.0833,3250,"brevicaule","brevicaule","tuberous","wild",NA,"SŠrkinen","",""
NA,1715,NA,2281,"79807","","",-23.12,-65.24,3300,"brevicaule","brevicaule","tuberous","wild",NA,"SŠrkinen","",""
NA,1716,NA,2282,"78646","","",-25.1666,-65.85,3000,"brevicaule","brevicaule","tuberous","wild",NA,"SŠrkinen","",""
NA,1717,NA,2283,"88088","","",-24.25,-67.4666,3700,"brevicaule","brevicaule","tuberous","wild",NA,"SŠrkinen","",""
NA,1718,NA,2284,"86557","","",-23.1,-65.1,3800,"brevicaule","brevicaule","tuberous","wild",NA,"SŠrkinen","",""
NA,1719,NA,2285,"87154","","",-22.8333,-64.7,3300,"brevicaule","brevicaule","tuberous","wild",NA,"SŠrkinen","",""
NA,1720,NA,2286,"83729","","",-26.05,-66.8333,3200,"brevicaule","brevicaule","tuberous","wild",NA,"SŠrkinen","",""
NA,1721,NA,2287,"77597","","",-17.7333,-66.7167,3750,"brevicaule","brevicaule","tuberous","wild",NA,"SŠrkinen","",""
NA,1722,NA,2288,"77090","","",-18.6667,-64.8833,3200,"brevicaule","brevicaule","tuberous","wild",NA,"SŠrkinen","",""
NA,1723,NA,2289,"77431","","",-20.5,-65.1667,3400,"brevicaule","brevicaule","tuberous","wild",NA,"SŠrkinen","",""
NA,1724,NA,2290,"79750","","",-28.6166,-67.8166,2850,"brevicaule","brevicaule","tuberous","wild",NA,"SŠrkinen","",""
NA,1725,NA,2291,"88084","","",-24.2666,-66.6333,3700,"brevicaule","brevicaule","tuberous","wild",NA,"SŠrkinen","",""
NA,1726,NA,2292,"77227","","",-18.6833,-66.0333,3740,"brevicaule","brevicaule","tuberous","wild",NA,"SŠrkinen","",""
NA,1727,NA,2293,"77274","","",-20.4833,-65.7,0,"brevicaule","brevicaule","tuberous","wild",NA,"SŠrkinen","",""
NA,1729,NA,2295,"81807","","",-15.9167,-68.8333,3350,"brevicaule","brevicaule","tuberous","wild",NA,"SŠrkinen","",""
NA,1730,NA,2296,"94517","","",-13.15,-72.51667,2500,"brevicaule","brevicaule","tuberous","wild",NA,"SŠrkinen","",""
NA,1731,NA,2297,"77318","","",-18.1167,-65.1,2400,"brevicaule","brevicaule","tuberous","wild",NA,"SŠrkinen","",""
NA,1732,NA,2298,"81686","","",-13.3156,-71.5917,3000,"brevicaule","brevicaule","tuberous","wild",NA,"SŠrkinen","",""
NA,1733,NA,2299,"88036","","",-26.35,-65.9333,2928,"brevicaule","brevicaule","tuberous","wild",NA,"SŠrkinen","",""
NA,1734,NA,2300,"86696","","",-29.0166,-67.8166,2800,"brevicaule","brevicaule","tuberous","wild",NA,"SŠrkinen","",""
NA,1735,NA,2301,"83561","","",-26.7,-66.03,0,"brevicaule","brevicaule","tuberous","wild",NA,"SŠrkinen","",""
NA,1736,NA,2302,"85882","","",-22.5666,-64.6333,3050,"brevicaule","brevicaule","tuberous","wild",NA,"SŠrkinen","",""
NA,1737,NA,2303,"79900","","",-24.4833,-68.4,3720,"brevicaule","brevicaule","tuberous","wild",NA,"SŠrkinen","",""
NA,1738,NA,2304,"78889","","",-24.3333,-66.05,4180,"brevicaule","brevicaule","tuberous","wild",NA,"SŠrkinen","",""
NA,1739,NA,2305,"79899","","",-25.0666,-67.0666,3720,"brevicaule","brevicaule","tuberous","wild",NA,"SŠrkinen","",""
NA,1740,NA,2306,"77335","","",-16.4667,-69,4250,"brevicaule","brevicaule","tuberous","wild",NA,"SŠrkinen","",""
NA,1741,NA,2307,"78368","","",-22.8,-64.8833,3450,"brevicaule","brevicaule","tuberous","wild",NA,"SŠrkinen","",""
NA,1744,NA,2310,"85862","","",-22.6,-65.1666,3200,"brevicaule","brevicaule","tuberous","wild",NA,"SŠrkinen","",""
NA,1745,NA,2311,"77491","","",-16.9667,-67.0167,3800,"brevicaule","brevicaule","tuberous","wild",NA,"SŠrkinen","",""
NA,1746,NA,2312,"77860","","",-15.3667,-68.9833,3500,"brevicaule","brevicaule","tuberous","wild",NA,"SŠrkinen","",""
NA,1747,NA,2313,"80208","","",-20.1244,-65.3308,3175,"brevicaule","brevicaule","tuberous","wild",NA,"SŠrkinen","",""
NA,1748,NA,2314,"77134","","",-13.3167,-72,2900,"brevicaule","brevicaule","tuberous","wild",NA,"SŠrkinen","",""
NA,1749,NA,2315,"77263","","",-20.6667,-65.75,3500,"brevicaule","brevicaule","tuberous","wild",NA,"SŠrkinen","",""
NA,1750,NA,2316,"80330","","",-20.4,-65.3,3500,"brevicaule","brevicaule","tuberous","wild",NA,"SŠrkinen","",""
NA,1751,NA,2317,"83972","","",-29.7666,-68.75,0,"brevicaule","brevicaule","tuberous","wild",NA,"SŠrkinen","",""
NA,1752,NA,2318,"80185","","",-19.4668,-64.1757,2380,"brevicaule","brevicaule","tuberous","wild",NA,"SŠrkinen","",""
NA,1754,NA,2320,"77272","","",-21.4,-64.9667,3350,"brevicaule","brevicaule","tuberous","wild",NA,"SŠrkinen","",""
NA,1757,NA,2323,"81176","","",-23.65,-65.6,3590,"brevicaule","brevicaule","tuberous","wild",NA,"SŠrkinen","",""
NA,1758,NA,2324,"87149","","",-23.0333,-64.6333,3300,"brevicaule","brevicaule","tuberous","wild",NA,"SŠrkinen","",""
NA,1759,NA,2325,"78875","","",-24.75,-65.75,2100,"brevicaule","brevicaule","tuberous","wild",NA,"SŠrkinen","",""
NA,1760,NA,2326,"78878","","",-24.7833,-68.5666,3740,"brevicaule","brevicaule","tuberous","wild",NA,"SŠrkinen","",""
NA,1761,NA,2327,"77088","","",-19.6,-65.95,4000,"brevicaule","brevicaule","tuberous","wild",NA,"SŠrkinen","",""
NA,1762,NA,2328,"84834","","",-23.55,-64.8666,3000,"brevicaule","brevicaule","tuberous","wild",NA,"SŠrkinen","",""
NA,1763,NA,2329,"77197","","",-17.2667,-66.3333,3505,"brevicaule","brevicaule","tuberous","wild",NA,"SŠrkinen","",""
NA,1764,NA,2330,"77801","","",-16.2167,-68.8333,3860,"brevicaule","brevicaule","tuberous","wild",NA,"SŠrkinen","",""
NA,1765,NA,2331,"75653","","",-13.38634,-71.48067,3380,"brevicaule","brevicaule","tuberous","wild",NA,"SŠrkinen","",""
NA,1766,NA,2332,"79898","","",-23.95,-66.3,3720,"brevicaule","brevicaule","tuberous","wild",NA,"SŠrkinen","",""
NA,1767,NA,2333,"77305","","",-15.8667,-68.65,4040,"brevicaule","brevicaule","tuberous","wild",NA,"SŠrkinen","",""
NA,1768,NA,2334,"80440","","",-18.6667,-65.1667,2680,"brevicaule","brevicaule","tuberous","wild",NA,"SŠrkinen","",""
NA,1769,NA,2335,"86598","","",-23.0333,-65.55,3300,"brevicaule","brevicaule","tuberous","wild",NA,"SŠrkinen","",""
NA,1770,NA,2336,"86617","","",-16.9667,-66.8333,3000,"brevicaule","brevicaule","tuberous","wild",NA,"SŠrkinen","",""
NA,1772,NA,2338,"78549","","",-27.1,-66.8166,2500,"brevicaule","brevicaule","tuberous","wild",NA,"SŠrkinen","",""
NA,1773,NA,2339,"77905","","",-26.8666,-65.6833,0,"brevicaule","brevicaule","tuberous","wild",NA,"SŠrkinen","",""
NA,1774,NA,2340,"85875","","",-22.8333,-65.1333,3000,"brevicaule","brevicaule","tuberous","wild",NA,"SŠrkinen","",""
NA,1775,NA,2341,"83060","","",-29.1666,-67.5,1650,"brevicaule","brevicaule","tuberous","wild",NA,"SŠrkinen","",""
NA,1776,NA,2342,"81144","","",-27.39167,-66.39583,2930,"brevicaule","brevicaule","tuberous","wild",NA,"SŠrkinen","",""
NA,1777,NA,2343,"67346","","",-26.87308,-66.73125,3037,"brevicaule","brevicaule","tuberous","wild",NA,"SŠrkinen","",""
NA,1778,NA,2344,"77293","","",-24.7833,-65.4167,3700,"brevicaule","brevicaule","tuberous","wild",NA,"SŠrkinen","",""
NA,1779,NA,2345,"87761","","",-22.1,-65.6166,3440,"brevicaule","brevicaule","tuberous","wild",NA,"SŠrkinen","",""
NA,1780,NA,2346,"81528","","",-15.2333,-68.4167,3600,"brevicaule","brevicaule","tuberous","wild",NA,"SŠrkinen","",""
NA,1781,NA,2347,"85679","","",-23.7666,-65.9166,0,"brevicaule","brevicaule","tuberous","wild",NA,"SŠrkinen","",""
NA,1782,NA,2348,"87490","","",-24.3333,-68.0833,3900,"brevicaule","brevicaule","tuberous","wild",NA,"SŠrkinen","",""
NA,1783,NA,2349,"85903","","",-31.6333,-66.65,2200,"brevicaule","brevicaule","tuberous","wild",NA,"SŠrkinen","",""
NA,1784,NA,2350,"77234","","",-18.5741,-66.3983,3600,"brevicaule","brevicaule","tuberous","wild",NA,"SŠrkinen","",""
NA,1785,NA,2351,"77548","","",-18.8333,-65.7667,3950,"brevicaule","brevicaule","tuberous","wild",NA,"SŠrkinen","",""
NA,1786,NA,2352,"77347","","",-13.25,-72.3333,2900,"brevicaule","brevicaule","tuberous","wild",NA,"SŠrkinen","",""
NA,1787,NA,2353,"77551","","",-18.8167,-65.6333,3280,"brevicaule","brevicaule","tuberous","wild",NA,"SŠrkinen","",""
NA,1788,NA,2354,"77558","","",-17.8833,-65.9167,2950,"brevicaule","brevicaule","tuberous","wild",NA,"SŠrkinen","",""
NA,1789,NA,2355,"77136","","",-13.3333,-72.1,3000,"brevicaule","brevicaule","tuberous","wild",NA,"SŠrkinen","",""
NA,1790,NA,2356,"77563","","",-17.2833,-66.5167,3000,"brevicaule","brevicaule","tuberous","wild",NA,"SŠrkinen","",""
NA,1791,NA,2357,"77422","","",-19.25,-65.25,2650,"brevicaule","brevicaule","tuberous","wild",NA,"SŠrkinen","",""
NA,1792,NA,2358,"86936","","",-17.9,-64.4833,2700,"brevicaule","brevicaule","tuberous","wild",NA,"SŠrkinen","",""
NA,1793,NA,2359,"77271","","",-21.75,-65.6667,3400,"brevicaule","brevicaule","tuberous","wild",NA,"SŠrkinen","",""
NA,1794,NA,2360,"78843","","",-27.1,-66.3333,2220,"brevicaule","brevicaule","tuberous","wild",NA,"SŠrkinen","",""
NA,1795,NA,2361,"82435","","",-15.7667,-68.5,3750,"brevicaule","brevicaule","tuberous","wild",NA,"SŠrkinen","",""
NA,1796,NA,2362,"87612","","",-24.4166,-66.2166,3700,"brevicaule","brevicaule","tuberous","wild",NA,"SŠrkinen","",""
NA,1797,NA,2363,"77579","","",-17.0833,-67.7,3980,"brevicaule","brevicaule","tuberous","wild",NA,"SŠrkinen","",""
NA,1798,NA,2364,"85792","","",-24.0166,-65.1166,3650,"brevicaule","brevicaule","tuberous","wild",NA,"SŠrkinen","",""
NA,1799,NA,2365,"86547","","",-23.6833,-65.1333,3700,"brevicaule","brevicaule","tuberous","wild",NA,"SŠrkinen","",""
NA,1800,NA,2366,"85609","","",-21.11667,-65.31667,0,"brevicaule","brevicaule","tuberous","wild",NA,"SŠrkinen","",""
NA,1801,NA,2367,"77168","","",-18.9333,-64.9333,3100,"brevicaule","brevicaule","tuberous","wild",NA,"SŠrkinen","",""
NA,1802,NA,2368,"80259","","",-19.3546,-65.1673,2242,"brevicaule","brevicaule","tuberous","wild",NA,"SŠrkinen","",""
NA,1804,NA,2370,"77785","","",-15.5833,-69.1,3850,"brevicaule","brevicaule","tuberous","wild",NA,"SŠrkinen","",""
NA,1805,NA,2371,"78887","","",-24.2166,-66.45,3940,"brevicaule","brevicaule","tuberous","wild",NA,"SŠrkinen","",""
NA,1806,NA,2372,"80115","","",-20.1013,-64.4033,2481,"brevicaule","brevicaule","tuberous","wild",NA,"SŠrkinen","",""
NA,1807,NA,2373,"78676","","",-21.95,-66.0666,3800,"brevicaule","brevicaule","tuberous","wild",NA,"SŠrkinen","",""
NA,1808,NA,2374,"78899","","",-25.0833,-66.2333,2980,"brevicaule","brevicaule","tuberous","wild",NA,"SŠrkinen","",""
NA,1809,NA,2375,"77298","","",-16.9667,-67.2,2800,"brevicaule","brevicaule","tuberous","wild",NA,"SŠrkinen","",""
NA,1810,NA,2376,"86175","","",-23.4833,-65.5333,2350,"brevicaule","brevicaule","tuberous","wild",NA,"SŠrkinen","",""
NA,1811,NA,2377,"77979","","",-22.9166,-65.3666,3000,"brevicaule","brevicaule","tuberous","wild",NA,"SŠrkinen","",""
NA,1812,NA,2378,"77309","","",-17.5333,-65.1833,3000,"brevicaule","brevicaule","tuberous","wild",NA,"SŠrkinen","",""
NA,1813,NA,2379,"82889","","",-27.5833,-67,2550,"brevicaule","brevicaule","tuberous","wild",NA,"SŠrkinen","",""
NA,1814,NA,2380,"80158","","",-20.7491,-65.0853,2993,"brevicaule","brevicaule","tuberous","wild",NA,"SŠrkinen","",""
NA,1817,NA,2383,"94530","","",-13.16667,-71.41667,3350,"brevicaule","brevicaule","tuberous","wild",NA,"SŠrkinen","",""
NA,1818,NA,2384,"78552","","",-27.3,-66.8666,2000,"brevicaule","brevicaule","tuberous","wild",NA,"SŠrkinen","",""
NA,1819,NA,2385,"77568","","",-17.25,-66.1667,3300,"brevicaule","brevicaule","tuberous","wild",NA,"SŠrkinen","",""
NA,1820,NA,2386,"77210","","",-19.0333,-65.1,2700,"brevicaule","brevicaule","tuberous","wild",NA,"SŠrkinen","",""
NA,1821,NA,2387,"75649","","",-12.98351,-72.06273,2675,"brevicaule","brevicaule","tuberous","wild",NA,"SŠrkinen","",""
NA,1822,NA,2388,"77230","","",-18.75,-66.1833,3250,"brevicaule","brevicaule","tuberous","wild",NA,"SŠrkinen","",""
NA,1823,NA,2389,"79257","","",-25.4166,-65.8333,3300,"brevicaule","brevicaule","tuberous","wild",NA,"SŠrkinen","",""
NA,1824,NA,2390,"87488","","",-23.56,-66.21,3700,"brevicaule","brevicaule","tuberous","wild",NA,"SŠrkinen","",""
NA,1825,NA,2391,"88087","","",-25.0166,-68.4,3700,"brevicaule","brevicaule","tuberous","wild",NA,"SŠrkinen","",""
NA,1826,NA,2392,"77852","","",-18.6667,-67.5,3660,"brevicaule","brevicaule","tuberous","wild",NA,"SŠrkinen","",""
NA,1827,NA,2393,"81179","","",-23.8833,-65.6833,3590,"brevicaule","brevicaule","tuberous","wild",NA,"SŠrkinen","",""
NA,1828,NA,2394,"79260","","",-25.5666,-66.2333,3500,"brevicaule","brevicaule","tuberous","wild",NA,"SŠrkinen","",""
NA,1829,NA,2395,"83458","","",-26.6,-65.9167,2800,"brevicaule","brevicaule","tuberous","wild",NA,"SŠrkinen","",""
NA,1830,NA,2396,"80523","","",-26.15,-65.57,1650,"brevicaule","brevicaule","tuberous","wild",NA,"SŠrkinen","",""
NA,1831,NA,2397,"83663","","",-28.3333,-67.9166,2700,"brevicaule","brevicaule","tuberous","wild",NA,"SŠrkinen","",""
NA,1832,NA,2398,"83024","","",-22.25,-65.0666,2950,"brevicaule","brevicaule","tuberous","wild",NA,"SŠrkinen","",""
NA,1833,NA,2399,"80239","","",-21.8035,-65.2642,4114,"brevicaule","brevicaule","tuberous","wild",NA,"SŠrkinen","",""
NA,1834,NA,2400,"80116","","",-19.5196,-64.6572,3850,"brevicaule","brevicaule","tuberous","wild",NA,"SŠrkinen","",""
NA,1836,NA,2402,"77577","","",-18.55,-66.95,3780,"brevicaule","brevicaule","tuberous","wild",NA,"SŠrkinen","",""
NA,1838,NA,2404,"78645","","",-24.82,-66.17,2800,"brevicaule","brevicaule","tuberous","wild",NA,"SŠrkinen","",""
NA,1839,NA,2405,"77280","","",-20.9333,-66.35,3100,"brevicaule","brevicaule","tuberous","wild",NA,"SŠrkinen","",""
NA,1840,NA,2406,"77384","","",-19.2,-66.1,3900,"brevicaule","brevicaule","tuberous","wild",NA,"SŠrkinen","",""
NA,1841,NA,2407,"77599","","",-17.7833,-65.8,0,"brevicaule","brevicaule","tuberous","wild",NA,"SŠrkinen","",""
NA,1842,NA,2408,"80405","","",-19.2333,-65.8167,3200,"brevicaule","brevicaule","tuberous","wild",NA,"SŠrkinen","",""
NA,1843,NA,2409,"77601","","",-17.7333,-65.6,3730,"brevicaule","brevicaule","tuberous","wild",NA,"SŠrkinen","",""
NA,1844,NA,2410,"26778","","",-17.97343,-67.12549,4024,"brevicaule","brevicaule","tuberous","wild",NA,"SŠrkinen","",""
NA,1845,NA,2411,"84757","","",-26.85,-65.15,0,"brevicaule","brevicaule","tuberous","wild",NA,"SŠrkinen","",""
NA,1846,NA,2412,"26783","","",-19.03378,-65.2525,2591,"brevicaule","brevicaule","tuberous","wild",NA,"SŠrkinen","",""
NA,1847,NA,2413,"77834","","",-16.8167,-68.9667,3600,"brevicaule","brevicaule","tuberous","wild",NA,"SŠrkinen","",""
NA,1849,NA,2415,"78892","","",-24.5,-65.8666,2700,"brevicaule","brevicaule","tuberous","wild",NA,"SŠrkinen","",""
NA,1850,NA,2416,"81609","","",-12.9333,-72.6667,2100,"brevicaule","brevicaule","tuberous","wild",NA,"SŠrkinen","",""
NA,1851,NA,2417,"87745","","",-14.05,-71.31667,2900,"brevicaule","brevicaule","tuberous","wild",NA,"SŠrkinen","",""
NA,1852,NA,2418,"81130","","",-24.55,-66.41667,3700,"brevicaule","brevicaule","tuberous","wild",NA,"SŠrkinen","",""
NA,1853,NA,2419,"85646","","",-24.1833,-65.3,0,"brevicaule","brevicaule","tuberous","wild",NA,"SŠrkinen","",""
NA,1854,NA,2420,"77313","","",-18.4667,-64.3333,2600,"brevicaule","brevicaule","tuberous","wild",NA,"SŠrkinen","",""
NA,1855,NA,2421,"77549","","",-15.3333,-68.2167,3900,"brevicaule","brevicaule","tuberous","wild",NA,"SŠrkinen","",""
NA,1856,NA,2422,"77193","","",-19.2333,-64.8667,2960,"brevicaule","brevicaule","tuberous","wild",NA,"SŠrkinen","",""
NA,1857,NA,2423,"77516","","",-17.5167,-65.9167,3750,"brevicaule","brevicaule","tuberous","wild",NA,"SŠrkinen","",""
NA,1858,NA,2424,"87292","","",-23.0166,-65.65,3600,"brevicaule","brevicaule","tuberous","wild",NA,"SŠrkinen","",""
NA,1859,NA,2425,"77723","","",-13.6333,-68.6833,3570,"brevicaule","brevicaule","tuberous","wild",NA,"SŠrkinen","",""
NA,1860,NA,2426,"80379","","",-29.1833,-67.65,0,"brevicaule","brevicaule","tuberous","wild",NA,"SŠrkinen","",""
NA,1861,NA,2427,"77571","","",-17.6167,-66.4667,3175,"brevicaule","brevicaule","tuberous","wild",NA,"SŠrkinen","",""
NA,1862,NA,2428,"83484","","",-26.2,-65.2667,3300,"brevicaule","brevicaule","tuberous","wild",NA,"SŠrkinen","",""
NA,1863,NA,2429,"88085","","",-25.1833,-67.3333,3700,"brevicaule","brevicaule","tuberous","wild",NA,"SŠrkinen","",""
NA,1864,NA,2430,"77233","","",-18.5,-66.5333,3620,"brevicaule","brevicaule","tuberous","wild",NA,"SŠrkinen","",""
NA,1866,NA,2432,"84139","","",-16.3,-67.85,3100,"brevicaule","brevicaule","tuberous","wild",NA,"SŠrkinen","",""
NA,1867,NA,2433,"87498","","",-23.65,-66.3,3700,"brevicaule","brevicaule","tuberous","wild",NA,"SŠrkinen","",""
NA,1868,NA,2434,"77387","","",-18.6333,-66.2833,3300,"brevicaule","brevicaule","tuberous","wild",NA,"SŠrkinen","",""
NA,1869,NA,2435,"80203","","",-16.0485,-69.1443,3817,"brevicaule","brevicaule","tuberous","wild",NA,"SŠrkinen","",""
NA,1870,NA,2436,"77133","","",-13.0833,-71.8,3189,"brevicaule","brevicaule","tuberous","wild",NA,"SŠrkinen","",""
NA,1871,NA,2437,"85640","","",-23.68333,-65.43333,3600,"brevicaule","brevicaule","tuberous","wild",NA,"SŠrkinen","",""
NA,1872,NA,2438,"83730","","",-28.5833,-66.1167,2900,"brevicaule","brevicaule","tuberous","wild",NA,"SŠrkinen","",""
NA,1873,NA,2439,"77173","","",-21,-65.5833,3200,"brevicaule","brevicaule","tuberous","wild",NA,"SŠrkinen","",""
NA,1874,NA,2440,"84864","","",-18.9,-66.7667,3800,"brevicaule","brevicaule","tuberous","wild",NA,"SŠrkinen","",""
NA,1875,NA,2441,"79897","","",-24.2,-67.1333,3740,"brevicaule","brevicaule","tuberous","wild",NA,"SŠrkinen","",""
NA,1876,NA,2442,"88148","","",-17.23333,-67.9167,0,"brevicaule","brevicaule","tuberous","wild",NA,"SŠrkinen","",""
NA,1877,NA,2443,"77578","","",-16.8333,-67.6333,3250,"brevicaule","brevicaule","tuberous","wild",NA,"SŠrkinen","",""
NA,1878,NA,2444,"81456","","",-18.1139,-64.2156,2000,"brevicaule","brevicaule","tuberous","wild",NA,"SŠrkinen","",""
NA,1879,NA,2445,"81782","","",-21.3167,-65.85,3900,"brevicaule","brevicaule","tuberous","wild",NA,"SŠrkinen","",""
NA,1880,NA,2446,"80250","","",-20.0335,-65.5499,3103,"brevicaule","brevicaule","tuberous","wild",NA,"SŠrkinen","",""
NA,1881,NA,2447,"77196","","",-17.1667,-66.4167,3800,"brevicaule","brevicaule","tuberous","wild",NA,"SŠrkinen","",""
NA,1882,NA,2448,"77393","","",-20.8667,-65.6833,2670,"brevicaule","brevicaule","tuberous","wild",NA,"SŠrkinen","",""
NA,1883,NA,2449,"81787","","",-20.3333,-65,2900,"brevicaule","brevicaule","tuberous","wild",NA,"SŠrkinen","",""
NA,1884,NA,2450,"86366","","",-25.2666,-66.35,2500,"brevicaule","brevicaule","tuberous","wild",NA,"SŠrkinen","",""
NA,1885,NA,2451,"80521","","",-27.14,-66.15,2800,"brevicaule","brevicaule","tuberous","wild",NA,"SŠrkinen","",""
NA,1886,NA,2452,"94603","","",-13.91667,-70.51667,4200,"brevicaule","brevicaule","tuberous","wild",NA,"SŠrkinen","",""
NA,1887,NA,2453,"79366","","",-22.2666,-64.8166,2900,"brevicaule","brevicaule","tuberous","wild",NA,"SŠrkinen","",""
NA,1888,NA,2454,"94604","","",-14.03333,-71.56667,3735,"brevicaule","brevicaule","tuberous","wild",NA,"SŠrkinen","",""
NA,1889,NA,2455,"77183","","",-19.4667,-65.3833,3000,"brevicaule","brevicaule","tuberous","wild",NA,"SŠrkinen","",""
NA,1890,NA,2456,"77296","","",-23.2,-65.35,3300,"brevicaule","brevicaule","tuberous","wild",NA,"SŠrkinen","",""
NA,1891,NA,2457,"77096","","",-18.3833,-65.2167,3000,"brevicaule","brevicaule","tuberous","wild",NA,"SŠrkinen","",""
NA,1892,NA,2458,"77902","","",-26.0833,-65.8333,0,"brevicaule","brevicaule","tuberous","wild",NA,"SŠrkinen","",""
NA,1893,NA,2459,"80142","","",-20.6459,-64.8329,3145,"brevicaule","brevicaule","tuberous","wild",NA,"SŠrkinen","",""
NA,1894,NA,2460,"77214","","",-19.7333,-65.5167,3400,"brevicaule","brevicaule","tuberous","wild",NA,"SŠrkinen","",""
NA,1895,NA,2461,"84430","","",-24.1,-65.6666,3450,"brevicaule","brevicaule","tuberous","wild",NA,"SŠrkinen","",""
NA,1896,NA,2462,"79258","","",-25.6833,-66.0666,3300,"brevicaule","brevicaule","tuberous","wild",NA,"SŠrkinen","",""
NA,1897,NA,2463,"77169","","",-20.6667,-67,0,"brevicaule","brevicaule","tuberous","wild",NA,"SŠrkinen","",""
NA,1898,NA,2464,"87704","","",-27,-65.9166,3100,"brevicaule","brevicaule","tuberous","wild",NA,"SŠrkinen","",""
NA,1899,NA,2465,"83513","","",-27.7167,-67.9667,2630,"brevicaule","brevicaule","tuberous","wild",NA,"SŠrkinen","",""
NA,1900,NA,2466,"77170","","",-18.8833,-65.45,3130,"brevicaule","brevicaule","tuberous","wild",NA,"SŠrkinen","",""
NA,1901,NA,2467,"77095","","",-23.5833,-65.35,0,"brevicaule","brevicaule","tuberous","wild",NA,"SŠrkinen","",""
NA,1902,NA,2468,"77270","","",-21.35,-65.7167,3350,"brevicaule","brevicaule","tuberous","wild",NA,"SŠrkinen","",""
NA,1903,NA,2469,"81847","","",-14.11732,-73.49947,3850,"brevicaule","brevicaule","tuberous","wild",NA,"SŠrkinen","",""
NA,1904,NA,2470,"78563","","",-28.65,-67.6166,3050,"brevicaule","brevicaule","tuberous","wild",NA,"SŠrkinen","",""
NA,1905,NA,2471,"78574","","",-28.7166,-67.7166,2850,"brevicaule","brevicaule","tuberous","wild",NA,"SŠrkinen","",""
NA,1906,NA,2472,"83990","","",-30.55,-70,2700,"brevicaule","brevicaule","tuberous","wild",NA,"SŠrkinen","",""
NA,1907,NA,2473,"77380","","",-19.8667,-65.6167,3800,"brevicaule","brevicaule","tuberous","wild",NA,"SŠrkinen","",""
NA,1908,NA,2474,"77165","","",-19.3333,-65.9667,3500,"brevicaule","brevicaule","tuberous","wild",NA,"SŠrkinen","",""
NA,1909,NA,2475,"77083","","",-17.5,-65.6667,0,"brevicaule","brevicaule","tuberous","wild",NA,"SŠrkinen","",""
NA,1910,NA,2476,"81780","","",-21.3333,-65.5833,3400,"brevicaule","brevicaule","tuberous","wild",NA,"SŠrkinen","",""
NA,1911,NA,2477,"24453","","",-21.35823,-66.045,3841,"brevicaule","brevicaule","tuberous","wild",NA,"SŠrkinen","",""
NA,1912,NA,2478,"85458","","",-22.25,-64.9666,0,"brevicaule","brevicaule","tuberous","wild",NA,"SŠrkinen","",""
NA,1913,NA,2479,"83461","","",-26.9833,-67.8666,2400,"brevicaule","brevicaule","tuberous","wild",NA,"SŠrkinen","",""
NA,1914,NA,2480,"77066","","",-17.7667,-67.4833,0,"brevicaule","brevicaule","tuberous","wild",NA,"SŠrkinen","",""
NA,1916,NA,2482,"84480","","",-27.25,-66.25,2700,"brevicaule","brevicaule","tuberous","wild",NA,"SŠrkinen","",""
NA,1917,NA,2483,"85543","","",-18.1667,-65,0,"brevicaule","brevicaule","tuberous","wild",NA,"SŠrkinen","",""
NA,1918,NA,2484,"81770","","",-21.4667,-64.85,3650,"brevicaule","brevicaule","tuberous","wild",NA,"SŠrkinen","",""
NA,1919,NA,2485,"84310","","",-18.5167,-64.0833,2200,"brevicaule","brevicaule","tuberous","wild",NA,"SŠrkinen","",""
NA,1920,NA,2486,"77188","","",-20.2333,-65.6667,3000,"brevicaule","brevicaule","tuberous","wild",NA,"SŠrkinen","",""
NA,1921,NA,2487,"77191","","",-19.2667,-64.9833,2470,"brevicaule","brevicaule","tuberous","wild",NA,"SŠrkinen","",""
NA,1922,NA,2488,"77161","","",-19.5,-65.6,3750,"brevicaule","brevicaule","tuberous","wild",NA,"SŠrkinen","",""
NA,1923,NA,2489,"26777","","",-17.4833,-66.15,2743,"brevicaule","brevicaule","tuberous","wild",NA,"SŠrkinen","",""
NA,1924,NA,2490,"78871","","",-25.1,-65.45,2200,"brevicaule","brevicaule","tuberous","wild",NA,"SŠrkinen","",""
NA,1925,NA,2491,"77395","","",-20.85,-64.95,2870,"brevicaule","brevicaule","tuberous","wild",NA,"SŠrkinen","",""
NA,1926,NA,2492,"84426","","",-23.7333,-65.25,3500,"brevicaule","brevicaule","tuberous","wild",NA,"SŠrkinen","",""
NA,1927,NA,2493,"82559","","",-17.55,-70.0167,3500,"brevicaule","brevicaule","tuberous","wild",NA,"SŠrkinen","",""
NA,1928,NA,2494,"77268","","",-21.1333,-65.7,3100,"brevicaule","brevicaule","tuberous","wild",NA,"SŠrkinen","",""
NA,1929,NA,2495,"87978","","",-22.2666,-66.2333,3604,"brevicaule","brevicaule","tuberous","wild",NA,"SŠrkinen","",""
NA,1930,NA,2496,"80112","","",-14.8186,-69.0739,3620,"brevicaule","brevicaule","tuberous","wild",NA,"SŠrkinen","",""
NA,1931,NA,2497,"78516","","",-22.1333,-65.4666,2780,"brevicaule","brevicaule","tuberous","wild",NA,"SŠrkinen","",""
NA,1932,NA,2498,"77187","","",-20.25,-65.4167,3260,"brevicaule","brevicaule","tuberous","wild",NA,"SŠrkinen","",""
NA,1933,NA,2499,"77226","","",-18.8,-65.8667,3960,"brevicaule","brevicaule","tuberous","wild",NA,"SŠrkinen","",""
NA,1934,NA,2500,"78845","","",-24.8333,-66.3,3000,"brevicaule","brevicaule","tuberous","wild",NA,"SŠrkinen","",""
NA,1935,NA,2501,"78567","","",-28.95,-67.7,3050,"brevicaule","brevicaule","tuberous","wild",NA,"SŠrkinen","",""
NA,1936,NA,2502,"165134","","",-22.59361,-65.84972,3700,"brevicaule","brevicaule","tuberous","wild",NA,"SŠrkinen","",""
NA,1937,NA,2503,"77171","","",-18.9667,-65.3667,3170,"brevicaule","brevicaule","tuberous","wild",NA,"SŠrkinen","",""
NA,1938,NA,2504,"86005","","",-16.5,-66.5833,3500,"brevicaule","brevicaule","tuberous","wild",NA,"SŠrkinen","",""
NA,1939,NA,2505,"85629","","",-21.9,-65.55,0,"brevicaule","brevicaule","tuberous","wild",NA,"SŠrkinen","",""
NA,1940,NA,2506,"81759","","",-17.9167,-65.5,2450,"brevicaule","brevicaule","tuberous","wild",NA,"SŠrkinen","",""
NA,1941,NA,2507,"78568","","",-28.9666,-67.55,3050,"brevicaule","brevicaule","tuberous","wild",NA,"SŠrkinen","",""
NA,1942,NA,2508,"77374","","",-19.2,-65.4,3050,"brevicaule","brevicaule","tuberous","wild",NA,"SŠrkinen","",""
NA,1943,NA,2509,"77174","","",-20.25,-65.1833,3450,"brevicaule","brevicaule","tuberous","wild",NA,"SŠrkinen","",""
NA,1944,NA,2510,"86438","","",-23.7166,-65.75,2800,"brevicaule","brevicaule","tuberous","wild",NA,"SŠrkinen","",""
NA,1945,NA,2511,"77178","","",-19.8333,-65.75,3800,"brevicaule","brevicaule","tuberous","wild",NA,"SŠrkinen","",""
NA,1946,NA,2512,"75645","","",-12.08215,-76.92486,0,"brevicaule","brevicaule","tuberous","wild",NA,"SŠrkinen","",""
NA,1947,NA,2513,"85634","","",-23.3166,-65.1833,0,"brevicaule","brevicaule","tuberous","wild",NA,"SŠrkinen","",""
NA,1948,NA,2514,"77569","","",-17.1,-66.9167,2500,"brevicaule","brevicaule","tuberous","wild",NA,"SŠrkinen","",""
NA,1949,NA,2515,"84470","","",-17.2958,-65.7899,3015,"brevicaule","brevicaule","tuberous","wild",NA,"SŠrkinen","",""
NA,1950,NA,2516,"77154","","",-19.1,-64.7667,3030,"brevicaule","brevicaule","tuberous","wild",NA,"SŠrkinen","",""
NA,1951,NA,2517,"77155","","",-19.2667,-65.5,3080,"brevicaule","brevicaule","tuberous","wild",NA,"SŠrkinen","",""
NA,1952,NA,2518,"75646","","",-13.55623,-71.8728,3220,"brevicaule","brevicaule","tuberous","wild",NA,"SŠrkinen","",""
NA,1953,NA,2519,"85498","","",-27.7356,-66.0488,2800,"brevicaule","brevicaule","tuberous","wild",NA,"SŠrkinen","",""
NA,1954,NA,2520,"77294","","",-22.2667,-66.4,3450,"brevicaule","brevicaule","tuberous","wild",NA,"SŠrkinen","",""
NA,1955,NA,2521,"77140","","",-17.6833,-66.6167,3300,"brevicaule","brevicaule","tuberous","wild",NA,"SŠrkinen","",""
NA,1956,NA,2522,"290929","","",-20.358568,-66.763332,NA,"brevicaule","brevicaule","tuberous","germplasm",NA,"SŠrkinen","",""
NA,1957,NA,2523,"290932","","",-18.166667,-64.999996,NA,"brevicaule","brevicaule","tuberous","germplasm",NA,"SŠrkinen","",""
NA,1958,NA,2524,"290935","","",-18.979175,-65.191993,NA,"brevicaule","brevicaule","tuberous","germplasm",NA,"SŠrkinen","",""
NA,1959,NA,2525,"290958","","",-14.253673,-71.109017,NA,"brevicaule","brevicaule","tuberous","germplasm",NA,"SŠrkinen","",""
NA,1960,NA,2526,"321605","","",-17.397903,-66.144476,NA,"brevicaule","brevicaule","tuberous","germplasm",NA,"SŠrkinen","",""
NA,1961,NA,2527,"435080","","",-22.107907,-66.281891,NA,"brevicaule","brevicaule","tuberous","germplasm",72,"SŠrkinen","",""
NA,1962,NA,2528,"458359","","",-22.328749,-65.57616,NA,"brevicaule","brevicaule","tuberous","germplasm",72,"SŠrkinen","",""
NA,1963,NA,2529,"472994","","",-22.716666,-65.225043,NA,"brevicaule","brevicaule","tuberous","germplasm",24,"SŠrkinen","",""
NA,1964,NA,2530,"472995","","",-22.716666,-65.200001,NA,"brevicaule","brevicaule","tuberous","germplasm",24,"SŠrkinen","",""
NA,1965,NA,2531,"472996","","",-23.235486,-65.030255,NA,"brevicaule","brevicaule","tuberous","germplasm",24,"SŠrkinen","",""
NA,1966,NA,2532,"472998","","",-25.424672,-66.292877,NA,"brevicaule","brevicaule","tuberous","germplasm",24,"SŠrkinen","",""
NA,1967,NA,2533,"473022","","",-22.35,-65.6,NA,"brevicaule","brevicaule","tuberous","germplasm",NA,"SŠrkinen","",""
NA,1969,NA,2535,"473046","","",-23.383335,-65.533337,NA,"brevicaule","brevicaule","tuberous","germplasm",NA,"SŠrkinen","",""
NA,1970,NA,2536,"473051","","",-23.196984,-65.685554,NA,"brevicaule","brevicaule","tuberous","germplasm",48,"SŠrkinen","",""
NA,1971,NA,2537,"473058","","",-22.966928,-65.388222,NA,"brevicaule","brevicaule","tuberous","germplasm",48,"SŠrkinen","",""
NA,1972,NA,2538,"473192","","",-22.100909,-66.275024,NA,"brevicaule","brevicaule","tuberous","germplasm",72,"SŠrkinen","",""
NA,1973,NA,2539,"473448","","",-15.349999,-73.885712,NA,"brevicaule","brevicaule","tuberous","germplasm",24,"SŠrkinen","",""
NA,1974,NA,2540,"498271","","",-21.368885,-65.922371,NA,"brevicaule","brevicaule","tuberous","germplasm",72,"SŠrkinen","",""
NA,1975,NA,2541,"498281","","",-18.851778,-65.363697,NA,"brevicaule","brevicaule","tuberous","germplasm",24,"SŠrkinen","",""
NA,1976,NA,2542,"498286","","",-20.583333,-65.166672,NA,"brevicaule","brevicaule","tuberous","germplasm",48,"SŠrkinen","",""
NA,1977,NA,2543,"498329","","",-22.733334,-65.116665,NA,"brevicaule","brevicaule","tuberous","germplasm",24,"SŠrkinen","",""
NA,1978,NA,2544,"498332","","",-24.36211,-65.648804,NA,"brevicaule","brevicaule","tuberous","germplasm",24,"SŠrkinen","",""
NA,1979,NA,2545,"558061","","",-19.550555,-65.453335,NA,"brevicaule","brevicaule","tuberous","germplasm",24,"SŠrkinen","",""
NA,1980,NA,2546,"558222","","",-27.583333,-67.14954,NA,"brevicaule","brevicaule","tuberous","germplasm",NA,"SŠrkinen","",""
NA,1981,NA,2547,"566781","","",-20.833333,-65.68333,NA,"brevicaule","brevicaule","tuberous","germplasm",72,"SŠrkinen","",""
NA,1982,NA,2548,"566783","","",-21.95,-66.066669,NA,"brevicaule","brevicaule","tuberous","germplasm",72,"SŠrkinen","",""
NA,1983,NA,2549,"568913","","",-17.954821,-65.410847,NA,"brevicaule","brevicaule","tuberous","germplasm",24,"SŠrkinen","",""
NA,1984,NA,2550,"568968","","",-18.500001,-64.166672,NA,"brevicaule","brevicaule","tuberous","germplasm",24,"SŠrkinen","",""
NA,1985,NA,2551,"CGN22322","","",-17.2667,-66.3,NA,"brevicaule","brevicaule","tuberous","germplasm",NA,"SŠrkinen","",""
NA,1987,NA,2553,"PI 230502","","",-13.333333,-71.95,NA,"brevicaule","brevicaule","tuberous","germplasm",24,"SŠrkinen","",""
NA,1988,NA,2554,"PI 233692","","",-13.916667,-71.683333,NA,"brevicaule","brevicaule","tuberous","germplasm",24,"SŠrkinen","",""
NA,1990,NA,2556,"PI 246536","","",-13.3,-72.116667,NA,"brevicaule","brevicaule","tuberous","germplasm",24,"SŠrkinen","",""
NA,1991,NA,2557,"PI 258906","","",-19.766667,-65.466667,NA,"brevicaule","brevicaule","tuberous","germplasm",48,"SŠrkinen","",""
NA,1992,NA,2558,"PI 258909","","",-18.382778,-66.966944,NA,"brevicaule","brevicaule","tuberous","germplasm",48,"SŠrkinen","",""
NA,1993,NA,2559,"PI 265882","","",-19.033333,-65.283333,NA,"brevicaule","brevicaule","tuberous","germplasm",48,"SŠrkinen","",""
NA,1994,NA,2560,"PI 275143","","",-28.833333,-67.666667,NA,"brevicaule","brevicaule","tuberous","germplasm",24,"SŠrkinen","",""
NA,1996,NA,2562,"PI 283090","","",-15.8,-69.4,NA,"brevicaule","brevicaule","tuberous","germplasm",24,"SŠrkinen","",""
NA,1999,NA,2565,"PI 310958","","",-13.316667,-72.033333,NA,"brevicaule","brevicaule","tuberous","germplasm",24,"SŠrkinen","",""
NA,2002,NA,2568,"PI 414145","","",-23.7,-65.583333,NA,"brevicaule","brevicaule","tuberous","germplasm",24,"SŠrkinen","",""
NA,2003,NA,2569,"PI 414151","","",-17.566667,-66.35,NA,"brevicaule","brevicaule","tuberous","germplasm",24,"SŠrkinen","",""
NA,2005,NA,2571,"PI 435080","","",-21.883333,-66.183333,NA,"brevicaule","brevicaule","tuberous","germplasm",NA,"SŠrkinen","",""
NA,2006,NA,2572,"PI 442667","","",-24.333333,-66.05,NA,"brevicaule","brevicaule","tuberous","germplasm",24,"SŠrkinen","",""
NA,2007,NA,2573,"PI 442668","","",-23.633333,-65.45,NA,"brevicaule","brevicaule","tuberous","germplasm",24,"SŠrkinen","",""
NA,2008,NA,2574,"PI 442670","","",-23.616667,-65.533333,NA,"brevicaule","brevicaule","tuberous","germplasm",48,"SŠrkinen","",""
NA,2010,NA,2576,"PI 442672","","",-23.566667,-65.266667,NA,"brevicaule","brevicaule","tuberous","germplasm",48,"SŠrkinen","",""
NA,2016,NA,2582,"PI 458359","","",-22.116667,-65.466667,NA,"brevicaule","brevicaule","tuberous","germplasm",NA,"SŠrkinen","",""
NA,2017,NA,2583,"PI 458385","","",-17.716667,-65.033333,NA,"brevicaule","brevicaule","tuberous","germplasm",24,"SŠrkinen","",""
NA,2018,NA,2584,"PI 458389","","",-19.1,-65.233333,NA,"brevicaule","brevicaule","tuberous","germplasm",48,"SŠrkinen","",""
NA,2019,NA,2585,"PI 458391","","",-21.316667,-65.766667,NA,"brevicaule","brevicaule","tuberous","germplasm",48,"SŠrkinen","",""
NA,2020,NA,2586,"PI 458392","","",-19.916667,-65.666667,NA,"brevicaule","brevicaule","tuberous","germplasm",48,"SŠrkinen","",""
NA,2021,NA,2587,"PI 472875","","",-23.25,-65.216667,NA,"brevicaule","brevicaule","tuberous","germplasm",48,"SŠrkinen","",""
NA,2022,NA,2588,"PI 472918","","",-23.2,-65.316944,NA,"brevicaule","brevicaule","tuberous","germplasm",48,"SŠrkinen","",""
NA,2023,NA,2589,"PI 472970","","",-25.116667,-66.116667,NA,"brevicaule","brevicaule","tuberous","germplasm",24,"SŠrkinen","",""
NA,2024,NA,2590,"PI 472979","","",-25.3,-66.383333,NA,"brevicaule","brevicaule","tuberous","germplasm",24,"SŠrkinen","",""
NA,2025,NA,2591,"PI 472981","","",-28.666667,-67.75,NA,"brevicaule","brevicaule","tuberous","germplasm",24,"SŠrkinen","",""
NA,2026,NA,2592,"PI 472982","","",-25.4,-65.933333,NA,"brevicaule","brevicaule","tuberous","germplasm",24,"SŠrkinen","",""
NA,2028,NA,2594,"PI 472994","","",-22.716667,-65.25,NA,"brevicaule","brevicaule","tuberous","germplasm",NA,"SŠrkinen","",""
NA,2029,NA,2595,"PI 472995","","",-22.716667,-65.2,NA,"brevicaule","brevicaule","tuberous","germplasm",NA,"SŠrkinen","",""
NA,2030,NA,2596,"PI 472996","","",-22.683333,-65.2,NA,"brevicaule","brevicaule","tuberous","germplasm",NA,"SŠrkinen","",""
NA,2031,NA,2597,"PI 472998","","",-22.6,-65.166667,NA,"brevicaule","brevicaule","tuberous","germplasm",NA,"SŠrkinen","",""
NA,2032,NA,2598,"PI 472999","","",-22.516667,-65.1,NA,"brevicaule","brevicaule","tuberous","germplasm",24,"SŠrkinen","",""
NA,2034,NA,2600,"PI 473011","","",-23.783333,-65.55,NA,"brevicaule","brevicaule","tuberous","germplasm",24,"SŠrkinen","",""
NA,2036,NA,2602,"PI 473013","","",-23,-65.466667,NA,"brevicaule","brevicaule","tuberous","germplasm",48,"SŠrkinen","",""
NA,2041,NA,2607,"PI 473024","","",-23.583333,-65.366667,NA,"brevicaule","brevicaule","tuberous","germplasm",48,"SŠrkinen","",""
NA,2049,NA,2615,"PI 473036","","",-23.25,-65.25,NA,"brevicaule","brevicaule","tuberous","germplasm",48,"SŠrkinen","",""
NA,2052,NA,2618,"PI 473039","","",-23.083333,-65.283333,NA,"brevicaule","brevicaule","tuberous","germplasm",48,"SŠrkinen","",""
NA,2054,NA,2620,"PI 473042","","",-23.2,-65.45,NA,"brevicaule","brevicaule","tuberous","germplasm",48,"SŠrkinen","",""
NA,2055,NA,2621,"PI 473043","","",-23.233333,-65.433333,NA,"brevicaule","brevicaule","tuberous","germplasm",48,"SŠrkinen","",""
NA,2059,NA,2625,"PI 473056","","",-22.966667,-65.433333,NA,"brevicaule","brevicaule","tuberous","germplasm",48,"SŠrkinen","",""
NA,2061,NA,2627,"PI 473058","","",-22.95,-65.383333,NA,"brevicaule","brevicaule","tuberous","germplasm",NA,"SŠrkinen","",""
NA,2062,NA,2628,"PI 473064","","",-24.533333,-66.2,NA,"brevicaule","brevicaule","tuberous","germplasm",24,"SŠrkinen","",""
NA,2067,NA,2633,"PI 473364","","",-19.5,-65.816667,NA,"brevicaule","brevicaule","tuberous","germplasm",48,"SŠrkinen","",""
NA,2068,NA,2634,"PI 473366","","",-19.166667,-65.283333,NA,"brevicaule","brevicaule","tuberous","germplasm",24,"SŠrkinen","",""
NA,2069,NA,2635,"PI 473368","","",-21.133333,-65.7,NA,"brevicaule","brevicaule","tuberous","germplasm",72,"SŠrkinen","",""
NA,2071,NA,2637,"PI 473376","","",-17.566667,-65.766667,NA,"brevicaule","brevicaule","tuberous","germplasm",24,"SŠrkinen","",""
NA,2072,NA,2638,"PI 473378","","",-17.333333,-66.35,NA,"brevicaule","brevicaule","tuberous","germplasm",24,"SŠrkinen","",""
NA,2073,NA,2639,"PI 473381","","",-19.566667,-65.433333,NA,"brevicaule","brevicaule","tuberous","germplasm",48,"SŠrkinen","",""
NA,2076,NA,2642,"PI 473424","","",-25.95,-66,NA,"brevicaule","brevicaule","tuberous","germplasm",24,"SŠrkinen","",""
NA,2078,NA,2644,"PI 473445","","",-13.516667,-71.983333,NA,"brevicaule","brevicaule","tuberous","germplasm",24,"SŠrkinen","",""
NA,2079,NA,2645,"PI 473451","","",-15.55,-73.633333,NA,"brevicaule","brevicaule","tuberous","germplasm",24,"SŠrkinen","",""
NA,2081,NA,2647,"PI 498068","","",-21.716667,-65.65,NA,"brevicaule","brevicaule","tuberous","germplasm",72,"SŠrkinen","",""
NA,2082,NA,2648,"PI 498071","","",-19.333333,-65.166667,NA,"brevicaule","brevicaule","tuberous","germplasm",24,"SŠrkinen","",""
NA,2083,NA,2649,"PI 498085","","",-18.1,-65.116667,NA,"brevicaule","brevicaule","tuberous","germplasm",24,"SŠrkinen","",""
NA,2084,NA,2650,"PI 498088","","",-17.733333,-65.1,NA,"brevicaule","brevicaule","tuberous","germplasm",24,"SŠrkinen","",""
NA,2085,NA,2651,"PI 498089","","",-17.716667,-65.1,NA,"brevicaule","brevicaule","tuberous","germplasm",24,"SŠrkinen","",""
NA,2087,NA,2653,"PI 498092","","",-18.633333,-64.15,NA,"brevicaule","brevicaule","tuberous","germplasm",24,"SŠrkinen","",""
NA,2090,NA,2656,"PI 498132","","",-17.883333,-65.916667,NA,"brevicaule","brevicaule","tuberous","germplasm",24,"SŠrkinen","",""
NA,2092,NA,2658,"PI 498136","","",-17.383333,-66.166667,NA,"brevicaule","brevicaule","tuberous","germplasm",24,"SŠrkinen","",""
NA,2093,NA,2659,"PI 498137","","",-18.116667,-65.1,NA,"brevicaule","brevicaule","tuberous","germplasm",24,"SŠrkinen","",""
NA,2094,NA,2660,"PI 498138","","",-17.566667,-66.383333,NA,"brevicaule","brevicaule","tuberous","germplasm",24,"SŠrkinen","",""
NA,2095,NA,2661,"PI 498140","","",-17.633333,-66.3,NA,"brevicaule","brevicaule","tuberous","germplasm",24,"SŠrkinen","",""
NA,2096,NA,2662,"PI 498218","","",-15.783333,-68.166667,NA,"brevicaule","brevicaule","tuberous","germplasm",24,"SŠrkinen","",""
NA,2097,NA,2663,"PI 498269","","",-21.333333,-65.666667,NA,"brevicaule","brevicaule","tuberous","germplasm",72,"SŠrkinen","",""
NA,2098,NA,2664,"PI 498282","","",-16.166667,-69.083333,NA,"brevicaule","brevicaule","tuberous","germplasm",24,"SŠrkinen","",""
NA,2099,NA,2665,"PI 498285","","",-19.583333,-65.283333,NA,"brevicaule","brevicaule","tuberous","germplasm",24,"SŠrkinen","",""
NA,2103,NA,2669,"PI 498329","","",-22.516667,-65.116667,NA,"brevicaule","brevicaule","tuberous","germplasm",NA,"SŠrkinen","",""
NA,2104,NA,2670,"PI 498332","","",-22.816667,-65.233333,NA,"brevicaule","brevicaule","tuberous","germplasm",NA,"SŠrkinen","",""
NA,2105,NA,2671,"PI 500052","","",-25.116667,-65.95,NA,"brevicaule","brevicaule","tuberous","germplasm",24,"SŠrkinen","",""
NA,2106,NA,2672,"PI 500052","","",-25.11,-65.95,NA,"brevicaule","brevicaule","tuberous","germplasm",NA,"SŠrkinen","",""
NA,2107,NA,2673,"PI 545865","","",-19.566944,-65.382778,NA,"brevicaule","brevicaule","tuberous","germplasm",24,"SŠrkinen","",""
NA,2109,NA,2675,"PI 545867","","",-19.566944,-65.366944,NA,"brevicaule","brevicaule","tuberous","germplasm",24,"SŠrkinen","",""
NA,2110,NA,2676,"PI 545871","","",-19.233333,-65.166667,NA,"brevicaule","brevicaule","tuberous","germplasm",24,"SŠrkinen","",""
NA,2113,NA,2679,"PI 545874","","",-19.25,-65.166667,NA,"brevicaule","brevicaule","tuberous","germplasm",24,"SŠrkinen","",""
NA,2114,NA,2680,"PI 545875","","",-19.366667,-64.783333,NA,"brevicaule","brevicaule","tuberous","germplasm",24,"SŠrkinen","",""
NA,2115,NA,2681,"PI 545879","","",-17.983333,-65.116667,NA,"brevicaule","brevicaule","tuberous","germplasm",24,"SŠrkinen","",""
NA,2116,NA,2682,"PI 545881","","",-19.55,-64.65,NA,"brevicaule","brevicaule","tuberous","germplasm",48,"SŠrkinen","",""
NA,2117,NA,2683,"PI 545883","","",-17.166667,-66.9,NA,"brevicaule","brevicaule","tuberous","germplasm",24,"SŠrkinen","",""
NA,2118,NA,2684,"PI 545888","","",-21.133333,-65.8,NA,"brevicaule","brevicaule","tuberous","germplasm",48,"SŠrkinen","",""
NA,2125,NA,2691,"PI 545914","","",-19.183333,-65.166667,NA,"brevicaule","brevicaule","tuberous","germplasm",48,"SŠrkinen","",""
NA,2126,NA,2692,"PI 545915","","",-19.25,-64.883333,NA,"brevicaule","brevicaule","tuberous","germplasm",48,"SŠrkinen","",""
NA,2128,NA,2694,"PI 545918","","",-19.483333,-65.633333,NA,"brevicaule","brevicaule","tuberous","germplasm",48,"SŠrkinen","",""
NA,2129,NA,2695,"PI 545919","","",-19.516667,-65.533333,NA,"brevicaule","brevicaule","tuberous","germplasm",48,"SŠrkinen","",""
NA,2131,NA,2697,"PI 545968","","",-17.633333,-66.65,NA,"brevicaule","brevicaule","tuberous","germplasm",24,"SŠrkinen","",""
NA,2132,NA,2698,"PI 545969","","",-17.616667,-66.716667,NA,"brevicaule","brevicaule","tuberous","germplasm",24,"SŠrkinen","",""
NA,2133,NA,2699,"PI 545970","","",-15.6,-69.016667,NA,"brevicaule","brevicaule","tuberous","germplasm",24,"SŠrkinen","",""
NA,2134,NA,2700,"PI 545971","","",-17.633333,-66.716667,NA,"brevicaule","brevicaule","tuberous","germplasm",24,"SŠrkinen","",""
NA,2135,NA,2701,"PI 545975","","",-18.933333,-65.383333,NA,"brevicaule","brevicaule","tuberous","germplasm",24,"SŠrkinen","",""
NA,2137,NA,2703,"PI 545977","","",-18.95,-65.366667,NA,"brevicaule","brevicaule","tuberous","germplasm",24,"SŠrkinen","",""
NA,2138,NA,2704,"PI 545984","","",-17.966667,-66.933333,NA,"brevicaule","brevicaule","tuberous","germplasm",24,"SŠrkinen","",""
NA,2141,NA,2707,"PI 545987","","",-18.016667,-66.366667,NA,"brevicaule","brevicaule","tuberous","germplasm",24,"SŠrkinen","",""
NA,2146,NA,2712,"PI 545995","","",-18.016667,-66.383333,NA,"brevicaule","brevicaule","tuberous","germplasm",24,"SŠrkinen","",""
NA,2149,NA,2715,"PI 546006","","",-17.166667,-66.916667,NA,"brevicaule","brevicaule","tuberous","germplasm",24,"SŠrkinen","",""
NA,2152,NA,2718,"PI 546032","","",-19.516667,-64.683333,NA,"brevicaule","brevicaule","tuberous","germplasm",48,"SŠrkinen","",""
NA,2153,NA,2719,"PI 558063","","",-23.6,-65.583333,NA,"brevicaule","brevicaule","tuberous","germplasm",48,"SŠrkinen","",""
NA,2154,NA,2720,"PI 558063","","",-23.6,-65.58,NA,"brevicaule","brevicaule","tuberous","germplasm",NA,"SŠrkinen","",""
NA,2155,NA,2721,"PI 558064","","",-23.966667,-65.633333,NA,"brevicaule","brevicaule","tuberous","germplasm",48,"SŠrkinen","",""
NA,2156,NA,2722,"PI 558064","","",-23.96,-65.63,NA,"brevicaule","brevicaule","tuberous","germplasm",NA,"SŠrkinen","",""
NA,2157,NA,2723,"PI 558068","","",-23.5,-65.45,NA,"brevicaule","brevicaule","tuberous","germplasm",48,"SŠrkinen","",""
NA,2159,NA,2725,"PI 558069","","",-23.166667,-65.183333,NA,"brevicaule","brevicaule","tuberous","germplasm",48,"SŠrkinen","",""
NA,2160,NA,2726,"PI 558069","","",-23.16,-65.18,NA,"brevicaule","brevicaule","tuberous","germplasm",NA,"SŠrkinen","",""
NA,2169,NA,2735,"PI 558076","","",-23.166667,-65.1,NA,"brevicaule","brevicaule","tuberous","germplasm",48,"SŠrkinen","",""
NA,2170,NA,2736,"PI 558076","","",-23.16,-65.1,NA,"brevicaule","brevicaule","tuberous","germplasm",NA,"SŠrkinen","",""
NA,2171,NA,2737,"PI 558077","","",-23.233333,-65.2,NA,"brevicaule","brevicaule","tuberous","germplasm",48,"SŠrkinen","",""
NA,2172,NA,2738,"PI 558077","","",-23.23,-65.2,NA,"brevicaule","brevicaule","tuberous","germplasm",NA,"SŠrkinen","",""
NA,2178,NA,2744,"PI 566761","","",-24.316667,-66.116667,NA,"brevicaule","brevicaule","tuberous","germplasm",24,"SŠrkinen","",""
NA,2179,NA,2745,"PI 566761","","",-24.31,-66.11,NA,"brevicaule","brevicaule","tuberous","germplasm",NA,"SŠrkinen","",""
NA,2180,NA,2746,"PI 595512","","",-19.55,-65.7,NA,"brevicaule","brevicaule","tuberous","germplasm",48,"SŠrkinen","",""
NA,2181,NA,2747,"PI 597696","","",-19.35,-65.166667,NA,"brevicaule","brevicaule","tuberous","germplasm",24,"SŠrkinen","",""
NA,2182,NA,2748,"PI 597697","","",-19.583333,-65.4,NA,"brevicaule","brevicaule","tuberous","germplasm",48,"SŠrkinen","",""
NA,2183,NA,2749,"PI 597715","","",-17.283333,-65.783333,NA,"brevicaule","brevicaule","tuberous","germplasm",24,"SŠrkinen","",""
NA,2184,NA,2750,"PI 597716","","",-17.483333,-65.55,NA,"brevicaule","brevicaule","tuberous","germplasm",24,"SŠrkinen","",""
NA,2186,NA,2752,"PI 597728","","",-17.7,-65.183333,NA,"brevicaule","brevicaule","tuberous","germplasm",24,"SŠrkinen","",""
NA,2187,NA,2753,"PI 597742","","",-19.55,-65.5,NA,"brevicaule","brevicaule","tuberous","germplasm",24,"SŠrkinen","",""
NA,2188,NA,2754,"PI 597746","","",-20.366667,-65.116667,NA,"brevicaule","brevicaule","tuberous","germplasm",48,"SŠrkinen","",""
NA,2189,NA,2755,"PI 597747","","",-16.216667,-68.85,NA,"brevicaule","brevicaule","tuberous","germplasm",24,"SŠrkinen","",""
NA,2190,NA,2756,"PI 597760","","",-19.216667,-65.033333,NA,"brevicaule","brevicaule","tuberous","germplasm",24,"SŠrkinen","",""
NA,2191,NA,2757,"PI 604040","","",-17.733333,-65.2,NA,"brevicaule","brevicaule","tuberous","germplasm",NA,"SŠrkinen","",""
NA,2192,NA,2758,"PI 631223","","",-19.96,-64.457778,NA,"brevicaule","brevicaule","tuberous","germplasm",48,"SŠrkinen","",""
NA,2193,NA,2759,"PI243501","","",-17.583333,-64.85,NA,"brevicaule","brevicaule","tuberous","germplasm",24,"SŠrkinen","",""
NA,2194,NA,2760,"PI258906","","",-19.77,-65.47,NA,"brevicaule","brevicaule","tuberous","germplasm",NA,"SŠrkinen","",""
NA,2195,NA,2761,"PI258909","","",-18.38,-66.97,NA,"brevicaule","brevicaule","tuberous","germplasm",NA,"SŠrkinen","",""
NA,2197,NA,2763,"PI473495","","",-19.6,-65.916667,NA,"brevicaule","brevicaule","tuberous","germplasm",24,"SŠrkinen","",""
NA,2198,NA,2764,"PI473503","","",-17.666667,-66.333333,NA,"brevicaule","brevicaule","tuberous","germplasm",24,"SŠrkinen","",""
NA,2200,NA,2766,"PI498071","","",-19.33,-65.17,NA,"brevicaule","brevicaule","tuberous","germplasm",NA,"SŠrkinen","",""
NA,2203,NA,2769,"PI498074","","",-17.6,-66.283333,NA,"brevicaule","brevicaule","tuberous","germplasm",24,"SŠrkinen","",""
NA,2209,NA,2805,"CIP 760642","","",18.85,-101.887,1880,"bulbocastanum","bulbocastanum","tuberous","germplasm",24,"SŠrkinen","",""
NA,2210,NA,2806,"CIP 761898","","",19.65,-100.75,2100,"bulbocastanum","bulbocastanum","tuberous","germplasm",24,"SŠrkinen","",""
NA,2211,NA,2807,"CIP 761897","","",19.3333,-100.4167,1995,"bulbocastanum","bulbocastanum","tuberous","germplasm",24,"SŠrkinen","",""
NA,2212,NA,2808,"CIP 763835","","",19.5167,-100.25,1995,"bulbocastanum","bulbocastanum","tuberous","germplasm",24,"SŠrkinen","",""
NA,2213,NA,2809,"CIP 761933","","",19.2883,-99.6672,2680,"bulbocastanum","bulbocastanum","tuberous","germplasm",24,"SŠrkinen","",""
NA,2214,NA,2810,"CIP 761896","","",21.2167,-99.0333,1825,"bulbocastanum","bulbocastanum","tuberous","germplasm",24,"SŠrkinen","",""
NA,2215,NA,2811,"CIP 761888","","",17.0333,-96.7667,1609,"bulbocastanum","bulbocastanum","tuberous","germplasm",24,"SŠrkinen","",""
NA,2216,NA,2812,"89870","","",16.13,-96.43,2080,"bulbocastanum","bulbocastanum","tuberous","wild",NA,"SŠrkinen","",""
NA,2217,NA,2813,"88411","","",15.0193,-91.0329,2000,"bulbocastanum","bulbocastanum","tuberous","wild",NA,"SŠrkinen","",""
NA,2218,NA,2814,"90536","","",23.5591,-105.838,1440,"bulbocastanum","bulbocastanum","tuberous","wild",NA,"SŠrkinen","",""
NA,2219,NA,2815,"90069","","",18.9666,-97.9,2200,"bulbocastanum","bulbocastanum","tuberous","wild",NA,"SŠrkinen","",""
NA,2220,NA,2816,"84370","","",19.0666,-98.3,0,"bulbocastanum","bulbocastanum","tuberous","wild",NA,"SŠrkinen","",""
NA,2221,NA,2817,"89558","","",19.95,-103.767,1800,"bulbocastanum","bulbocastanum","tuberous","wild",NA,"SŠrkinen","",""
NA,2222,NA,2818,"84125","","",14.07,-87.5,1900,"bulbocastanum","bulbocastanum","tuberous","wild",NA,"SŠrkinen","",""
NA,2223,NA,2819,"82594","","",19.2244,-99.033,2500,"bulbocastanum","bulbocastanum","tuberous","wild",NA,"SŠrkinen","",""
NA,2224,NA,2820,"84032","","",14.45,-91.3,2075,"bulbocastanum","bulbocastanum","tuberous","wild",NA,"SŠrkinen","",""
NA,2225,NA,2821,"89084","","",16.78,-92.81,1219,"bulbocastanum","bulbocastanum","tuberous","wild",NA,"SŠrkinen","",""
NA,2226,NA,2822,"89780","","",19.9666,-102.067,1850,"bulbocastanum","bulbocastanum","tuberous","wild",NA,"SŠrkinen","",""
NA,2227,NA,2823,"89632","","",19.13,-98.48,2400,"bulbocastanum","bulbocastanum","tuberous","wild",NA,"SŠrkinen","",""
NA,2228,NA,2824,"90033","","",19.42,-100.31,2080,"bulbocastanum","bulbocastanum","tuberous","wild",NA,"SŠrkinen","",""
NA,2229,NA,2825,"88808","","",17.3,-96.52,0,"bulbocastanum","bulbocastanum","tuberous","wild",NA,"SŠrkinen","",""
NA,2230,NA,2826,"84034","","",19.955,-102.26,2000,"bulbocastanum","bulbocastanum","tuberous","wild",NA,"SŠrkinen","",""
NA,2231,NA,2827,"90065","","",17.6073,-97.4693,2050,"bulbocastanum","bulbocastanum","tuberous","wild",NA,"SŠrkinen","",""
NA,2232,NA,2828,"90812","","",17.33,-99.3,1500,"bulbocastanum","bulbocastanum","tuberous","wild",NA,"SŠrkinen","",""
NA,2233,NA,2829,"89666","","",19.43,-99.47,0,"bulbocastanum","bulbocastanum","tuberous","wild",NA,"SŠrkinen","",""
NA,2234,NA,2830,"9237","","",17.15,-96.83333,0,"bulbocastanum","bulbocastanum","tuberous","wild",NA,"SŠrkinen","",""
NA,2235,NA,2831,"88626","","",18.55,-99.43,2450,"bulbocastanum","bulbocastanum","tuberous","wild",NA,"SŠrkinen","",""
NA,2236,NA,2832,"89894","","",17.3131,-97.2643,2250,"bulbocastanum","bulbocastanum","tuberous","wild",NA,"SŠrkinen","",""
NA,2237,NA,2833,"90225","","",18.7166,-97.3166,1880,"bulbocastanum","bulbocastanum","tuberous","wild",NA,"SŠrkinen","",""
NA,2238,NA,2834,"89648","","",17.3,-96.27,1950,"bulbocastanum","bulbocastanum","tuberous","wild",NA,"SŠrkinen","",""
NA,2239,NA,2835,"84132","","",19.683,-100.4,1951,"bulbocastanum","bulbocastanum","tuberous","wild",NA,"SŠrkinen","",""
NA,2240,NA,2836,"89200","","",19.726,-99.316,2400,"bulbocastanum","bulbocastanum","tuberous","wild",NA,"SŠrkinen","",""
NA,2241,NA,2837,"90066","","",17.8,-97.7666,1970,"bulbocastanum","bulbocastanum","tuberous","wild",NA,"SŠrkinen","",""
NA,2242,NA,2838,"88454","","",20.9166,-103.033,1700,"bulbocastanum","bulbocastanum","tuberous","wild",NA,"SŠrkinen","",""
NA,2243,NA,2839,"88455","","",19.7198,-104.378,1500,"bulbocastanum","bulbocastanum","tuberous","wild",NA,"SŠrkinen","",""
NA,2244,NA,2840,"89003","","",19.4333,-103.517,1880,"bulbocastanum","bulbocastanum","tuberous","wild",NA,"SŠrkinen","",""
NA,2245,NA,2841,"89668","","",19.5,-101.43,0,"bulbocastanum","bulbocastanum","tuberous","wild",NA,"SŠrkinen","",""
NA,2246,NA,2842,"89482","","",21.085,-101.25,0,"bulbocastanum","bulbocastanum","tuberous","wild",NA,"SŠrkinen","",""
NA,2247,NA,2843,"90006","","",16.15,-96.34,1990,"bulbocastanum","bulbocastanum","tuberous","wild",NA,"SŠrkinen","",""
NA,2248,NA,2844,"89576","","",19.66,-101.23,1900,"bulbocastanum","bulbocastanum","tuberous","wild",NA,"SŠrkinen","",""
NA,2249,NA,2845,"89181","","",19.31,-98.88,2550,"bulbocastanum","bulbocastanum","tuberous","wild",NA,"SŠrkinen","",""
NA,2250,NA,2846,"89262","","",19.5666,-101.7,2100,"bulbocastanum","bulbocastanum","tuberous","wild",NA,"SŠrkinen","",""
NA,2251,NA,2847,"90008","","",16.3,-92.28,1800,"bulbocastanum","bulbocastanum","tuberous","wild",NA,"SŠrkinen","",""
NA,2252,NA,2848,"88406","","",15.0103,-90.0177,1640,"bulbocastanum","bulbocastanum","tuberous","wild",NA,"SŠrkinen","",""
NA,2253,NA,2849,"89560","","",20.3013,-103.386,1800,"bulbocastanum","bulbocastanum","tuberous","wild",NA,"SŠrkinen","",""
NA,2254,NA,2850,"88708","","",19.68,-100.525,1950,"bulbocastanum","bulbocastanum","tuberous","wild",NA,"SŠrkinen","",""
NA,2255,NA,2851,"82807","","",19.66,-100.78,2185,"bulbocastanum","bulbocastanum","tuberous","wild",NA,"SŠrkinen","",""
NA,2256,NA,2852,"82906","","",17.1,-96.7166,1830,"bulbocastanum","bulbocastanum","tuberous","wild",NA,"SŠrkinen","",""
NA,2257,NA,2853,"89569","","",20.8665,-102.791,2100,"bulbocastanum","bulbocastanum","tuberous","wild",NA,"SŠrkinen","",""
NA,2258,NA,2854,"89440","","",20.985,-104.478,1300,"bulbocastanum","bulbocastanum","tuberous","wild",NA,"SŠrkinen","",""
NA,2259,NA,2855,"90429","","",18.8,-98.832,1981,"bulbocastanum","bulbocastanum","tuberous","wild",NA,"SŠrkinen","",""
NA,2260,NA,2856,"89094","","",16.75,-92.7,1372,"bulbocastanum","bulbocastanum","tuberous","wild",NA,"SŠrkinen","",""
NA,2261,NA,2857,"89208","","",19.88,-99.2041,2350,"bulbocastanum","bulbocastanum","tuberous","wild",NA,"SŠrkinen","",""
NA,2262,NA,2858,"89631","","",19.04,-98.18,2150,"bulbocastanum","bulbocastanum","tuberous","wild",NA,"SŠrkinen","",""
NA,2263,NA,2859,"90409","","",24.31,-105.49,1860,"bulbocastanum","bulbocastanum","tuberous","wild",NA,"SŠrkinen","",""
NA,2264,NA,2860,"89018","","",21.13,-99.02,1925,"bulbocastanum","bulbocastanum","tuberous","wild",NA,"SŠrkinen","",""
NA,2265,NA,2861,"89562","","",20.395,-103.033,1800,"bulbocastanum","bulbocastanum","tuberous","wild",NA,"SŠrkinen","",""
NA,2266,NA,2862,"88699","","",19.31,-100.15,2060,"bulbocastanum","bulbocastanum","tuberous","wild",NA,"SŠrkinen","",""
NA,2267,NA,2863,"89568","","",20.86,-103.25,1380,"bulbocastanum","bulbocastanum","tuberous","wild",NA,"SŠrkinen","",""
NA,2268,NA,2864,"82849","","",19.71,-101.13,2000,"bulbocastanum","bulbocastanum","tuberous","wild",NA,"SŠrkinen","",""
NA,2271,NA,2867,"84175","","",21.91,-103.66,1600,"bulbocastanum","bulbocastanum","tuberous","wild",NA,"SŠrkinen","",""
NA,2272,NA,2868,"90121","","",20.3833,-100,2300,"bulbocastanum","bulbocastanum","tuberous","wild",NA,"SŠrkinen","",""
NA,2273,NA,2869,"89035","","",19.26,-99.695,0,"bulbocastanum","bulbocastanum","tuberous","wild",NA,"SŠrkinen","",""
NA,2274,NA,2870,"88804","","",19.018,-99.2852,2100,"bulbocastanum","bulbocastanum","tuberous","wild",NA,"SŠrkinen","",""
NA,2275,NA,2871,"89593","","",16.1,-92.12,1720,"bulbocastanum","bulbocastanum","tuberous","wild",NA,"SŠrkinen","",""
NA,2276,NA,2872,"88669","","",19.1755,-99.1687,2256,"bulbocastanum","bulbocastanum","tuberous","wild",NA,"SŠrkinen","",""
NA,2277,NA,2873,"89480","","",20.68,-103.33,0,"bulbocastanum","bulbocastanum","tuberous","wild",NA,"SŠrkinen","",""
NA,2278,NA,2874,"8169","","",19.05,-100.0333,1800,"bulbocastanum","bulbocastanum","tuberous","wild",NA,"SŠrkinen","",""
NA,2279,NA,2875,"285024","","",23.625925,-102.001705,NA,"bulbocastanum","bulbocastanum","tuberous","germplasm",NA,"SŠrkinen","",""
NA,2280,NA,2876,"292209","","",19.517932,-101.18333,NA,"bulbocastanum","bulbocastanum","tuberous","germplasm",NA,"SŠrkinen","",""
NA,2281,NA,2877,"558374","","",19.62,-100.47,NA,"bulbocastanum","bulbocastanum","tuberous","germplasm",NA,"SŠrkinen","",""
NA,2282,NA,2878,"595471","","",19.425475,-98.728252,NA,"bulbocastanum","bulbocastanum","tuberous","germplasm",24,"SŠrkinen","",""
NA,2283,NA,2879,"PI 243345","","",19.35,-99.2,NA,"bulbocastanum","bulbocastanum","tuberous","germplasm",24,"SŠrkinen","",""
NA,2286,NA,2882,"PI 275191","","",18.816667,-97.433333,NA,"bulbocastanum","bulbocastanum","tuberous","germplasm",24,"SŠrkinen","",""
NA,2287,NA,2883,"PI 275192","","",19.183333,-98.216667,NA,"bulbocastanum","bulbocastanum","tuberous","germplasm",24,"SŠrkinen","",""
NA,2288,NA,2884,"PI 275194","","",17.033333,-96.766667,NA,"bulbocastanum","bulbocastanum","tuberous","germplasm",24,"SŠrkinen","",""
NA,2290,NA,2886,"PI 275196","","",17.5,-96.45,NA,"bulbocastanum","bulbocastanum","tuberous","germplasm",24,"SŠrkinen","",""
NA,2291,NA,2887,"PI 275198","","",19.716667,-99.783333,NA,"bulbocastanum","bulbocastanum","tuberous","germplasm",24,"SŠrkinen","",""
NA,2292,NA,2888,"PI 275200","","",15.2115,-91.5187,NA,"bulbocastanum","bulbocastanum","tuberous","germplasm",24,"SŠrkinen","",""
NA,2295,NA,2891,"PI 498224","","",19.4,-100.35,NA,"bulbocastanum","bulbocastanum","tuberous","germplasm",24,"SŠrkinen","",""
NA,2296,NA,2892,"PI 498225","","",19.416667,-100.333333,NA,"bulbocastanum","bulbocastanum","tuberous","germplasm",24,"SŠrkinen","",""
NA,2297,NA,2893,"PI 545711","","",17.55,-99.5,NA,"bulbocastanum","bulbocastanum","tuberous","germplasm",24,"SŠrkinen","",""
NA,2298,NA,2894,"PI 604051","","",15.7667,-91.5051,NA,"bulbocastanum","bulbocastanum","tuberous","germplasm",24,"SŠrkinen","",""
NA,2299,NA,2895,"PI 604064","","",15.1551,-90.2917,NA,"bulbocastanum","bulbocastanum","tuberous","germplasm",24,"SŠrkinen","",""
NA,2300,NA,2896,"PI 604064","","",15.155,-90.291667,NA,"bulbocastanum","bulbocastanum","tuberous","germplasm",NA,"SŠrkinen","",""
NA,2301,NA,2897,"PI 604065","","",15.1717,-90.2951,NA,"bulbocastanum","bulbocastanum","tuberous","germplasm",24,"SŠrkinen","",""
NA,2302,NA,2898,"PI 604066","","",15.2151,-90.2951,NA,"bulbocastanum","bulbocastanum","tuberous","germplasm",24,"SŠrkinen","",""
NA,2303,NA,2899,"PI 604066","","",15.215,-90.295,NA,"bulbocastanum","bulbocastanum","tuberous","germplasm",NA,"SŠrkinen","",""
NA,2304,NA,2900,"PI 604073","","",15.3113,-91.5183,NA,"bulbocastanum","bulbocastanum","tuberous","germplasm",24,"SŠrkinen","",""
NA,2305,NA,2901,"PI 604074","","",15.1551,-91.5483,NA,"bulbocastanum","bulbocastanum","tuberous","germplasm",24,"SŠrkinen","",""
NA,2306,NA,2947,"CIP 763007","","",-15.8744,-68.6417,NA,"candolleanum","candolleanum","tuberous","germplasm",24,"SŠrkinen","",""
NA,2307,NA,2948,"CIP 760019","","",-8.2672,-77.8525,3176,"candolleanum","candolleanum","tuberous","germplasm",24,"SŠrkinen","",""
NA,2308,NA,2949,"CIP 761836","","",-9.5167,-76.7583,3939,"candolleanum","candolleanum","tuberous","germplasm",24,"SŠrkinen","",""
NA,2309,NA,2950,"CIP 762069","","",-10.5633,-76.5731,3000,"candolleanum","candolleanum","tuberous","germplasm",24,"SŠrkinen","",""
NA,2312,NA,2953,"CIP 761194","","",-10.4922,-76.5169,3384,"candolleanum","candolleanum","tuberous","germplasm",24,"SŠrkinen","",""
NA,2313,NA,2954,"CIP 761053","","",-10.4786,-76.3236,2800,"candolleanum","candolleanum","tuberous","germplasm",24,"SŠrkinen","",""
NA,2314,NA,2955,"CIP 760016","","",-10.1297,-76.2044,2077,"candolleanum","candolleanum","tuberous","germplasm",24,"SŠrkinen","",""
NA,2315,NA,2956,"CIP 761841","","",-10.1767,-76.1883,2223,"candolleanum","candolleanum","tuberous","germplasm",24,"SŠrkinen","",""
NA,2317,NA,2958,"CIP 761195","","",-10.3389,-76.1833,2693,"candolleanum","candolleanum","tuberous","germplasm",24,"SŠrkinen","",""
NA,2318,NA,2959,"CIP 762068","","",-10.2622,-76.1489,2726,"candolleanum","candolleanum","tuberous","germplasm",24,"SŠrkinen","",""
NA,2319,NA,2960,"CIP 760012","","",-9.8742,-76.8119,3607,"candolleanum","candolleanum","tuberous","germplasm",24,"SŠrkinen","",""
NA,2320,NA,2961,"CIP 762628","","",-10.8375,-76.7981,3280,"candolleanum","candolleanum","tuberous","germplasm",24,"SŠrkinen","",""
NA,2321,NA,2962,"CIP 761510","","",-10.5761,-76.7675,3947,"candolleanum","candolleanum","tuberous","germplasm",24,"SŠrkinen","",""
NA,2322,NA,2963,"CIP 762079","","",-11.7022,-76.7094,2348,"candolleanum","candolleanum","tuberous","germplasm",24,"SŠrkinen","",""
NA,2323,NA,2964,"CIP 761157","","",-9.7483,-76.6481,3449,"candolleanum","candolleanum","tuberous","germplasm",24,"SŠrkinen","",""
NA,2324,NA,2965,"CIP 762538","","",-11.8092,-76.6306,1609,"candolleanum","candolleanum","tuberous","germplasm",NA,"SŠrkinen","",""
NA,2325,NA,2966,"CIP 764043","","",-11.7708,-76.6114,1874,"candolleanum","candolleanum","tuberous","germplasm",24,"SŠrkinen","",""
NA,2326,NA,2967,"CIP 761201","","",-11.4061,-76.5761,3643,"candolleanum","candolleanum","tuberous","germplasm",24,"SŠrkinen","",""
NA,2328,NA,2969,"CIP 761572","","",-11.5608,-76.4431,3465,"candolleanum","candolleanum","tuberous","germplasm",24,"SŠrkinen","",""
NA,2329,NA,2970,"CIP 761529","","",-11.5903,-76.3553,4573,"candolleanum","candolleanum","tuberous","germplasm",24,"SŠrkinen","",""
NA,2332,NA,2973,"CIP 763218","","",-12.0694,-76.2725,3044,"candolleanum","candolleanum","tuberous","germplasm",24,"SŠrkinen","",""
NA,2333,NA,2974,"CIP 765838","","",-11.7113,-76.2712,3680,"candolleanum","candolleanum","tuberous","germplasm",NA,"SŠrkinen","",""
NA,2334,NA,2975,"CIP 761489","","",-11.7075,-76.2686,3734,"candolleanum","candolleanum","tuberous","germplasm",24,"SŠrkinen","",""
NA,2336,NA,2977,"CIP 762113","","",-11.7292,-76.2531,3824,"candolleanum","candolleanum","tuberous","germplasm",24,"SŠrkinen","",""
NA,2338,NA,2979,"CIP 765842","","",-11.6663,-76.2515,4026,"candolleanum","candolleanum","tuberous","germplasm",NA,"SŠrkinen","",""
NA,2339,NA,2980,"CIP 761193","","",-10.7014,-76.2467,3900,"candolleanum","candolleanum","tuberous","germplasm",24,"SŠrkinen","",""
NA,2340,NA,2981,"CIP 762235","","",-11.6508,-76.2394,4148,"candolleanum","candolleanum","tuberous","germplasm",24,"SŠrkinen","",""
NA,2341,NA,2982,"CIP 760004","","",-12.1375,-76.2319,3044,"candolleanum","candolleanum","tuberous","germplasm",24,"SŠrkinen","",""
NA,2348,NA,2989,"CIP 761196","","",-10.3867,-76.21,2927,"candolleanum","candolleanum","tuberous","germplasm",24,"SŠrkinen","",""
NA,2349,NA,2990,"CIP 761847","","",-10.6386,-76.205,4069,"candolleanum","candolleanum","tuberous","germplasm",24,"SŠrkinen","",""
NA,2351,NA,2992,"CIP 761021","","",-10.6439,-76.1944,4120,"candolleanum","candolleanum","tuberous","germplasm",24,"SŠrkinen","",""
NA,2355,NA,2996,"CIP 761192","","",-10.6156,-76.1781,3684,"candolleanum","candolleanum","tuberous","germplasm",24,"SŠrkinen","",""
NA,2359,NA,3000,"CIP 762061","","",-11.7875,-75.98,4683,"candolleanum","candolleanum","tuberous","germplasm",24,"SŠrkinen","",""
NA,2360,NA,3001,"CIP 760001","","",-11.4558,-75.955,3889,"candolleanum","candolleanum","tuberous","germplasm",24,"SŠrkinen","",""
NA,2363,NA,3004,"CIP 762286","","",-10.5672,-75.9503,4582,"candolleanum","candolleanum","tuberous","germplasm",24,"SŠrkinen","",""
NA,2364,NA,3005,"CIP 763852","","",-10.6367,-75.9503,NA,"candolleanum","candolleanum","tuberous","germplasm",NA,"SŠrkinen","",""
NA,2365,NA,3006,"CIP 762246","","",-10.8558,-75.91,4179,"candolleanum","candolleanum","tuberous","germplasm",24,"SŠrkinen","",""
NA,2373,NA,3014,"CIP 761226","","",-11.6053,-75.8567,3500,"candolleanum","candolleanum","tuberous","germplasm",24,"SŠrkinen","",""
NA,2374,NA,3015,"CIP 763471","","",-10.8267,-75.8506,3618,"candolleanum","candolleanum","tuberous","germplasm",24,"SŠrkinen","",""
NA,2375,NA,3016,"CIP 762081","","",-12.2736,-75.8503,3869,"candolleanum","candolleanum","tuberous","germplasm",24,"SŠrkinen","",""
NA,2378,NA,3019,"CIP 762112","","",-11.8214,-75.8422,4320,"candolleanum","candolleanum","tuberous","germplasm",24,"SŠrkinen","",""
NA,2379,NA,3020,"CIP 761312","","",-11.7244,-75.8217,3950,"candolleanum","candolleanum","tuberous","germplasm",24,"SŠrkinen","",""
NA,2383,NA,3024,"CIP 762924","","",-12.2781,-75.8061,3272,"candolleanum","candolleanum","tuberous","germplasm",24,"SŠrkinen","",""
NA,2384,NA,3025,"CIP 761306","","",-10.7661,-75.7953,4000,"candolleanum","candolleanum","tuberous","germplasm",24,"SŠrkinen","",""
NA,2389,NA,3030,"CIP 761574","","",-12.7731,-75.7267,4286,"candolleanum","candolleanum","tuberous","germplasm",24,"SŠrkinen","",""
NA,2392,NA,3033,"CIP 761191","","",-11.77,-75.7153,3538,"candolleanum","candolleanum","tuberous","germplasm",24,"SŠrkinen","",""
NA,2393,NA,3034,"CIP 762080","","",-12.2889,-75.7044,3600,"candolleanum","candolleanum","tuberous","germplasm",24,"SŠrkinen","",""
NA,2394,NA,3035,"CIP 761299","","",-11.5253,-75.6167,3700,"candolleanum","candolleanum","tuberous","germplasm",24,"SŠrkinen","",""
NA,2395,NA,3036,"CIP 761499","","",-11.3408,-75.6147,3309,"candolleanum","candolleanum","tuberous","germplasm",24,"SŠrkinen","",""
NA,2397,NA,3038,"CIP 761301","","",-11.4011,-75.5861,4017,"candolleanum","candolleanum","tuberous","germplasm",24,"SŠrkinen","",""
NA,2399,NA,3040,"CIP 761515","","",-11.3464,-75.5683,2761,"candolleanum","candolleanum","tuberous","germplasm",24,"SŠrkinen","",""
NA,2400,NA,3041,"CIP 762287","","",-11.7603,-75.5678,3440,"candolleanum","candolleanum","tuberous","germplasm",24,"SŠrkinen","",""
NA,2401,NA,3042,"CIP 761296","","",-12.0247,-75.5172,3564,"candolleanum","candolleanum","tuberous","germplasm",24,"SŠrkinen","",""
NA,2403,NA,3044,"CIP 760773","","",-11.7758,-75.4967,3373,"candolleanum","candolleanum","tuberous","germplasm",NA,"SŠrkinen","",""
NA,2406,NA,3047,"CIP 763904","","",-11.7731,-75.4939,3550,"candolleanum","candolleanum","tuberous","germplasm",24,"SŠrkinen","",""
NA,2407,NA,3048,"CIP 761500","","",-11.7708,-75.4808,3365,"candolleanum","candolleanum","tuberous","germplasm",24,"SŠrkinen","",""
NA,2409,NA,3050,"CIP 762290","","",-12.4856,-75.4372,3400,"candolleanum","candolleanum","tuberous","germplasm",24,"SŠrkinen","",""
NA,2410,NA,3051,"CIP 761518","","",-11.7089,-75.3747,4163,"candolleanum","candolleanum","tuberous","germplasm",NA,"SŠrkinen","",""
NA,2412,NA,3053,"CIP 761298","","",-11.87,-75.3056,3750,"candolleanum","candolleanum","tuberous","germplasm",24,"SŠrkinen","",""
NA,2413,NA,3054,"CIP 761320","","",-11.8861,-75.2994,3389,"candolleanum","candolleanum","tuberous","germplasm",24,"SŠrkinen","",""
NA,2414,NA,3055,"CIP 762289","","",-12.3122,-75.29,3543,"candolleanum","candolleanum","tuberous","germplasm",24,"SŠrkinen","",""
NA,2415,NA,3056,"CIP 762554","","",-12.1978,-75.2886,3900,"candolleanum","candolleanum","tuberous","germplasm",NA,"SŠrkinen","",""
NA,2416,NA,3057,"CIP 761278","","",-11.8897,-75.2661,3541,"candolleanum","candolleanum","tuberous","germplasm",24,"SŠrkinen","",""
NA,2417,NA,3058,"CIP 761319","","",-11.9931,-75.0722,4369,"candolleanum","candolleanum","tuberous","germplasm",24,"SŠrkinen","",""
NA,2419,NA,3060,"CIP 761521","","",-12.6047,-75.0267,4092,"candolleanum","candolleanum","tuberous","germplasm",24,"SŠrkinen","",""
NA,2420,NA,3061,"CIP 761315","","",-11.88,-75.0214,4369,"candolleanum","candolleanum","tuberous","germplasm",24,"SŠrkinen","",""
NA,2426,NA,3067,"CIP 765794","","",-11.9805,-74.9969,4126,"candolleanum","candolleanum","tuberous","germplasm",NA,"SŠrkinen","",""
NA,2427,NA,3068,"CIP 761523","","",-12.4111,-74.9733,4111,"candolleanum","candolleanum","tuberous","germplasm",24,"SŠrkinen","",""
NA,2428,NA,3069,"CIP 761526","","",-12.7878,-74.9733,3681,"candolleanum","candolleanum","tuberous","germplasm",24,"SŠrkinen","",""
NA,2430,NA,3071,"CIP 761527","","",-12.7719,-74.9278,3733,"candolleanum","candolleanum","tuberous","germplasm",24,"SŠrkinen","",""
NA,2431,NA,3072,"CIP 761303","","",-11.5044,-74.9261,3853,"candolleanum","candolleanum","tuberous","germplasm",24,"SŠrkinen","",""
NA,2432,NA,3073,"CIP 762997","","",-12.0025,-74.9217,3628,"candolleanum","candolleanum","tuberous","germplasm",24,"SŠrkinen","",""
NA,2433,NA,3074,"CIP 762291","","",-11.8839,-74.9067,4066,"candolleanum","candolleanum","tuberous","germplasm",24,"SŠrkinen","",""
NA,2434,NA,3075,"CIP 761316","","",-11.9525,-74.8772,3800,"candolleanum","candolleanum","tuberous","germplasm",24,"SŠrkinen","",""
NA,2436,NA,3077,"CIP 766006","","",-13.8591,-74.8755,3700,"candolleanum","candolleanum","tuberous","germplasm",NA,"SŠrkinen","",""
NA,2438,NA,3079,"CIP 761538","","",-13.4703,-74.8625,3810,"candolleanum","candolleanum","tuberous","germplasm",24,"SŠrkinen","",""
NA,2440,NA,3081,"CIP 761300","","",-11.6961,-74.8575,3800,"candolleanum","candolleanum","tuberous","germplasm",24,"SŠrkinen","",""
NA,2441,NA,3082,"CIP 765743","","",-13.3394,-74.8381,4300,"candolleanum","candolleanum","tuberous","germplasm",NA,"SŠrkinen","",""
NA,2442,NA,3083,"CIP 761520","","",-12.4628,-74.7903,2840,"candolleanum","candolleanum","tuberous","germplasm",24,"SŠrkinen","",""
NA,2443,NA,3084,"CIP 761524","","",-13.1033,-74.7381,3800,"candolleanum","candolleanum","tuberous","germplasm",24,"SŠrkinen","",""
NA,2444,NA,3085,"CIP 762672","","",-13.1033,-74.7378,3800,"candolleanum","candolleanum","tuberous","germplasm",24,"SŠrkinen","",""
NA,2445,NA,3086,"CIP 761519","","",-11.7503,-74.7222,3645,"candolleanum","candolleanum","tuberous","germplasm",24,"SŠrkinen","",""
NA,2446,NA,3087,"CIP 763648","","",-12.3767,-74.6892,3300,"candolleanum","candolleanum","tuberous","germplasm",24,"SŠrkinen","",""
NA,2448,NA,3089,"CIP 765962","","",-12.4916,-74.6502,4218,"candolleanum","candolleanum","tuberous","germplasm",NA,"SŠrkinen","",""
NA,2449,NA,3090,"CIP 762550","","",-12.6494,-74.6319,2489,"candolleanum","candolleanum","tuberous","germplasm",24,"SŠrkinen","",""
NA,2450,NA,3091,"CIP 763003","","",-12.8231,-74.5661,3600,"candolleanum","candolleanum","tuberous","germplasm",24,"SŠrkinen","",""
NA,2451,NA,3092,"CIP 763010","","",-12.5372,-74.5453,3023,"candolleanum","candolleanum","tuberous","germplasm",24,"SŠrkinen","",""
NA,2453,NA,3094,"CIP 763006","","",-12.575,-74.5197,3800,"candolleanum","candolleanum","tuberous","germplasm",24,"SŠrkinen","",""
NA,2454,NA,3095,"CIP 761152","","",-13.4994,-74.4869,3400,"candolleanum","candolleanum","tuberous","germplasm",24,"SŠrkinen","",""
NA,2456,NA,3097,"CIP 763650","","",-12.6042,-74.4519,3910,"candolleanum","candolleanum","tuberous","germplasm",24,"SŠrkinen","",""
NA,2457,NA,3098,"CIP 763651","","",-12.6156,-74.3917,3400,"candolleanum","candolleanum","tuberous","germplasm",24,"SŠrkinen","",""
NA,2458,NA,3099,"CIP 762045","","",-14.6161,-74.3461,3750,"candolleanum","candolleanum","tuberous","germplasm",24,"SŠrkinen","",""
NA,2459,NA,3100,"CIP 761830","","",-14.4872,-74.3044,3800,"candolleanum","candolleanum","tuberous","germplasm",24,"SŠrkinen","",""
NA,2462,NA,3103,"CIP 761171","","",-13.3914,-74.2664,3587,"candolleanum","candolleanum","tuberous","germplasm",24,"SŠrkinen","",""
NA,2463,NA,3104,"CIP 762042","","",-14.6217,-74.2336,3291,"candolleanum","candolleanum","tuberous","germplasm",24,"SŠrkinen","",""
NA,2464,NA,3105,"CIP 766005","","",-13.2729,-74.2054,NA,"candolleanum","candolleanum","tuberous","germplasm",NA,"SŠrkinen","",""
NA,2465,NA,3106,"CIP 761827","","",-14.6486,-74.1756,3740,"candolleanum","candolleanum","tuberous","germplasm",24,"SŠrkinen","",""
NA,2466,NA,3107,"CIP 762040","","",-14.6908,-74.1258,3242,"candolleanum","candolleanum","tuberous","germplasm",24,"SŠrkinen","",""
NA,2468,NA,3109,"CIP 765790","","",-12.8688,-74.0872,4232,"candolleanum","candolleanum","tuberous","germplasm",NA,"SŠrkinen","",""
NA,2469,NA,3110,"CIP 760145","","",-14.6753,-74.0169,3700,"candolleanum","candolleanum","tuberous","germplasm",24,"SŠrkinen","",""
NA,2471,NA,3112,"CIP 761535","","",-12.8597,-74.0161,3945,"candolleanum","candolleanum","tuberous","germplasm",24,"SŠrkinen","",""
NA,2472,NA,3113,"CIP 760363","","",-13.4147,-73.91,3800,"candolleanum","candolleanum","tuberous","germplasm",24,"SŠrkinen","",""
NA,2473,NA,3114,"CIP 761820","","",-15.0186,-73.9067,3884,"candolleanum","candolleanum","tuberous","germplasm",24,"SŠrkinen","",""
NA,2474,NA,3115,"CIP 761534","","",-12.7347,-73.905,3550,"candolleanum","candolleanum","tuberous","germplasm",24,"SŠrkinen","",""
NA,2475,NA,3116,"CIP 765784","","",-13.3713,-73.8936,3821,"candolleanum","candolleanum","tuberous","germplasm",NA,"SŠrkinen","",""
NA,2476,NA,3117,"CIP 765786","","",-12.8591,-73.8755,3737,"candolleanum","candolleanum","tuberous","germplasm",NA,"SŠrkinen","",""
NA,2478,NA,3119,"CIP 761480","","",-15.1056,-73.7,3800,"candolleanum","candolleanum","tuberous","germplasm",24,"SŠrkinen","",""
NA,2479,NA,3120,"CIP 762137","","",-14.8153,-73.6992,2700,"candolleanum","candolleanum","tuberous","germplasm",24,"SŠrkinen","",""
NA,2480,NA,3121,"CIP 761138","","",-14.2961,-73.4786,3820,"candolleanum","candolleanum","tuberous","germplasm",24,"SŠrkinen","",""
NA,2481,NA,3122,"CIP 760357","","",-13.6561,-73.3864,2967,"candolleanum","candolleanum","tuberous","germplasm",24,"SŠrkinen","",""
NA,2485,NA,3126,"CIP 761136","","",-13.4786,-73.3814,3135,"candolleanum","candolleanum","tuberous","germplasm",24,"SŠrkinen","",""
NA,2487,NA,3128,"CIP 761146","","",-15.1622,-73.3178,2976,"candolleanum","candolleanum","tuberous","germplasm",24,"SŠrkinen","",""
NA,2488,NA,3129,"CIP 761817","","",-14.5883,-73.2947,3600,"candolleanum","candolleanum","tuberous","germplasm",24,"SŠrkinen","",""
NA,2492,NA,3133,"CIP 761815","","",-14.4153,-73.205,3312,"candolleanum","candolleanum","tuberous","germplasm",24,"SŠrkinen","",""
NA,2494,NA,3135,"CIP 761141","","",-13.6289,-73.165,2734,"candolleanum","candolleanum","tuberous","germplasm",24,"SŠrkinen","",""
NA,2495,NA,3136,"CIP 764049","","",-14.2233,-73.0153,3545,"candolleanum","candolleanum","tuberous","germplasm",NA,"SŠrkinen","",""
NA,2496,NA,3137,"CIP 761664","","",-13.4756,-72.9786,3900,"candolleanum","candolleanum","tuberous","germplasm",24,"SŠrkinen","",""
NA,2497,NA,3138,"CIP 761119","","",-13.4978,-72.8928,3068,"candolleanum","candolleanum","tuberous","germplasm",24,"SŠrkinen","",""
NA,2503,NA,3144,"CIP 762560","","",-14.3561,-72.8878,3381,"candolleanum","candolleanum","tuberous","germplasm",24,"SŠrkinen","",""
NA,2504,NA,3145,"CIP 762023","","",-13.6683,-72.8822,3388,"candolleanum","candolleanum","tuberous","germplasm",24,"SŠrkinen","",""
NA,2505,NA,3146,"CIP 761060","","",-13.6361,-72.8767,2389,"candolleanum","candolleanum","tuberous","germplasm",24,"SŠrkinen","",""
NA,2507,NA,3148,"CIP 761662","","",-13.4878,-72.8175,3700,"candolleanum","candolleanum","tuberous","germplasm",24,"SŠrkinen","",""
NA,2509,NA,3150,"CIP 765729","","",-13.9324,-72.7908,4144,"candolleanum","candolleanum","tuberous","germplasm",NA,"SŠrkinen","",""
NA,2512,NA,3153,"CIP 761707","","",-14.5181,-72.7503,4280,"candolleanum","candolleanum","tuberous","germplasm",24,"SŠrkinen","",""
NA,2516,NA,3157,"CIP 765884","","",-13.9005,-72.7226,4287,"candolleanum","candolleanum","tuberous","germplasm",NA,"SŠrkinen","",""
NA,2517,NA,3158,"CIP 765885","","",-13.9005,-72.7225,4287,"candolleanum","candolleanum","tuberous","germplasm",NA,"SŠrkinen","",""
NA,2518,NA,3159,"CIP 765886","","",-13.9005,-72.7224,4287,"candolleanum","candolleanum","tuberous","germplasm",NA,"SŠrkinen","",""
NA,2519,NA,3160,"CIP 763309","","",-13.8875,-72.6397,4162,"candolleanum","candolleanum","tuberous","germplasm",24,"SŠrkinen","",""
NA,2520,NA,3161,"CIP 761771","","",-14.0611,-72.6225,3560,"candolleanum","candolleanum","tuberous","germplasm",24,"SŠrkinen","",""
NA,2522,NA,3163,"CIP 761778","","",-14.1761,-72.6058,3680,"candolleanum","candolleanum","tuberous","germplasm",24,"SŠrkinen","",""
NA,2523,NA,3164,"CIP 762008","","",-13.1083,-72.5928,1588,"candolleanum","candolleanum","tuberous","germplasm",24,"SŠrkinen","",""
NA,2524,NA,3165,"CIP 763302","","",-14.3347,-72.5403,3563,"candolleanum","candolleanum","tuberous","germplasm",24,"SŠrkinen","",""
NA,2525,NA,3166,"CIP 761983","","",-14.7139,-72.4642,4874,"candolleanum","candolleanum","tuberous","germplasm",24,"SŠrkinen","",""
NA,2529,NA,3170,"CIP 761749","","",-13.4736,-72.4481,3730,"candolleanum","candolleanum","tuberous","germplasm",24,"SŠrkinen","",""
NA,2536,NA,3177,"CIP 766002","","",-13.5889,-72.3447,NA,"candolleanum","candolleanum","tuberous","germplasm",NA,"SŠrkinen","",""
NA,2537,NA,3178,"CIP 761717","","",-13.7511,-72.3417,3700,"candolleanum","candolleanum","tuberous","germplasm",24,"SŠrkinen","",""
NA,2548,NA,3189,"CIP 762011","","",-13.2369,-72.3181,3700,"candolleanum","candolleanum","tuberous","germplasm",24,"SŠrkinen","",""
NA,2550,NA,3191,"CIP 760015","","",-13.1883,-72.2903,3558,"candolleanum","candolleanum","tuberous","germplasm",24,"SŠrkinen","",""
NA,2553,NA,3194,"CIP 761034","","",-13.4581,-72.29,3460,"candolleanum","candolleanum","tuberous","germplasm",24,"SŠrkinen","",""
NA,2555,NA,3196,"CIP 762859","","",-13.8378,-72.2522,4181,"candolleanum","candolleanum","tuberous","germplasm",24,"SŠrkinen","",""
NA,2557,NA,3198,"CIP 761734","","",-13.5622,-72.2081,3849,"candolleanum","candolleanum","tuberous","germplasm",24,"SŠrkinen","",""
NA,2559,NA,3200,"CIP 761131","","",-14.4097,-72.2058,3869,"candolleanum","candolleanum","tuberous","germplasm",24,"SŠrkinen","",""
NA,2564,NA,3205,"CIP 761123","","",-13.245,-72.1317,3750,"candolleanum","candolleanum","tuberous","germplasm",24,"SŠrkinen","",""
NA,2568,NA,3209,"CIP 761801","","",-13.0819,-72.0247,4874,"candolleanum","candolleanum","tuberous","germplasm",24,"SŠrkinen","",""
NA,2571,NA,3212,"CIP 761126","","",-13.4197,-71.9978,3855,"candolleanum","candolleanum","tuberous","germplasm",24,"SŠrkinen","",""
NA,2572,NA,3213,"CIP 761739","","",-13.4811,-71.9917,3961,"candolleanum","candolleanum","tuberous","germplasm",24,"SŠrkinen","",""
NA,2574,NA,3215,"CIP 761644","","",-13.4878,-71.9786,3839,"candolleanum","candolleanum","tuberous","germplasm",24,"SŠrkinen","",""
NA,2575,NA,3216,"CIP 761748","","",-13.56,-71.9575,3501,"candolleanum","candolleanum","tuberous","germplasm",24,"SŠrkinen","",""
NA,2576,NA,3217,"CIP 760368","","",-13.3225,-71.9553,2935,"candolleanum","candolleanum","tuberous","germplasm",24,"SŠrkinen","",""
NA,2577,NA,3218,"CIP 761792","","",-13.2639,-71.9553,3550,"candolleanum","candolleanum","tuberous","germplasm",24,"SŠrkinen","",""
NA,2578,NA,3219,"CIP 761737","","",-14.3414,-71.9292,3945,"candolleanum","candolleanum","tuberous","germplasm",24,"SŠrkinen","",""
NA,2579,NA,3220,"CIP 761649","","",-13.6631,-71.9211,3414,"candolleanum","candolleanum","tuberous","germplasm",24,"SŠrkinen","",""
NA,2580,NA,3221,"CIP 761648","","",-13.6614,-71.9197,3620,"candolleanum","candolleanum","tuberous","germplasm",24,"SŠrkinen","",""
NA,2581,NA,3222,"CIP 761804","","",-13.2458,-71.9106,3752,"candolleanum","candolleanum","tuberous","germplasm",24,"SŠrkinen","",""
NA,2583,NA,3224,"CIP 762839","","",-13.2492,-71.9103,3752,"candolleanum","candolleanum","tuberous","germplasm",24,"SŠrkinen","",""
NA,2584,NA,3225,"CIP 762018","","",-13.5578,-71.8647,3780,"candolleanum","candolleanum","tuberous","germplasm",24,"SŠrkinen","",""
NA,2587,NA,3228,"CIP 760352","","",-13.4208,-71.8511,2966,"candolleanum","candolleanum","tuberous","germplasm",NA,"SŠrkinen","",""
NA,2591,NA,3232,"CIP 762831","","",-13.4081,-71.8461,3580,"candolleanum","candolleanum","tuberous","germplasm",24,"SŠrkinen","",""
NA,2592,NA,3233,"CIP 765742","","",-13.3423,-71.8361,4277,"candolleanum","candolleanum","tuberous","germplasm",NA,"SŠrkinen","",""
NA,2593,NA,3234,"CIP 765744","","",-13.3491,-71.8321,4139,"candolleanum","candolleanum","tuberous","germplasm",NA,"SŠrkinen","",""
NA,2594,NA,3235,"CIP 765750","","",-13.3406,-71.8179,4164,"candolleanum","candolleanum","tuberous","germplasm",NA,"SŠrkinen","",""
NA,2595,NA,3236,"CIP 765746","","",-13.3401,-71.8176,4186,"candolleanum","candolleanum","tuberous","germplasm",NA,"SŠrkinen","",""
NA,2596,NA,3237,"CIP 765747","","",-13.3404,-71.8176,4185,"candolleanum","candolleanum","tuberous","germplasm",NA,"SŠrkinen","",""
NA,2597,NA,3238,"CIP 765749","","",-13.3406,-71.8174,4178,"candolleanum","candolleanum","tuberous","germplasm",NA,"SŠrkinen","",""
NA,2599,NA,3240,"CIP 763935","","",-13.5825,-71.8136,3119,"candolleanum","candolleanum","tuberous","germplasm",24,"SŠrkinen","",""
NA,2600,NA,3241,"CIP 761124","","",-13.3892,-71.8089,3800,"candolleanum","candolleanum","tuberous","germplasm",24,"SŠrkinen","",""
NA,2601,NA,3242,"CIP 765904","","",-13.3639,-71.8079,3834,"candolleanum","candolleanum","tuberous","germplasm",NA,"SŠrkinen","",""
NA,2602,NA,3243,"CIP 761036","","",-13.5736,-71.7886,3800,"candolleanum","candolleanum","tuberous","germplasm",24,"SŠrkinen","",""
NA,2604,NA,3245,"CIP 761637","","",-13.6447,-71.7678,3230,"candolleanum","candolleanum","tuberous","germplasm",24,"SŠrkinen","",""
NA,2605,NA,3246,"CIP 765755","","",-13.4203,-71.7635,4345,"candolleanum","candolleanum","tuberous","germplasm",NA,"SŠrkinen","",""
NA,2606,NA,3247,"CIP 765756","","",-13.3963,-71.752,4003,"candolleanum","candolleanum","tuberous","germplasm",NA,"SŠrkinen","",""
NA,2607,NA,3248,"CIP 765907","","",-13.3966,-71.7519,3983,"candolleanum","candolleanum","tuberous","germplasm",NA,"SŠrkinen","",""
NA,2608,NA,3249,"CIP 762439","","",-14.7822,-71.6892,4041,"candolleanum","candolleanum","tuberous","germplasm",24,"SŠrkinen","",""
NA,2611,NA,3252,"CIP 762392","","",-13.8928,-71.6725,3650,"candolleanum","candolleanum","tuberous","germplasm",24,"SŠrkinen","",""
NA,2615,NA,3256,"CIP 762566","","",-14.0536,-71.6244,3150,"candolleanum","candolleanum","tuberous","germplasm",24,"SŠrkinen","",""
NA,2617,NA,3258,"CIP 764046","","",-13.3219,-71.4961,2950,"candolleanum","candolleanum","tuberous","germplasm",24,"SŠrkinen","",""
NA,2618,NA,3259,"CIP 761635","","",-13.9836,-71.4889,3426,"candolleanum","candolleanum","tuberous","germplasm",24,"SŠrkinen","",""
NA,2620,NA,3261,"CIP 765916","","",-14.3805,-71.4848,3615,"candolleanum","candolleanum","tuberous","germplasm",NA,"SŠrkinen","",""
NA,2621,NA,3262,"CIP 761409","","",-14.4914,-71.4783,3857,"candolleanum","candolleanum","tuberous","germplasm",24,"SŠrkinen","",""
NA,2622,NA,3263,"CIP 761954","","",-15.485,-71.4567,3813,"candolleanum","candolleanum","tuberous","germplasm",24,"SŠrkinen","",""
NA,2623,NA,3264,"CIP 765914","","",-14.3394,-71.4496,4001,"candolleanum","candolleanum","tuberous","germplasm",NA,"SŠrkinen","",""
NA,2624,NA,3265,"CIP 761680","","",-13.8858,-71.4383,3500,"candolleanum","candolleanum","tuberous","germplasm",24,"SŠrkinen","",""
NA,2627,NA,3268,"CIP 762447","","",-14.7925,-71.4119,3909,"candolleanum","candolleanum","tuberous","germplasm",24,"SŠrkinen","",""
NA,2628,NA,3269,"CIP 763233","","",-14.4731,-71.3939,3857,"candolleanum","candolleanum","tuberous","germplasm",24,"SŠrkinen","",""
NA,2629,NA,3270,"CIP 765917","","",-14.4726,-71.3884,3850,"candolleanum","candolleanum","tuberous","germplasm",NA,"SŠrkinen","",""
NA,2630,NA,3271,"CIP 761412","","",-14.9044,-71.3808,3950,"candolleanum","candolleanum","tuberous","germplasm",24,"SŠrkinen","",""
NA,2635,NA,3276,"CIP 760348","","",-14.1747,-71.3706,3559,"candolleanum","candolleanum","tuberous","germplasm",24,"SŠrkinen","",""
NA,2636,NA,3277,"CIP 762421","","",-14.3844,-71.2981,3650,"candolleanum","candolleanum","tuberous","germplasm",NA,"SŠrkinen","",""
NA,2637,NA,3278,"CIP 762547","","",-14.2703,-71.2256,3550,"candolleanum","candolleanum","tuberous","germplasm",24,"SŠrkinen","",""
NA,2638,NA,3279,"CIP 762422","","",-14.6803,-71.22,4117,"candolleanum","candolleanum","tuberous","germplasm",24,"SŠrkinen","",""
NA,2640,NA,3281,"CIP 761133","","",-15.0528,-71.1297,4112,"candolleanum","candolleanum","tuberous","germplasm",24,"SŠrkinen","",""
NA,2641,NA,3282,"CIP 762382","","",-14.2508,-71.1039,3700,"candolleanum","candolleanum","tuberous","germplasm",24,"SŠrkinen","",""
NA,2642,NA,3283,"CIP 763009","","",-14.3736,-71.0961,4145,"candolleanum","candolleanum","tuberous","germplasm",24,"SŠrkinen","",""
NA,2643,NA,3284,"CIP 761619","","",-15.0361,-71.0683,4145,"candolleanum","candolleanum","tuberous","germplasm",24,"SŠrkinen","",""
NA,2644,NA,3285,"CIP 761617","","",-14.4783,-70.9622,4640,"candolleanum","candolleanum","tuberous","germplasm",24,"SŠrkinen","",""
NA,2645,NA,3286,"CIP 760367","","",-14.5742,-70.8122,4175,"candolleanum","candolleanum","tuberous","germplasm",24,"SŠrkinen","",""
NA,2650,NA,3291,"CIP 762200","","",-14.0561,-70.4703,4000,"candolleanum","candolleanum","tuberous","germplasm",24,"SŠrkinen","",""
NA,2651,NA,3292,"CIP 763131","","",-15.3558,-70.4111,NA,"candolleanum","candolleanum","tuberous","germplasm",24,"SŠrkinen","",""
NA,2652,NA,3293,"CIP 765768","","",-15.3197,-70.2247,3843,"candolleanum","candolleanum","tuberous","germplasm",NA,"SŠrkinen","",""
NA,2653,NA,3294,"CIP 762344","","",-15.7125,-70.0831,3822,"candolleanum","candolleanum","tuberous","germplasm",24,"SŠrkinen","",""
NA,2654,NA,3295,"CIP 761629","","",-15.7269,-70.0681,3800,"candolleanum","candolleanum","tuberous","germplasm",24,"SŠrkinen","",""
NA,2656,NA,3297,"CIP 760340","","",-15.9053,-70.0642,3950,"candolleanum","candolleanum","tuberous","germplasm",NA,"SŠrkinen","",""
NA,2662,NA,3303,"CIP 765773","","",-15.8277,-70.0344,3996,"candolleanum","candolleanum","tuberous","germplasm",NA,"SŠrkinen","",""
NA,2664,NA,3305,"CIP 760034","","",-15.8392,-70.0292,3856,"candolleanum","candolleanum","tuberous","germplasm",24,"SŠrkinen","",""
NA,2668,NA,3309,"CIP 760337","","",-15.7992,-70.0214,3818,"candolleanum","candolleanum","tuberous","germplasm",24,"SŠrkinen","",""
NA,2669,NA,3310,"CIP 762658","","",-15.7994,-70.0214,3818,"candolleanum","candolleanum","tuberous","germplasm",24,"SŠrkinen","",""
NA,2670,NA,3311,"CIP 762189","","",-13.8558,-69.3239,3233,"candolleanum","candolleanum","tuberous","germplasm",24,"SŠrkinen","",""
NA,2671,NA,3312,"CIP 762180","","",-14.6,-69.1333,3897,"candolleanum","candolleanum","tuberous","germplasm",24,"SŠrkinen","",""
NA,2673,NA,3314,"CIP 763013","","",-15.6667,-69.1333,3830,"candolleanum","candolleanum","tuberous","germplasm",24,"SŠrkinen","",""
NA,2674,NA,3315,"CIP 764218","","",-14.5914,-69.1097,NA,"candolleanum","candolleanum","tuberous","germplasm",24,"SŠrkinen","",""
NA,2675,NA,3316,"CIP 761338","","",-15.2833,-69.1,4440,"candolleanum","candolleanum","tuberous","germplasm",24,"SŠrkinen","",""
NA,2676,NA,3317,"CIP 762177","","",-14.6833,-69.0667,3377,"candolleanum","candolleanum","tuberous","germplasm",24,"SŠrkinen","",""
NA,2677,NA,3318,"CIP 761337","","",-16.9667,-68.8167,3860,"candolleanum","candolleanum","tuberous","germplasm",24,"SŠrkinen","",""
NA,2678,NA,3319,"CIP 761282","","",-15.5833,-68.7167,3014,"candolleanum","candolleanum","tuberous","germplasm",24,"SŠrkinen","",""
NA,2680,NA,3321,"CIP 761295","","",-16.0256,-68.7039,3350,"candolleanum","candolleanum","tuberous","germplasm",24,"SŠrkinen","",""
NA,2681,NA,3322,"CIP 761041","","",-15.8333,-68.5667,5049,"candolleanum","candolleanum","tuberous","germplasm",24,"SŠrkinen","",""
NA,2682,NA,3323,"CIP 762296","","",-15.7667,-68.55,4413,"candolleanum","candolleanum","tuberous","germplasm",24,"SŠrkinen","",""
NA,2687,NA,3328,"CIP 762168","","",-14.6778,-68.3567,3564,"candolleanum","candolleanum","tuberous","germplasm",24,"SŠrkinen","",""
NA,2688,NA,3329,"CIP 761280","","",-15.5478,-68.1789,3600,"candolleanum","candolleanum","tuberous","germplasm",24,"SŠrkinen","",""
NA,2689,NA,3330,"CIP 765960","","",-12.945,-74.0086,3740,"candolleanum","candolleanum","tuberous","germplasm",NA,"SŠrkinen","",""
NA,2691,NA,3332,"CIP 761705","","",-14.4286,-72.915,3378,"candolleanum","candolleanum","tuberous","germplasm",24,"SŠrkinen","",""
NA,2692,NA,3333,"CIP 761811","","",-13.9714,-73.1683,2329,"candolleanum","candolleanum","tuberous","germplasm",24,"SŠrkinen","",""
NA,2693,NA,3334,"CIP 762024","","",-13.8747,-73.0267,2040,"candolleanum","candolleanum","tuberous","germplasm",24,"SŠrkinen","",""
NA,2699,NA,3340,"CIP 764054","","",-13.7328,-72.8344,NA,"candolleanum","candolleanum","tuberous","germplasm",24,"SŠrkinen","",""
NA,2700,NA,3341,"CIP 761061","","",-13.8136,-72.82,2503,"candolleanum","candolleanum","tuberous","germplasm",24,"SŠrkinen","",""
NA,2702,NA,3343,"CIP 765890","","",-13.5204,-72.793,3699,"candolleanum","candolleanum","tuberous","germplasm",NA,"SŠrkinen","",""
NA,2703,NA,3344,"CIP 762877","","",-14.0675,-72.66,3121,"candolleanum","candolleanum","tuberous","germplasm",24,"SŠrkinen","",""
NA,2704,NA,3345,"CIP 761996","","",-12.6692,-72.6467,1476,"candolleanum","candolleanum","tuberous","germplasm",24,"SŠrkinen","",""
NA,2706,NA,3347,"CIP 761773","","",-14.2325,-72.6367,3600,"candolleanum","candolleanum","tuberous","germplasm",24,"SŠrkinen","",""
NA,2709,NA,3350,"CIP 761784","","",-14.0786,-72.6358,3200,"candolleanum","candolleanum","tuberous","germplasm",24,"SŠrkinen","",""
NA,2712,NA,3353,"CIP 761669","","",-13.6375,-72.62,2800,"candolleanum","candolleanum","tuberous","germplasm",24,"SŠrkinen","",""
NA,2714,NA,3355,"CIP 763310","","",-14.2125,-72.5667,3330,"candolleanum","candolleanum","tuberous","germplasm",24,"SŠrkinen","",""
NA,2719,NA,3360,"CIP 761733","","",-13.6286,-72.2336,3053,"candolleanum","candolleanum","tuberous","germplasm",NA,"SŠrkinen","",""
NA,2720,NA,3361,"CIP 761714","","",-13.9172,-72.2133,3600,"candolleanum","candolleanum","tuberous","germplasm",24,"SŠrkinen","",""
NA,2723,NA,3364,"CIP 761237","","",-13.4606,-71.8842,2968,"candolleanum","candolleanum","tuberous","germplasm",24,"SŠrkinen","",""
NA,2725,NA,3366,"CIP 762828","","",-13.5922,-71.8756,3672,"candolleanum","candolleanum","tuberous","germplasm",24,"SŠrkinen","",""
NA,2733,NA,3374,"CIP 761760","","",-13.8961,-71.4678,3500,"candolleanum","candolleanum","tuberous","germplasm",24,"SŠrkinen","",""
NA,2735,NA,3376,"CIP 761462","","",-8.625,-77.8472,2800,"candolleanum","candolleanum","tuberous","germplasm",24,"SŠrkinen","",""
NA,2736,NA,3377,"CIP 762963","","",-9.1019,-77.6769,3440,"candolleanum","candolleanum","tuberous","germplasm",24,"SŠrkinen","",""
NA,2737,NA,3378,"CIP 761478","","",-9.0939,-77.6661,3700,"candolleanum","candolleanum","tuberous","germplasm",24,"SŠrkinen","",""
NA,2738,NA,3379,"CIP 761475","","",-8.5508,-77.6017,3400,"candolleanum","candolleanum","tuberous","germplasm",24,"SŠrkinen","",""
NA,2739,NA,3380,"CIP 761473","","",-9.0106,-77.5225,3680,"candolleanum","candolleanum","tuberous","germplasm",24,"SŠrkinen","",""
NA,2740,NA,3381,"CIP 761477","","",-9.0436,-77.4942,3614,"candolleanum","candolleanum","tuberous","germplasm",24,"SŠrkinen","",""
NA,2741,NA,3382,"CIP 761476","","",-9.0467,-77.4753,3874,"candolleanum","candolleanum","tuberous","germplasm",24,"SŠrkinen","",""
NA,2742,NA,3383,"CIP 765928","","",-8.3,-77.4,3143,"candolleanum","candolleanum","tuberous","germplasm",NA,"SŠrkinen","",""
NA,2743,NA,3384,"CIP 765929","","",-8.2833,-77.4,3297,"candolleanum","candolleanum","tuberous","germplasm",NA,"SŠrkinen","",""
NA,2744,NA,3385,"CIP 765933","","",-8.2666,-77.4,3494,"candolleanum","candolleanum","tuberous","germplasm",NA,"SŠrkinen","",""
NA,2747,NA,3388,"CIP 765937","","",-8.3166,-77.3333,3119,"candolleanum","candolleanum","tuberous","germplasm",NA,"SŠrkinen","",""
NA,2748,NA,3389,"CIP 761479","","",-8.2764,-77.2961,3271,"candolleanum","candolleanum","tuberous","germplasm",24,"SŠrkinen","",""
NA,2750,NA,3391,"CIP 761579","","",-8.4392,-77.2686,3150,"candolleanum","candolleanum","tuberous","germplasm",24,"SŠrkinen","",""
NA,2751,NA,3392,"CIP 761443","","",-9.3322,-77.1842,3126,"candolleanum","candolleanum","tuberous","germplasm",24,"SŠrkinen","",""
NA,2752,NA,3393,"CIP 762974","","",-9.4489,-77.18,3289,"candolleanum","candolleanum","tuberous","germplasm",24,"SŠrkinen","",""
NA,2753,NA,3394,"CIP 761445","","",-9.2692,-77.1672,3521,"candolleanum","candolleanum","tuberous","germplasm",24,"SŠrkinen","",""
NA,2754,NA,3395,"CIP 763193","","",-9.4561,-77.1375,4345,"candolleanum","candolleanum","tuberous","germplasm",NA,"SŠrkinen","",""
NA,2755,NA,3396,"CIP 761468","","",-9.5628,-77.1217,3837,"candolleanum","candolleanum","tuberous","germplasm",24,"SŠrkinen","",""
NA,2756,NA,3397,"CIP 761440","","",-9.0817,-77.0067,3800,"candolleanum","candolleanum","tuberous","germplasm",24,"SŠrkinen","",""
NA,2759,NA,3400,"CIP 765888","","",-13.8071,-72.5312,2714,"candolleanum","candolleanum","tuberous","germplasm",NA,"SŠrkinen","",""
NA,2761,NA,3402,"CIP 760361","","",-13.5997,-74.11,2600,"candolleanum","candolleanum","tuberous","germplasm",24,"SŠrkinen","",""
NA,2763,NA,3404,"CIP 763025","","",-13.43,-73.8964,2300,"candolleanum","candolleanum","tuberous","germplasm",24,"SŠrkinen","",""
NA,2764,NA,3405,"CIP 765783","","",-13.4347,-73.8936,2670,"candolleanum","candolleanum","tuberous","germplasm",NA,"SŠrkinen","",""
NA,2765,NA,3406,"CIP 764073","","",-13.4211,-73.8647,2276,"candolleanum","candolleanum","tuberous","germplasm",24,"SŠrkinen","",""
NA,2769,NA,3410,"CIP 761148","","",-15.2819,-73.5978,3500,"candolleanum","candolleanum","tuberous","germplasm",24,"SŠrkinen","",""
NA,2771,NA,3412,"CIP 761147","","",-15.1272,-73.2508,3100,"candolleanum","candolleanum","tuberous","germplasm",24,"SŠrkinen","",""
NA,2772,NA,3413,"CIP 762204","","",-14.6536,-70.5164,4005,"candolleanum","candolleanum","tuberous","germplasm",24,"SŠrkinen","",""
NA,2773,NA,3414,"CIP 763346","","",-14.1239,-69.6311,3714,"candolleanum","candolleanum","tuberous","germplasm",24,"SŠrkinen","",""
NA,2774,NA,3415,"CIP 762339","","",-14.31,-69.6308,3650,"candolleanum","candolleanum","tuberous","germplasm",24,"SŠrkinen","",""
NA,2775,NA,3416,"CIP 763390","","",-13.2031,-72.5028,3400,"candolleanum","candolleanum","tuberous","germplasm",24,"SŠrkinen","",""
NA,2776,NA,3417,"CIP 764346","","",-13.3122,-72.1286,NA,"candolleanum","candolleanum","tuberous","germplasm",24,"SŠrkinen","",""
NA,2777,NA,3418,"CIP 762647","","",-13.3056,-72.125,2935,"candolleanum","candolleanum","tuberous","germplasm",24,"SŠrkinen","",""
NA,2778,NA,3419,"CIP 761107","","",-13.3117,-72.1222,2852,"candolleanum","candolleanum","tuberous","germplasm",24,"SŠrkinen","",""
NA,2779,NA,3420,"CIP 765901","","",-13.3139,-72.1206,3128,"candolleanum","candolleanum","tuberous","germplasm",NA,"SŠrkinen","",""
NA,2780,NA,3421,"CIP 762835","","",-13.3144,-72.1203,2852,"candolleanum","candolleanum","tuberous","germplasm",24,"SŠrkinen","",""
NA,2781,NA,3422,"CIP 765891","","",-13.3151,-72.112,3034,"candolleanum","candolleanum","tuberous","germplasm",NA,"SŠrkinen","",""
NA,2782,NA,3423,"CIP 762833","","",-13.3128,-72.1103,2907,"candolleanum","candolleanum","tuberous","germplasm",24,"SŠrkinen","",""
NA,2784,NA,3425,"81584","","",-10.4833,-77.0333,3400,"candolleanum","candolleanum","tuberous","wild",NA,"SŠrkinen","",""
NA,2785,NA,3426,"83214","","",-13.7,-71.3167,3500,"candolleanum","candolleanum","tuberous","wild",NA,"SŠrkinen","",""
NA,2786,NA,3427,"81585","","",-12.2786,-75.7869,3600,"candolleanum","candolleanum","tuberous","wild",NA,"SŠrkinen","",""
NA,2787,NA,3428,"94614","","",-9.583333,-77.81667,3750,"candolleanum","candolleanum","tuberous","wild",NA,"SŠrkinen","",""
NA,2789,NA,3430,"95300","","",-11.2111,-75.7928,3480,"candolleanum","candolleanum","tuberous","wild",NA,"SŠrkinen","",""
NA,2790,NA,3431,"81884","","",-12.1167,-76.5833,3650,"candolleanum","candolleanum","tuberous","wild",NA,"SŠrkinen","",""
NA,2791,NA,3432,"80756","","",-8.126,-78.489,3005,"candolleanum","candolleanum","tuberous","wild",NA,"SŠrkinen","",""
NA,2792,NA,3433,"93626","","",-14.63333,-71.76667,3820,"candolleanum","candolleanum","tuberous","wild",NA,"SŠrkinen","",""
NA,2793,NA,3434,"95150","","",-13.25,-72.26667,0,"candolleanum","candolleanum","tuberous","wild",NA,"SŠrkinen","",""
NA,2794,NA,3435,"94561","","",-9.04,-77.83,3400,"candolleanum","candolleanum","tuberous","wild",NA,"SŠrkinen","",""
NA,2795,NA,3436,"75657","","",-15.33492,-73.50133,3900,"candolleanum","candolleanum","tuberous","wild",NA,"SŠrkinen","",""
NA,2796,NA,3437,"75260","","",-12.62983,-74.39217,3600,"candolleanum","candolleanum","tuberous","wild",NA,"SŠrkinen","",""
NA,2797,NA,3438,"94563","","",-13.4,-71.48333,2890,"candolleanum","candolleanum","tuberous","wild",NA,"SŠrkinen","",""
NA,2798,NA,3439,"81575","","",-12.9833,-73.9414,3850,"candolleanum","candolleanum","tuberous","wild",NA,"SŠrkinen","",""
NA,2799,NA,3440,"81578","","",-12,-76.4747,3200,"candolleanum","candolleanum","tuberous","wild",NA,"SŠrkinen","",""
NA,2800,NA,3441,"82380","","",-13.8333,-69.3333,3500,"candolleanum","candolleanum","tuberous","wild",NA,"SŠrkinen","",""
NA,2801,NA,3442,"81685","","",-14.05,-72.9,3280,"candolleanum","candolleanum","tuberous","wild",NA,"SŠrkinen","",""
NA,2802,NA,3443,"75344","","",-8.05806,-78.19462,3200,"candolleanum","candolleanum","tuberous","wild",NA,"SŠrkinen","",""
NA,2803,NA,3444,"75656","","",-13.55091,-73.74092,2800,"candolleanum","candolleanum","tuberous","wild",NA,"SŠrkinen","",""
NA,2804,NA,3445,"75263","","",-14.6478,-74.18335,3600,"candolleanum","candolleanum","tuberous","wild",NA,"SŠrkinen","",""
NA,2805,NA,3446,"81690","","",-13.6167,-72.8714,3580,"candolleanum","candolleanum","tuberous","wild",NA,"SŠrkinen","",""
NA,2806,NA,3447,"94598","","",-17.55,-69.83,3760,"candolleanum","candolleanum","tuberous","wild",NA,"SŠrkinen","",""
NA,2807,NA,3448,"82108","","",-13,-74.7167,3000,"candolleanum","candolleanum","tuberous","wild",NA,"SŠrkinen","",""
NA,2808,NA,3449,"65660","","",-14.5201,-69.28193,3400,"candolleanum","candolleanum","tuberous","wild",NA,"SŠrkinen","",""
NA,2809,NA,3450,"76832","","",-12.6667,-75.25,3900,"candolleanum","candolleanum","tuberous","wild",NA,"SŠrkinen","",""
NA,2810,NA,3451,"75264","","",-15.78409,-70.03311,3900,"candolleanum","candolleanum","tuberous","wild",NA,"SŠrkinen","",""
NA,2811,NA,3452,"65452","","",-14.29353,-72.97629,3000,"candolleanum","candolleanum","tuberous","wild",NA,"SŠrkinen","",""
NA,2812,NA,3453,"91593","","",-14.75,-71.41667,0,"candolleanum","candolleanum","tuberous","wild",NA,"SŠrkinen","",""
NA,2813,NA,3454,"81592","","",-14.8,-74.6833,3700,"candolleanum","candolleanum","tuberous","wild",NA,"SŠrkinen","",""
NA,2814,NA,3455,"91609","","",-12.00389,-76.83333,3600,"candolleanum","candolleanum","tuberous","wild",NA,"SŠrkinen","",""
NA,2815,NA,3456,"81662","","",-14.6333,-73.75,4000,"candolleanum","candolleanum","tuberous","wild",NA,"SŠrkinen","",""
NA,2816,NA,3457,"81617","","",-13.4792,-72.4425,2000,"candolleanum","candolleanum","tuberous","wild",NA,"SŠrkinen","",""
NA,2817,NA,3458,"94534","","",-16.05,-69.66667,3950,"candolleanum","candolleanum","tuberous","wild",NA,"SŠrkinen","",""
NA,2818,NA,3459,"93636","","",-15.0689,-71.7492,3650,"candolleanum","candolleanum","tuberous","wild",NA,"SŠrkinen","",""
NA,2819,NA,3460,"81693","","",-13.7167,-71.8833,3550,"candolleanum","candolleanum","tuberous","wild",NA,"SŠrkinen","",""
NA,2820,NA,3461,"75281","","",-12.56729,-75.03844,3900,"candolleanum","candolleanum","tuberous","wild",NA,"SŠrkinen","",""
NA,2821,NA,3462,"93605","","",-14.8,-71.5325,0,"candolleanum","candolleanum","tuberous","wild",NA,"SŠrkinen","",""
NA,2822,NA,3463,"94325","","",-16,-70.23333,4100,"candolleanum","candolleanum","tuberous","wild",NA,"SŠrkinen","",""
NA,2824,NA,3465,"82015","","",-12.4167,-76,3500,"candolleanum","candolleanum","tuberous","wild",NA,"SŠrkinen","",""
NA,2825,NA,3466,"81887","","",-15.8072,-72.6633,3550,"candolleanum","candolleanum","tuberous","wild",NA,"SŠrkinen","",""
NA,2826,NA,3467,"94842","","",-9.66667,-76.08333,3350,"candolleanum","candolleanum","tuberous","wild",NA,"SŠrkinen","",""
NA,2827,NA,3468,"75256","","",-13.84503,-72.5855,3600,"candolleanum","candolleanum","tuberous","wild",NA,"SŠrkinen","",""
NA,2828,NA,3469,"75857","","",-10.68817,-76.73605,3595,"candolleanum","candolleanum","tuberous","wild",NA,"SŠrkinen","",""
NA,2829,NA,3470,"65640","","",-13.99123,-69.65521,3000,"candolleanum","candolleanum","tuberous","wild",NA,"SŠrkinen","",""
NA,2830,NA,3471,"93835","","",-14.15203,-73.53411,3700,"candolleanum","candolleanum","tuberous","wild",NA,"SŠrkinen","",""
NA,2831,NA,3472,"81614","","",-13.6167,-73.35,2900,"candolleanum","candolleanum","tuberous","wild",NA,"SŠrkinen","",""
NA,2832,NA,3473,"83069","","",-13,-72.1667,3300,"candolleanum","candolleanum","tuberous","wild",NA,"SŠrkinen","",""
NA,2833,NA,3474,"82359","","",-13.3333,-73.8667,3800,"candolleanum","candolleanum","tuberous","wild",NA,"SŠrkinen","",""
NA,2834,NA,3475,"83108","","",-14.5,-71.4667,3820,"candolleanum","candolleanum","tuberous","wild",NA,"SŠrkinen","",""
NA,2835,NA,3476,"95288","","",-14.5,-74.33333,4000,"candolleanum","candolleanum","tuberous","wild",NA,"SŠrkinen","",""
NA,2836,NA,3477,"81573","","",-13.0333,-74.15,3400,"candolleanum","candolleanum","tuberous","wild",NA,"SŠrkinen","",""
NA,2837,NA,3478,"81394","","",-14.4333,-71.2667,3900,"candolleanum","candolleanum","tuberous","wild",NA,"SŠrkinen","",""
NA,2838,NA,3479,"81846","","",-13.9167,-73.4667,4200,"candolleanum","candolleanum","tuberous","wild",NA,"SŠrkinen","",""
NA,2839,NA,3480,"92293","","",-13.33,-72.83,1800,"candolleanum","candolleanum","tuberous","wild",NA,"SŠrkinen","",""
NA,2840,NA,3481,"81679","","",-13.2167,-72,3700,"candolleanum","candolleanum","tuberous","wild",NA,"SŠrkinen","",""
NA,2841,NA,3482,"83007","","",-13.4167,-71.85,3300,"candolleanum","candolleanum","tuberous","wild",NA,"SŠrkinen","",""
NA,2842,NA,3483,"93268","","",-9.25,-76.5,3340,"candolleanum","candolleanum","tuberous","wild",NA,"SŠrkinen","",""
NA,2843,NA,3484,"75081","","",-11.594,-76.379,4200,"candolleanum","candolleanum","tuberous","wild",NA,"SŠrkinen","",""
NA,2844,NA,3485,"81574","","",-13.3333,-73.9667,3600,"candolleanum","candolleanum","tuberous","wild",NA,"SŠrkinen","",""
NA,2845,NA,3486,"75393","","",-11.78921,-75.68176,3500,"candolleanum","candolleanum","tuberous","wild",NA,"SŠrkinen","",""
NA,2846,NA,3487,"94781","","",-15.63333,-71.66667,3542,"candolleanum","candolleanum","tuberous","wild",NA,"SŠrkinen","",""
NA,2847,NA,3488,"68857","","",-13.5238,-72.65157,2300,"candolleanum","candolleanum","tuberous","wild",NA,"SŠrkinen","",""
NA,2848,NA,3489,"77093","","",-15.7667,-68.6333,0,"candolleanum","candolleanum","tuberous","wild",NA,"SŠrkinen","",""
NA,2849,NA,3490,"93534","","",-8,-77.58333,3000,"candolleanum","candolleanum","tuberous","wild",NA,"SŠrkinen","",""
NA,2850,NA,3491,"81875","","",-11.9167,-73.8667,3300,"candolleanum","candolleanum","tuberous","wild",NA,"SŠrkinen","",""
NA,2851,NA,3492,"95302","","",-15.6333,-69.8167,3880,"candolleanum","candolleanum","tuberous","wild",NA,"SŠrkinen","",""
NA,2853,NA,3494,"81998","","",-9.5,-75.8333,3675,"candolleanum","candolleanum","tuberous","wild",NA,"SŠrkinen","",""
NA,2854,NA,3495,"81888","","",-15.6167,-71.4167,4000,"candolleanum","candolleanum","tuberous","wild",NA,"SŠrkinen","",""
NA,2855,NA,3496,"75254","","",-12.3787,-74.73826,3700,"candolleanum","candolleanum","tuberous","wild",NA,"SŠrkinen","",""
NA,2856,NA,3497,"75255","","",-14.41015,-73.21098,3600,"candolleanum","candolleanum","tuberous","wild",NA,"SŠrkinen","",""
NA,2857,NA,3498,"75394","","",-14.93735,-74.4168,3120,"candolleanum","candolleanum","tuberous","wild",NA,"SŠrkinen","",""
NA,2858,NA,3499,"81508","","",-13.3047,-72.1158,2980,"candolleanum","candolleanum","tuberous","wild",NA,"SŠrkinen","",""
NA,2859,NA,3500,"68927","","",-13.11752,-71.909,3859,"candolleanum","candolleanum","tuberous","wild",NA,"SŠrkinen","",""
NA,2860,NA,3501,"93615","","",-14.8167,-71.3167,0,"candolleanum","candolleanum","tuberous","wild",NA,"SŠrkinen","",""
NA,2861,NA,3502,"75337","","",-8.279613,-77.29815,3350,"candolleanum","candolleanum","tuberous","wild",NA,"SŠrkinen","",""
NA,2862,NA,3503,"92844","","",-10.8833,-75.95,3600,"candolleanum","candolleanum","tuberous","wild",NA,"SŠrkinen","",""
NA,2863,NA,3504,"75343","","",-9.557094,-77.16451,3200,"candolleanum","candolleanum","tuberous","wild",NA,"SŠrkinen","",""
NA,2864,NA,3505,"91732","","",-14.75,-70.75,4100,"candolleanum","candolleanum","tuberous","wild",NA,"SŠrkinen","",""
NA,2865,NA,3506,"81843","","",-15.1,-73.7667,3600,"candolleanum","candolleanum","tuberous","wild",NA,"SŠrkinen","",""
NA,2866,NA,3507,"82994","","",-14.4667,-71.0667,4050,"candolleanum","candolleanum","tuberous","wild",NA,"SŠrkinen","",""
NA,2867,NA,3508,"80357","","",-14.8333,-70.1667,3900,"candolleanum","candolleanum","tuberous","wild",NA,"SŠrkinen","",""
NA,2868,NA,3509,"75390","","",-14.17585,-71.36635,3400,"candolleanum","candolleanum","tuberous","wild",NA,"SŠrkinen","",""
NA,2869,NA,3510,"93310","","",-10.8833,-77.05,3800,"candolleanum","candolleanum","tuberous","wild",NA,"SŠrkinen","",""
NA,2870,NA,3511,"81949","","",-14.3167,-72.85,3450,"candolleanum","candolleanum","tuberous","wild",NA,"SŠrkinen","",""
NA,2871,NA,3512,"81399","","",-12.27797,-74.96923,3400,"candolleanum","candolleanum","tuberous","wild",NA,"SŠrkinen","",""
NA,2872,NA,3513,"81834","","",-9.6667,-76.6667,3500,"candolleanum","candolleanum","tuberous","wild",NA,"SŠrkinen","",""
NA,2873,NA,3514,"95279","","",-15.78333,-70.3,3950,"candolleanum","candolleanum","tuberous","wild",NA,"SŠrkinen","",""
NA,2874,NA,3515,"94590","","",-11.8,-74.83333,3450,"candolleanum","candolleanum","tuberous","wild",NA,"SŠrkinen","",""
NA,2875,NA,3516,"81425","","",-13.9167,-71.6811,3400,"candolleanum","candolleanum","tuberous","wild",NA,"SŠrkinen","",""
NA,2876,NA,3517,"75259","","",-12.37038,-74.834,3600,"candolleanum","candolleanum","tuberous","wild",NA,"SŠrkinen","",""
NA,2877,NA,3518,"81654","","",-14.6167,-74.0833,3800,"candolleanum","candolleanum","tuberous","wild",NA,"SŠrkinen","",""
NA,2878,NA,3519,"81874","","",-11.4167,-74.8333,3500,"candolleanum","candolleanum","tuberous","wild",NA,"SŠrkinen","",""
NA,2879,NA,3520,"81852","","",-13.6947,-73.1514,4000,"candolleanum","candolleanum","tuberous","wild",NA,"SŠrkinen","",""
NA,2880,NA,3521,"74951","","",-13.19974,-71.61958,3550,"candolleanum","candolleanum","tuberous","wild",NA,"SŠrkinen","",""
NA,2881,NA,3522,"93154","","",-14.4167,-72.75,2600,"candolleanum","candolleanum","tuberous","wild",NA,"SŠrkinen","",""
NA,2882,NA,3523,"68745","","",-13.33923,-74.55685,3923,"candolleanum","candolleanum","tuberous","wild",NA,"SŠrkinen","",""
NA,2883,NA,3524,"33717","","",-16.27798,-70.74236,3850,"candolleanum","candolleanum","tuberous","wild",NA,"SŠrkinen","",""
NA,2884,NA,3525,"68807","","",-13.57518,-73.62517,4150,"candolleanum","candolleanum","tuberous","wild",NA,"SŠrkinen","",""
NA,2886,NA,3527,"91886","","",-13.96154,-71.7912,3400,"candolleanum","candolleanum","tuberous","wild",NA,"SŠrkinen","",""
NA,2887,NA,3528,"81501","","",-11.2667,-77.3167,0,"candolleanum","candolleanum","tuberous","wild",NA,"SŠrkinen","",""
NA,2888,NA,3529,"82471","","",-9.55,-77.44,3500,"candolleanum","candolleanum","tuberous","wild",NA,"SŠrkinen","",""
NA,2890,NA,3531,"93530","","",-10.2619,-76.1492,2520,"candolleanum","candolleanum","tuberous","wild",NA,"SŠrkinen","",""
NA,2891,NA,3532,"81803","","",-11.7333,-75.7833,3800,"candolleanum","candolleanum","tuberous","wild",NA,"SŠrkinen","",""
NA,2892,NA,3533,"81579","","",-12.35,-76.1833,3400,"candolleanum","candolleanum","tuberous","wild",NA,"SŠrkinen","",""
NA,2894,NA,3535,"81672","","",-14.1333,-72.6333,4200,"candolleanum","candolleanum","tuberous","wild",NA,"SŠrkinen","",""
NA,2895,NA,3536,"82210","","",-14.0269,-71.5672,3760,"candolleanum","candolleanum","tuberous","wild",NA,"SŠrkinen","",""
NA,2896,NA,3537,"21463","","",-12.2835,-75.18642,3350,"candolleanum","candolleanum","tuberous","wild",NA,"SŠrkinen","",""
NA,2897,NA,3538,"94316","","",-15.38333,-69.46667,3950,"candolleanum","candolleanum","tuberous","wild",NA,"SŠrkinen","",""
NA,2898,NA,3539,"93726","","",-13.2447,-73.5981,3700,"candolleanum","candolleanum","tuberous","wild",NA,"SŠrkinen","",""
NA,2899,NA,3540,"75261","","",-12.55504,-74.55395,3600,"candolleanum","candolleanum","tuberous","wild",NA,"SŠrkinen","",""
NA,2900,NA,3541,"93188","","",-15.71667,-70.15,3850,"candolleanum","candolleanum","tuberous","wild",NA,"SŠrkinen","",""
NA,2901,NA,3542,"82358","","",-14.25,-74.4833,3400,"candolleanum","candolleanum","tuberous","wild",NA,"SŠrkinen","",""
NA,2902,NA,3543,"75463","","",-9.575421,-77.69297,3500,"candolleanum","candolleanum","tuberous","wild",NA,"SŠrkinen","",""
NA,2903,NA,3544,"91699","","",-13.83333,-70.25,3190,"candolleanum","candolleanum","tuberous","wild",NA,"SŠrkinen","",""
NA,2904,NA,3545,"75339","","",-9.098533,-77.32318,3200,"candolleanum","candolleanum","tuberous","wild",NA,"SŠrkinen","",""
NA,2905,NA,3546,"75346","","",-8.546963,-77.6725,3350,"candolleanum","candolleanum","tuberous","wild",NA,"SŠrkinen","",""
NA,2906,NA,3547,"82973","","",-10.6667,-76.0833,3850,"candolleanum","candolleanum","tuberous","wild",NA,"SŠrkinen","",""
NA,2907,NA,3548,"75388","","",-11.74812,-75.12925,3650,"candolleanum","candolleanum","tuberous","wild",NA,"SŠrkinen","",""
NA,2908,NA,3549,"95251","","",-11.41667,-76.75,3800,"candolleanum","candolleanum","tuberous","wild",NA,"SŠrkinen","",""
NA,2909,NA,3550,"82128","","",-16.3989,-71.535,2000,"candolleanum","candolleanum","tuberous","wild",NA,"SŠrkinen","",""
NA,2910,NA,3551,"75856","","",-10.7836,-76.86998,2385,"candolleanum","candolleanum","tuberous","wild",NA,"SŠrkinen","",""
NA,2911,NA,3552,"81498","","",-12.0361,-75.5111,3800,"candolleanum","candolleanum","tuberous","wild",NA,"SŠrkinen","",""
NA,2912,NA,3553,"75333","","",-11.40676,-76.53346,3600,"candolleanum","candolleanum","tuberous","wild",NA,"SŠrkinen","",""
NA,2913,NA,3554,"82360","","",-11.4167,-75.6833,3200,"candolleanum","candolleanum","tuberous","wild",NA,"SŠrkinen","",""
NA,2914,NA,3555,"93747","","",-15.1,-73.66667,3500,"candolleanum","candolleanum","tuberous","wild",NA,"SŠrkinen","",""
NA,2915,NA,3556,"93736","","",-9.9167,-76.8667,2850,"candolleanum","candolleanum","tuberous","wild",NA,"SŠrkinen","",""
NA,2916,NA,3557,"75383","","",-9.549903,-76.77951,3340,"candolleanum","candolleanum","tuberous","wild",NA,"SŠrkinen","",""
NA,2917,NA,3558,"75387","","",-10.61535,-76.17921,3500,"candolleanum","candolleanum","tuberous","wild",NA,"SŠrkinen","",""
NA,2918,NA,3559,"83119","","",-13.4167,-71,3700,"candolleanum","candolleanum","tuberous","wild",NA,"SŠrkinen","",""
NA,2919,NA,3560,"81727","","",-11.3461,-75.5686,2900,"candolleanum","candolleanum","tuberous","wild",NA,"SŠrkinen","",""
NA,2920,NA,3561,"82334","","",-11.65,-74.9167,3800,"candolleanum","candolleanum","tuberous","wild",NA,"SŠrkinen","",""
NA,2921,NA,3562,"81709","","",-12.8128,-75.7831,3600,"candolleanum","candolleanum","tuberous","wild",NA,"SŠrkinen","",""
NA,2922,NA,3563,"75356","","",-14.06122,-72.20546,4100,"candolleanum","candolleanum","tuberous","wild",NA,"SŠrkinen","",""
NA,2923,NA,3564,"81844","","",-15.1667,-73.2333,3800,"candolleanum","candolleanum","tuberous","wild",NA,"SŠrkinen","",""
NA,2924,NA,3565,"94718","","",-14.08194,-71.18556,0,"candolleanum","candolleanum","tuberous","wild",NA,"SŠrkinen","",""
NA,2925,NA,3566,"91668","","",-16.36667,-69.21667,3850,"candolleanum","candolleanum","tuberous","wild",NA,"SŠrkinen","",""
NA,2926,NA,3567,"82411","","",-13.15,-72.5167,4100,"candolleanum","candolleanum","tuberous","wild",NA,"SŠrkinen","",""
NA,2927,NA,3568,"93728","","",-14.3833,-74.7667,0,"candolleanum","candolleanum","tuberous","wild",NA,"SŠrkinen","",""
NA,2928,NA,3569,"75392","","",-12.75442,-74.92543,4000,"candolleanum","candolleanum","tuberous","wild",NA,"SŠrkinen","",""
NA,2929,NA,3570,"82289","","",-10.1333,-77.2333,3875,"candolleanum","candolleanum","tuberous","wild",NA,"SŠrkinen","",""
NA,2930,NA,3571,"81922","","",-13.9667,-72.7333,3650,"candolleanum","candolleanum","tuberous","wild",NA,"SŠrkinen","",""
NA,2931,NA,3572,"81942","","",-13.6333,-74.2833,3850,"candolleanum","candolleanum","tuberous","wild",NA,"SŠrkinen","",""
NA,2932,NA,3573,"82013","","",-12.6328,-75.8906,2800,"candolleanum","candolleanum","tuberous","wild",NA,"SŠrkinen","",""
NA,2933,NA,3574,"65651","","",-16.24268,-69.02808,3850,"candolleanum","candolleanum","tuberous","wild",NA,"SŠrkinen","",""
NA,2934,NA,3575,"92772","","",-13.25,-73.35,3800,"candolleanum","candolleanum","tuberous","wild",NA,"SŠrkinen","",""
NA,2935,NA,3576,"82330","","",-13.5,-72.3333,3900,"candolleanum","candolleanum","tuberous","wild",NA,"SŠrkinen","",""
NA,2936,NA,3577,"75080","","",-11.67141,-75.49345,3800,"candolleanum","candolleanum","tuberous","wild",NA,"SŠrkinen","",""
NA,2938,NA,3579,"75330","","",-11.71569,-76.26913,3650,"candolleanum","candolleanum","tuberous","wild",NA,"SŠrkinen","",""
NA,2939,NA,3580,"81492","","",-13.9667,-73.75,3600,"candolleanum","candolleanum","tuberous","wild",NA,"SŠrkinen","",""
NA,2940,NA,3581,"81612","","",-13.855,-72.4925,2850,"candolleanum","candolleanum","tuberous","wild",NA,"SŠrkinen","",""
NA,2941,NA,3582,"81739","","",-8.6167,-77.8667,2800,"candolleanum","candolleanum","tuberous","wild",NA,"SŠrkinen","",""
NA,2942,NA,3583,"75379","","",-10.22716,-76.25197,2420,"candolleanum","candolleanum","tuberous","wild",NA,"SŠrkinen","",""
NA,2943,NA,3584,"75336","","",-9.193984,-77.59648,3500,"candolleanum","candolleanum","tuberous","wild",NA,"SŠrkinen","",""
NA,2944,NA,3585,"83206","","",-11.5333,-75.9,0,"candolleanum","candolleanum","tuberous","wild",NA,"SŠrkinen","",""
NA,2946,NA,3587,"82315","","",-14,-70.45,4000,"candolleanum","candolleanum","tuberous","wild",NA,"SŠrkinen","",""
NA,2947,NA,3588,"81433","","",-13.6861,-71.6228,3500,"candolleanum","candolleanum","tuberous","wild",NA,"SŠrkinen","",""
NA,2948,NA,3589,"82059","","",-9.1667,-76.6333,3350,"candolleanum","candolleanum","tuberous","wild",NA,"SŠrkinen","",""
NA,2949,NA,3590,"81395","","",-13.5167,-72.5333,2650,"candolleanum","candolleanum","tuberous","wild",NA,"SŠrkinen","",""
NA,2950,NA,3591,"82066","","",-11.3478,-75.4478,3800,"candolleanum","candolleanum","tuberous","wild",NA,"SŠrkinen","",""
NA,2951,NA,3592,"82074","","",-12.1667,-76.2667,3600,"candolleanum","candolleanum","tuberous","wild",NA,"SŠrkinen","",""
NA,2952,NA,3593,"75848","","",-11.20053,-76.65,3040,"candolleanum","candolleanum","tuberous","wild",NA,"SŠrkinen","",""
NA,2953,NA,3594,"81946","","",-13.488,-73.5333,3650,"candolleanum","candolleanum","tuberous","wild",NA,"SŠrkinen","",""
NA,2954,NA,3595,"68756","","",-13.23375,-74.23458,3337,"candolleanum","candolleanum","tuberous","wild",NA,"SŠrkinen","",""
NA,2955,NA,3596,"95253","","",-11.0667,-76.1333,4200,"candolleanum","candolleanum","tuberous","wild",NA,"SŠrkinen","",""
NA,2956,NA,3597,"84941","","",-10.4167,-77.4167,3600,"candolleanum","candolleanum","tuberous","wild",NA,"SŠrkinen","",""
NA,2957,NA,3598,"81873","","",-10.6333,-76.55,4400,"candolleanum","candolleanum","tuberous","wild",NA,"SŠrkinen","",""
NA,2958,NA,3599,"75257","","",-13.56749,-71.7727,3800,"candolleanum","candolleanum","tuberous","wild",NA,"SŠrkinen","",""
NA,2959,NA,3600,"91691","","",-15.9,-69.83333,3875,"candolleanum","candolleanum","tuberous","wild",NA,"SŠrkinen","",""
NA,2960,NA,3601,"82318","","",-13.5333,-74.8167,3600,"candolleanum","candolleanum","tuberous","wild",NA,"SŠrkinen","",""
NA,2961,NA,3602,"81741","","",-14.5089,-71.8853,3800,"candolleanum","candolleanum","tuberous","wild",NA,"SŠrkinen","",""
NA,2962,NA,3603,"93569","","",-12.8833,-74.3,3000,"candolleanum","candolleanum","tuberous","wild",NA,"SŠrkinen","",""
NA,2963,NA,3604,"94271","","",-10.164,-77.339,3600,"candolleanum","candolleanum","tuberous","wild",NA,"SŠrkinen","",""
NA,2964,NA,3605,"81707","","",-8.34722,-77.3894,2700,"candolleanum","candolleanum","tuberous","wild",NA,"SŠrkinen","",""
NA,2965,NA,3606,"94711","","",-14.76667,-69.95,4150,"candolleanum","candolleanum","tuberous","wild",NA,"SŠrkinen","",""
NA,2966,NA,3607,"83179","","",-15.7,-70.6,4270,"candolleanum","candolleanum","tuberous","wild",NA,"SŠrkinen","",""
NA,2967,NA,3608,"94680","","",-10.5,-75.25,2800,"candolleanum","candolleanum","tuberous","wild",NA,"SŠrkinen","",""
NA,2968,NA,3609,"81398","","",-13.63,-72.2333,3500,"candolleanum","candolleanum","tuberous","wild",NA,"SŠrkinen","",""
NA,2969,NA,3610,"81920","","",-12.25,-75.4167,3800,"candolleanum","candolleanum","tuberous","wild",NA,"SŠrkinen","",""
NA,2970,NA,3611,"75335","","",-9.02388,-77.46706,3400,"candolleanum","candolleanum","tuberous","wild",NA,"SŠrkinen","",""
NA,2971,NA,3612,"94659","","",-11.73333,-75.4,3580,"candolleanum","candolleanum","tuberous","wild",NA,"SŠrkinen","",""
NA,2972,NA,3613,"82164","","",-11.8833,-75.25,3300,"candolleanum","candolleanum","tuberous","wild",NA,"SŠrkinen","",""
NA,2973,NA,3614,"81607","","",-13.5183,-71.9781,3780,"candolleanum","candolleanum","tuberous","wild",NA,"SŠrkinen","",""
NA,2974,NA,3615,"81935","","",-8.5167,-77.15,3000,"candolleanum","candolleanum","tuberous","wild",NA,"SŠrkinen","",""
NA,2975,NA,3616,"94691","","",-15.65,-72.81667,3900,"candolleanum","candolleanum","tuberous","wild",NA,"SŠrkinen","",""
NA,2976,NA,3617,"92765","","",-13.08333,-73.01667,3700,"candolleanum","candolleanum","tuberous","wild",NA,"SŠrkinen","",""
NA,2977,NA,3618,"68767","","",-13.53412,-74.05198,3299,"candolleanum","candolleanum","tuberous","wild",NA,"SŠrkinen","",""
NA,2978,NA,3619,"91643","","",-12.98333,-73.81667,3200,"candolleanum","candolleanum","tuberous","wild",NA,"SŠrkinen","",""
NA,2979,NA,3620,"93179","","",-10.4667,-76.3481,3900,"candolleanum","candolleanum","tuberous","wild",NA,"SŠrkinen","",""
NA,2980,NA,3621,"91684","","",-13.16667,-71.41667,3100,"candolleanum","candolleanum","tuberous","wild",NA,"SŠrkinen","",""
NA,2981,NA,3622,"93251","","",-7.9108,-77.9747,3200,"candolleanum","candolleanum","tuberous","wild",NA,"SŠrkinen","",""
NA,2982,NA,3623,"94589","","",-13.81667,-72.35,3000,"candolleanum","candolleanum","tuberous","wild",NA,"SŠrkinen","",""
NA,2983,NA,3624,"290926","","",-13.271892,-72.285889,NA,"candolleanum","candolleanum","tuberous","germplasm",NA,"SŠrkinen","",""
NA,2984,NA,3625,"290934","","",-13.518505,-71.93985,NA,"candolleanum","candolleanum","tuberous","germplasm",NA,"SŠrkinen","",""
NA,2985,NA,3626,"292069","","",-13.568644,-71.787964,NA,"candolleanum","candolleanum","tuberous","germplasm",NA,"SŠrkinen","",""
NA,2986,NA,3627,"442698","","",-13.334915,-72.170868,NA,"candolleanum","candolleanum","tuberous","germplasm",24,"SŠrkinen","",""
NA,2987,NA,3628,"442700","","",-13.633334,-72.066669,NA,"candolleanum","candolleanum","tuberous","germplasm",24,"SŠrkinen","",""
NA,2988,NA,3629,"458403","","",-14.006656,-72.949459,NA,"candolleanum","candolleanum","tuberous","germplasm",24,"SŠrkinen","",""
NA,2989,NA,3630,"473454","","",-13.516335,-71.985855,NA,"candolleanum","candolleanum","tuberous","germplasm",NA,"SŠrkinen","",""
NA,2990,NA,3631,"473455","","",-14.133333,-74.266666,NA,"candolleanum","candolleanum","tuberous","germplasm",NA,"SŠrkinen","",""
NA,2991,NA,3632,"473457","","",-12.6,-72.316666,NA,"candolleanum","candolleanum","tuberous","germplasm",NA,"SŠrkinen","",""
NA,2992,NA,3633,"473492","","",-12.946248,-74.741667,NA,"candolleanum","candolleanum","tuberous","germplasm",24,"SŠrkinen","",""
NA,2993,NA,3634,"498207","","",-9.419698,-77.692177,NA,"candolleanum","candolleanum","tuberous","germplasm",24,"SŠrkinen","",""
NA,2994,NA,3635,"498255","","",-13.659332,-72.402657,NA,"candolleanum","candolleanum","tuberous","germplasm",24,"SŠrkinen","",""
NA,2995,NA,3636,"498256","","",-13.5,-71.999996,NA,"candolleanum","candolleanum","tuberous","germplasm",24,"SŠrkinen","",""
NA,2996,NA,3637,"545972","","",-15.584679,-69.072418,NA,"candolleanum","candolleanum","tuberous","germplasm",24,"SŠrkinen","",""
NA,2997,NA,3638,"568969","","",-15.583333,-68.708475,NA,"candolleanum","candolleanum","tuberous","germplasm",24,"SŠrkinen","",""
NA,2998,NA,3639,"590890","","",-13.539412,-71.985649,NA,"candolleanum","candolleanum","tuberous","germplasm",NA,"SŠrkinen","",""
NA,2999,NA,3640,"PI 210042","","",-11.466667,-75.933333,NA,"candolleanum","candolleanum","tuberous","germplasm",24,"SŠrkinen","",""
NA,3000,NA,3641,"PI 210044","","",-11.75,-75.466667,NA,"candolleanum","candolleanum","tuberous","germplasm",24,"SŠrkinen","",""
NA,3001,NA,3642,"PI 210052","","",-13.266667,-73.85,NA,"candolleanum","candolleanum","tuberous","germplasm",24,"SŠrkinen","",""
NA,3002,NA,3643,"PI 210055","","",-14.166667,-71.1,NA,"candolleanum","candolleanum","tuberous","germplasm",24,"SŠrkinen","",""
NA,3003,NA,3644,"PI 230506","","",-11.45,-75.966667,NA,"candolleanum","candolleanum","tuberous","germplasm",24,"SŠrkinen","",""
NA,3004,NA,3645,"PI 265863","","",-15.833333,-70.033333,NA,"candolleanum","candolleanum","tuberous","germplasm",24,"SŠrkinen","",""
NA,3005,NA,3646,"PI 265864","","",-13.516667,-71.983333,NA,"candolleanum","candolleanum","tuberous","germplasm",24,"SŠrkinen","",""
NA,3006,NA,3647,"PI 265875","","",-13.433333,-71.85,NA,"candolleanum","candolleanum","tuberous","germplasm",24,"SŠrkinen","",""
NA,3007,NA,3648,"PI 266385","","",-11.6,-75.366667,NA,"candolleanum","candolleanum","tuberous","germplasm",24,"SŠrkinen","",""
NA,3008,NA,3649,"PI 275271","","",-9.916667,-76.233333,NA,"candolleanum","candolleanum","tuberous","germplasm",24,"SŠrkinen","",""
NA,3009,NA,3650,"PI 275274","","",-13.45,-73.733333,NA,"candolleanum","candolleanum","tuberous","germplasm",24,"SŠrkinen","",""
NA,3010,NA,3651,"PI 283074","","",-14.233333,-72.033333,NA,"candolleanum","candolleanum","tuberous","germplasm",24,"SŠrkinen","",""
NA,3014,NA,3655,"PI 310944","","",-13.166667,-71.416667,NA,"candolleanum","candolleanum","tuberous","germplasm",24,"SŠrkinen","",""
NA,3016,NA,3657,"PI 310946","","",-13.633333,-71.666667,NA,"candolleanum","candolleanum","tuberous","germplasm",24,"SŠrkinen","",""
NA,3017,NA,3658,"PI 365304","","",-12.15,-76.233333,NA,"candolleanum","candolleanum","tuberous","germplasm",24,"SŠrkinen","",""
NA,3018,NA,3659,"PI 365316","","",-10.216667,-76.133333,NA,"candolleanum","candolleanum","tuberous","germplasm",24,"SŠrkinen","",""
NA,3021,NA,3662,"PI 365348","","",-12.4,-75.95,NA,"candolleanum","candolleanum","tuberous","germplasm",24,"SŠrkinen","",""
NA,3022,NA,3663,"PI 365349","","",-12.363056,-75.851111,NA,"candolleanum","candolleanum","tuberous","germplasm",24,"SŠrkinen","",""
NA,3026,NA,3667,"PI 365355","","",-13.3,-72.116667,NA,"candolleanum","candolleanum","tuberous","germplasm",24,"SŠrkinen","",""
NA,3027,NA,3668,"PI 365367","","",-12.783333,-74.683333,NA,"candolleanum","candolleanum","tuberous","germplasm",24,"SŠrkinen","",""
NA,3030,NA,3671,"PI 458379","","",-13.65,-73.383333,NA,"candolleanum","candolleanum","tuberous","germplasm",24,"SŠrkinen","",""
NA,3031,NA,3672,"PI 458381","","",-13.383333,-73.25,NA,"candolleanum","candolleanum","tuberous","germplasm",24,"SŠrkinen","",""
NA,3032,NA,3673,"PI 458405","","",-8.283333,-77.3,NA,"candolleanum","candolleanum","tuberous","germplasm",24,"SŠrkinen","",""
NA,3035,NA,3676,"PI 473446","","",-13.566667,-72.75,NA,"candolleanum","candolleanum","tuberous","germplasm",24,"SŠrkinen","",""
NA,3036,NA,3677,"PI 473447","","",-15.80241,-74.225258,NA,"candolleanum","candolleanum","tuberous","germplasm",24,"SŠrkinen","",""
NA,3037,NA,3678,"PI 473449","","",-13.4,-72.316667,NA,"candolleanum","candolleanum","tuberous","germplasm",24,"SŠrkinen","",""
NA,3038,NA,3679,"PI 473450","","",-15.25,-73.716667,NA,"candolleanum","candolleanum","tuberous","germplasm",24,"SŠrkinen","",""
NA,3039,NA,3680,"PI 473453","","",-14.283333,-72.1,NA,"candolleanum","candolleanum","tuberous","germplasm",24,"SŠrkinen","",""
NA,3040,NA,3681,"PI 473469","","",-13.633333,-71.733333,NA,"candolleanum","candolleanum","tuberous","germplasm",24,"SŠrkinen","",""
NA,3041,NA,3682,"PI 498212","","",-10.65,-77.666667,NA,"candolleanum","candolleanum","tuberous","germplasm",24,"SŠrkinen","",""
NA,3042,NA,3683,"PI 498213","","",-8.916667,-77.833333,NA,"candolleanum","candolleanum","tuberous","germplasm",24,"SŠrkinen","",""
NA,3043,NA,3684,"PI 498219","","",-11.7,-75.433333,NA,"candolleanum","candolleanum","tuberous","germplasm",24,"SŠrkinen","",""
NA,3045,NA,3686,"PI 498221","","",-12.066667,-75.233333,NA,"candolleanum","candolleanum","tuberous","germplasm",24,"SŠrkinen","",""
NA,3047,NA,3688,"PI 498226","","",-15.4,-69.066667,NA,"candolleanum","candolleanum","tuberous","germplasm",24,"SŠrkinen","",""
NA,3048,NA,3689,"PI 498254","","",-13.432778,-71.5,NA,"candolleanum","candolleanum","tuberous","germplasm",24,"SŠrkinen","",""
NA,3049,NA,3690,"PI 498313","","",-15.583333,-68.716667,NA,"candolleanum","candolleanum","tuberous","germplasm",24,"SŠrkinen","",""
NA,3050,NA,3691,"PI 545972","","",-15.6,-69.016667,NA,"candolleanum","candolleanum","tuberous","germplasm",NA,"SŠrkinen","",""
NA,3069,NA,3728,"CIP 764290","","",22.8489,-101.9125,NA,"cardiophyllum","cardiophyllum","tuberous","germplasm",24,"SŠrkinen","",""
NA,3070,NA,3729,"CIP 764164","","",20.6333,-99.9333,NA,"cardiophyllum","cardiophyllum","tuberous","germplasm",24,"SŠrkinen","",""
NA,3071,NA,3730,"CIP 760655","","",18.45,-97.3833,1592,"cardiophyllum","cardiophyllum","tuberous","germplasm",24,"SŠrkinen","",""
NA,3072,NA,3731,"18559","","",19.30703,-99.19769,2164,"cardiophyllum","cardiophyllum","tuberous","wild",NA,"SŠrkinen","",""
NA,3073,NA,3732,"89640","","",20.07074,-103.4997,1320,"cardiophyllum","cardiophyllum","tuberous","wild",NA,"SŠrkinen","",""
NA,3075,NA,3734,"89572","","",20.62502,-103.5668,1500,"cardiophyllum","cardiophyllum","tuberous","wild",NA,"SŠrkinen","",""
NA,3076,NA,3735,"89815","","",20.05324,-98.96165,2040,"cardiophyllum","cardiophyllum","tuberous","wild",NA,"SŠrkinen","",""
NA,3077,NA,3736,"89504","","",19.56465,-101.3289,0,"cardiophyllum","cardiophyllum","tuberous","wild",NA,"SŠrkinen","",""
NA,3078,NA,3737,"84126","","",18.45126,-97.40686,0,"cardiophyllum","cardiophyllum","tuberous","wild",NA,"SŠrkinen","",""
NA,3079,NA,3738,"88930","","",19.49106,-98.88726,2240,"cardiophyllum","cardiophyllum","tuberous","wild",NA,"SŠrkinen","",""
NA,3080,NA,3739,"90313","","",21.9876,-102.2635,1900,"cardiophyllum","cardiophyllum","tuberous","wild",NA,"SŠrkinen","",""
NA,3081,NA,3740,"89747","","",19.82123,-101.5853,2050,"cardiophyllum","cardiophyllum","tuberous","wild",NA,"SŠrkinen","",""
NA,3082,NA,3741,"90813","","",17.33,-99.3,1480,"cardiophyllum","cardiophyllum","tuberous","wild",NA,"SŠrkinen","",""
NA,3083,NA,3742,"89142","","",17.53722,-99.49509,1330,"cardiophyllum","cardiophyllum","tuberous","wild",NA,"SŠrkinen","",""
NA,3084,NA,3743,"89716","","",20.17,-99.54,2174,"cardiophyllum","cardiophyllum","tuberous","wild",NA,"SŠrkinen","",""
NA,3085,NA,3744,"80449","","",19.94,-99.28,2073,"cardiophyllum","cardiophyllum","tuberous","wild",NA,"SŠrkinen","",""
NA,3086,NA,3745,"89546","","",20.77885,-103.3999,1500,"cardiophyllum","cardiophyllum","tuberous","wild",NA,"SŠrkinen","",""
NA,3087,NA,3746,"89939","","",21.4735,-102.2744,1950,"cardiophyllum","cardiophyllum","tuberous","wild",NA,"SŠrkinen","",""
NA,3088,NA,3747,"88999","","",16.8215,-92.58492,2800,"cardiophyllum","cardiophyllum","tuberous","wild",NA,"SŠrkinen","",""
NA,3089,NA,3748,"89365","","",18.06498,-97.83031,0,"cardiophyllum","cardiophyllum","tuberous","wild",NA,"SŠrkinen","",""
NA,3090,NA,3749,"90364","","",20.77342,-99.44371,1524,"cardiophyllum","cardiophyllum","tuberous","wild",NA,"SŠrkinen","",""
NA,3091,NA,3750,"90158","","",16.90914,-96.4171,1850,"cardiophyllum","cardiophyllum","tuberous","wild",NA,"SŠrkinen","",""
NA,3092,NA,3751,"84369","","",20.17485,-101.9987,0,"cardiophyllum","cardiophyllum","tuberous","wild",NA,"SŠrkinen","",""
NA,3093,NA,3752,"89687","","",21.6167,-101.6333,2192,"cardiophyllum","cardiophyllum","tuberous","wild",NA,"SŠrkinen","",""
NA,3094,NA,3753,"89120","","",19.02419,-98.2471,1600,"cardiophyllum","cardiophyllum","tuberous","wild",NA,"SŠrkinen","",""
NA,3095,NA,3754,"90416","","",17.32833,-98.6575,1900,"cardiophyllum","cardiophyllum","tuberous","wild",NA,"SŠrkinen","",""
NA,3096,NA,3755,"82590","","",19.31558,-99.03458,2300,"cardiophyllum","cardiophyllum","tuberous","wild",NA,"SŠrkinen","",""
NA,3097,NA,3756,"89892","","",22.4047,-102.0603,2060,"cardiophyllum","cardiophyllum","tuberous","wild",NA,"SŠrkinen","",""
NA,3098,NA,3757,"82697","","",18.58462,-99.10578,1750,"cardiophyllum","cardiophyllum","tuberous","wild",NA,"SŠrkinen","",""
NA,3099,NA,3758,"88720","","",18.90534,-99.64345,1800,"cardiophyllum","cardiophyllum","tuberous","wild",NA,"SŠrkinen","",""
NA,3100,NA,3759,"88723","","",20.48416,-99.98317,2000,"cardiophyllum","cardiophyllum","tuberous","wild",NA,"SŠrkinen","",""
NA,3101,NA,3760,"91095","","",20.80492,-99.24335,2300,"cardiophyllum","cardiophyllum","tuberous","wild",NA,"SŠrkinen","",""
NA,3102,NA,3761,"89548","","",21.87681,-104.0236,1100,"cardiophyllum","cardiophyllum","tuberous","wild",NA,"SŠrkinen","",""
NA,3103,NA,3762,"89959","","",17.15,-97.42,2400,"cardiophyllum","cardiophyllum","tuberous","wild",NA,"SŠrkinen","",""
NA,3104,NA,3763,"89629","","",18.35,-97.23,2110,"cardiophyllum","cardiophyllum","tuberous","wild",NA,"SŠrkinen","",""
NA,3105,NA,3764,"285025","","",23.625925,-102.001705,NA,"cardiophyllum","cardiophyllum","tuberous","germplasm",NA,"SŠrkinen","",""
NA,3107,NA,3766,"595466","","",18.23,-97.53,NA,"cardiophyllum","cardiophyllum","tuberous","germplasm",24,"SŠrkinen","",""
NA,3108,NA,3767,"PI 595468","","",18.666667,-97.366667,NA,"cardiophyllum","cardiophyllum","tuberous","germplasm",24,"SŠrkinen","",""
NA,3109,NA,3768,"CIP 760645","","",-23.9833,-64.3,693,"chacoense","chacoense","tuberous","germplasm",24,"SŠrkinen","",""
NA,3111,NA,3770,"CIP 762274","","",-25.4422,-57.5281,129,"chacoense","chacoense","tuberous","germplasm",24,"SŠrkinen","",""
NA,3112,NA,3771,"CIP 762275","","",-23.4833,-57.3167,83,"chacoense","chacoense","tuberous","germplasm",24,"SŠrkinen","",""
NA,3113,NA,3772,"CIP 762278","","",-25.3833,-57.15,224,"chacoense","chacoense","tuberous","germplasm",24,"SŠrkinen","",""
NA,3114,NA,3773,"CIP 761038","","",-25.3856,-57.1403,224,"chacoense","chacoense","tuberous","germplasm",24,"SŠrkinen","",""
NA,3125,NA,3784,"CIP 762277","","",-26.0394,-57.13,NA,"chacoense","chacoense","tuberous","germplasm",24,"SŠrkinen","",""
NA,3126,NA,3785,"CIP 764212","","",-26.4869,-54.7839,NA,"chacoense","chacoense","tuberous","germplasm",24,"SŠrkinen","",""
NA,3127,NA,3786,"CIP 762191","","",-14.2211,-69.1531,1347,"chacoense","chacoense","tuberous","germplasm",36,"SŠrkinen","",""
NA,3128,NA,3787,"CIP 762132","","",-14.23,-69.1394,1816,"chacoense","chacoense","tuberous","germplasm",36,"SŠrkinen","",""
NA,3130,NA,3789,"RN7P1","","",-33.15975,-58.356667,NA,"chacoense","chacoense","tuberous","wild",NA,"SŠrkinen","",""
NA,3132,NA,3791,"Mo1P29","","",-34.840222,-56.404944,NA,"chacoense","chacoense","tuberous","wild",NA,"SŠrkinen","",""
NA,3134,NA,3793,"78653","","",-24.9833,-65.5833,1700,"chacoense","chacoense","tuberous","wild",NA,"SŠrkinen","",""
NA,3135,NA,3794,"81214","","",-31.2166,-64.4666,0,"chacoense","chacoense","tuberous","wild",NA,"SŠrkinen","",""
NA,3136,NA,3795,"84815","","",-24.2166,-64.85,0,"chacoense","chacoense","tuberous","wild",NA,"SŠrkinen","",""
NA,3137,NA,3796,"84049","","",-22.2,-64.5333,900,"chacoense","chacoense","tuberous","wild",NA,"SŠrkinen","",""
NA,3138,NA,3797,"80995","","",-27.9166,-65.8833,1250,"chacoense","chacoense","tuberous","wild",NA,"SŠrkinen","",""
NA,3139,NA,3798,"83495","","",-25.41238,-57.79318,0,"chacoense","chacoense","tuberous","wild",NA,"SŠrkinen","",""
NA,3140,NA,3799,"80557","","",-32.9833,-66.1833,1600,"chacoense","chacoense","tuberous","wild",NA,"SŠrkinen","",""
NA,3142,NA,3801,"82783","","",-34.05,-55.8833,0,"chacoense","chacoense","tuberous","wild",NA,"SŠrkinen","",""
NA,3143,NA,3802,"81331","","",-25.40202,-59.56749,0,"chacoense","chacoense","tuberous","wild",NA,"SŠrkinen","",""
NA,3144,NA,3803,"165392","","",-23.67944,-64.93167,1563,"chacoense","chacoense","tuberous","wild",NA,"SŠrkinen","",""
NA,3145,NA,3804,"85780","","",-24.03,-65.28,2450,"chacoense","chacoense","tuberous","wild",NA,"SŠrkinen","",""
NA,3146,NA,3805,"136017","","",-26.4,-58.21667,0,"chacoense","chacoense","tuberous","wild",NA,"SŠrkinen","",""
NA,3147,NA,3806,"83000","","",-26.6333,-65.4333,1200,"chacoense","chacoense","tuberous","wild",NA,"SŠrkinen","",""
NA,3148,NA,3807,"81207","","",-29.2666,-65.5333,0,"chacoense","chacoense","tuberous","wild",NA,"SŠrkinen","",""
NA,3149,NA,3808,"83493","","",-29.9,-63.7166,0,"chacoense","chacoense","tuberous","wild",NA,"SŠrkinen","",""
NA,3150,NA,3809,"80673","","",-27.35,-66.4,1450,"chacoense","chacoense","tuberous","wild",NA,"SŠrkinen","",""
NA,3151,NA,3810,"87907","","",-27.5833,-64.1333,0,"chacoense","chacoense","tuberous","wild",NA,"SŠrkinen","",""
NA,3152,NA,3811,"83133","","",-23.1333,-64.3333,0,"chacoense","chacoense","tuberous","wild",NA,"SŠrkinen","",""
NA,3153,NA,3812,"67430","","",-24.17253,-65.37119,1380,"chacoense","chacoense","tuberous","wild",NA,"SŠrkinen","",""
NA,3154,NA,3813,"80996","","",-31.3166,-62.8333,0,"chacoense","chacoense","tuberous","wild",NA,"SŠrkinen","",""
NA,3155,NA,3814,"79566","","",-38.04,-64.55,1245,"chacoense","chacoense","tuberous","wild",NA,"SŠrkinen","",""
NA,3156,NA,3815,"79567","","",-31.9333,-65.2,0,"chacoense","chacoense","tuberous","wild",NA,"SŠrkinen","",""
NA,3157,NA,3816,"81201","","",-31.05,-64.6166,0,"chacoense","chacoense","tuberous","wild",NA,"SŠrkinen","",""
NA,3158,NA,3817,"84169","","",-18.55,-63.9833,1800,"chacoense","chacoense","tuberous","wild",NA,"SŠrkinen","",""
NA,3159,NA,3818,"84287","","",-25.1833,-57.35,0,"chacoense","chacoense","tuberous","wild",NA,"SŠrkinen","",""
NA,3160,NA,3819,"135949","","",-28.13894,-64.83772,0,"chacoense","chacoense","tuberous","wild",NA,"SŠrkinen","",""
NA,3161,NA,3820,"81077","","",-25.33018,-57.52154,0,"chacoense","chacoense","tuberous","wild",NA,"SŠrkinen","",""
NA,3162,NA,3821,"85766","","",-24.2666,-64.4166,1500,"chacoense","chacoense","tuberous","wild",NA,"SŠrkinen","",""
NA,3163,NA,3822,"81320","","",-30.0166,-59.5333,0,"chacoense","chacoense","tuberous","wild",NA,"SŠrkinen","",""
NA,3164,NA,3823,"80055","","",-25.35,-65.3,1694,"chacoense","chacoense","tuberous","wild",NA,"SŠrkinen","",""
NA,3165,NA,3824,"83218","","",-26.3,-65.65,1600,"chacoense","chacoense","tuberous","wild",NA,"SŠrkinen","",""
NA,3166,NA,3825,"78748","","",-28.4166,-67.6833,1800,"chacoense","chacoense","tuberous","wild",NA,"SŠrkinen","",""
NA,3167,NA,3826,"77936","","",-26.88355,-65.41635,0,"chacoense","chacoense","tuberous","wild",NA,"SŠrkinen","",""
NA,3168,NA,3827,"67281","","",-30.98397,-64.47039,0,"chacoense","chacoense","tuberous","wild",NA,"SŠrkinen","",""
NA,3169,NA,3828,"87925","","",-27.8666,-64.85,0,"chacoense","chacoense","tuberous","wild",NA,"SŠrkinen","",""
NA,3170,NA,3829,"83148","","",-23.6833,-65.4333,2300,"chacoense","chacoense","tuberous","wild",NA,"SŠrkinen","",""
NA,3171,NA,3830,"77575","","",-21.43243,-45.96717,900,"chacoense","chacoense","tuberous","wild",NA,"SŠrkinen","",""
NA,3172,NA,3831,"81342","","",-33.1166,-66.8333,0,"chacoense","chacoense","tuberous","wild",NA,"SŠrkinen","",""
NA,3173,NA,3832,"77927","","",-28.4,-66.2166,0,"chacoense","chacoense","tuberous","wild",NA,"SŠrkinen","",""
NA,3174,NA,3833,"80419","","",-26.15,-65.5166,1150,"chacoense","chacoense","tuberous","wild",NA,"SŠrkinen","",""
NA,3175,NA,3834,"77898","","",-32.65,-62.3,0,"chacoense","chacoense","tuberous","wild",NA,"SŠrkinen","",""
NA,3176,NA,3835,"77896","","",-27.3333,-58.9333,0,"chacoense","chacoense","tuberous","wild",NA,"SŠrkinen","",""
NA,3177,NA,3836,"80079","","",-25.3833,-57.2666,0,"chacoense","chacoense","tuberous","wild",NA,"SŠrkinen","",""
NA,3178,NA,3837,"80528","","",-26.8666,-65.6833,850,"chacoense","chacoense","tuberous","wild",NA,"SŠrkinen","",""
NA,3179,NA,3838,"147281","","",-25.1467,-53.8486,0,"chacoense","chacoense","tuberous","wild",NA,"SŠrkinen","",""
NA,3180,NA,3839,"81322","","",-33.7166,-59.25,0,"chacoense","chacoense","tuberous","wild",NA,"SŠrkinen","",""
NA,3181,NA,3840,"82825","","",-27.5833,-65.7333,500,"chacoense","chacoense","tuberous","wild",NA,"SŠrkinen","",""
NA,3182,NA,3841,"81369","","",-26.9164,-54.205,0,"chacoense","chacoense","tuberous","wild",NA,"SŠrkinen","",""
NA,3183,NA,3842,"79775","","",-33.3,-66.35,900,"chacoense","chacoense","tuberous","wild",NA,"SŠrkinen","",""
NA,3184,NA,3843,"78718","","",-28.65,-64.15,1640,"chacoense","chacoense","tuberous","wild",NA,"SŠrkinen","",""
NA,3185,NA,3844,"136008","","",-27.31667,-64.18333,0,"chacoense","chacoense","tuberous","wild",NA,"SŠrkinen","",""
NA,3186,NA,3845,"77944","","",-27.3166,-55.5333,0,"chacoense","chacoense","tuberous","wild",NA,"SŠrkinen","",""
NA,3187,NA,3846,"78727","","",-29.1666,-66.8,1000,"chacoense","chacoense","tuberous","wild",NA,"SŠrkinen","",""
NA,3188,NA,3847,"81389","","",-26.6166,-65.2,850,"chacoense","chacoense","tuberous","wild",NA,"SŠrkinen","",""
NA,3189,NA,3848,"87108","","",-24.95,-53.4666,0,"chacoense","chacoense","tuberous","wild",NA,"SŠrkinen","",""
NA,3190,NA,3849,"80278","","",-20.1,-64.4,2480,"chacoense","chacoense","tuberous","wild",NA,"SŠrkinen","",""
NA,3191,NA,3850,"80644","","",-27.6,-66.3166,1400,"chacoense","chacoense","tuberous","wild",NA,"SŠrkinen","",""
NA,3192,NA,3851,"80175","","",-18.3321,-64.2273,1950,"chacoense","chacoense","tuberous","wild",NA,"SŠrkinen","",""
NA,3193,NA,3852,"87922","","",-31.65,-60.36667,0,"chacoense","chacoense","tuberous","wild",NA,"SŠrkinen","",""
NA,3194,NA,3853,"83666","","",-22.25,-64.9666,1550,"chacoense","chacoense","tuberous","wild",NA,"SŠrkinen","",""
NA,3195,NA,3854,"84770","","",-27.25,-65.8666,3000,"chacoense","chacoense","tuberous","wild",NA,"SŠrkinen","",""
NA,3196,NA,3855,"81321","","",-27.41006,-56.26192,0,"chacoense","chacoense","tuberous","wild",NA,"SŠrkinen","",""
NA,3198,NA,3857,"80997","","",-33.75733,-63.48625,0,"chacoense","chacoense","tuberous","wild",NA,"SŠrkinen","",""
NA,3199,NA,3858,"79771","","",-31.1666,-64.3333,730,"chacoense","chacoense","tuberous","wild",NA,"SŠrkinen","",""
NA,3200,NA,3859,"142488","","",-23.4367,-50.2475,0,"chacoense","chacoense","tuberous","wild",NA,"SŠrkinen","",""
NA,3201,NA,3860,"86925","","",-16.8333,-66.6333,0,"chacoense","chacoense","tuberous","wild",NA,"SŠrkinen","",""
NA,3202,NA,3861,"81185","","",-27.12,-50.27,860,"chacoense","chacoense","tuberous","wild",NA,"SŠrkinen","",""
NA,3203,NA,3862,"80970","","",-31.2166,-63.3166,0,"chacoense","chacoense","tuberous","wild",NA,"SŠrkinen","",""
NA,3204,NA,3863,"77153","","",-23.1,-55.7167,200,"chacoense","chacoense","tuberous","wild",NA,"SŠrkinen","",""
NA,3205,NA,3864,"84188","","",-25.5833,-57.25,0,"chacoense","chacoense","tuberous","wild",NA,"SŠrkinen","",""
NA,3207,NA,3866,"78757","","",-28.5666,-67.2166,1100,"chacoense","chacoense","tuberous","wild",NA,"SŠrkinen","",""
NA,3208,NA,3867,"79160","","",-23.7833,-66.0166,2740,"chacoense","chacoense","tuberous","wild",NA,"SŠrkinen","",""
NA,3209,NA,3868,"77899","","",-31.6666,-64.4333,0,"chacoense","chacoense","tuberous","wild",NA,"SŠrkinen","",""
NA,3210,NA,3869,"84965","","",-23.55,-64.4167,0,"chacoense","chacoense","tuberous","wild",NA,"SŠrkinen","",""
NA,3211,NA,3870,"82836","","",-22.5333,-63.8167,900,"chacoense","chacoense","tuberous","wild",NA,"SŠrkinen","",""
NA,3212,NA,3871,"80692","","",-25.8,-65.3833,1900,"chacoense","chacoense","tuberous","wild",NA,"SŠrkinen","",""
NA,3213,NA,3872,"84062","","",-26.5651,-65.0964,325,"chacoense","chacoense","tuberous","wild",NA,"SŠrkinen","",""
NA,3214,NA,3873,"81240","","",-26.75972,-66.28,0,"chacoense","chacoense","tuberous","wild",NA,"SŠrkinen","",""
NA,3215,NA,3874,"84067","","",-25.6166,-57.5,0,"chacoense","chacoense","tuberous","wild",NA,"SŠrkinen","",""
NA,3216,NA,3875,"81339","","",-27.5,-59.0141,0,"chacoense","chacoense","tuberous","wild",NA,"SŠrkinen","",""
NA,3217,NA,3876,"6940","","",-26.92628,-55.49683,0,"chacoense","chacoense","tuberous","wild",NA,"SŠrkinen","",""
NA,3218,NA,3877,"87723","","",-20.45,-63.5333,0,"chacoense","chacoense","tuberous","wild",NA,"SŠrkinen","",""
NA,3219,NA,3878,"85776","","",-23.8166,-65.3166,3700,"chacoense","chacoense","tuberous","wild",NA,"SŠrkinen","",""
NA,3220,NA,3879,"81317","","",-24.5833,-65.4167,0,"chacoense","chacoense","tuberous","wild",NA,"SŠrkinen","",""
NA,3221,NA,3880,"83121","","",-33.0441,-61.168,0,"chacoense","chacoense","tuberous","wild",NA,"SŠrkinen","",""
NA,3222,NA,3881,"81092","","",-27.15972,-55.33833,0,"chacoense","chacoense","tuberous","wild",NA,"SŠrkinen","",""
NA,3223,NA,3882,"83195","","",-26.3333,-65.2166,650,"chacoense","chacoense","tuberous","wild",NA,"SŠrkinen","",""
NA,3224,NA,3883,"80303","","",-31.1833,-59.9333,0,"chacoense","chacoense","tuberous","wild",NA,"SŠrkinen","",""
NA,3225,NA,3884,"95230","","",-14.2333,-69.4333,1800,"chacoense","chacoense","tuberous","wild",NA,"SŠrkinen","",""
NA,3226,NA,3885,"83213","","",-24.93,-65.0167,850,"chacoense","chacoense","tuberous","wild",NA,"SŠrkinen","",""
NA,3227,NA,3886,"80628","","",-22.3333,-64.8,1350,"chacoense","chacoense","tuberous","wild",NA,"SŠrkinen","",""
NA,3228,NA,3887,"77657","","",-19.3,-64.3167,2140,"chacoense","chacoense","tuberous","wild",NA,"SŠrkinen","",""
NA,3229,NA,3888,"83948","","",-26.9333,-49.05,0,"chacoense","chacoense","tuberous","wild",NA,"SŠrkinen","",""
NA,3230,NA,3889,"78012","","",-23.9,-65.45,2000,"chacoense","chacoense","tuberous","wild",NA,"SŠrkinen","",""
NA,3231,NA,3890,"82768","","",-20.3833,-60.3166,450,"chacoense","chacoense","tuberous","wild",NA,"SŠrkinen","",""
NA,3232,NA,3891,"88048","","",-25.2,-65.19,959,"chacoense","chacoense","tuberous","wild",NA,"SŠrkinen","",""
NA,3233,NA,3892,"88064","","",-27.3333,-65.75,1872,"chacoense","chacoense","tuberous","wild",NA,"SŠrkinen","",""
NA,3234,NA,3893,"80647","","",-26.9333,-59.5333,75,"chacoense","chacoense","tuberous","wild",NA,"SŠrkinen","",""
NA,3235,NA,3894,"83065","","",-27.59209,-58.77034,77,"chacoense","chacoense","tuberous","wild",NA,"SŠrkinen","",""
NA,3236,NA,3895,"80066","","",-24.9333,-65.8,1700,"chacoense","chacoense","tuberous","wild",NA,"SŠrkinen","",""
NA,3237,NA,3896,"77926","","",-27.4666,-58.8333,0,"chacoense","chacoense","tuberous","wild",NA,"SŠrkinen","",""
NA,3238,NA,3897,"135963","","",-25.22409,-59.716,0,"chacoense","chacoense","tuberous","wild",NA,"SŠrkinen","",""
NA,3239,NA,3898,"80070","","",-38.85,-60.0833,0,"chacoense","chacoense","tuberous","wild",NA,"SŠrkinen","",""
NA,3240,NA,3899,"82794","","",-25.5333,-65.9333,1600,"chacoense","chacoense","tuberous","wild",NA,"SŠrkinen","",""
NA,3241,NA,3900,"84278","","",-24.7333,-58.8,100,"chacoense","chacoense","tuberous","wild",NA,"SŠrkinen","",""
NA,3242,NA,3901,"78825","","",-28.24,-66.12,1360,"chacoense","chacoense","tuberous","wild",NA,"SŠrkinen","",""
NA,3243,NA,3902,"78037","","",-25.1666,-65.7666,2100,"chacoense","chacoense","tuberous","wild",NA,"SŠrkinen","",""
NA,3244,NA,3903,"79778","","",-24.8,-65.3833,0,"chacoense","chacoense","tuberous","wild",NA,"SŠrkinen","",""
NA,3245,NA,3904,"84946","","",-27.2166,-49.65,350,"chacoense","chacoense","tuberous","wild",NA,"SŠrkinen","",""
NA,3246,NA,3905,"81088","","",-27.38333,-65.98333,1470,"chacoense","chacoense","tuberous","wild",NA,"SŠrkinen","",""
NA,3247,NA,3906,"146975","","",-23.9161,-51.9792,0,"chacoense","chacoense","tuberous","wild",NA,"SŠrkinen","",""
NA,3248,NA,3907,"84245","","",-34.6333,-56.3333,0,"chacoense","chacoense","tuberous","wild",NA,"SŠrkinen","",""
NA,3249,NA,3908,"84813","","",-27.768,-55.7831,0,"chacoense","chacoense","tuberous","wild",NA,"SŠrkinen","",""
NA,3250,NA,3909,"81083","","",-30.41891,-66.34677,0,"chacoense","chacoense","tuberous","wild",NA,"SŠrkinen","",""
NA,3251,NA,3910,"80091","","",-26.7333,-65.7833,900,"chacoense","chacoense","tuberous","wild",NA,"SŠrkinen","",""
NA,3252,NA,3911,"94202","","",-14.22217,-69.152,1420,"chacoense","chacoense","tuberous","wild",NA,"SŠrkinen","",""
NA,3253,NA,3912,"83341","","",-31.4333,-62.0833,0,"chacoense","chacoense","tuberous","wild",NA,"SŠrkinen","",""
NA,3254,NA,3913,"83496","","",-27.7333,-57.9333,0,"chacoense","chacoense","tuberous","wild",NA,"SŠrkinen","",""
NA,3255,NA,3914,"1082","","",-16.35,-67.61667,1300,"chacoense","chacoense","tuberous","wild",NA,"SŠrkinen","",""
NA,3256,NA,3915,"84065","","",-25.2,-56.7833,0,"chacoense","chacoense","tuberous","wild",NA,"SŠrkinen","",""
NA,3257,NA,3916,"80553","","",-32.94039,-65.03975,900,"chacoense","chacoense","tuberous","wild",NA,"SŠrkinen","",""
NA,3258,NA,3917,"79877","","",-29.4333,-66.85,700,"chacoense","chacoense","tuberous","wild",NA,"SŠrkinen","",""
NA,3259,NA,3918,"85234","","",-26.15,-56.4,0,"chacoense","chacoense","tuberous","wild",NA,"SŠrkinen","",""
NA,3260,NA,3919,"85240","","",-32.0666,-64.55,0,"chacoense","chacoense","tuberous","wild",NA,"SŠrkinen","",""
NA,3261,NA,3920,"84957","","",-36.1833,-65.3,0,"chacoense","chacoense","tuberous","wild",NA,"SŠrkinen","",""
NA,3262,NA,3921,"80286","","",-20.51767,-62.13427,0,"chacoense","chacoense","tuberous","wild",NA,"SŠrkinen","",""
NA,3263,NA,3922,"85263","","",-27.54,-64.51,0,"chacoense","chacoense","tuberous","wild",NA,"SŠrkinen","",""
NA,3264,NA,3923,"81030","","",-31.3667,-65.2667,0,"chacoense","chacoense","tuberous","wild",NA,"SŠrkinen","",""
NA,3265,NA,3924,"79931","","",-28.8833,-67.7166,2665,"chacoense","chacoense","tuberous","wild",NA,"SŠrkinen","",""
NA,3266,NA,3925,"78339","","",-31.4,-64.5166,0,"chacoense","chacoense","tuberous","wild",NA,"SŠrkinen","",""
NA,3267,NA,3926,"77654","","",-18.6667,-64.8833,3200,"chacoense","chacoense","tuberous","wild",NA,"SŠrkinen","",""
NA,3269,NA,3928,"81040","","",-34.8167,-57.9833,0,"chacoense","chacoense","tuberous","wild",NA,"SŠrkinen","",""
NA,3270,NA,3929,"77660","","",-19.1667,-64.6667,2050,"chacoense","chacoense","tuberous","wild",NA,"SŠrkinen","",""
NA,3271,NA,3930,"83215","","",-26.5333,-64.8666,1000,"chacoense","chacoense","tuberous","wild",NA,"SŠrkinen","",""
NA,3272,NA,3931,"80179","","",-18.7167,-64.1833,2500,"chacoense","chacoense","tuberous","wild",NA,"SŠrkinen","",""
NA,3273,NA,3932,"80641","","",-26.4333,-65.5666,1400,"chacoense","chacoense","tuberous","wild",NA,"SŠrkinen","",""
NA,3274,NA,3933,"87117","","",-21.92298,-46.3833,0,"chacoense","chacoense","tuberous","wild",NA,"SŠrkinen","",""
NA,3275,NA,3934,"81156","","",-30.95,-62.5,0,"chacoense","chacoense","tuberous","wild",NA,"SŠrkinen","",""
NA,3276,NA,3935,"82793","","",-26.6333,-54.1333,570,"chacoense","chacoense","tuberous","wild",NA,"SŠrkinen","",""
NA,3277,NA,3936,"82788","","",-23.7833,-57.8333,0,"chacoense","chacoense","tuberous","wild",NA,"SŠrkinen","",""
NA,3278,NA,3937,"84164","","",-26.3333,-52.55,0,"chacoense","chacoense","tuberous","wild",NA,"SŠrkinen","",""
NA,3279,NA,3938,"83613","","",-26.29,-64.44,0,"chacoense","chacoense","tuberous","wild",NA,"SŠrkinen","",""
NA,3280,NA,3939,"83604","","",-25.8,-64.9666,0,"chacoense","chacoense","tuberous","wild",NA,"SŠrkinen","",""
NA,3281,NA,3940,"80656","","",-27.4333,-55.3833,125,"chacoense","chacoense","tuberous","wild",NA,"SŠrkinen","",""
NA,3282,NA,3941,"80655","","",-25.7833,-54.05,350,"chacoense","chacoense","tuberous","wild",NA,"SŠrkinen","",""
NA,3283,NA,3942,"81187","","",-27.45,-53.9333,280,"chacoense","chacoense","tuberous","wild",NA,"SŠrkinen","",""
NA,3284,NA,3943,"84025","","",-32.8,-66.1,0,"chacoense","chacoense","tuberous","wild",NA,"SŠrkinen","",""
NA,3285,NA,3944,"83856","","",-26.2,-54.5833,0,"chacoense","chacoense","tuberous","wild",NA,"SŠrkinen","",""
NA,3286,NA,3945,"81315","","",-25.1166,-58.2166,0,"chacoense","chacoense","tuberous","wild",NA,"SŠrkinen","",""
NA,3287,NA,3946,"87906","","",-26.8166,-59.9666,0,"chacoense","chacoense","tuberous","wild",NA,"SŠrkinen","",""
NA,3288,NA,3947,"80659","","",-27.5833,-60.7166,100,"chacoense","chacoense","tuberous","wild",NA,"SŠrkinen","",""
NA,3290,NA,3949,"78132","","",-31.8,-60.4833,70,"chacoense","chacoense","tuberous","wild",NA,"SŠrkinen","",""
NA,3291,NA,3950,"84952","","",-32.0333,-52.0833,350,"chacoense","chacoense","tuberous","wild",NA,"SŠrkinen","",""
NA,3292,NA,3951,"82821","","",-35.0666,-57.5333,0,"chacoense","chacoense","tuberous","wild",NA,"SŠrkinen","",""
NA,3293,NA,3952,"83141","","",-25.5166,-65.5333,1900,"chacoense","chacoense","tuberous","wild",NA,"SŠrkinen","",""
NA,3294,NA,3953,"83340","","",-27.3833,-55.8833,0,"chacoense","chacoense","tuberous","wild",NA,"SŠrkinen","",""
NA,3295,NA,3954,"81227","","",-32.8666,-64.05,0,"chacoense","chacoense","tuberous","wild",NA,"SŠrkinen","",""
NA,3296,NA,3955,"84827","","",-30.8333,-66.6833,0,"chacoense","chacoense","tuberous","wild",NA,"SŠrkinen","",""
NA,3297,NA,3956,"84832","","",-24.5583,-59.381,0,"chacoense","chacoense","tuberous","wild",NA,"SŠrkinen","",""
NA,3298,NA,3957,"81105","","",-31.85,-65.4333,0,"chacoense","chacoense","tuberous","wild",NA,"SŠrkinen","",""
NA,3299,NA,3958,"84072","","",-25.25,-57.15,0,"chacoense","chacoense","tuberous","wild",NA,"SŠrkinen","",""
NA,3300,NA,3959,"81009","","",-26.5,-64.75,0,"chacoense","chacoense","tuberous","wild",NA,"SŠrkinen","",""
NA,3301,NA,3960,"81249","","",-22.9869,-64.4119,375,"chacoense","chacoense","tuberous","wild",NA,"SŠrkinen","",""
NA,3302,NA,3961,"80577","","",-26.6833,-65.5333,1500,"chacoense","chacoense","tuberous","wild",NA,"SŠrkinen","",""
NA,3303,NA,3962,"129332","","",-30.4097,-61.02876,0,"chacoense","chacoense","tuberous","wild",NA,"SŠrkinen","",""
NA,3304,NA,3963,"80718","","",-28.7833,-65.5166,0,"chacoense","chacoense","tuberous","wild",NA,"SŠrkinen","",""
NA,3305,NA,3964,"83753","","",-27.19,-65.45,900,"chacoense","chacoense","tuberous","wild",NA,"SŠrkinen","",""
NA,3306,NA,3965,"80452","","",-25.9833,-54.6333,0,"chacoense","chacoense","tuberous","wild",NA,"SŠrkinen","",""
NA,3307,NA,3966,"78259","","",-33.1166,-66.0833,0,"chacoense","chacoense","tuberous","wild",NA,"SŠrkinen","",""
NA,3308,NA,3967,"80626","","",-22.3,-64.6833,1600,"chacoense","chacoense","tuberous","wild",NA,"SŠrkinen","",""
NA,3309,NA,3968,"77416","","",-17.9,-65.1,2500,"chacoense","chacoense","tuberous","wild",NA,"SŠrkinen","",""
NA,3311,NA,3970,"83421","","",-27.45,-66.55,1600,"chacoense","chacoense","tuberous","wild",NA,"SŠrkinen","",""
NA,3312,NA,3971,"80320","","",-27.14212,-56.75353,0,"chacoense","chacoense","tuberous","wild",NA,"SŠrkinen","",""
NA,3313,NA,3972,"79726","","",-35.57761,-58.01367,0,"chacoense","chacoense","tuberous","wild",NA,"SŠrkinen","",""
NA,3314,NA,3973,"81150","","",-32.44,-60.46,0,"chacoense","chacoense","tuberous","wild",NA,"SŠrkinen","",""
NA,3315,NA,3974,"77916","","",-34.5897,-58.4833,0,"chacoense","chacoense","tuberous","wild",NA,"SŠrkinen","",""
NA,3316,NA,3975,"80646","","",-26.9,-60.1333,100,"chacoense","chacoense","tuberous","wild",NA,"SŠrkinen","",""
NA,3318,NA,3977,"135764","","",-23.68862,-61.94287,0,"chacoense","chacoense","tuberous","wild",NA,"SŠrkinen","",""
NA,3319,NA,3978,"80069","","",-38.04,-61.9155,0,"chacoense","chacoense","tuberous","wild",NA,"SŠrkinen","",""
NA,3320,NA,3979,"84458","","",-28.0333,-65.5666,750,"chacoense","chacoense","tuberous","wild",NA,"SŠrkinen","",""
NA,3321,NA,3980,"29640","","",-19.14,-65.26,1800,"chacoense","chacoense","tuberous","wild",NA,"SŠrkinen","",""
NA,3322,NA,3981,"146656","","",-26.4842,-51.9906,0,"chacoense","chacoense","tuberous","wild",NA,"SŠrkinen","",""
NA,3323,NA,3982,"81181","","",-25.7,-52.4166,600,"chacoense","chacoense","tuberous","wild",NA,"SŠrkinen","",""
NA,3324,NA,3983,"84023","","",-32.2333,-64.3333,1200,"chacoense","chacoense","tuberous","wild",NA,"SŠrkinen","",""
NA,3325,NA,3984,"79337","","",-28.7333,-66.1166,700,"chacoense","chacoense","tuberous","wild",NA,"SŠrkinen","",""
NA,3326,NA,3985,"83861","","",-22.9,-64.5166,0,"chacoense","chacoense","tuberous","wild",NA,"SŠrkinen","",""
NA,3327,NA,3986,"84944","","",-25.4167,-52.4167,0,"chacoense","chacoense","tuberous","wild",NA,"SŠrkinen","",""
NA,3328,NA,3987,"85769","","",-22.2166,-66.15,1730,"chacoense","chacoense","tuberous","wild",NA,"SŠrkinen","",""
NA,3329,NA,3988,"87895","","",-25.65362,-54.59329,0,"chacoense","chacoense","tuberous","wild",NA,"SŠrkinen","",""
NA,3330,NA,3989,"83649","","",-29.25,-65.25,0,"chacoense","chacoense","tuberous","wild",NA,"SŠrkinen","",""
NA,3331,NA,3990,"78122","","",-27.30619,-58.54631,60,"chacoense","chacoense","tuberous","wild",NA,"SŠrkinen","",""
NA,3332,NA,3991,"78116","","",-24.8333,-65.7166,2000,"chacoense","chacoense","tuberous","wild",NA,"SŠrkinen","",""
NA,3333,NA,3992,"83061","","",-35.5333,-57.3333,0,"chacoense","chacoense","tuberous","wild",NA,"SŠrkinen","",""
NA,3334,NA,3993,"84311","","",-26.9333,-50.7,900,"chacoense","chacoense","tuberous","wild",NA,"SŠrkinen","",""
NA,3335,NA,3994,"82820","","",-23.7833,-64.7833,0,"chacoense","chacoense","tuberous","wild",NA,"SŠrkinen","",""
NA,3336,NA,3995,"83006","","",-25.3666,-57.6166,0,"chacoense","chacoense","tuberous","wild",NA,"SŠrkinen","",""
NA,3337,NA,3996,"78914","","",-33.05,-64.36,500,"chacoense","chacoense","tuberous","wild",NA,"SŠrkinen","",""
NA,3338,NA,3997,"83900","","",-35.7333,-57.5,0,"chacoense","chacoense","tuberous","wild",NA,"SŠrkinen","",""
NA,3339,NA,3998,"80429","","",-28.7,-58.6333,0,"chacoense","chacoense","tuberous","wild",NA,"SŠrkinen","",""
NA,3340,NA,3999,"77407","","",-22.1667,-64.3333,720,"chacoense","chacoense","tuberous","wild",NA,"SŠrkinen","",""
NA,3341,NA,4000,"81245","","",-27.5,-55.1667,420,"chacoense","chacoense","tuberous","wild",NA,"SŠrkinen","",""
NA,3342,NA,4001,"83752","","",-25.3,-66.25,2000,"chacoense","chacoense","tuberous","wild",NA,"SŠrkinen","",""
NA,3343,NA,4002,"81020","","",-31.7333,-64.5666,0,"chacoense","chacoense","tuberous","wild",NA,"SŠrkinen","",""
NA,3344,NA,4003,"81355","","",-26.1,-58.56,0,"chacoense","chacoense","tuberous","wild",NA,"SŠrkinen","",""
NA,3345,NA,4004,"79673","","",-32.48,-65.01,1075,"chacoense","chacoense","tuberous","wild",NA,"SŠrkinen","",""
NA,3346,NA,4005,"77925","","",-25.77614,-56.45019,0,"chacoense","chacoense","tuberous","wild",NA,"SŠrkinen","",""
NA,3347,NA,4006,"77904","","",-32.0333,-65.05,0,"chacoense","chacoense","tuberous","wild",NA,"SŠrkinen","",""
NA,3348,NA,4007,"84879","","",-16.28625,-67.21371,1900,"chacoense","chacoense","tuberous","wild",NA,"SŠrkinen","",""
NA,3349,NA,4008,"83209","","",-35.7166,-57.3333,0,"chacoense","chacoense","tuberous","wild",NA,"SŠrkinen","",""
NA,3350,NA,4009,"82797","","",-25.8667,-57.2,0,"chacoense","chacoense","tuberous","wild",NA,"SŠrkinen","",""
NA,3351,NA,4010,"79938","","",-29.1833,-67.65,1820,"chacoense","chacoense","tuberous","wild",NA,"SŠrkinen","",""
NA,3352,NA,4011,"77659","","",-19.15,-64.5,2100,"chacoense","chacoense","tuberous","wild",NA,"SŠrkinen","",""
NA,3353,NA,4012,"78730","","",-28.48,-66.56,1300,"chacoense","chacoense","tuberous","wild",NA,"SŠrkinen","",""
NA,3354,NA,4013,"85893","","",-32.02,-63.34,0,"chacoense","chacoense","tuberous","wild",NA,"SŠrkinen","",""
NA,3355,NA,4014,"78731","","",-28.9,-66.9666,1300,"chacoense","chacoense","tuberous","wild",NA,"SŠrkinen","",""
NA,3356,NA,4015,"81052","","",-31.85,-64.3833,0,"chacoense","chacoense","tuberous","wild",NA,"SŠrkinen","",""
NA,3357,NA,4016,"83821","","",-22.7333,-64.3666,0,"chacoense","chacoense","tuberous","wild",NA,"SŠrkinen","",""
NA,3358,NA,4017,"140724","","",-26.41838,-51.2726,925,"chacoense","chacoense","tuberous","wild",NA,"SŠrkinen","",""
NA,3359,NA,4018,"82715","","",-32.3333,-65.4,0,"chacoense","chacoense","tuberous","wild",NA,"SŠrkinen","",""
NA,3360,NA,4019,"135762","","",-24.09295,-62.16034,0,"chacoense","chacoense","tuberous","wild",NA,"SŠrkinen","",""
NA,3361,NA,4020,"82953","","",-32.06861,-60.63806,0,"chacoense","chacoense","tuberous","wild",NA,"SŠrkinen","",""
NA,3362,NA,4021,"85724","","",-30.2909,-62.50588,400,"chacoense","chacoense","tuberous","wild",NA,"SŠrkinen","",""
NA,3363,NA,4022,"83880","","",-26.4,-54.6333,160,"chacoense","chacoense","tuberous","wild",NA,"SŠrkinen","",""
NA,3364,NA,4023,"81057","","",-34.43508,-58.70449,0,"chacoense","chacoense","tuberous","wild",NA,"SŠrkinen","",""
NA,3365,NA,4024,"85463","","",-27.55,-65.0333,600,"chacoense","chacoense","tuberous","wild",NA,"SŠrkinen","",""
NA,3366,NA,4025,"80658","","",-27.2833,-60.4166,65,"chacoense","chacoense","tuberous","wild",NA,"SŠrkinen","",""
NA,3367,NA,4026,"81195","","",-33.0666,-64.5666,0,"chacoense","chacoense","tuberous","wild",NA,"SŠrkinen","",""
NA,3368,NA,4027,"78831","","",-28,-66.95,1240,"chacoense","chacoense","tuberous","wild",NA,"SŠrkinen","",""
NA,3369,NA,4028,"83859","","",-26.5305,-59.0617,0,"chacoense","chacoense","tuberous","wild",NA,"SŠrkinen","",""
NA,3370,NA,4029,"85978","","",-22.55,-64.5333,1580,"chacoense","chacoense","tuberous","wild",NA,"SŠrkinen","",""
NA,3371,NA,4030,"85262","","",-24.5,-56.6833,0,"chacoense","chacoense","tuberous","wild",NA,"SŠrkinen","",""
NA,3372,NA,4031,"80058","","",-27.45,-64.9333,320,"chacoense","chacoense","tuberous","wild",NA,"SŠrkinen","",""
NA,3373,NA,4032,"87062","","",-25.4,-56.9666,0,"chacoense","chacoense","tuberous","wild",NA,"SŠrkinen","",""
NA,3374,NA,4033,"88023","","",-32.9511,-60.6663,147,"chacoense","chacoense","tuberous","wild",NA,"SŠrkinen","",""
NA,3375,NA,4034,"166226","","",-26.60639,-65.86944,0,"chacoense","chacoense","tuberous","wild",NA,"SŠrkinen","",""
NA,3376,NA,4035,"84360","","",-24.9166,-64.4666,0,"chacoense","chacoense","tuberous","wild",NA,"SŠrkinen","",""
NA,3377,NA,4036,"81376","","",-24.2551,-61.2378,0,"chacoense","chacoense","tuberous","wild",NA,"SŠrkinen","",""
NA,3378,NA,4037,"6939","","",-25.86667,-56.83333,0,"chacoense","chacoense","tuberous","wild",NA,"SŠrkinen","",""
NA,3379,NA,4038,"80547","","",-31.4666,-64.65,1550,"chacoense","chacoense","tuberous","wild",NA,"SŠrkinen","",""
NA,3380,NA,4039,"78508","","",-26.5833,-66.1666,2000,"chacoense","chacoense","tuberous","wild",NA,"SŠrkinen","",""
NA,3381,NA,4040,"77408","","",-16.0333,-67.9833,1450,"chacoense","chacoense","tuberous","wild",NA,"SŠrkinen","",""
NA,3382,NA,4041,"80120","","",-16.4689,-67.4499,1930,"chacoense","chacoense","tuberous","wild",NA,"SŠrkinen","",""
NA,3383,NA,4042,"165882","","",-24.50611,-65.32833,1463,"chacoense","chacoense","tuberous","wild",NA,"SŠrkinen","",""
NA,3384,NA,4043,"77662","","",-19.4833,-64.1667,2100,"chacoense","chacoense","tuberous","wild",NA,"SŠrkinen","",""
NA,3385,NA,4044,"84077","","",-25.84176,-56.23151,0,"chacoense","chacoense","tuberous","wild",NA,"SŠrkinen","",""
NA,3386,NA,4045,"83823","","",-23.7333,-64.5833,0,"chacoense","chacoense","tuberous","wild",NA,"SŠrkinen","",""
NA,3387,NA,4046,"78783","","",-29.08,-67.34,1200,"chacoense","chacoense","tuberous","wild",NA,"SŠrkinen","",""
NA,3388,NA,4047,"84142","","",-20.4833,-62.25,400,"chacoense","chacoense","tuberous","wild",NA,"SŠrkinen","",""
NA,3389,NA,4048,"82941","","",-24.55,-65.0833,0,"chacoense","chacoense","tuberous","wild",NA,"SŠrkinen","",""
NA,3390,NA,4049,"81175","","",-30.8333,-64.5667,0,"chacoense","chacoense","tuberous","wild",NA,"SŠrkinen","",""
NA,3391,NA,4050,"78562","","",-28.4333,-65.7833,1200,"chacoense","chacoense","tuberous","wild",NA,"SŠrkinen","",""
NA,3392,NA,4051,"78913","","",-31.3,-60.8666,450,"chacoense","chacoense","tuberous","wild",NA,"SŠrkinen","",""
NA,3393,NA,4052,"78351","","",-29.14,-66.51,1100,"chacoense","chacoense","tuberous","wild",NA,"SŠrkinen","",""
NA,3394,NA,4053,"83940","","",-26.7833,-66.0666,1700,"chacoense","chacoense","tuberous","wild",NA,"SŠrkinen","",""
NA,3395,NA,4054,"84099","","",-25.4833,-57.35,0,"chacoense","chacoense","tuberous","wild",NA,"SŠrkinen","",""
NA,3396,NA,4055,"83973","","",-30.05,-66.8833,0,"chacoense","chacoense","tuberous","wild",NA,"SŠrkinen","",""
NA,3397,NA,4056,"84073","","",-26.03,-56.5,0,"chacoense","chacoense","tuberous","wild",NA,"SŠrkinen","",""
NA,3398,NA,4057,"81018","","",-30.7211,-64.8099,1700,"chacoense","chacoense","tuberous","wild",NA,"SŠrkinen","",""
NA,3399,NA,4058,"81246","","",-26.6166,-54.7666,0,"chacoense","chacoense","tuberous","wild",NA,"SŠrkinen","",""
NA,3400,NA,4059,"83557","","",-27.0333,-65.25,700,"chacoense","chacoense","tuberous","wild",NA,"SŠrkinen","",""
NA,3401,NA,4060,"166523","","",-30.37167,-64.65861,0,"chacoense","chacoense","tuberous","wild",NA,"SŠrkinen","",""
NA,3402,NA,4061,"79674","","",-32.22,-59.56,1094,"chacoense","chacoense","tuberous","wild",NA,"SŠrkinen","",""
NA,3403,NA,4062,"87756","","",-27.1166,-55.7833,0,"chacoense","chacoense","tuberous","wild",NA,"SŠrkinen","",""
NA,3404,NA,4063,"77848","","",-15.8,-68.0667,1400,"chacoense","chacoense","tuberous","wild",NA,"SŠrkinen","",""
NA,3405,NA,4064,"82944","","",-24.2333,-64.2167,910,"chacoense","chacoense","tuberous","wild",NA,"SŠrkinen","",""
NA,3406,NA,4065,"80110","","",-17.1833,-65.8,1850,"chacoense","chacoense","tuberous","wild",NA,"SŠrkinen","",""
NA,3407,NA,4066,"87903","","",-24.5833,-47.6,0,"chacoense","chacoense","tuberous","wild",NA,"SŠrkinen","",""
NA,3408,NA,4067,"80665","","",-24.1166,-65.4666,2100,"chacoense","chacoense","tuberous","wild",NA,"SŠrkinen","",""
NA,3409,NA,4068,"80365","","",-23.45,-62.7333,1500,"chacoense","chacoense","tuberous","wild",NA,"SŠrkinen","",""
NA,3410,NA,4069,"81047","","",-30.5166,-66.1666,0,"chacoense","chacoense","tuberous","wild",NA,"SŠrkinen","",""
NA,3411,NA,4070,"87099","","",-25.55098,-57.03984,0,"chacoense","chacoense","tuberous","wild",NA,"SŠrkinen","",""
NA,3412,NA,4071,"77663","","",-18.5333,-65.0833,2200,"chacoense","chacoense","tuberous","wild",NA,"SŠrkinen","",""
NA,3413,NA,4072,"80057","","",-27.7333,-64.25,190,"chacoense","chacoense","tuberous","wild",NA,"SŠrkinen","",""
NA,3414,NA,4073,"77847","","",-27.2666,-58.25,0,"chacoense","chacoense","tuberous","wild",NA,"SŠrkinen","",""
NA,3415,NA,4074,"82949","","",-28.2167,-65.8667,0,"chacoense","chacoense","tuberous","wild",NA,"SŠrkinen","",""
NA,3416,NA,4075,"83590","","",-27.6333,-65.25,440,"chacoense","chacoense","tuberous","wild",NA,"SŠrkinen","",""
NA,3417,NA,4076,"79929","","",-32.6333,-64.6,600,"chacoense","chacoense","tuberous","wild",NA,"SŠrkinen","",""
NA,3419,NA,4078,"77915","","",-25.2666,-65.4833,1200,"chacoense","chacoense","tuberous","wild",NA,"SŠrkinen","",""
NA,3420,NA,4079,"83897","","",-27.8333,-64.0666,0,"chacoense","chacoense","tuberous","wild",NA,"SŠrkinen","",""
NA,3421,NA,4080,"81344","","",-27.75,-57.6166,0,"chacoense","chacoense","tuberous","wild",NA,"SŠrkinen","",""
NA,3422,NA,4081,"84849","","",-33.15,-65.45,0,"chacoense","chacoense","tuberous","wild",NA,"SŠrkinen","",""
NA,3423,NA,4082,"80550","","",-31.14028,-64.17417,1030,"chacoense","chacoense","tuberous","wild",NA,"SŠrkinen","",""
NA,3424,NA,4083,"80420","","",-26.13,-65.29,1000,"chacoense","chacoense","tuberous","wild",NA,"SŠrkinen","",""
NA,3425,NA,4084,"77956","","",-26.24,-54.38,0,"chacoense","chacoense","tuberous","wild",NA,"SŠrkinen","",""
NA,3426,NA,4085,"83751","","",-27.7356,-66.0488,3200,"chacoense","chacoense","tuberous","wild",NA,"SŠrkinen","",""
NA,3427,NA,4086,"83194","","",-27.2667,-65.55,400,"chacoense","chacoense","tuberous","wild",NA,"SŠrkinen","",""
NA,3428,NA,4087,"79672","","",-33.09,-65.21,1282,"chacoense","chacoense","tuberous","wild",NA,"SŠrkinen","",""
NA,3430,NA,4089,"80200","","",-16.244,-67.7348,1320,"chacoense","chacoense","tuberous","wild",NA,"SŠrkinen","",""
NA,3431,NA,4090,"81122","","",-31.89917,-64.77278,1354,"chacoense","chacoense","tuberous","wild",NA,"SŠrkinen","",""
NA,3432,NA,4091,"77907","","",-25.8333,-65.5,0,"chacoense","chacoense","tuberous","wild",NA,"SŠrkinen","",""
NA,3433,NA,4092,"77913","","",-25.99013,-58.1727,0,"chacoense","chacoense","tuberous","wild",NA,"SŠrkinen","",""
NA,3434,NA,4093,"85670","","",-28.08333,-66.2,0,"chacoense","chacoense","tuberous","wild",NA,"SŠrkinen","",""
NA,3435,NA,4094,"81046","","",-31.6833,-63.9,0,"chacoense","chacoense","tuberous","wild",NA,"SŠrkinen","",""
NA,3436,NA,4095,"77418","","",-19.75,-63.75,1600,"chacoense","chacoense","tuberous","wild",NA,"SŠrkinen","",""
NA,3437,NA,4096,"79683","","",-31.8333,-63.75,250,"chacoense","chacoense","tuberous","wild",NA,"SŠrkinen","",""
NA,3438,NA,4097,"85238","","",-26.8666,-58.3833,0,"chacoense","chacoense","tuberous","wild",NA,"SŠrkinen","",""
NA,3439,NA,4098,"77409","","",-19.75,-64.0833,1400,"chacoense","chacoense","tuberous","wild",NA,"SŠrkinen","",""
NA,3440,NA,4099,"77861","","",-17.65,-61.7333,1800,"chacoense","chacoense","tuberous","wild",NA,"SŠrkinen","",""
NA,3441,NA,4100,"135689","","",-27.56667,-60.53333,0,"chacoense","chacoense","tuberous","wild",NA,"SŠrkinen","",""
NA,3442,NA,4101,"78596","","",-29.3,-66.9333,2120,"chacoense","chacoense","tuberous","wild",NA,"SŠrkinen","",""
NA,3443,NA,4102,"81373","","",-24.2833,-64.6833,0,"chacoense","chacoense","tuberous","wild",NA,"SŠrkinen","",""
NA,3444,NA,4103,"81051","","",-35.0667,-66.5,0,"chacoense","chacoense","tuberous","wild",NA,"SŠrkinen","",""
NA,3446,NA,4105,"83363","","",-27.7166,-54.9166,105,"chacoense","chacoense","tuberous","wild",NA,"SŠrkinen","",""
NA,3447,NA,4106,"78071","","",-23.7666,-65.6166,2800,"chacoense","chacoense","tuberous","wild",NA,"SŠrkinen","",""
NA,3448,NA,4107,"81100","","",-25.73455,-66.48792,0,"chacoense","chacoense","tuberous","wild",NA,"SŠrkinen","",""
NA,3449,NA,4108,"82843","","",-29.72207,-63.51474,0,"chacoense","chacoense","tuberous","wild",NA,"SŠrkinen","",""
NA,3450,NA,4109,"82840","","",-29.5166,-63.7,0,"chacoense","chacoense","tuberous","wild",NA,"SŠrkinen","",""
NA,3451,NA,4110,"79677","","",-35.3333,-57.2833,0,"chacoense","chacoense","tuberous","wild",NA,"SŠrkinen","",""
NA,3452,NA,4111,"81007","","",-30.65,-64.5166,0,"chacoense","chacoense","tuberous","wild",NA,"SŠrkinen","",""
NA,3453,NA,4112,"77410","","",-19.8,-63.5833,900,"chacoense","chacoense","tuberous","wild",NA,"SŠrkinen","",""
NA,3454,NA,4113,"85252","","",-29.28333,-67.5,0,"chacoense","chacoense","tuberous","wild",NA,"SŠrkinen","",""
NA,3455,NA,4114,"81352","","",-26.54,-60.07,0,"chacoense","chacoense","tuberous","wild",NA,"SŠrkinen","",""
NA,3456,NA,4115,"79999","","",-32.6167,-62.6833,0,"chacoense","chacoense","tuberous","wild",NA,"SŠrkinen","",""
NA,3457,NA,4116,"77413","","",-17.9833,-65.2333,2000,"chacoense","chacoense","tuberous","wild",NA,"SŠrkinen","",""
NA,3458,NA,4117,"78547","","",-29.2166,-65.9333,650,"chacoense","chacoense","tuberous","wild",NA,"SŠrkinen","",""
NA,3459,NA,4118,"81038","","",-36.25,-64.2333,0,"chacoense","chacoense","tuberous","wild",NA,"SŠrkinen","",""
NA,3460,NA,4119,"80543","","",-31.4,-64.1833,1700,"chacoense","chacoense","tuberous","wild",NA,"SŠrkinen","",""
NA,3461,NA,4120,"87104","","",-25.2833,-54.0833,0,"chacoense","chacoense","tuberous","wild",NA,"SŠrkinen","",""
NA,3462,NA,4121,"95235","","",-13.8333,-69.3333,1500,"chacoense","chacoense","tuberous","wild",NA,"SŠrkinen","",""
NA,3463,NA,4122,"79684","","",-27.1,-65.3666,400,"chacoense","chacoense","tuberous","wild",NA,"SŠrkinen","",""
NA,3464,NA,4123,"77089","","",-18.9833,-64.3167,2000,"chacoense","chacoense","tuberous","wild",NA,"SŠrkinen","",""
NA,3465,NA,4124,"81034","","",-35.05,-64.7,0,"chacoense","chacoense","tuberous","wild",NA,"SŠrkinen","",""
NA,3466,NA,4125,"81244","","",-34.65,-58.3666,0,"chacoense","chacoense","tuberous","wild",NA,"SŠrkinen","",""
NA,3467,NA,4126,"164983","","",-25.41917,-52.06694,600,"chacoense","chacoense","tuberous","wild",NA,"SŠrkinen","",""
NA,3468,NA,4127,"78534","","",-29.13,-67.04,1400,"chacoense","chacoense","tuberous","wild",NA,"SŠrkinen","",""
NA,3469,NA,4128,"80609","","",-24.72521,-65.48735,1500,"chacoense","chacoense","tuberous","wild",NA,"SŠrkinen","",""
NA,3470,NA,4129,"29629","","",-18.39548,-64.14099,1800,"chacoense","chacoense","tuberous","wild",NA,"SŠrkinen","",""
NA,3471,NA,4130,"83761","","",-25.5,-57.15,0,"chacoense","chacoense","tuberous","wild",NA,"SŠrkinen","",""
NA,3472,NA,4131,"88047","","",-25.93,-65.11,915,"chacoense","chacoense","tuberous","wild",NA,"SŠrkinen","",""
NA,3473,NA,4132,"85461","","",-27.1166,-67.6666,1700,"chacoense","chacoense","tuberous","wild",NA,"SŠrkinen","",""
NA,3474,NA,4133,"85667","","",-27.25,-66.25,1300,"chacoense","chacoense","tuberous","wild",NA,"SŠrkinen","",""
NA,3475,NA,4134,"87090","","",-25.45,-56.85,0,"chacoense","chacoense","tuberous","wild",NA,"SŠrkinen","",""
NA,3476,NA,4135,"87094","","",-25.45,-56.0166,0,"chacoense","chacoense","tuberous","wild",NA,"SŠrkinen","",""
NA,3477,NA,4136,"77398","","",-21.3833,-64.8333,2200,"chacoense","chacoense","tuberous","wild",NA,"SŠrkinen","",""
NA,3478,NA,4137,"86073","","",-18.86667,-65.08333,800,"chacoense","chacoense","tuberous","wild",NA,"SŠrkinen","",""
NA,3479,NA,4138,"129330","","",-31.19861,-61.69333,0,"chacoense","chacoense","tuberous","wild",NA,"SŠrkinen","",""
NA,3480,NA,4139,"78532","","",-27.65,-67.0333,1400,"chacoense","chacoense","tuberous","wild",NA,"SŠrkinen","",""
NA,3481,NA,4140,"82773","","",-25.3,-57.4166,0,"chacoense","chacoense","tuberous","wild",NA,"SŠrkinen","",""
NA,3482,NA,4141,"83595","","",-28.1166,-65.6666,0,"chacoense","chacoense","tuberous","wild",NA,"SŠrkinen","",""
NA,3483,NA,4142,"81110","","",-28.31333,-65.37528,1950,"chacoense","chacoense","tuberous","wild",NA,"SŠrkinen","",""
NA,3484,NA,4143,"83201","","",-26.98,-65.57,550,"chacoense","chacoense","tuberous","wild",NA,"SŠrkinen","",""
NA,3485,NA,4144,"80741","","",-24.4333,-64.85,0,"chacoense","chacoense","tuberous","wild",NA,"SŠrkinen","",""
NA,3486,NA,4145,"86025","","",-24.85,-61.5,0,"chacoense","chacoense","tuberous","wild",NA,"SŠrkinen","",""
NA,3487,NA,4146,"78560","","",-27.5833,-67.1333,1340,"chacoense","chacoense","tuberous","wild",NA,"SŠrkinen","",""
NA,3488,NA,4147,"81113","","",-24.89556,-65.24028,0,"chacoense","chacoense","tuberous","wild",NA,"SŠrkinen","",""
NA,3489,NA,4148,"78724","","",-29,-66.6166,1000,"chacoense","chacoense","tuberous","wild",NA,"SŠrkinen","",""
NA,3490,NA,4149,"81139","","",-30.9833,-64.9833,0,"chacoense","chacoense","tuberous","wild",NA,"SŠrkinen","",""
NA,3491,NA,4150,"83886","","",-27.7833,-65.5666,0,"chacoense","chacoense","tuberous","wild",NA,"SŠrkinen","",""
NA,3492,NA,4151,"84840","","",-30.95,-64.2666,0,"chacoense","chacoense","tuberous","wild",NA,"SŠrkinen","",""
NA,3493,NA,4152,"78739","","",-29.4666,-56.8166,61,"chacoense","chacoense","tuberous","wild",NA,"SŠrkinen","",""
NA,3494,NA,4153,"83922","","",-31.6333,-60.7,0,"chacoense","chacoense","tuberous","wild",NA,"SŠrkinen","",""
NA,3495,NA,4154,"83178","","",-24.1666,-58.0166,0,"chacoense","chacoense","tuberous","wild",NA,"SŠrkinen","",""
NA,3496,NA,4155,"82867","","",-26.5333,-65.9833,750,"chacoense","chacoense","tuberous","wild",NA,"SŠrkinen","",""
NA,3497,NA,4156,"77414","","",-18.2667,-65.2333,2200,"chacoense","chacoense","tuberous","wild",NA,"SŠrkinen","",""
NA,3498,NA,4157,"82871","","",-26.7,-64.95,450,"chacoense","chacoense","tuberous","wild",NA,"SŠrkinen","",""
NA,3499,NA,4158,"78912","","",-26.8166,-65.25,450,"chacoense","chacoense","tuberous","wild",NA,"SŠrkinen","",""
NA,3500,NA,4159,"83923","","",-26.44672,-58.31902,0,"chacoense","chacoense","tuberous","wild",NA,"SŠrkinen","",""
NA,3501,NA,4160,"83887","","",-33.6666,-65.4666,510,"chacoense","chacoense","tuberous","wild",NA,"SŠrkinen","",""
NA,3502,NA,4161,"79676","","",-33.25,-66.2,1002,"chacoense","chacoense","tuberous","wild",NA,"SŠrkinen","",""
NA,3503,NA,4162,"83565","","",-30.4,-64.1166,0,"chacoense","chacoense","tuberous","wild",NA,"SŠrkinen","",""
NA,3504,NA,4163,"81378","","",-28.13806,-58.76806,0,"chacoense","chacoense","tuberous","wild",NA,"SŠrkinen","",""
NA,3505,NA,4164,"81112","","",-28.6925,-65.61667,1460,"chacoense","chacoense","tuberous","wild",NA,"SŠrkinen","",""
NA,3506,NA,4165,"81015","","",-31.4833,-64.8333,1600,"chacoense","chacoense","tuberous","wild",NA,"SŠrkinen","",""
NA,3507,NA,4166,"85681","","",-23.4666,-64.9833,3500,"chacoense","chacoense","tuberous","wild",NA,"SŠrkinen","",""
NA,3508,NA,4167,"82869","","",-32.6666,-59.5,0,"chacoense","chacoense","tuberous","wild",NA,"SŠrkinen","",""
NA,3509,NA,4168,"81031","","",-31.5,-65.35,0,"chacoense","chacoense","tuberous","wild",NA,"SŠrkinen","",""
NA,3510,NA,4169,"83581","","",-29.7833,-63.9333,0,"chacoense","chacoense","tuberous","wild",NA,"SŠrkinen","",""
NA,3511,NA,4170,"81118","","",-31.15,-65.19,0,"chacoense","chacoense","tuberous","wild",NA,"SŠrkinen","",""
NA,3512,NA,4171,"81033","","",-27.4667,-55.7333,0,"chacoense","chacoense","tuberous","wild",NA,"SŠrkinen","",""
NA,3513,NA,4172,"84083","","",-27.14548,-53.89526,120,"chacoense","chacoense","tuberous","wild",NA,"SŠrkinen","",""
NA,3514,NA,4173,"84097","","",-26.8,-52.95,0,"chacoense","chacoense","tuberous","wild",NA,"SŠrkinen","",""
NA,3515,NA,4174,"83915","","",-24.1833,-65.0666,0,"chacoense","chacoense","tuberous","wild",NA,"SŠrkinen","",""
NA,3516,NA,4175,"153249","","",-23.54,-46.63,0,"chacoense","chacoense","tuberous","wild",NA,"SŠrkinen","",""
NA,3517,NA,4176,"165769","","",-33.57611,-65.03389,507,"chacoense","chacoense","tuberous","wild",NA,"SŠrkinen","",""
NA,3518,NA,4177,"83924","","",-33.85,-65.2666,0,"chacoense","chacoense","tuberous","wild",NA,"SŠrkinen","",""
NA,3519,NA,4178,"80726","","",-25.2166,-58.1166,0,"chacoense","chacoense","tuberous","wild",NA,"SŠrkinen","",""
NA,3520,NA,4179,"87059","","",-23.6,-57.1166,0,"chacoense","chacoense","tuberous","wild",NA,"SŠrkinen","",""
NA,3522,NA,4181,"77412","","",-18.1167,-64.3333,1800,"chacoense","chacoense","tuberous","wild",NA,"SŠrkinen","",""
NA,3523,NA,4182,"80725","","",-29.7,-69.45,0,"chacoense","chacoense","tuberous","wild",NA,"SŠrkinen","",""
NA,3524,NA,4183,"217451","","",-23.900001,-65.450001,NA,"chacoense","chacoense","tuberous","germplasm",24,"SŠrkinen","",""
NA,3525,NA,4184,"472810","","",-23.983334,-64.299999,NA,"chacoense","chacoense","tuberous","germplasm",24,"SŠrkinen","",""
NA,3526,NA,4185,"PI 175401","","",-26.216667,-65.283333,NA,"chacoense","chacoense","tuberous","germplasm",24,"SŠrkinen","",""
NA,3527,NA,4186,"PI 217451","","",-23.916667,-65.416667,NA,"chacoense","chacoense","tuberous","germplasm",NA,"SŠrkinen","",""
NA,3529,NA,4188,"PI 275141","","",-25.333333,-65.533333,NA,"chacoense","chacoense","tuberous","germplasm",24,"SŠrkinen","",""
NA,3530,NA,4189,"PI 320290","","",-26,-65.45,NA,"chacoense","chacoense","tuberous","germplasm",24,"SŠrkinen","",""
NA,3532,NA,4191,"PI 320292","","",-25.15,-65.716667,NA,"chacoense","chacoense","tuberous","germplasm",24,"SŠrkinen","",""
NA,3534,NA,4193,"PI 458308","","",-24.883333,-65.666667,NA,"chacoense","chacoense","tuberous","germplasm",24,"SŠrkinen","",""
NA,3535,NA,4194,"PI 458309","","",-24.05,-65.466667,NA,"chacoense","chacoense","tuberous","germplasm",24,"SŠrkinen","",""
NA,3536,NA,4195,"PI 472810","","",-23.983333,-64.3,NA,"chacoense","chacoense","tuberous","germplasm",NA,"SŠrkinen","",""
NA,3537,NA,4196,"PI 472811","","",-32.066667,-64.55,NA,"chacoense","chacoense","tuberous","germplasm",24,"SŠrkinen","",""
NA,3538,NA,4197,"PI 472827","","",-27.466667,-58.833333,NA,"chacoense","chacoense","tuberous","germplasm",24,"SŠrkinen","",""
NA,3539,NA,4198,"PI 473406","","",-27.95,-65.55,NA,"chacoense","chacoense","tuberous","germplasm",24,"SŠrkinen","",""
NA,3540,NA,4199,"PI 498317","","",-24.05,-65.383333,NA,"chacoense","chacoense","tuberous","germplasm",24,"SŠrkinen","",""
NA,3541,NA,4200,"PI 498323","","",-28.533333,-67.216667,NA,"chacoense","chacoense","tuberous","germplasm",24,"SŠrkinen","",""
NA,3542,NA,4201,"PI 545846","","",-19.6,-64.65,NA,"chacoense","chacoense","tuberous","germplasm",24,"SŠrkinen","",""
NA,3543,NA,4202,"PI 545847","","",-19.55,-64.65,NA,"chacoense","chacoense","tuberous","germplasm",48,"SŠrkinen","",""
NA,3544,NA,4203,"PI 545880","","",-19.6,-64.633333,NA,"chacoense","chacoense","tuberous","germplasm",24,"SŠrkinen","",""
NA,3545,NA,4204,"PI 545958","","",-19.566667,-64.533333,NA,"chacoense","chacoense","tuberous","germplasm",24,"SŠrkinen","",""
NA,3556,NA,4260,"CIP 761540","","",-6.6592,-78.8439,2593,"chomatophilum","chomatophilum","tuberous","germplasm",24,"SŠrkinen","",""
NA,3560,NA,4264,"CIP 763603","","",-6.9875,-78.6764,3680,"chomatophilum","chomatophilum","tuberous","germplasm",24,"SŠrkinen","",""
NA,3563,NA,4267,"CIP 765984","","",-6.8408,-78.6694,3567,"chomatophilum","chomatophilum","tuberous","germplasm",NA,"SŠrkinen","",""
NA,3564,NA,4268,"CIP 761019","","",-6.5672,-78.6589,2333,"chomatophilum","chomatophilum","tuberous","germplasm",24,"SŠrkinen","",""
NA,3566,NA,4270,"CIP 761552","","",-6.6322,-78.6422,3377,"chomatophilum","chomatophilum","tuberous","germplasm",24,"SŠrkinen","",""
NA,3567,NA,4271,"CIP 762609","","",-7.0381,-78.6325,3207,"chomatophilum","chomatophilum","tuberous","germplasm",NA,"SŠrkinen","",""
NA,3574,NA,4278,"CIP 761077","","",-6.7561,-78.6183,3793,"chomatophilum","chomatophilum","tuberous","germplasm",24,"SŠrkinen","",""
NA,3575,NA,4279,"CIP 765985","","",-6.8002,-78.6163,3640,"chomatophilum","chomatophilum","tuberous","germplasm",NA,"SŠrkinen","",""
NA,3576,NA,4280,"CIP 765978","","",-7.0936,-78.6138,3651,"chomatophilum","chomatophilum","tuberous","germplasm",NA,"SŠrkinen","",""
NA,3577,NA,4281,"CIP 762264","","",-6.765,-78.6092,3705,"chomatophilum","chomatophilum","tuberous","germplasm",24,"SŠrkinen","",""
NA,3582,NA,4286,"CIP 761544","","",-6.7531,-78.6003,3450,"chomatophilum","chomatophilum","tuberous","germplasm",24,"SŠrkinen","",""
NA,3584,NA,4288,"CIP 763928","","",-7.0833,-78.5833,NA,"chomatophilum","chomatophilum","tuberous","germplasm",24,"SŠrkinen","",""
NA,3585,NA,4289,"CIP 761545","","",-6.3897,-78.5717,3300,"chomatophilum","chomatophilum","tuberous","germplasm",24,"SŠrkinen","",""
NA,3587,NA,4291,"CIP 762576","","",-7.0775,-78.5608,3440,"chomatophilum","chomatophilum","tuberous","germplasm",NA,"SŠrkinen","",""
NA,3590,NA,4294,"CIP 761051","","",-7.1822,-78.5375,3118,"chomatophilum","chomatophilum","tuberous","germplasm",24,"SŠrkinen","",""
NA,3591,NA,4295,"CIP 765871","","",-6.68,-78.5216,3580,"chomatophilum","chomatophilum","tuberous","germplasm",NA,"SŠrkinen","",""
NA,3592,NA,4296,"CIP 761548","","",-6.8108,-78.5144,3213,"chomatophilum","chomatophilum","tuberous","germplasm",24,"SŠrkinen","",""
NA,3593,NA,4297,"CIP 762053","","",-7.9447,-78.4642,3400,"chomatophilum","chomatophilum","tuberous","germplasm",24,"SŠrkinen","",""
NA,3596,NA,4300,"CIP 761551","","",-6.9853,-78.4031,3200,"chomatophilum","chomatophilum","tuberous","germplasm",24,"SŠrkinen","",""
NA,3597,NA,4301,"CIP 762060","","",-7.0847,-78.3439,3097,"chomatophilum","chomatophilum","tuberous","germplasm",24,"SŠrkinen","",""
NA,3598,NA,4302,"CIP 762577","","",-6.8953,-78.3161,3630,"chomatophilum","chomatophilum","tuberous","germplasm",NA,"SŠrkinen","",""
NA,3599,NA,4303,"CIP 762569","","",-6.9339,-78.2975,2900,"chomatophilum","chomatophilum","tuberous","germplasm",NA,"SŠrkinen","",""
NA,3600,NA,4304,"CIP 761549","","",-6.9228,-78.2847,3217,"chomatophilum","chomatophilum","tuberous","germplasm",24,"SŠrkinen","",""
NA,3602,NA,4306,"CIP 762939","","",-8.1419,-78.27,4114,"chomatophilum","chomatophilum","tuberous","germplasm",24,"SŠrkinen","",""
NA,3603,NA,4307,"CIP 764378","","",-7.986,-78.249,4055,"chomatophilum","chomatophilum","tuberous","germplasm",24,"SŠrkinen","",""
NA,3604,NA,4308,"CIP 762941","","",-7.9861,-78.2489,4055,"chomatophilum","chomatophilum","tuberous","germplasm",24,"SŠrkinen","",""
NA,3605,NA,4309,"CIP 762568","","",-6.7758,-78.1183,2320,"chomatophilum","chomatophilum","tuberous","germplasm",24,"SŠrkinen","",""
NA,3606,NA,4310,"CIP 760911","","",-5.0739,-78.0506,NA,"chomatophilum","chomatophilum","tuberous","germplasm",NA,"SŠrkinen","",""
NA,3607,NA,4311,"CIP 761271","","",-7.8269,-78.0464,3500,"chomatophilum","chomatophilum","tuberous","germplasm",24,"SŠrkinen","",""
NA,3608,NA,4312,"CIP 761173","","",-6.4986,-77.9572,3200,"chomatophilum","chomatophilum","tuberous","germplasm",24,"SŠrkinen","",""
NA,3609,NA,4313,"CIP 760057","","",-6.2294,-77.8742,2338,"chomatophilum","chomatophilum","tuberous","germplasm",24,"SŠrkinen","",""
NA,3610,NA,4314,"CIP 762649","","",-8.1725,-77.8511,3677,"chomatophilum","chomatophilum","tuberous","germplasm",NA,"SŠrkinen","",""
NA,3611,NA,4315,"CIP 761269","","",-6.3553,-77.8239,3000,"chomatophilum","chomatophilum","tuberous","germplasm",24,"SŠrkinen","",""
NA,3612,NA,4316,"CIP 762946","","",-7.7669,-77.8139,3602,"chomatophilum","chomatophilum","tuberous","germplasm",24,"SŠrkinen","",""
NA,3613,NA,4317,"CIP 760913","","",-6.7092,-77.8056,2255,"chomatophilum","chomatophilum","tuberous","germplasm",24,"SŠrkinen","",""
NA,3614,NA,4318,"CIP 765868","","",-6.7363,-77.8036,2827,"chomatophilum","chomatophilum","tuberous","germplasm",NA,"SŠrkinen","",""
NA,3615,NA,4319,"CIP 763035","","",-6.6833,-77.7833,NA,"chomatophilum","chomatophilum","tuberous","germplasm",24,"SŠrkinen","",""
NA,3616,NA,4320,"CIP 762944","","",-7.7781,-77.7831,3802,"chomatophilum","chomatophilum","tuberous","germplasm",24,"SŠrkinen","",""
NA,3617,NA,4321,"CIP 761577","","",-7.8053,-77.7175,2473,"chomatophilum","chomatophilum","tuberous","germplasm",24,"SŠrkinen","",""
NA,3618,NA,4322,"CIP 765941","","",-8.5833,-77.7,4005,"chomatophilum","chomatophilum","tuberous","germplasm",NA,"SŠrkinen","",""
NA,3619,NA,4323,"CIP 765943","","",-8.5666,-77.6666,4096,"chomatophilum","chomatophilum","tuberous","germplasm",NA,"SŠrkinen","",""
NA,3620,NA,4324,"CIP 761447","","",-9.1908,-77.6444,3389,"chomatophilum","chomatophilum","tuberous","germplasm",24,"SŠrkinen","",""
NA,3621,NA,4325,"CIP 762236","","",-9.8325,-77.6403,3432,"chomatophilum","chomatophilum","tuberous","germplasm",24,"SŠrkinen","",""
NA,3622,NA,4326,"CIP 762966","","",-9.0481,-77.5939,4597,"chomatophilum","chomatophilum","tuberous","germplasm",24,"SŠrkinen","",""
NA,3623,NA,4327,"CIP 761584","","",-8.2792,-77.4328,3800,"chomatophilum","chomatophilum","tuberous","germplasm",24,"SŠrkinen","",""
NA,3624,NA,4328,"CIP 765925","","",-8.0666,-77.4166,4022,"chomatophilum","chomatophilum","tuberous","germplasm",NA,"SŠrkinen","",""
NA,3625,NA,4329,"CIP 763000","","",-9.2056,-77.3975,3600,"chomatophilum","chomatophilum","tuberous","germplasm",24,"SŠrkinen","",""
NA,3626,NA,4330,"CIP 761582","","",-8.3472,-77.3892,2759,"chomatophilum","chomatophilum","tuberous","germplasm",24,"SŠrkinen","",""
NA,3627,NA,4331,"CIP 765927","","",-8.2666,-77.3333,4134,"chomatophilum","chomatophilum","tuberous","germplasm",NA,"SŠrkinen","",""
NA,3628,NA,4332,"CIP 761587","","",-8.4464,-77.3206,3395,"chomatophilum","chomatophilum","tuberous","germplasm",24,"SŠrkinen","",""
NA,3629,NA,4333,"CIP 762960","","",-8.4019,-77.3061,3985,"chomatophilum","chomatophilum","tuberous","germplasm",24,"SŠrkinen","",""
NA,3630,NA,4334,"CIP 761578","","",-8.3144,-77.2564,3700,"chomatophilum","chomatophilum","tuberous","germplasm",24,"SŠrkinen","",""
NA,3631,NA,4335,"CIP 761840","","",-9.3756,-76.6703,3800,"chomatophilum","chomatophilum","tuberous","germplasm",24,"SŠrkinen","",""
NA,3632,NA,4336,"CIP 763953","","",-9.1722,-74.3569,NA,"chomatophilum","chomatophilum","tuberous","germplasm",NA,"SŠrkinen","",""
NA,3633,NA,4337,"CIP 762243","","",-9.8972,-77.7447,2945,"chomatophilum","chomatophilum","tuberous","germplasm",24,"SŠrkinen","",""
NA,3634,NA,4338,"CIP 761265","","",-9.8747,-77.7078,2945,"chomatophilum","chomatophilum","tuberous","germplasm",24,"SŠrkinen","",""
NA,3635,NA,4339,"CIP 762245","","",-11.6153,-76.4061,3997,"chomatophilum","chomatophilum","tuberous","germplasm",24,"SŠrkinen","",""
NA,3636,NA,4340,"CIP 762128","","",-11.5983,-76.3908,4257,"chomatophilum","chomatophilum","tuberous","germplasm",24,"SŠrkinen","",""
NA,3637,NA,4341,"CIP 762930","","",-12.1939,-76.3,3873,"chomatophilum","chomatophilum","tuberous","germplasm",24,"SŠrkinen","",""
NA,3638,NA,4342,"CIP 763490","","",-12.2192,-76.2628,3790,"chomatophilum","chomatophilum","tuberous","germplasm",24,"SŠrkinen","",""
NA,3639,NA,4343,"CIP 761215","","",-12.1375,-76.2319,3044,"chomatophilum","chomatophilum","tuberous","germplasm",24,"SŠrkinen","",""
NA,3643,NA,4347,"CIP 765979","","",-7.0961,-78.6138,3673,"chomatophilum","chomatophilum","tuberous","germplasm",NA,"SŠrkinen","",""
NA,3646,NA,4350,"CIP 763601","","",-7.3628,-78.4917,3556,"chomatophilum","chomatophilum","tuberous","germplasm",24,"SŠrkinen","",""
NA,3647,NA,4351,"CIP 762935","","",-7.9961,-78.4381,3512,"chomatophilum","chomatophilum","tuberous","germplasm",24,"SŠrkinen","",""
NA,3648,NA,4352,"CIP 762936","","",-7.9869,-78.3639,3546,"chomatophilum","chomatophilum","tuberous","germplasm",24,"SŠrkinen","",""
NA,3649,NA,4353,"CIP 763602","","",-7.0558,-78.3758,3263,"chomatophilum","chomatophilum","tuberous","germplasm",24,"SŠrkinen","",""
NA,3650,NA,4354,"CIP 763906","","",-7.0908,-78.5797,3171,"chomatophilum","chomatophilum","tuberous","germplasm",24,"SŠrkinen","",""
NA,3651,NA,4355,"CIP 764184","","",-7.0775,-78.5797,3100,"chomatophilum","chomatophilum","tuberous","germplasm",24,"SŠrkinen","",""
NA,3654,NA,4358,"CIP 764223","","",-5.0903,-78.5508,NA,"chomatophilum","chomatophilum","tuberous","germplasm",24,"SŠrkinen","",""
NA,3655,NA,4359,"CIP 761305","","",-10.8558,-75.91,4179,"chomatophilum","chomatophilum","tuberous","germplasm",24,"SŠrkinen","",""
NA,3656,NA,4360,"CIP 764028","","",-10.8489,-75.8758,NA,"chomatophilum","chomatophilum","tuberous","germplasm",24,"SŠrkinen","",""
NA,3658,NA,4362,"CIP 761304","","",-10.8267,-75.8506,3618,"chomatophilum","chomatophilum","tuberous","germplasm",24,"SŠrkinen","",""
NA,3659,NA,4363,"80087","","",-7.06667,-77.8167,3710,"chomatophilum","chomatophilum","tuberous","wild",NA,"SŠrkinen","",""
NA,3660,NA,4364,"82040","","",-8.4,-78.0333,3550,"chomatophilum","chomatophilum","tuberous","wild",NA,"SŠrkinen","",""
NA,3661,NA,4365,"94486","","",-10.05,-77.06667,3400,"chomatophilum","chomatophilum","tuberous","wild",NA,"SŠrkinen","",""
NA,3663,NA,4367,"92548","","",-11.18333,-77.48333,3800,"chomatophilum","chomatophilum","tuberous","wild",NA,"SŠrkinen","",""
NA,3664,NA,4368,"81989","","",-8.25,-77.3333,3900,"chomatophilum","chomatophilum","tuberous","wild",NA,"SŠrkinen","",""
NA,3665,NA,4369,"92686","","",-6.866667,-78.38333,2900,"chomatophilum","chomatophilum","tuberous","wild",NA,"SŠrkinen","",""
NA,3666,NA,4370,"94826","","",-6.333333,-79.5,3300,"chomatophilum","chomatophilum","tuberous","wild",NA,"SŠrkinen","",""
NA,3667,NA,4371,"91812","","",-9.5,-77.75,3500,"chomatophilum","chomatophilum","tuberous","wild",NA,"SŠrkinen","",""
NA,3668,NA,4372,"82753","","",-9.21667,-77.25,4400,"chomatophilum","chomatophilum","tuberous","wild",NA,"SŠrkinen","",""
NA,3669,NA,4373,"81988","","",-7.01667,-78.1333,3000,"chomatophilum","chomatophilum","tuberous","wild",NA,"SŠrkinen","",""
NA,3670,NA,4374,"81835","","",-9.25,-76.5,3680,"chomatophilum","chomatophilum","tuberous","wild",NA,"SŠrkinen","",""
NA,3671,NA,4375,"92289","","",-10.96788,-75.85041,3550,"chomatophilum","chomatophilum","tuberous","wild",NA,"SŠrkinen","",""
NA,3672,NA,4376,"82367","","",-6.21667,-77.85,3200,"chomatophilum","chomatophilum","tuberous","wild",NA,"SŠrkinen","",""
NA,3673,NA,4377,"93782","","",-12.31667,-75.76667,3800,"chomatophilum","chomatophilum","tuberous","wild",NA,"SŠrkinen","",""
NA,3674,NA,4378,"94482","","",-9.883333,-77.35,4000,"chomatophilum","chomatophilum","tuberous","wild",NA,"SŠrkinen","",""
NA,3675,NA,4379,"82213","","",-8.86667,-78.1667,3400,"chomatophilum","chomatophilum","tuberous","wild",NA,"SŠrkinen","",""
NA,3676,NA,4380,"92545","","",-6.41667,-78,2800,"chomatophilum","chomatophilum","tuberous","wild",NA,"SŠrkinen","",""
NA,3677,NA,4381,"91923","","",-7.778,-77.783,3820,"chomatophilum","chomatophilum","tuberous","wild",NA,"SŠrkinen","",""
NA,3679,NA,4383,"91621","","",-6.916667,-78.91667,3700,"chomatophilum","chomatophilum","tuberous","wild",NA,"SŠrkinen","",""
NA,3680,NA,4384,"94555","","",-8.9528,-77.75,3825,"chomatophilum","chomatophilum","tuberous","wild",NA,"SŠrkinen","",""
NA,3681,NA,4385,"81285","","",-5.05,-79.6,3150,"chomatophilum","chomatophilum","tuberous","wild",NA,"SŠrkinen","",""
NA,3682,NA,4386,"81832","","",-9.66667,-76.0833,3075,"chomatophilum","chomatophilum","tuberous","wild",NA,"SŠrkinen","",""
NA,3683,NA,4387,"92962","","",-12.15,-76.68333,0,"chomatophilum","chomatophilum","tuberous","wild",NA,"SŠrkinen","",""
NA,3684,NA,4388,"82037","","",-8.41667,-77.75,3900,"chomatophilum","chomatophilum","tuberous","wild",NA,"SŠrkinen","",""
NA,3685,NA,4389,"94799","","",-11.65667,-76.50333,3900,"chomatophilum","chomatophilum","tuberous","wild",NA,"SŠrkinen","",""
NA,3686,NA,4390,"94459","","",-10.88333,-75.95,3300,"chomatophilum","chomatophilum","tuberous","wild",NA,"SŠrkinen","",""
NA,3687,NA,4391,"91822","","",-9.083333,-77.35,0,"chomatophilum","chomatophilum","tuberous","wild",NA,"SŠrkinen","",""
NA,3688,NA,4392,"95011","","",-8.495833,-77.40833,3500,"chomatophilum","chomatophilum","tuberous","wild",NA,"SŠrkinen","",""
NA,3689,NA,4393,"91819","","",-5.833333,-77.91667,2700,"chomatophilum","chomatophilum","tuberous","wild",NA,"SŠrkinen","",""
NA,3691,NA,4395,"91898","","",-10.66667,-76.08333,3500,"chomatophilum","chomatophilum","tuberous","wild",NA,"SŠrkinen","",""
NA,3692,NA,4396,"95232","","",-10.15,-77.18333,3390,"chomatophilum","chomatophilum","tuberous","wild",NA,"SŠrkinen","",""
NA,3693,NA,4397,"81289","","",-5.323,-79.51,3100,"chomatophilum","chomatophilum","tuberous","wild",NA,"SŠrkinen","",""
NA,3694,NA,4398,"94671","","",-6.794141,-77.90232,3200,"chomatophilum","chomatophilum","tuberous","wild",NA,"SŠrkinen","",""
NA,3695,NA,4399,"82416","","",-6.41667,-78.8333,3000,"chomatophilum","chomatophilum","tuberous","wild",NA,"SŠrkinen","",""
NA,3696,NA,4400,"83093","","",-7.83333,-78.1,3100,"chomatophilum","chomatophilum","tuberous","wild",NA,"SŠrkinen","",""
NA,3697,NA,4401,"83806","","",-3.5,-79.1167,0,"chomatophilum","chomatophilum","tuberous","wild",NA,"SŠrkinen","",""
NA,3698,NA,4402,"94797","","",-7.5,-77.53333,3620,"chomatophilum","chomatophilum","tuberous","wild",NA,"SŠrkinen","",""
NA,3699,NA,4403,"92389","","",-3.0833,-79.01667,3300,"chomatophilum","chomatophilum","tuberous","wild",NA,"SŠrkinen","",""
NA,3700,NA,4404,"81996","","",-6.41667,-77.3333,3300,"chomatophilum","chomatophilum","tuberous","wild",NA,"SŠrkinen","",""
NA,3701,NA,4405,"94729","","",-11.76667,-75.08333,3505,"chomatophilum","chomatophilum","tuberous","wild",NA,"SŠrkinen","",""
NA,3702,NA,4406,"81281","","",-6.74306,-78.6869,3850,"chomatophilum","chomatophilum","tuberous","wild",NA,"SŠrkinen","",""
NA,3703,NA,4407,"92868","","",-8.566667,-77.61667,3800,"chomatophilum","chomatophilum","tuberous","wild",NA,"SŠrkinen","",""
NA,3704,NA,4408,"92509","","",-9.83333,-77.66666,4500,"chomatophilum","chomatophilum","tuberous","wild",NA,"SŠrkinen","",""
NA,3705,NA,4409,"21542","","",-9.016667,-77.61667,4600,"chomatophilum","chomatophilum","tuberous","wild",NA,"SŠrkinen","",""
NA,3706,NA,4410,"80760","","",-7.987426,-78.24952,3975,"chomatophilum","chomatophilum","tuberous","wild",NA,"SŠrkinen","",""
NA,3707,NA,4411,"94458","","",-8,-77.58333,3700,"chomatophilum","chomatophilum","tuberous","wild",NA,"SŠrkinen","",""
NA,3708,NA,4412,"94457","","",-9.183333,-78.05,3900,"chomatophilum","chomatophilum","tuberous","wild",NA,"SŠrkinen","",""
NA,3709,NA,4413,"91653","","",-7.983333,-78.55,3400,"chomatophilum","chomatophilum","tuberous","wild",NA,"SŠrkinen","",""
NA,3710,NA,4414,"81736","","",-8.86667,-77.9,3550,"chomatophilum","chomatophilum","tuberous","wild",NA,"SŠrkinen","",""
NA,3711,NA,4415,"93055","","",-9.58333,-77.5,3800,"chomatophilum","chomatophilum","tuberous","wild",NA,"SŠrkinen","",""
NA,3712,NA,4416,"81414","","",-7.11667,-78.8333,3400,"chomatophilum","chomatophilum","tuberous","wild",NA,"SŠrkinen","",""
NA,3713,NA,4417,"81283","","",-7.34303,-78.3508,3982,"chomatophilum","chomatophilum","tuberous","wild",NA,"SŠrkinen","",""
NA,3714,NA,4418,"92203","","",-11.91667,-76.41667,4200,"chomatophilum","chomatophilum","tuberous","wild",NA,"SŠrkinen","",""
NA,3716,NA,4420,"21844","","",-7.033333,-78.56667,3500,"chomatophilum","chomatophilum","tuberous","wild",NA,"SŠrkinen","",""
NA,3717,NA,4421,"92165","","",-12.13333,-76.25,4240,"chomatophilum","chomatophilum","tuberous","wild",NA,"SŠrkinen","",""
NA,3718,NA,4422,"75352","","",-7.999889,-78.41676,3600,"chomatophilum","chomatophilum","tuberous","wild",NA,"SŠrkinen","",""
NA,3719,NA,4423,"75320","","",-11.457,-76.59,4000,"chomatophilum","chomatophilum","tuberous","wild",NA,"SŠrkinen","",""
NA,3720,NA,4424,"81570","","",-6.53333,-78.2667,3450,"chomatophilum","chomatophilum","tuberous","wild",NA,"SŠrkinen","",""
NA,3721,NA,4425,"41012","","",-7.026667,-78.22417,3561,"chomatophilum","chomatophilum","tuberous","wild",NA,"SŠrkinen","",""
NA,3722,NA,4426,"94513","","",-8.833333,-77.46667,3800,"chomatophilum","chomatophilum","tuberous","wild",NA,"SŠrkinen","",""
NA,3723,NA,4427,"834","","",-8.367823,-77.89753,3950,"chomatophilum","chomatophilum","tuberous","wild",NA,"SŠrkinen","",""
NA,3725,NA,4429,"292071","","",-6.910912,-78.772739,NA,"chomatophilum","chomatophilum","tuberous","germplasm",NA,"SŠrkinen","",""
NA,3726,NA,4430,"473460","","",-4.988213,-77.921909,NA,"chomatophilum","chomatophilum","tuberous","germplasm",24,"SŠrkinen","",""
NA,3727,NA,4431,"PI 310991","","",-6.683333,-77.783333,NA,"chomatophilum","chomatophilum","tuberous","germplasm",24,"SŠrkinen","",""
NA,3735,NA,4436,"88405","","",14.0529,-91.0148,3220,"clarum","clarum","tuberous","wild",NA,"SŠrkinen","",""
NA,3736,NA,4437,"88432","","",15.011,-92.004,3260,"clarum","clarum","tuberous","wild",NA,"SŠrkinen","",""
NA,3737,NA,4438,"89693","","",15.46601,-92.27823,2740,"clarum","clarum","tuberous","wild",NA,"SŠrkinen","",""
NA,3738,NA,4439,"88637","","",15.04645,-91.57969,3200,"clarum","clarum","tuberous","wild",NA,"SŠrkinen","",""
NA,3739,NA,4440,"90287","","",14.82315,-91.35471,3000,"clarum","clarum","tuberous","wild",NA,"SŠrkinen","",""
NA,3740,NA,4441,"88819","","",14.47859,-90.74237,2900,"clarum","clarum","tuberous","wild",NA,"SŠrkinen","",""
NA,3741,NA,4442,"88775","","",14.87931,-91.24726,3200,"clarum","clarum","tuberous","wild",NA,"SŠrkinen","",""
NA,3742,NA,4443,"PI 243355","","",14.8825,-91.2568,NA,"clarum","clarum","tuberous","germplasm",24,"SŠrkinen","",""
NA,3743,NA,4444,"PI 243355","","",14.9,-90.933333,NA,"clarum","clarum","tuberous","germplasm",NA,"SŠrkinen","",""
NA,3744,NA,4445,"PI 275202","","",15.0811,-91.5141,NA,"clarum","clarum","tuberous","germplasm",24,"SŠrkinen","",""
NA,3745,NA,4446,"PI 275203","","",14.9275,-91.6915,NA,"clarum","clarum","tuberous","germplasm",24,"SŠrkinen","",""
NA,3746,NA,4447,"PI 283099","","",14.8691,-91.2288,NA,"clarum","clarum","tuberous","germplasm",24,"SŠrkinen","",""
NA,3747,NA,4448,"PI 558382","","",15.466667,-92.266667,NA,"clarum","clarum","tuberous","germplasm",NA,"SŠrkinen","",""
NA,3748,NA,4449,"PI 604052","","",15.0717,-91.5583,NA,"clarum","clarum","tuberous","germplasm",NA,"SŠrkinen","",""
NA,3749,NA,4450,"PI 604058","","",15.1717,-91.9467,NA,"clarum","clarum","tuberous","germplasm",NA,"SŠrkinen","",""
NA,3750,NA,4451,"PI 604059","","",15.1717,-91.9733,NA,"clarum","clarum","tuberous","germplasm",NA,"SŠrkinen","",""
NA,3751,NA,4452,"PI 604060","","",15.1833,-92.0667,NA,"clarum","clarum","tuberous","germplasm",NA,"SŠrkinen","",""
NA,3752,NA,4453,"PI 604067","","",14.8601,-91.2283,NA,"clarum","clarum","tuberous","germplasm",NA,"SŠrkinen","",""
NA,3753,NA,4454,"PI 604068","","",14.8767,-91.2283,NA,"clarum","clarum","tuberous","germplasm",NA,"SŠrkinen","",""
NA,3754,NA,4455,"PI 604069","","",14.8817,-91.2467,NA,"clarum","clarum","tuberous","germplasm",24,"SŠrkinen","",""
NA,3755,NA,4456,"PI 604075","","",15.4601,-91.5201,NA,"clarum","clarum","tuberous","germplasm",NA,"SŠrkinen","",""
NA,3756,NA,4457,"PI 604078","","",15.4867,-91.5067,NA,"clarum","clarum","tuberous","germplasm",NA,"SŠrkinen","",""
NA,3757,NA,4458,"PI 604078","","",15.486667,-91.506667,NA,"clarum","clarum","tuberous","germplasm",NA,"SŠrkinen","",""
NA,3758,NA,4459,"PI 604079","","",15.4901,-91.5151,NA,"clarum","clarum","tuberous","germplasm",NA,"SŠrkinen","",""
NA,3759,NA,4460,"PI 604080","","",15.4751,-91.5151,NA,"clarum","clarum","tuberous","germplasm",NA,"SŠrkinen","",""
NA,3760,NA,4461,"PI 604081","","",15.5017,-91.4583,NA,"clarum","clarum","tuberous","germplasm",24,"SŠrkinen","",""
NA,3761,NA,4462,"PI 604083","","",15.8201,-91.5083,NA,"clarum","clarum","tuberous","germplasm",24,"SŠrkinen","",""
NA,3762,NA,4463,"PI 604086","","",14.9067,-91.2951,NA,"clarum","clarum","tuberous","germplasm",NA,"SŠrkinen","",""
NA,3763,NA,4464,"CIP 763324","","",0.0011,-78.5133,2845,"colombianum","colombianum","tuberous","germplasm",NA,"SŠrkinen","",""
NA,3764,NA,4465,"CIP 762791","","",-4,-79.2167,2159,"colombianum","colombianum","tuberous","germplasm",NA,"SŠrkinen","",""
NA,3765,NA,4466,"CIP 762793","","",-3.9928,-79.2019,3235,"colombianum","colombianum","tuberous","germplasm",48,"SŠrkinen","",""
NA,3767,NA,4468,"CIP 762792","","",-3.175,-79.1272,3270,"colombianum","colombianum","tuberous","germplasm",48,"SŠrkinen","",""
NA,3768,NA,4469,"CIP 761599","","",-0.6592,-79.075,758,"colombianum","colombianum","tuberous","germplasm",48,"SŠrkinen","",""
NA,3769,NA,4470,"CIP 762794","","",-2.5417,-78.9817,3410,"colombianum","colombianum","tuberous","germplasm",48,"SŠrkinen","",""
NA,3771,NA,4472,"CIP 762813","","",-2.4833,-78.95,3079,"colombianum","colombianum","tuberous","germplasm",NA,"SŠrkinen","",""
NA,3772,NA,4473,"CIP 762812","","",-2.4322,-78.8881,3500,"colombianum","colombianum","tuberous","germplasm",48,"SŠrkinen","",""
NA,3774,NA,4475,"CIP 762815","","",-2.3311,-78.8697,3000,"colombianum","colombianum","tuberous","germplasm",NA,"SŠrkinen","",""
NA,3775,NA,4476,"CIP 762789","","",-0.25,-78.7211,2118,"colombianum","colombianum","tuberous","germplasm",NA,"SŠrkinen","",""
NA,3776,NA,4477,"CIP 761068","","",-1.45,-78.4331,3367,"colombianum","colombianum","tuberous","germplasm",48,"SŠrkinen","",""
NA,3777,NA,4478,"CIP 762811","","",-1.4214,-78.4228,3200,"colombianum","colombianum","tuberous","germplasm",NA,"SŠrkinen","",""
NA,3778,NA,4479,"CIP 761601","","",-1.3167,-78.3167,2979,"colombianum","colombianum","tuberous","germplasm",48,"SŠrkinen","",""
NA,3779,NA,4480,"CIP 762807","","",-0.3625,-78.155,3720,"colombianum","colombianum","tuberous","germplasm",NA,"SŠrkinen","",""
NA,3781,NA,4482,"CIP 762785","","",-0.0033,-78.0622,3450,"colombianum","colombianum","tuberous","germplasm",48,"SŠrkinen","",""
NA,3782,NA,4483,"CIP 761610","","",1.5547,-77.8642,3200,"colombianum","colombianum","tuberous","germplasm",48,"SŠrkinen","",""
NA,3784,NA,4485,"CIP 763890","","",1.2167,-77.2667,2621,"colombianum","colombianum","tuberous","germplasm",48,"SŠrkinen","",""
NA,3785,NA,4486,"CIP 762678","","",1.0619,-77.2231,2621,"colombianum","colombianum","tuberous","germplasm",24,"SŠrkinen","",""
NA,3786,NA,4487,"CIP 763889","","",1.1667,-77.1667,2799,"colombianum","colombianum","tuberous","germplasm",48,"SŠrkinen","",""
NA,3787,NA,4488,"CIP 763888","","",1.1833,-76.9167,2086,"colombianum","colombianum","tuberous","germplasm",48,"SŠrkinen","",""
NA,3788,NA,4489,"CIP 763903","","",2.385,-76.8558,NA,"colombianum","colombianum","tuberous","germplasm",48,"SŠrkinen","",""
NA,3789,NA,4490,"CIP 762638","","",2.45,-76.6,1731,"colombianum","colombianum","tuberous","germplasm",NA,"SŠrkinen","",""
NA,3790,NA,4491,"CIP 763891","","",3.8692,-76.525,NA,"colombianum","colombianum","tuberous","germplasm",48,"SŠrkinen","",""
NA,3792,NA,4493,"CIP 763892","","",4.2544,-75.7294,NA,"colombianum","colombianum","tuberous","germplasm",48,"SŠrkinen","",""
NA,3793,NA,4494,"CIP 763911","","",4.5192,-75.7211,1439,"colombianum","colombianum","tuberous","germplasm",48,"SŠrkinen","",""
NA,3795,NA,4496,"CIP 761883","","",2.5389,-75.64,2800,"colombianum","colombianum","tuberous","germplasm",48,"SŠrkinen","",""
NA,3796,NA,4497,"CIP 763987","","",4.3636,-75.6111,3270,"colombianum","colombianum","tuberous","germplasm",48,"SŠrkinen","",""
NA,3797,NA,4498,"CIP 764132","","",4.4731,-74.1161,NA,"colombianum","colombianum","tuberous","germplasm",48,"SŠrkinen","",""
NA,3800,NA,4501,"CIP 763947","","",7.9236,-72.0814,2647,"colombianum","colombianum","tuberous","germplasm",48,"SŠrkinen","",""
NA,3801,NA,4502,"CIP 761178","","",7.9272,-72.0236,2920,"colombianum","colombianum","tuberous","germplasm",48,"SŠrkinen","",""
NA,3802,NA,4503,"CIP 763950","","",8.0122,-71.9883,2800,"colombianum","colombianum","tuberous","germplasm",48,"SŠrkinen","",""
NA,3805,NA,4506,"CIP 764140","","",1.9017,-76.6664,NA,"colombianum","colombianum","tuberous","germplasm",NA,"SŠrkinen","",""
NA,3806,NA,4507,"CIP 763917","","",3.3283,-76.2375,3326,"colombianum","colombianum","tuberous","germplasm",72,"SŠrkinen","",""
NA,3810,NA,4511,"CIP 763942","","",8,-73.185,1460,"colombianum","colombianum","tuberous","germplasm",48,"SŠrkinen","",""
NA,3814,NA,4515,"CIP 764284","","",8.0167,-71.9,NA,"colombianum","colombianum","tuberous","germplasm",48,"SŠrkinen","",""
NA,3815,NA,4516,"CIP 764062","","",8.6872,-70.9289,NA,"colombianum","colombianum","tuberous","germplasm",36,"SŠrkinen","",""
NA,3816,NA,4517,"CIP 761276","","",8.7842,-70.8297,3400,"colombianum","colombianum","tuberous","germplasm",48,"SŠrkinen","",""
NA,3819,NA,4520,"CIP 761591","","",-2.8167,-79.2333,4014,"colombianum","colombianum","tuberous","germplasm",72,"SŠrkinen","",""
NA,3820,NA,4521,"CIP 761039","","",-3.6,-79.2167,2462,"colombianum","colombianum","tuberous","germplasm",72,"SŠrkinen","",""
NA,3821,NA,4522,"CIP 761170","","",-3.0972,-79.0978,2737,"colombianum","colombianum","tuberous","germplasm",72,"SŠrkinen","",""
NA,3825,NA,4526,"CIP 761162","","",-3.2958,-79.0911,2737,"colombianum","colombianum","tuberous","germplasm",72,"SŠrkinen","",""
NA,3829,NA,4530,"CIP 761592","","",-2.8833,-78.9833,2490,"colombianum","colombianum","tuberous","germplasm",72,"SŠrkinen","",""
NA,3831,NA,4532,"CIP 761593","","",-2.7019,-78.9022,2356,"colombianum","colombianum","tuberous","germplasm",72,"SŠrkinen","",""
NA,3836,NA,4537,"CIP 761600","","",-1.3169,-78.3169,2596,"colombianum","colombianum","tuberous","germplasm",72,"SŠrkinen","",""
NA,3837,NA,4538,"94795","","",3.833333,-75.91667,3200,"colombianum","colombianum","tuberous","wild",NA,"SŠrkinen","",""
NA,3839,NA,4540,"92627","","",-0.01666,-78.88333,1800,"colombianum","colombianum","tuberous","wild",NA,"SŠrkinen","",""
NA,3840,NA,4541,"94814","","",7.366667,-72.91667,3300,"colombianum","colombianum","tuberous","wild",NA,"SŠrkinen","",""
NA,3841,NA,4542,"91849","","",1.916667,-76.6,3200,"colombianum","colombianum","tuberous","wild",NA,"SŠrkinen","",""
NA,3842,NA,4543,"83142","","",4.86667,-75.2,3300,"colombianum","colombianum","tuberous","wild",NA,"SŠrkinen","",""
NA,3843,NA,4544,"92633","","",3.283333,-76.73333,3100,"colombianum","colombianum","tuberous","wild",NA,"SŠrkinen","",""
NA,3844,NA,4545,"77868","","",-0.283333,-78.7,2920,"colombianum","colombianum","tuberous","wild",NA,"SŠrkinen","",""
NA,3845,NA,4546,"84306","","",10.2667,-68.3167,1200,"colombianum","colombianum","tuberous","wild",NA,"SŠrkinen","",""
NA,3846,NA,4547,"92252","","",-2.216667,-78.45,3230,"colombianum","colombianum","tuberous","wild",NA,"SŠrkinen","",""
NA,3847,NA,4548,"92316","","",8.65,-70.9,3350,"colombianum","colombianum","tuberous","wild",NA,"SŠrkinen","",""
NA,3848,NA,4549,"94376","","",3.35,-76.17,2610,"colombianum","colombianum","tuberous","wild",NA,"SŠrkinen","",""
NA,3849,NA,4550,"83117","","",7.88333,-73.0167,2130,"colombianum","colombianum","tuberous","wild",NA,"SŠrkinen","",""
NA,3850,NA,4551,"92152","","",8.833333,-70.8,0,"colombianum","colombianum","tuberous","wild",NA,"SŠrkinen","",""
NA,3851,NA,4552,"91851","","",1.183333,-77.2,3000,"colombianum","colombianum","tuberous","wild",NA,"SŠrkinen","",""
NA,3852,NA,4553,"94810","","",2.55,-76.15,3500,"colombianum","colombianum","tuberous","wild",NA,"SŠrkinen","",""
NA,3853,NA,4554,"77872","","",-3.03333,-78.65,3200,"colombianum","colombianum","tuberous","wild",NA,"SŠrkinen","",""
NA,3854,NA,4555,"94366","","",1.55,-77.13333,2900,"colombianum","colombianum","tuberous","wild",NA,"SŠrkinen","",""
NA,3855,NA,4556,"91793","","",1.183333,-76.9,0,"colombianum","colombianum","tuberous","wild",NA,"SŠrkinen","",""
NA,3856,NA,4557,"95091","","",6.316667,-72.5,3650,"colombianum","colombianum","tuberous","wild",NA,"SŠrkinen","",""
NA,3857,NA,4558,"92240","","",4.85,-73.81667,0,"colombianum","colombianum","tuberous","wild",NA,"SŠrkinen","",""
NA,3858,NA,4559,"95092","","",6.516667,-72.36667,3650,"colombianum","colombianum","tuberous","wild",NA,"SŠrkinen","",""
NA,3859,NA,4560,"92246","","",-4.03,-79.49,2400,"colombianum","colombianum","tuberous","wild",NA,"SŠrkinen","",""
NA,3860,NA,4561,"93242","","",-5.3147,-79.2828,2800,"colombianum","colombianum","tuberous","wild",NA,"SŠrkinen","",""
NA,3861,NA,4562,"92330","","",-0.103889,-78.585,3600,"colombianum","colombianum","tuberous","wild",NA,"SŠrkinen","",""
NA,3862,NA,4563,"92322","","",7.433333,-72.26667,3100,"colombianum","colombianum","tuberous","wild",NA,"SŠrkinen","",""
NA,3863,NA,4564,"93885","","",-1.45,-76.46667,2750,"colombianum","colombianum","tuberous","wild",NA,"SŠrkinen","",""
NA,3864,NA,4565,"94351","","",5.683333,-75.28333,3000,"colombianum","colombianum","tuberous","wild",NA,"SŠrkinen","",""
NA,3865,NA,4566,"95006","","",9.441667,-68.90833,1450,"colombianum","colombianum","tuberous","wild",NA,"SŠrkinen","",""
NA,3866,NA,4567,"94881","","",5.55,-74,0,"colombianum","colombianum","tuberous","wild",NA,"SŠrkinen","",""
NA,3867,NA,4568,"84305","","",-0.535,-78.9839,2459,"colombianum","colombianum","tuberous","wild",NA,"SŠrkinen","",""
NA,3868,NA,4569,"82816","","",5.5,-74.6667,3850,"colombianum","colombianum","tuberous","wild",NA,"SŠrkinen","",""
NA,3869,NA,4570,"91873","","",0.116667,-77.95,3300,"colombianum","colombianum","tuberous","wild",NA,"SŠrkinen","",""
NA,3870,NA,4571,"92311","","",2.45,-75.16667,2400,"colombianum","colombianum","tuberous","wild",NA,"SŠrkinen","",""
NA,3871,NA,4572,"94413","","",-3.883333,-79.35,2900,"colombianum","colombianum","tuberous","wild",NA,"SŠrkinen","",""
NA,3872,NA,4573,"94179","","",-2.35,-78.86667,3000,"colombianum","colombianum","tuberous","wild",NA,"SŠrkinen","",""
NA,3873,NA,4574,"81272","","",-2.6667,-78.9333,3560,"colombianum","colombianum","tuberous","wild",NA,"SŠrkinen","",""
NA,3874,NA,4575,"91747","","",2.283333,-76.23333,2920,"colombianum","colombianum","tuberous","wild",NA,"SŠrkinen","",""
NA,3875,NA,4576,"81273","","",-2.8,-79.4667,3200,"colombianum","colombianum","tuberous","wild",NA,"SŠrkinen","",""
NA,3876,NA,4577,"94885","","",2.783333,-76.01667,0,"colombianum","colombianum","tuberous","wild",NA,"SŠrkinen","",""
NA,3877,NA,4578,"91853","","",4.633333,-75.55,3550,"colombianum","colombianum","tuberous","wild",NA,"SŠrkinen","",""
NA,3878,NA,4579,"91844","","",1.97,-76.7,3355,"colombianum","colombianum","tuberous","wild",NA,"SŠrkinen","",""
NA,3879,NA,4580,"81263","","",-0.8,-78.9,2840,"colombianum","colombianum","tuberous","wild",NA,"SŠrkinen","",""
NA,3880,NA,4581,"92248","","",-0.016667,-77.83333,3100,"colombianum","colombianum","tuberous","wild",NA,"SŠrkinen","",""
NA,3881,NA,4582,"94889","","",0.85,-78.06667,2700,"colombianum","colombianum","tuberous","wild",NA,"SŠrkinen","",""
NA,3882,NA,4583,"91863","","",10.19626,-72.94011,2850,"colombianum","colombianum","tuberous","wild",NA,"SŠrkinen","",""
NA,3883,NA,4584,"91790","","",8.316667,-71.75,2500,"colombianum","colombianum","tuberous","wild",NA,"SŠrkinen","",""
NA,3884,NA,4585,"95101","","",4.533333,-74.16667,3300,"colombianum","colombianum","tuberous","wild",NA,"SŠrkinen","",""
NA,3885,NA,4586,"93920","","",-2.533333,-78.78333,3410,"colombianum","colombianum","tuberous","wild",NA,"SŠrkinen","",""
NA,3886,NA,4587,"94399","","",5.583333,-73.88333,2850,"colombianum","colombianum","tuberous","wild",NA,"SŠrkinen","",""
NA,3887,NA,4588,"95344","","",10.18333,-73.28333,2600,"colombianum","colombianum","tuberous","wild",NA,"SŠrkinen","",""
NA,3888,NA,4589,"94869","","",2.383333,-76.06667,2000,"colombianum","colombianum","tuberous","wild",NA,"SŠrkinen","",""
NA,3889,NA,4590,"83376","","",-3.05,-79.0833,0,"colombianum","colombianum","tuberous","wild",NA,"SŠrkinen","",""
NA,3890,NA,4591,"94370","","",1.216667,-77.33333,3230,"colombianum","colombianum","tuberous","wild",NA,"SŠrkinen","",""
NA,3891,NA,4592,"94757","","",-1.25,-78.35,3100,"colombianum","colombianum","tuberous","wild",NA,"SŠrkinen","",""
NA,3892,NA,4593,"77873","","",-0.6,-77.65,2900,"colombianum","colombianum","tuberous","wild",NA,"SŠrkinen","",""
NA,3893,NA,4594,"82635","","",2.5,-76.3833,3200,"colombianum","colombianum","tuberous","wild",NA,"SŠrkinen","",""
NA,3894,NA,4595,"139915","","",10.40431,-67.28899,0,"colombianum","colombianum","tuberous","wild",NA,"SŠrkinen","",""
NA,3895,NA,4596,"83950","","",6.66667,-76.3333,3115,"colombianum","colombianum","tuberous","wild",NA,"SŠrkinen","",""
NA,3896,NA,4597,"94887","","",-0.35,-78.01667,2800,"colombianum","colombianum","tuberous","wild",NA,"SŠrkinen","",""
NA,3897,NA,4598,"91788","","",8.083333,-71.91667,3600,"colombianum","colombianum","tuberous","wild",NA,"SŠrkinen","",""
NA,3898,NA,4599,"94777","","",9.24666,-70.26778,3400,"colombianum","colombianum","tuberous","wild",NA,"SŠrkinen","",""
NA,3899,NA,4600,"82626","","",-1.96667,-78.3667,3750,"colombianum","colombianum","tuberous","wild",NA,"SŠrkinen","",""
NA,3900,NA,4601,"92153","","",7.26,-71.97,2500,"colombianum","colombianum","tuberous","wild",NA,"SŠrkinen","",""
NA,3901,NA,4602,"91875","","",-0.633333,-78.55,3200,"colombianum","colombianum","tuberous","wild",NA,"SŠrkinen","",""
NA,3902,NA,4603,"94952","","",3.9,-75.75,2800,"colombianum","colombianum","tuberous","wild",NA,"SŠrkinen","",""
NA,3903,NA,4604,"93868","","",-3.716667,-79.23333,3100,"colombianum","colombianum","tuberous","wild",NA,"SŠrkinen","",""
NA,3904,NA,4605,"77883","","",0.683333,-77.6667,3150,"colombianum","colombianum","tuberous","wild",NA,"SŠrkinen","",""
NA,3905,NA,4606,"94751","","",-1.183333,-78.2,3400,"colombianum","colombianum","tuberous","wild",NA,"SŠrkinen","",""
NA,3906,NA,4607,"91848","","",2.2,-76.48333,2950,"colombianum","colombianum","tuberous","wild",NA,"SŠrkinen","",""
NA,3907,NA,4608,"83135","","",0.9167,-77.5,3240,"colombianum","colombianum","tuberous","wild",NA,"SŠrkinen","",""
NA,3908,NA,4609,"94185","","",0.333333,-78.06667,3450,"colombianum","colombianum","tuberous","wild",NA,"SŠrkinen","",""
NA,3909,NA,4610,"106994","","",0.07,-77.57,3420,"colombianum","colombianum","tuberous","wild",NA,"SŠrkinen","",""
NA,3910,NA,4611,"92544","","",7.4,-72.41667,3100,"colombianum","colombianum","tuberous","wild",NA,"SŠrkinen","",""
NA,3911,NA,4612,"91859","","",3.33,-76.08,3505,"colombianum","colombianum","tuberous","wild",NA,"SŠrkinen","",""
NA,3912,NA,4613,"94950","","",5.083333,-76,3820,"colombianum","colombianum","tuberous","wild",NA,"SŠrkinen","",""
NA,3913,NA,4614,"83169","","",2.5,-76.7167,2800,"colombianum","colombianum","tuberous","wild",NA,"SŠrkinen","",""
NA,3914,NA,4615,"82948","","",8.06667,-73.2167,3700,"colombianum","colombianum","tuberous","wild",NA,"SŠrkinen","",""
NA,3915,NA,4616,"76502","","",-0.623611,-77.84028,2250,"colombianum","colombianum","tuberous","wild",NA,"SŠrkinen","",""
NA,3916,NA,4617,"80107","","",1.13333,-77.1,3000,"colombianum","colombianum","tuberous","wild",NA,"SŠrkinen","",""
NA,3917,NA,4618,"81259","","",-0.316667,-78.2167,3400,"colombianum","colombianum","tuberous","wild",NA,"SŠrkinen","",""
NA,3918,NA,4619,"80108","","",2.7667,-76.5833,2500,"colombianum","colombianum","tuberous","wild",NA,"SŠrkinen","",""
NA,3919,NA,4620,"95004","","",11.16667,-69.58333,1300,"colombianum","colombianum","tuberous","wild",NA,"SŠrkinen","",""
NA,3920,NA,4621,"94743","","",5.666667,-73.75,2200,"colombianum","colombianum","tuberous","wild",NA,"SŠrkinen","",""
NA,3921,NA,4622,"94772","","",-1.233333,-77.88333,3000,"colombianum","colombianum","tuberous","wild",NA,"SŠrkinen","",""
NA,3922,NA,4623,"94949","","",4.216667,-73.8,2000,"colombianum","colombianum","tuberous","wild",NA,"SŠrkinen","",""
NA,3923,NA,4624,"91854","","",2.533333,-76.95,2400,"colombianum","colombianum","tuberous","wild",NA,"SŠrkinen","",""
NA,3924,NA,4625,"91749","","",3.75,-76.5,0,"colombianum","colombianum","tuberous","wild",NA,"SŠrkinen","",""
NA,3925,NA,4626,"84345","","",4.96667,-75.75,2600,"colombianum","colombianum","tuberous","wild",NA,"SŠrkinen","",""
NA,3926,NA,4627,"83075","","",-1.71667,-79.15,2900,"colombianum","colombianum","tuberous","wild",NA,"SŠrkinen","",""
NA,3927,NA,4628,"91882","","",-0.383333,-78.11667,3400,"colombianum","colombianum","tuberous","wild",NA,"SŠrkinen","",""
NA,3928,NA,4629,"81254","","",0.00056,-78.48345,2900,"colombianum","colombianum","tuberous","wild",NA,"SŠrkinen","",""
NA,3929,NA,4630,"92412","","",6.5,-76.11667,3455,"colombianum","colombianum","tuberous","wild",NA,"SŠrkinen","",""
NA,3930,NA,4631,"91537","","",2.383333,-75.88333,3000,"colombianum","colombianum","tuberous","wild",NA,"SŠrkinen","",""
NA,3931,NA,4632,"81266","","",-1.38333,-78.5333,3100,"colombianum","colombianum","tuberous","wild",NA,"SŠrkinen","",""
NA,3932,NA,4633,"94415","","",4.883333,-74.3,2800,"colombianum","colombianum","tuberous","wild",NA,"SŠrkinen","",""
NA,3933,NA,4634,"92467","","",-1.433333,-78.43333,2950,"colombianum","colombianum","tuberous","wild",NA,"SŠrkinen","",""
NA,3934,NA,4635,"91877","","",-4.083333,-79.16667,2850,"colombianum","colombianum","tuberous","wild",NA,"SŠrkinen","",""
NA,3935,NA,4636,"83098","","",8.76667,-71.1,3440,"colombianum","colombianum","tuberous","wild",NA,"SŠrkinen","",""
NA,3936,NA,4637,"92154","","",7.9,-72.01667,2400,"colombianum","colombianum","tuberous","wild",NA,"SŠrkinen","",""
NA,3937,NA,4638,"94730","","",6.05,-73.63333,3000,"colombianum","colombianum","tuberous","wild",NA,"SŠrkinen","",""
NA,3938,NA,4639,"14683","","",9.226196,-70.16472,2490,"colombianum","colombianum","tuberous","wild",NA,"SŠrkinen","",""
NA,3939,NA,4640,"95116","","",5.155556,-75.04027,3250,"colombianum","colombianum","tuberous","wild",NA,"SŠrkinen","",""
NA,3940,NA,4641,"94304","","",-1.816667,-78.98333,2900,"colombianum","colombianum","tuberous","wild",NA,"SŠrkinen","",""
NA,3941,NA,4642,"94380","","",1.116667,-77.66667,3200,"colombianum","colombianum","tuberous","wild",NA,"SŠrkinen","",""
NA,3942,NA,4643,"94465","","",-5.25,-79.45,2800,"colombianum","colombianum","tuberous","wild",NA,"SŠrkinen","",""
NA,3943,NA,4644,"92462","","",5.083333,-74.01667,3400,"colombianum","colombianum","tuberous","wild",NA,"SŠrkinen","",""
NA,3944,NA,4645,"95155","","",-3.516667,-79.63333,3200,"colombianum","colombianum","tuberous","wild",NA,"SŠrkinen","",""
NA,3945,NA,4646,"82885","","",5.11667,-75.2833,3660,"colombianum","colombianum","tuberous","wild",NA,"SŠrkinen","",""
NA,3946,NA,4647,"83096","","",4.66568,-75.42803,3485,"colombianum","colombianum","tuberous","wild",NA,"SŠrkinen","",""
NA,3947,NA,4648,"94769","","",4.7,-73.71667,2830,"colombianum","colombianum","tuberous","wild",NA,"SŠrkinen","",""
NA,3948,NA,4649,"91827","","",4.46,-75.67,2600,"colombianum","colombianum","tuberous","wild",NA,"SŠrkinen","",""
NA,3949,NA,4650,"94384","","",5,-75.37,3370,"colombianum","colombianum","tuberous","wild",NA,"SŠrkinen","",""
NA,3950,NA,4651,"93924","","",5.05,-75.48333,2100,"colombianum","colombianum","tuberous","wild",NA,"SŠrkinen","",""
NA,3951,NA,4652,"95040","","",-2.6,-78.56667,2925,"colombianum","colombianum","tuberous","wild",NA,"SŠrkinen","",""
NA,3952,NA,4653,"92369","","",-3.983,-79.012,2770,"colombianum","colombianum","tuberous","wild",NA,"SŠrkinen","",""
NA,3953,NA,4654,"80898","","",7.3781,-72.6525,3330,"colombianum","colombianum","tuberous","wild",NA,"SŠrkinen","",""
NA,3954,NA,4655,"11106","","",2.785278,-76.023889,NA,"colombianum","colombianum","tuberous","germplasm",NA,"SŠrkinen","",""
NA,3955,NA,4656,"14520","","",2.35,-76.333333,NA,"colombianum","colombianum","tuberous","germplasm",NA,"SŠrkinen","",""
NA,3956,NA,4657,"14626","","",5.037833,-74.561056,NA,"colombianum","colombianum","tuberous","germplasm",NA,"SŠrkinen","",""
NA,3957,NA,4658,"15657","","",4.333333,-73.816667,NA,"colombianum","colombianum","tuberous","germplasm",NA,"SŠrkinen","",""
NA,3958,NA,4659,"30867","","",1.2,-77.266667,NA,"colombianum","colombianum","tuberous","germplasm",NA,"SŠrkinen","",""
NA,3959,NA,4660,"42261","","",6.5,-76.116667,NA,"colombianum","colombianum","tuberous","germplasm",NA,"SŠrkinen","",""
NA,3960,NA,4661,"423303","","",7.833333,-72.766667,NA,"colombianum","colombianum","tuberous","germplasm",NA,"SŠrkinen","",""
NA,3961,NA,4662,"423305","","",7.85,-72.766667,NA,"colombianum","colombianum","tuberous","germplasm",NA,"SŠrkinen","",""
NA,3962,NA,4663,"423330","","",2.516667,-75.7,NA,"colombianum","colombianum","tuberous","germplasm",NA,"SŠrkinen","",""
NA,3963,NA,4664,"423344","","",2.233333,-75.516667,NA,"colombianum","colombianum","tuberous","germplasm",NA,"SŠrkinen","",""
NA,3964,NA,4665,"423345","","",1.966667,-75.3,NA,"colombianum","colombianum","tuberous","germplasm",NA,"SŠrkinen","",""
NA,3965,NA,4666,"423347","","",2.35,-75.666667,NA,"colombianum","colombianum","tuberous","germplasm",NA,"SŠrkinen","",""
NA,3966,NA,4667,"423348","","",2.366667,-75.616667,NA,"colombianum","colombianum","tuberous","germplasm",NA,"SŠrkinen","",""
NA,3967,NA,4668,"423350","","",2.35,-75.7,NA,"colombianum","colombianum","tuberous","germplasm",NA,"SŠrkinen","",""
NA,3968,NA,4669,"423351","","",3.35,-75.933333,NA,"colombianum","colombianum","tuberous","germplasm",NA,"SŠrkinen","",""
NA,3970,NA,4671,"423356","","",2.5,-75.783333,NA,"colombianum","colombianum","tuberous","germplasm",NA,"SŠrkinen","",""
NA,3972,NA,4673,"423361","","",3.333333,-75.916667,NA,"colombianum","colombianum","tuberous","germplasm",NA,"SŠrkinen","",""
NA,3973,NA,4674,"473462","","",10.41117,-67.283363,NA,"colombianum","colombianum","tuberous","germplasm",48,"SŠrkinen","",""
NA,3974,NA,4675,"473470","","",-1.244778,-78.523144,NA,"colombianum","colombianum","tuberous","germplasm",NA,"SŠrkinen","",""
NA,3975,NA,4676,"473475","","",-4.038585,-79.790047,NA,"colombianum","colombianum","tuberous","germplasm",72,"SŠrkinen","",""
NA,3976,NA,4677,"498153","","",1.916667,-76.666667,NA,"colombianum","colombianum","tuberous","germplasm",NA,"SŠrkinen","",""
NA,3977,NA,4678,"498161","","",2.4,-76.45,NA,"colombianum","colombianum","tuberous","germplasm",NA,"SŠrkinen","",""
NA,3978,NA,4679,"498228","","",0.066666,-78.383333,NA,"colombianum","colombianum","tuberous","germplasm",48,"SŠrkinen","",""
NA,3979,NA,4680,"498289","","",8.598334,-71.145,NA,"colombianum","colombianum","tuberous","germplasm",48,"SŠrkinen","",""
NA,3980,NA,4681,"570614","","",3.956884,-76.95718,NA,"colombianum","colombianum","tuberous","germplasm",48,"SŠrkinen","",""
NA,3981,NA,4682,"570619","","",9.26815,-73.521477,NA,"colombianum","colombianum","tuberous","germplasm",48,"SŠrkinen","",""
NA,3982,NA,4683,"570626","","",2.135,-76.937413,NA,"colombianum","colombianum","tuberous","germplasm",72,"SŠrkinen","",""
NA,3985,NA,4686,"584490","","",1.521861,-77.931762,NA,"colombianum","colombianum","tuberous","germplasm",NA,"SŠrkinen","",""
NA,3986,NA,4687,"597670","","",1.829256,-76.765938,NA,"colombianum","colombianum","tuberous","germplasm",48,"SŠrkinen","",""
NA,3987,NA,4688,"597676","","",2.650686,-75.5728,NA,"colombianum","colombianum","tuberous","germplasm",NA,"SŠrkinen","",""
NA,3988,NA,4689,"COL000036274","","",1.85,-76.5,NA,"colombianum","colombianum","tuberous","germplasm",NA,"SŠrkinen","",""
NA,3989,NA,4690,"COL000036275","","",1.966667,-76.7,NA,"colombianum","colombianum","tuberous","germplasm",NA,"SŠrkinen","",""
NA,3990,NA,4691,"COL000036276","","",10.366667,-72.8,NA,"colombianum","colombianum","tuberous","germplasm",NA,"SŠrkinen","",""
NA,3991,NA,4692,"COL000036277","","",4.8,-75.366667,NA,"colombianum","colombianum","tuberous","germplasm",NA,"SŠrkinen","",""
NA,3992,NA,4693,"COL000036278","","",5.066667,-75.316667,NA,"colombianum","colombianum","tuberous","germplasm",NA,"SŠrkinen","",""
NA,3993,NA,4694,"COL000036279","","",4.566667,-75.516667,NA,"colombianum","colombianum","tuberous","germplasm",NA,"SŠrkinen","",""
NA,3994,NA,4695,"COL000036280","","",4.45,-75.6,NA,"colombianum","colombianum","tuberous","germplasm",NA,"SŠrkinen","",""
NA,3995,NA,4696,"COL000036281","","",0.7,-77.716667,NA,"colombianum","colombianum","tuberous","germplasm",NA,"SŠrkinen","",""
NA,3996,NA,4697,"COL000036282","","",2.366667,-76.35,NA,"colombianum","colombianum","tuberous","germplasm",NA,"SŠrkinen","",""
NA,3998,NA,4699,"COL000036284","","",1.116667,-77.666667,NA,"colombianum","colombianum","tuberous","germplasm",NA,"SŠrkinen","",""
NA,3999,NA,4700,"COL000036285","","",3.35,-76.066667,NA,"colombianum","colombianum","tuberous","germplasm",NA,"SŠrkinen","",""
NA,4000,NA,4701,"COL000036286","","",3.35,-76.1,NA,"colombianum","colombianum","tuberous","germplasm",NA,"SŠrkinen","",""
NA,4001,NA,4702,"COL000036287","","",1.25,-75.866667,NA,"colombianum","colombianum","tuberous","germplasm",NA,"SŠrkinen","",""
NA,4003,NA,4704,"COL000036289","","",1.916667,-76.5,NA,"colombianum","colombianum","tuberous","germplasm",NA,"SŠrkinen","",""
NA,4004,NA,4705,"COL000036290","","",2.366667,-76.4,NA,"colombianum","colombianum","tuberous","germplasm",NA,"SŠrkinen","",""
NA,4005,NA,4706,"COL000036291","","",4.466667,-75.6,NA,"colombianum","colombianum","tuberous","germplasm",NA,"SŠrkinen","",""
NA,4006,NA,4707,"COL000036292","","",3.35,-76.166667,NA,"colombianum","colombianum","tuberous","germplasm",NA,"SŠrkinen","",""
NA,4007,NA,4708,"COL000036293","","",0.166667,-77.066667,NA,"colombianum","colombianum","tuberous","germplasm",NA,"SŠrkinen","",""
NA,4008,NA,4709,"COL000036294","","",7.35,-72.6,NA,"colombianum","colombianum","tuberous","germplasm",NA,"SŠrkinen","",""
NA,4009,NA,4710,"COL000036295","","",1.166667,-77.1,NA,"colombianum","colombianum","tuberous","germplasm",NA,"SŠrkinen","",""
NA,4011,NA,4712,"COL000036297","","",1.2,-77.216667,NA,"colombianum","colombianum","tuberous","germplasm",NA,"SŠrkinen","",""
NA,4012,NA,4713,"COL000036298","","",1.216667,-77.35,NA,"colombianum","colombianum","tuberous","germplasm",NA,"SŠrkinen","",""
NA,4013,NA,4714,"COL000036299","","",2.5,-75.166667,NA,"colombianum","colombianum","tuberous","germplasm",NA,"SŠrkinen","",""
NA,4014,NA,4715,"COL000036300","","",7.3,-72.666667,NA,"colombianum","colombianum","tuberous","germplasm",NA,"SŠrkinen","",""
NA,4015,NA,4716,"COL000036302","","",4.8,-73.816667,NA,"colombianum","colombianum","tuberous","germplasm",NA,"SŠrkinen","",""
NA,4016,NA,4717,"COL000037465","","",2.35,-76.3,NA,"colombianum","colombianum","tuberous","germplasm",NA,"SŠrkinen","",""
NA,4017,NA,4718,"COL000037467","","",2.5,-76.216667,NA,"colombianum","colombianum","tuberous","germplasm",NA,"SŠrkinen","",""
NA,4019,NA,4720,"COL000037469","","",2.4,-76.4,NA,"colombianum","colombianum","tuberous","germplasm",NA,"SŠrkinen","",""
NA,4020,NA,4721,"COL000037470","","",2.516667,-76.3,NA,"colombianum","colombianum","tuberous","germplasm",NA,"SŠrkinen","",""
NA,4025,NA,4726,"COL000037475","","",2.25,-76.5,NA,"colombianum","colombianum","tuberous","germplasm",NA,"SŠrkinen","",""
NA,4028,NA,4729,"PI 473474","","",-3.016667,-79.033333,NA,"colombianum","colombianum","tuberous","germplasm",72,"SŠrkinen","",""
NA,4030,NA,4731,"PI 498149","","",1.1,-77.4,NA,"colombianum","colombianum","tuberous","germplasm",48,"SŠrkinen","",""
NA,4031,NA,4732,"PI 498150","","",1.2,-76.916667,NA,"colombianum","colombianum","tuberous","germplasm",48,"SŠrkinen","",""
NA,4032,NA,4733,"PI 498151","","",1.166667,-77.166667,NA,"colombianum","colombianum","tuberous","germplasm",48,"SŠrkinen","",""
NA,4033,NA,4734,"PI 498152","","",1.216667,-77.283333,NA,"colombianum","colombianum","tuberous","germplasm",48,"SŠrkinen","",""
NA,4034,NA,4735,"PI 498154","","",2.55,-76.05,NA,"colombianum","colombianum","tuberous","germplasm",48,"SŠrkinen","",""
NA,4035,NA,4736,"PI 498155","","",2.5,-76.4,NA,"colombianum","colombianum","tuberous","germplasm",72,"SŠrkinen","",""
NA,4036,NA,4737,"PI 498156","","",4.633333,-75.566667,NA,"colombianum","colombianum","tuberous","germplasm",48,"SŠrkinen","",""
NA,4040,NA,4741,"PI 561627","","",0.13,-77.96,NA,"colombianum","colombianum","tuberous","germplasm",48,"SŠrkinen","",""
NA,4041,NA,4742,"PI 561627","","",0.105278,-77.877222,NA,"colombianum","colombianum","tuberous","germplasm",NA,"SŠrkinen","",""
NA,4044,NA,4745,"PI 583322","","",1.916667,-76.633333,NA,"colombianum","colombianum","tuberous","germplasm",48,"SŠrkinen","",""
NA,4045,NA,4746,"PI 583325","","",8.116667,-71.9,NA,"colombianum","colombianum","tuberous","germplasm",48,"SŠrkinen","",""
NA,4047,NA,4748,"PI 597677","","",1.9,-76.633333,NA,"colombianum","colombianum","tuberous","germplasm",72,"SŠrkinen","",""
NA,4048,NA,4749,"PI320346","","",1.417,-77.117,NA,"colombianum","colombianum","tuberous","germplasm",48,"SŠrkinen","",""
NA,4049,NA,4750,"PI473407","","",4.067,-75.167,NA,"colombianum","colombianum","tuberous","germplasm",48,"SŠrkinen","",""
NA,4051,NA,4752,"PI498150","","",1.2,-76.917,NA,"colombianum","colombianum","tuberous","germplasm",NA,"SŠrkinen","",""
NA,4052,NA,4753,"PI498151","","",1.167,-77.167,NA,"colombianum","colombianum","tuberous","germplasm",NA,"SŠrkinen","",""
NA,4053,NA,4754,"PI498152","","",1.217,-77.283,NA,"colombianum","colombianum","tuberous","germplasm",NA,"SŠrkinen","",""
NA,4056,NA,4757,"PI498156","","",4.633,-75.567,NA,"colombianum","colombianum","tuberous","germplasm",NA,"SŠrkinen","",""
NA,4060,NA,4761,"PI567822","","",3.35,-76.517,NA,"colombianum","colombianum","tuberous","germplasm",48,"SŠrkinen","",""
NA,4061,NA,4762,"PI567827","","",4.467,-75.583,NA,"colombianum","colombianum","tuberous","germplasm",48,"SŠrkinen","",""
NA,4063,NA,4764,"PI567829","","",4.45,-75.583,NA,"colombianum","colombianum","tuberous","germplasm",48,"SŠrkinen","",""
NA,4064,NA,4765,"PI567830","","",4.567,-75.517,NA,"colombianum","colombianum","tuberous","germplasm",48,"SŠrkinen","",""
NA,4065,NA,4766,"PI567831","","",5.067,-75.317,NA,"colombianum","colombianum","tuberous","germplasm",48,"SŠrkinen","",""
NA,4066,NA,4767,"PI567832","","",5,-75.367,NA,"colombianum","colombianum","tuberous","germplasm",48,"SŠrkinen","",""
NA,4067,NA,4768,"PI567833","","",1.833,-76.5,NA,"colombianum","colombianum","tuberous","germplasm",48,"SŠrkinen","",""
NA,4068,NA,4769,"PI567843","","",2.233,-76.483,NA,"colombianum","colombianum","tuberous","germplasm",72,"SŠrkinen","",""
NA,4069,NA,4770,"PI567844","","",2.517,-76.283,NA,"colombianum","colombianum","tuberous","germplasm",72,"SŠrkinen","",""
NA,4070,NA,4771,"PI567845","","",2.5,-76.217,NA,"colombianum","colombianum","tuberous","germplasm",72,"SŠrkinen","",""
NA,4071,NA,4772,"PI570613","","",2.367,-76.383,NA,"colombianum","colombianum","tuberous","germplasm",48,"SŠrkinen","",""
NA,4072,NA,4773,"PI570615","","",3.333,-76.083,NA,"colombianum","colombianum","tuberous","germplasm",48,"SŠrkinen","",""
NA,4073,NA,4774,"PI570616","","",3.35,-76.067,NA,"colombianum","colombianum","tuberous","germplasm",48,"SŠrkinen","",""
NA,4076,NA,4777,"PI570630","","",1.967,-76.7,NA,"colombianum","colombianum","tuberous","germplasm",72,"SŠrkinen","",""
NA,4080,NA,4781,"PI583322","","",1.917,-76.633,NA,"colombianum","colombianum","tuberous","germplasm",NA,"SŠrkinen","",""
NA,4082,NA,4783,"PI584492","","",2.467,-75.167,NA,"colombianum","colombianum","tuberous","germplasm",48,"SŠrkinen","",""
NA,4416,NA,5117,"84276","","",-23.29,-58.36,0,"commersonii","commersonii","tuberous","wild",NA,"SŠrkinen","",""
NA,4350,NA,5051,"84277","","",-25.04,-57.14,0,"commersonii","commersonii","tuberous","wild",NA,"SŠrkinen","",""
NA,4409,NA,5110,"84282","","",-25.0666,-57.8833,0,"commersonii","commersonii","tuberous","wild",NA,"SŠrkinen","",""
NA,4482,NA,5183,"82776","","",-25.3312,-57.26559,0,"commersonii","commersonii","tuberous","wild",NA,"SŠrkinen","",""
NA,4418,NA,5119,"81370","","",-26.05,-59.7333,0,"commersonii","commersonii","tuberous","wild",NA,"SŠrkinen","",""
NA,4340,NA,5041,"80404","","",-26.4667,-54.5667,100,"commersonii","commersonii","tuberous","wild",NA,"SŠrkinen","",""
NA,4469,NA,5170,"83540","","",-26.6166,-54.7666,206,"commersonii","commersonii","tuberous","wild",NA,"SŠrkinen","",""
NA,4332,NA,5033,"83475","","",-26.6333,-54.1333,0,"commersonii","commersonii","tuberous","wild",NA,"SŠrkinen","",""
NA,4497,NA,5198,"16000","","",-26.86667,-53.5,NA,"commersonii","commersonii","tuberous","germplasm",NA,"SŠrkinen","",""
NA,4477,NA,5178,"83908","","",-27.06,-54.58,0,"commersonii","commersonii","tuberous","wild",NA,"SŠrkinen","",""
NA,4374,NA,5075,"83468","","",-27.09934,-55.42512,0,"commersonii","commersonii","tuberous","wild",NA,"SŠrkinen","",""
NA,4494,NA,5195,"80654","","",-27.13036,-54.94965,100,"commersonii","commersonii","tuberous","wild",NA,"SŠrkinen","",""
NA,4406,NA,5107,"81093","","",-27.15972,-55.33833,0,"commersonii","commersonii","tuberous","wild",NA,"SŠrkinen","",""
NA,4454,NA,5155,"80436","","",-27.2666,-58.25,0,"commersonii","commersonii","tuberous","wild",NA,"SŠrkinen","",""
NA,4410,NA,5111,"143604","","",-27.2828,-50.5844,0,"commersonii","commersonii","tuberous","wild",NA,"SŠrkinen","",""
NA,4414,NA,5115,"77917","","",-27.3166,-55.5333,0,"commersonii","commersonii","tuberous","wild",NA,"SŠrkinen","",""
NA,4464,NA,5165,"83452","","",-27.3166,-58.5833,55,"commersonii","commersonii","tuberous","wild",NA,"SŠrkinen","",""
NA,4395,NA,5096,"77906","","",-27.3333,-58.9333,0,"commersonii","commersonii","tuberous","wild",NA,"SŠrkinen","",""
NA,4370,NA,5071,"83642","","",-27.3833,-57.75,0,"commersonii","commersonii","tuberous","wild",NA,"SŠrkinen","",""
NA,4381,NA,5082,"84281","","",-27.3833,-56.6833,0,"commersonii","commersonii","tuberous","wild",NA,"SŠrkinen","",""
NA,4441,NA,5142,"81346","","",-27.4,-56.0666,0,"commersonii","commersonii","tuberous","wild",NA,"SŠrkinen","",""
NA,4420,NA,5121,"82838","","",-27.4166,-59.0666,0,"commersonii","commersonii","tuberous","wild",NA,"SŠrkinen","",""
NA,4449,NA,5150,"80657","","",-27.4333,-55.3833,125,"commersonii","commersonii","tuberous","wild",NA,"SŠrkinen","",""
NA,4333,NA,5034,"77937","","",-27.4666,-58.8333,0,"commersonii","commersonii","tuberous","wild",NA,"SŠrkinen","",""
NA,4349,NA,5050,"83607","","",-27.4666,-55.7333,0,"commersonii","commersonii","tuberous","wild",NA,"SŠrkinen","",""
NA,4348,NA,5049,"83485","","",-27.4833,-55.1333,310,"commersonii","commersonii","tuberous","wild",NA,"SŠrkinen","",""
NA,4447,NA,5148,"81188","","",-27.5,-54.1166,290,"commersonii","commersonii","tuberous","wild",NA,"SŠrkinen","",""
NA,4487,NA,5188,"80703","","",-27.5,-55.8333,125,"commersonii","commersonii","tuberous","wild",NA,"SŠrkinen","",""
NA,4390,NA,5091,"85291","","",-27.5833,-48.9833,400,"commersonii","commersonii","tuberous","wild",NA,"SŠrkinen","",""
NA,4456,NA,5157,"83600","","",-27.5833,-58.75,0,"commersonii","commersonii","tuberous","wild",NA,"SŠrkinen","",""
NA,4470,NA,5171,"81354","","",-27.6333,-55.4833,0,"commersonii","commersonii","tuberous","wild",NA,"SŠrkinen","",""
NA,4442,NA,5143,"80652","","",-27.7,-57.9333,70,"commersonii","commersonii","tuberous","wild",NA,"SŠrkinen","",""
NA,4376,NA,5077,"81078","","",-27.72361,-56.73333,0,"commersonii","commersonii","tuberous","wild",NA,"SŠrkinen","",""
NA,4492,NA,5193,"84833","","",-27.76528,-55.15889,0,"commersonii","commersonii","tuberous","wild",NA,"SŠrkinen","",""
NA,4413,NA,5114,"84326","","",-27.8,-50.3166,0,"commersonii","commersonii","tuberous","wild",NA,"SŠrkinen","",""
NA,4490,NA,5191,"80283","","",-28.02004,-58.02882,0,"commersonii","commersonii","tuberous","wild",NA,"SŠrkinen","",""
NA,4389,NA,5090,"82621","","",-28.0333,-54.35,0,"commersonii","commersonii","tuberous","wild",NA,"SŠrkinen","",""
NA,4300,NA,5001,"81326","","",-28.05,-58.2333,0,"commersonii","commersonii","tuberous","wild",NA,"SŠrkinen","",""
NA,4405,NA,5106,"164992","","",-28.16667,-55.6475,100,"commersonii","commersonii","tuberous","wild",NA,"SŠrkinen","",""
NA,4309,NA,5010,"81384","","",-28.1833,-58.7166,0,"commersonii","commersonii","tuberous","wild",NA,"SŠrkinen","",""
NA,4304,NA,5005,"165156","","",-28.20806,-56.22806,110,"commersonii","commersonii","tuberous","wild",NA,"SŠrkinen","",""
NA,4361,NA,5062,"83633","","",-28.25,-58.6333,0,"commersonii","commersonii","tuberous","wild",NA,"SŠrkinen","",""
NA,4347,NA,5048,"80688","","",-28.3833,-57.8833,0,"commersonii","commersonii","tuberous","wild",NA,"SŠrkinen","",""
NA,4377,NA,5078,"80059","","",-28.3833,-53.9166,0,"commersonii","commersonii","tuberous","wild",NA,"SŠrkinen","",""
NA,4498,NA,5199,"PI 320269","","",-28.383333,-53.916667,NA,"commersonii","commersonii","tuberous","germplasm",24,"SŠrkinen","",""
NA,4363,NA,5064,"83403","","",-28.5,-49.2166,30,"commersonii","commersonii","tuberous","wild",NA,"SŠrkinen","",""
NA,4408,NA,5109,"81189","","",-28.5333,-54.55,300,"commersonii","commersonii","tuberous","wild",NA,"SŠrkinen","",""
NA,4292,NA,4993,"79825","","",-28.55,-56.05,0,"commersonii","commersonii","tuberous","wild",NA,"SŠrkinen","",""
NA,4334,NA,5035,"78143","","",-29.0166,-58.9,60,"commersonii","commersonii","tuberous","wild",NA,"SŠrkinen","",""
NA,4478,NA,5179,"84842","","",-29.0833,-61.1666,0,"commersonii","commersonii","tuberous","wild",NA,"SŠrkinen","",""
NA,4324,NA,5025,"82839","","",-29.1,-58.3333,0,"commersonii","commersonii","tuberous","wild",NA,"SŠrkinen","",""
NA,4338,NA,5039,"84900","","",-29.1666,-51.1833,780,"commersonii","commersonii","tuberous","wild",NA,"SŠrkinen","",""
NA,4445,NA,5146,"81362","","",-29.2,-58.0833,0,"commersonii","commersonii","tuberous","wild",NA,"SŠrkinen","",""
NA,4316,NA,5017,"82805","","",-29.2333,-51.35,750,"commersonii","commersonii","tuberous","wild",NA,"SŠrkinen","",""
NA,4435,NA,5136,"84896","","",-29.2333,-53.6833,0,"commersonii","commersonii","tuberous","wild",NA,"SŠrkinen","",""
NA,4380,NA,5081,"150831","","",-29.3353,-49.7269,0,"commersonii","commersonii","tuberous","wild",NA,"SŠrkinen","",""
NA,4423,NA,5124,"84214","","",-29.3833,-56.6833,0,"commersonii","commersonii","tuberous","wild",NA,"SŠrkinen","",""
NA,4336,NA,5037,"78140","","",-29.40225,-56.81352,60,"commersonii","commersonii","tuberous","wild",NA,"SŠrkinen","",""
NA,4298,NA,4999,"78144","","",-29.42,-57.13,60,"commersonii","commersonii","tuberous","wild",NA,"SŠrkinen","",""
NA,4307,NA,5008,"78142","","",-29.51035,-56.95995,60,"commersonii","commersonii","tuberous","wild",NA,"SŠrkinen","",""
NA,4475,NA,5176,"151454","","",-29.56159,-51.23561,39,"commersonii","commersonii","tuberous","wild",NA,"SŠrkinen","",""
NA,4358,NA,5059,"87000","","",-29.57634,-60.22963,0,"commersonii","commersonii","tuberous","wild",NA,"SŠrkinen","",""
NA,4465,NA,5166,"82899","","",-29.65,-51.4,0,"commersonii","commersonii","tuberous","wild",NA,"SŠrkinen","",""
NA,4466,NA,5167,"84213","","",-29.6833,-53.8,0,"commersonii","commersonii","tuberous","wild",NA,"SŠrkinen","",""
NA,4503,NA,5204,"PI 472847","","",-29.7,-57.116667,NA,"commersonii","commersonii","tuberous","germplasm",24,"SŠrkinen","",""
NA,4346,NA,5047,"78139","","",-29.71822,-57.07973,50,"commersonii","commersonii","tuberous","wild",NA,"SŠrkinen","",""
NA,4437,NA,5138,"80728","","",-29.7666,-51.15,30,"commersonii","commersonii","tuberous","wild",NA,"SŠrkinen","",""
NA,4486,NA,5187,"78147","","",-29.7833,-58.05,70,"commersonii","commersonii","tuberous","wild",NA,"SŠrkinen","",""
NA,4345,NA,5046,"82622","","",-29.8833,-54.8167,0,"commersonii","commersonii","tuberous","wild",NA,"SŠrkinen","",""
NA,4383,NA,5084,"81347","","",-29.9,-57.5666,0,"commersonii","commersonii","tuberous","wild",NA,"SŠrkinen","",""
NA,4357,NA,5058,"85404","","",-30.0333,-58.2833,0,"commersonii","commersonii","tuberous","wild",NA,"SŠrkinen","",""
NA,4387,NA,5088,"80358","","",-30.0333,-51.2,0,"commersonii","commersonii","tuberous","wild",NA,"SŠrkinen","",""
NA,4397,NA,5098,"82745","","",-30.0333,-52.9,0,"commersonii","commersonii","tuberous","wild",NA,"SŠrkinen","",""
NA,4388,NA,5089,"82620","","",-30.1166,-51.5,0,"commersonii","commersonii","tuberous","wild",NA,"SŠrkinen","",""
NA,4463,NA,5164,"78148","","",-30.15,-57.75,51,"commersonii","commersonii","tuberous","wild",NA,"SŠrkinen","",""
NA,4343,NA,5044,"84966","","",-30.1833,-56.5166,0,"commersonii","commersonii","tuberous","wild",NA,"SŠrkinen","",""
NA,4344,NA,5045,"78133","","",-30.23,-58.47,67,"commersonii","commersonii","tuberous","wild",NA,"SŠrkinen","",""
NA,4360,NA,5061,"78138","","",-30.25,-57.65,80,"commersonii","commersonii","tuberous","wild",NA,"SŠrkinen","",""
NA,4294,NA,4995,"79841","","",-30.32,-58.56,62,"commersonii","commersonii","tuberous","wild",NA,"SŠrkinen","",""
NA,4455,NA,5156,"83529","","",-30.3333,-54.3166,0,"commersonii","commersonii","tuberous","wild",NA,"SŠrkinen","",""
NA,4451,NA,5152,"84232","","",-30.3666,-57.5833,0,"commersonii","commersonii","tuberous","wild",NA,"SŠrkinen","",""
NA,4319,NA,5020,"82642","","",-30.3833,-56.45,0,"commersonii","commersonii","tuberous","wild",NA,"SŠrkinen","",""
NA,4299,NA,5000,"84814","","",-30.5,-59.6166,0,"commersonii","commersonii","tuberous","wild",NA,"SŠrkinen","",""
NA,4303,NA,5004,"78137","","",-30.7166,-57.8166,80,"commersonii","commersonii","tuberous","wild",NA,"SŠrkinen","",""
NA,4327,NA,5028,"79783","","",-30.75,-59.65,0,"commersonii","commersonii","tuberous","wild",NA,"SŠrkinen","",""
NA,4468,NA,5169,"78150","","",-30.7666,-57.9833,42,"commersonii","commersonii","tuberous","wild",NA,"SŠrkinen","",""
NA,4399,NA,5100,"87643","","",-30.8,-56.55,0,"commersonii","commersonii","tuberous","wild",NA,"SŠrkinen","",""
NA,4209,NA,4910,"R5P1","","",-30.959278,-55.533906,NA,"commersonii","commersonii","tuberous","wild",NA,"SŠrkinen","",""
NA,4434,NA,5135,"84117","","",-30.9666,-57.5333,60,"commersonii","commersonii","tuberous","wild",NA,"SŠrkinen","",""
NA,4467,NA,5168,"81098","","",-30.99747,-59.66391,0,"commersonii","commersonii","tuberous","wild",NA,"SŠrkinen","",""
NA,4204,NA,4905,"R4P1","","",-31.145364,-55.646556,NA,"commersonii","commersonii","tuberous","wild",NA,"SŠrkinen","",""
NA,4188,NA,4889,"R1P1","","",-31.162083,-55.872806,NA,"commersonii","commersonii","tuberous","wild",NA,"SŠrkinen","",""
NA,4428,NA,5129,"83586","","",-31.1833,-59.4167,0,"commersonii","commersonii","tuberous","wild",NA,"SŠrkinen","",""
NA,4484,NA,5185,"82951","","",-31.1833,-59.8167,0,"commersonii","commersonii","tuberous","wild",NA,"SŠrkinen","",""
NA,4182,NA,4883,"R2P1","","",-31.195321,-55.904222,NA,"commersonii","commersonii","tuberous","wild",NA,"SŠrkinen","",""
NA,4217,NA,4918,"R6P2","","",-31.228654,-55.345333,NA,"commersonii","commersonii","tuberous","wild",NA,"SŠrkinen","",""
NA,4219,NA,4920,"R6P1","","",-31.228704,-55.34475,NA,"commersonii","commersonii","tuberous","wild",NA,"SŠrkinen","",""
NA,4321,NA,5022,"84204","","",-31.25,-55.5833,0,"commersonii","commersonii","tuberous","wild",NA,"SŠrkinen","",""
NA,4190,NA,4891,"R11P1","","",-31.310317,-55.85415,NA,"commersonii","commersonii","tuberous","wild",NA,"SŠrkinen","",""
NA,4225,NA,4926,"R7P1","","",-31.31204,-55.266689,NA,"commersonii","commersonii","tuberous","wild",NA,"SŠrkinen","",""
NA,4430,NA,5131,"84748","","",-31.3333,-57.8333,0,"commersonii","commersonii","tuberous","wild",NA,"SŠrkinen","",""
NA,4203,NA,4904,"R3P1","","",-31.345377,-55.667503,NA,"commersonii","commersonii","tuberous","wild",NA,"SŠrkinen","",""
NA,4438,NA,5139,"78151","","",-31.40025,-58.01784,28,"commersonii","commersonii","tuberous","wild",NA,"SŠrkinen","",""
NA,4325,NA,5026,"82699","","",-31.45,-53.1,0,"commersonii","commersonii","tuberous","wild",NA,"SŠrkinen","",""
NA,4120,NA,4821,"CIP 762451","","",-31.4703,-51.1456,NA,"commersonii","commersonii","tuberous","germplasm",24,"SŠrkinen","",""
NA,4194,NA,4895,"T9P1","","",-31.478056,-55.853444,NA,"commersonii","commersonii","tuberous","wild",NA,"SŠrkinen","",""
NA,4422,NA,5123,"78155","","",-31.53,-58.14,40,"commersonii","commersonii","tuberous","wild",NA,"SŠrkinen","",""
NA,4202,NA,4903,"T1P1","","",-31.581167,-55.760861,NA,"commersonii","commersonii","tuberous","wild",NA,"SŠrkinen","",""
NA,4473,NA,5174,"81099","","",-31.58583,-60.01139,0,"commersonii","commersonii","tuberous","wild",NA,"SŠrkinen","",""
NA,4359,NA,5060,"84201","","",-31.6333,-56.6666,0,"commersonii","commersonii","tuberous","wild",NA,"SŠrkinen","",""
NA,4328,NA,5029,"81081","","",-31.64444,-60.17944,130,"commersonii","commersonii","tuberous","wild",NA,"SŠrkinen","",""
NA,4411,NA,5112,"83863","","",-31.65,-59.9,0,"commersonii","commersonii","tuberous","wild",NA,"SŠrkinen","",""
NA,4244,NA,4945,"R8P1","","",-31.658917,-54.830222,NA,"commersonii","commersonii","tuberous","wild",NA,"SŠrkinen","",""
NA,4175,NA,4876,"T5P1","","",-31.660694,-56.122222,NA,"commersonii","commersonii","tuberous","wild",NA,"SŠrkinen","",""
NA,4179,NA,4880,"T8P1","","",-31.678674,-55.974528,NA,"commersonii","commersonii","tuberous","wild",NA,"SŠrkinen","",""
NA,4198,NA,4899,"T6P2","","",-31.714917,-55.848333,NA,"commersonii","commersonii","tuberous","wild",NA,"SŠrkinen","",""
NA,4200,NA,4901,"T6P1","","",-31.714917,-55.84825,NA,"commersonii","commersonii","tuberous","wild",NA,"SŠrkinen","",""
NA,4335,NA,5036,"86933","","",-31.7333,-55.9833,0,"commersonii","commersonii","tuberous","wild",NA,"SŠrkinen","",""
NA,4097,NA,4798,"CIP 762457","","",-31.7342,-55.9914,NA,"commersonii","commersonii","tuberous","germplasm",24,"SŠrkinen","",""
NA,4419,NA,5120,"87750","","",-31.73705,-60.52628,0,"commersonii","commersonii","tuberous","wild",NA,"SŠrkinen","",""
NA,4177,NA,4878,"T2P1","","",-31.762032,-56.053,NA,"commersonii","commersonii","tuberous","wild",NA,"SŠrkinen","",""
NA,4362,NA,5063,"82637","","",-31.7666,-52.3333,0,"commersonii","commersonii","tuberous","wild",NA,"SŠrkinen","",""
NA,4207,NA,4908,"T7P2","","",-31.827972,-55.592611,NA,"commersonii","commersonii","tuberous","wild",NA,"SŠrkinen","",""
NA,4205,NA,4906,"T7P1","","",-31.828333,-55.592778,NA,"commersonii","commersonii","tuberous","wild",NA,"SŠrkinen","",""
NA,4174,NA,4875,"T3P1","","",-31.828694,-56.174917,NA,"commersonii","commersonii","tuberous","wild",NA,"SŠrkinen","",""
NA,4260,NA,4961,"R13P2","","",-31.839252,-54.538718,NA,"commersonii","commersonii","tuberous","wild",NA,"SŠrkinen","",""
NA,4261,NA,4962,"R13P1","","",-31.839252,-54.538628,NA,"commersonii","commersonii","tuberous","wild",NA,"SŠrkinen","",""
NA,4263,NA,4964,"R12P1","","",-31.842223,-54.537613,NA,"commersonii","commersonii","tuberous","wild",NA,"SŠrkinen","",""
NA,4262,NA,4963,"R12P2","","",-31.842261,-54.537663,NA,"commersonii","commersonii","tuberous","wild",NA,"SŠrkinen","",""
NA,4251,NA,4952,"R9P1","","",-31.845339,-54.711667,NA,"commersonii","commersonii","tuberous","wild",NA,"SŠrkinen","",""
NA,4493,NA,5194,"80715","","",-31.85,-52.8166,0,"commersonii","commersonii","tuberous","wild",NA,"SŠrkinen","",""
NA,4093,NA,4794,"CIP 761102","","",-31.875,-56.2517,253,"commersonii","commersonii","tuberous","germplasm",24,"SŠrkinen","",""
NA,4448,NA,5149,"88124","","",-31.9,-54.4166,0,"commersonii","commersonii","tuberous","wild",NA,"SŠrkinen","",""
NA,4433,NA,5134,"87749","","",-31.9333,-60.4166,0,"commersonii","commersonii","tuberous","wild",NA,"SŠrkinen","",""
NA,4339,NA,5040,"79848","","",-32.0666,-60.6166,20,"commersonii","commersonii","tuberous","wild",NA,"SŠrkinen","",""
NA,4102,NA,4803,"CIP 762475","","",-32.0867,-55.7686,NA,"commersonii","commersonii","tuberous","germplasm",24,"SŠrkinen","",""
NA,4458,NA,5159,"84242","","",-32.1166,-54,0,"commersonii","commersonii","tuberous","wild",NA,"SŠrkinen","",""
NA,4366,NA,5067,"88120","","",-32.2166,-55.6833,0,"commersonii","commersonii","tuberous","wild",NA,"SŠrkinen","",""
NA,4415,NA,5116,"87747","","",-32.2166,-58.1333,0,"commersonii","commersonii","tuberous","wild",NA,"SŠrkinen","",""
NA,4087,NA,4788,"CIP 761080","","",-32.2206,-57.4625,43,"commersonii","commersonii","tuberous","germplasm",24,"SŠrkinen","",""
NA,4371,NA,5072,"85391","","",-32.27069,-54.27163,0,"commersonii","commersonii","tuberous","wild",NA,"SŠrkinen","",""
NA,4249,NA,4950,"CL1P1","","",-32.295364,-54.776944,NA,"commersonii","commersonii","tuberous","wild",NA,"SŠrkinen","",""
NA,4356,NA,5057,"83181","","",-32.2981,-59.1394,0,"commersonii","commersonii","tuberous","wild",NA,"SŠrkinen","",""
NA,4267,NA,4968,"CLBM1P1","","",-32.344083,-54.435354,NA,"commersonii","commersonii","tuberous","wild",NA,"SŠrkinen","",""
NA,4269,NA,4970,"CL3P1","","",-32.349183,-54.431788,NA,"commersonii","commersonii","tuberous","wild",NA,"SŠrkinen","",""
NA,4393,NA,5094,"84878","","",-32.35,-52.8333,0,"commersonii","commersonii","tuberous","wild",NA,"SŠrkinen","",""
NA,4310,NA,5011,"86006","","",-32.4166,-55.4833,0,"commersonii","commersonii","tuberous","wild",NA,"SŠrkinen","",""
NA,4471,NA,5172,"78158","","",-32.42687,-58.52498,27,"commersonii","commersonii","tuberous","wild",NA,"SŠrkinen","",""
NA,4394,NA,5095,"83216","","",-32.4666,-59.1666,0,"commersonii","commersonii","tuberous","wild",NA,"SŠrkinen","",""
NA,4354,NA,5055,"82632","","",-32.5,-52.5833,0,"commersonii","commersonii","tuberous","wild",NA,"SŠrkinen","",""
NA,4489,NA,5190,"78159","","",-32.5166,-58.2333,50,"commersonii","commersonii","tuberous","wild",NA,"SŠrkinen","",""
NA,4479,NA,5180,"88117","","",-32.5666,-53.4166,0,"commersonii","commersonii","tuberous","wild",NA,"SŠrkinen","",""
NA,4384,NA,5085,"84812","","",-32.6091,-60.1688,0,"commersonii","commersonii","tuberous","wild",NA,"SŠrkinen","",""
NA,4386,NA,5087,"83637","","",-32.6666,-59.5,0,"commersonii","commersonii","tuberous","wild",NA,"SŠrkinen","",""
NA,4369,NA,5070,"84241","","",-32.6833,-57.6333,0,"commersonii","commersonii","tuberous","wild",NA,"SŠrkinen","",""
NA,4281,NA,4982,"CL2P1","","",-32.69533,-54.214528,NA,"commersonii","commersonii","tuberous","wild",NA,"SŠrkinen","",""
NA,4483,NA,5184,"84271","","",-32.75,-57.3333,0,"commersonii","commersonii","tuberous","wild",NA,"SŠrkinen","",""
NA,4322,NA,5023,"88207","","",-32.8666,-55.9166,0,"commersonii","commersonii","tuberous","wild",NA,"SŠrkinen","",""
NA,4265,NA,4966,"TyT4P1","","",-32.906833,-54.440611,NA,"commersonii","commersonii","tuberous","wild",NA,"SŠrkinen","",""
NA,4279,NA,4980,"TyT1P1","","",-32.912004,-54.291611,NA,"commersonii","commersonii","tuberous","wild",NA,"SŠrkinen","",""
NA,4305,NA,5006,"77945","","",-33.0102,-58.5141,0,"commersonii","commersonii","tuberous","wild",NA,"SŠrkinen","",""
NA,4271,NA,4972,"TyT6P1","","",-33.032194,-54.410889,NA,"commersonii","commersonii","tuberous","wild",NA,"SŠrkinen","",""
NA,4502,NA,5203,"PI 472843","","",-33.033333,-58.533333,NA,"commersonii","commersonii","tuberous","germplasm",24,"SŠrkinen","",""
NA,4429,NA,5130,"78163","","",-33.08113,-58.41915,0,"commersonii","commersonii","tuberous","wild",NA,"SŠrkinen","",""
NA,4152,NA,4853,"So2P1","","",-33.124473,-57.169042,NA,"commersonii","commersonii","tuberous","wild",NA,"SŠrkinen","",""
NA,4436,NA,5137,"84235","","",-33.1333,-57.1833,0,"commersonii","commersonii","tuberous","wild",NA,"SŠrkinen","",""
NA,4196,NA,4897,"D2P1","","",-33.159028,-55.852528,NA,"commersonii","commersonii","tuberous","wild",NA,"SŠrkinen","",""
NA,4444,NA,5145,"84226","","",-33.1666,-54.45,0,"commersonii","commersonii","tuberous","wild",NA,"SŠrkinen","",""
NA,4382,NA,5083,"82799","","",-33.1833,-57.4666,0,"commersonii","commersonii","tuberous","wild",NA,"SŠrkinen","",""
NA,4180,NA,4881,"D1P1","","",-33.195556,-55.913,NA,"commersonii","commersonii","tuberous","wild",NA,"SŠrkinen","",""
NA,4402,NA,5103,"87845","","",-33.25,-55.3833,0,"commersonii","commersonii","tuberous","wild",NA,"SŠrkinen","",""
NA,4277,NA,4978,"TyT2P1","","",-33.255222,-54.402,NA,"commersonii","commersonii","tuberous","wild",NA,"SŠrkinen","",""
NA,4412,NA,5113,"84238","","",-33.2558,-58.0191,0,"commersonii","commersonii","tuberous","wild",NA,"SŠrkinen","",""
NA,4396,NA,5097,"83570","","",-33.35,-58.4666,0,"commersonii","commersonii","tuberous","wild",NA,"SŠrkinen","",""
NA,4168,NA,4869,"D4P1","","",-33.350897,-56.507367,NA,"commersonii","commersonii","tuberous","wild",NA,"SŠrkinen","",""
NA,4291,NA,4992,"79884","","",-33.4,-58.3666,0,"commersonii","commersonii","tuberous","wild",NA,"SŠrkinen","",""
NA,4164,NA,4865,"D5P1","","",-33.404318,-56.510562,NA,"commersonii","commersonii","tuberous","wild",NA,"SŠrkinen","",""
NA,4391,NA,5092,"78164","","",-33.45,-59.02,0,"commersonii","commersonii","tuberous","wild",NA,"SŠrkinen","",""
NA,4404,NA,5105,"81054","","",-33.4666,-59.95,0,"commersonii","commersonii","tuberous","wild",NA,"SŠrkinen","",""
NA,4153,NA,4854,"F3P1","","",-33.487556,-57.030067,NA,"commersonii","commersonii","tuberous","wild",NA,"SŠrkinen","",""
NA,4157,NA,4858,"F4P1","","",-33.498899,-56.850514,NA,"commersonii","commersonii","tuberous","wild",NA,"SŠrkinen","",""
NA,4314,NA,5015,"82814","","",-33.5,-58.8167,0,"commersonii","commersonii","tuberous","wild",NA,"SŠrkinen","",""
NA,4086,NA,4787,"CIP 761088","","",-33.5217,-58.2142,NA,"commersonii","commersonii","tuberous","germplasm",24,"SŠrkinen","",""
NA,4085,NA,4786,"CIP 761086","","",-33.5483,-58.2167,17,"commersonii","commersonii","tuberous","germplasm",24,"SŠrkinen","",""
NA,4172,NA,4873,"FL10P1","","",-33.550114,-56.384478,NA,"commersonii","commersonii","tuberous","wild",NA,"SŠrkinen","",""
NA,4496,NA,5197,"82956","","",-33.5833,-58.55,0,"commersonii","commersonii","tuberous","wild",NA,"SŠrkinen","",""
NA,4368,NA,5069,"77912","","",-33.7333,-59.1666,0,"commersonii","commersonii","tuberous","wild",NA,"SŠrkinen","",""
NA,4084,NA,4785,"CIP 761101","","",-33.8094,-58.2672,58,"commersonii","commersonii","tuberous","germplasm",24,"SŠrkinen","",""
NA,4156,NA,4857,"F2P1","","",-33.821068,-57.014442,NA,"commersonii","commersonii","tuberous","wild",NA,"SŠrkinen","",""
NA,4155,NA,4856,"F1P1","","",-33.850808,-57.020346,NA,"commersonii","commersonii","tuberous","wild",NA,"SŠrkinen","",""
NA,4173,NA,4874,"FL8P1","","",-33.857566,-56.279838,NA,"commersonii","commersonii","tuberous","wild",NA,"SŠrkinen","",""
NA,4139,NA,4840,"So1P1","","",-33.870681,-57.391431,NA,"commersonii","commersonii","tuberous","wild",NA,"SŠrkinen","",""
NA,4431,NA,5132,"84256","","",-33.8833,-58.4166,0,"commersonii","commersonii","tuberous","wild",NA,"SŠrkinen","",""
NA,4287,NA,4988,"Ro3P1","","",-33.91,-53.884167,NA,"commersonii","commersonii","tuberous","wild",NA,"SŠrkinen","",""
NA,4427,NA,5128,"86451","","",-33.9166,-57.2,0,"commersonii","commersonii","tuberous","wild",NA,"SŠrkinen","",""
NA,4289,NA,4990,"Ro7P1","","",-33.917139,-53.570639,NA,"commersonii","commersonii","tuberous","wild",NA,"SŠrkinen","",""
NA,4421,NA,5122,"84211","","",-33.9833,-53.5333,0,"commersonii","commersonii","tuberous","wild",NA,"SŠrkinen","",""
NA,4453,NA,5154,"78156","","",-34.0666,-60.4,27,"commersonii","commersonii","tuberous","wild",NA,"SŠrkinen","",""
NA,4273,NA,4974,"Ro1P1","","",-34.067,-54.409722,NA,"commersonii","commersonii","tuberous","wild",NA,"SŠrkinen","",""
NA,4247,NA,4948,"L9P1","","",-34.073333,-54.793167,NA,"commersonii","commersonii","tuberous","wild",NA,"SŠrkinen","",""
NA,4495,NA,5196,"81241","","",-34.0922,-59.035,0,"commersonii","commersonii","tuberous","wild",NA,"SŠrkinen","",""
NA,4443,NA,5144,"84228","","",-34.1,-56.2166,0,"commersonii","commersonii","tuberous","wild",NA,"SŠrkinen","",""
NA,4293,NA,4994,"87689","","",-34.17694,-58.92083,0,"commersonii","commersonii","tuberous","wild",NA,"SŠrkinen","",""
NA,4355,NA,5056,"77932","","",-34.1833,-58.25,0,"commersonii","commersonii","tuberous","wild",NA,"SŠrkinen","",""
NA,4481,NA,5182,"82785","","",-34.19,-57.13,0,"commersonii","commersonii","tuberous","wild",NA,"SŠrkinen","",""
NA,4135,NA,4836,"C6P1","","",-34.191642,-57.434042,NA,"commersonii","commersonii","tuberous","wild",NA,"SŠrkinen","",""
NA,4137,NA,4838,"C6P3","","",-34.191817,-57.433858,NA,"commersonii","commersonii","tuberous","wild",NA,"SŠrkinen","",""
NA,4138,NA,4839,"C6P2","","",-34.195373,-57.4336,NA,"commersonii","commersonii","tuberous","wild",NA,"SŠrkinen","",""
NA,4133,NA,4834,"C5P2","","",-34.215731,-57.450675,NA,"commersonii","commersonii","tuberous","wild",NA,"SŠrkinen","",""
NA,4121,NA,4822,"C10P1","","",-34.218847,-57.883003,NA,"commersonii","commersonii","tuberous","wild",NA,"SŠrkinen","",""
NA,4141,NA,4842,"C4P1","","",-34.240064,-57.390583,NA,"commersonii","commersonii","tuberous","wild",NA,"SŠrkinen","",""
NA,4308,NA,5009,"81082","","",-34.2502,-56.7412,0,"commersonii","commersonii","tuberous","wild",NA,"SŠrkinen","",""
NA,4147,NA,4848,"C2P1","","",-34.2585,-57.275839,NA,"commersonii","commersonii","tuberous","wild",NA,"SŠrkinen","",""
NA,4145,NA,4846,"C3P1","","",-34.260283,-57.348783,NA,"commersonii","commersonii","tuberous","wild",NA,"SŠrkinen","",""
NA,4119,NA,4820,"CIP 762476","","",-34.2767,-53.7828,NA,"commersonii","commersonii","tuberous","germplasm",24,"SŠrkinen","",""
NA,4329,NA,5030,"84203","","",-34.2833,-54.9833,0,"commersonii","commersonii","tuberous","wild",NA,"SŠrkinen","",""
NA,4253,NA,4954,"M4P7","","",-34.291306,-54.65875,NA,"commersonii","commersonii","tuberous","wild",NA,"SŠrkinen","",""
NA,4088,NA,4789,"CIP 762459","","",-34.3025,-56.7286,NA,"commersonii","commersonii","tuberous","germplasm",24,"SŠrkinen","",""
NA,4131,NA,4832,"C7P2","","",-34.317075,-57.450761,NA,"commersonii","commersonii","tuberous","wild",NA,"SŠrkinen","",""
NA,4130,NA,4831,"C7P1","","",-34.317178,-57.450769,NA,"commersonii","commersonii","tuberous","wild",NA,"SŠrkinen","",""
NA,4240,NA,4941,"L7P1","","",-34.323722,-55.026444,NA,"commersonii","commersonii","tuberous","wild",NA,"SŠrkinen","",""
NA,4241,NA,4942,"L1P1","","",-34.332361,-55.004472,NA,"commersonii","commersonii","tuberous","wild",NA,"SŠrkinen","",""
NA,4117,NA,4818,"CIP 762462","","",-34.335,-53.795,NA,"commersonii","commersonii","tuberous","germplasm",24,"SŠrkinen","",""
NA,4146,NA,4847,"C8P1","","",-34.345714,-57.289319,NA,"commersonii","commersonii","tuberous","wild",NA,"SŠrkinen","",""
NA,4317,NA,5018,"84215","","",-34.3666,-55.2833,0,"commersonii","commersonii","tuberous","wild",NA,"SŠrkinen","",""
NA,4160,NA,4861,"SJ1P1","","",-34.385808,-56.613714,NA,"commersonii","commersonii","tuberous","wild",NA,"SŠrkinen","",""
NA,4128,NA,4829,"C11P1","","",-34.404147,-57.624012,NA,"commersonii","commersonii","tuberous","wild",NA,"SŠrkinen","",""
NA,4450,NA,5151,"87871","","",-34.4166,-58.5833,0,"commersonii","commersonii","tuberous","wild",NA,"SŠrkinen","",""
NA,4151,NA,4852,"C9P1","","",-34.418119,-57.254925,NA,"commersonii","commersonii","tuberous","wild",NA,"SŠrkinen","",""
NA,4215,NA,4916,"L5P1","","",-34.422778,-55.374333,NA,"commersonii","commersonii","tuberous","wild",NA,"SŠrkinen","",""
NA,4211,NA,4912,"L4P1","","",-34.430467,-55.445639,NA,"commersonii","commersonii","tuberous","wild",NA,"SŠrkinen","",""
NA,4213,NA,4914,"L4P3","","",-34.430528,-55.4455,NA,"commersonii","commersonii","tuberous","wild",NA,"SŠrkinen","",""
NA,4460,NA,5161,"83874","","",-34.4333,-57.35,0,"commersonii","commersonii","tuberous","wild",NA,"SŠrkinen","",""
NA,4123,NA,4824,"C13P1","","",-34.445714,-57.768933,NA,"commersonii","commersonii","tuberous","wild",NA,"SŠrkinen","",""
NA,4096,NA,4797,"CIP 761104","","",-34.4497,-56.0836,49,"commersonii","commersonii","tuberous","germplasm",24,"SŠrkinen","",""
NA,4126,NA,4827,"C12P2","","",-34.449911,-57.766275,NA,"commersonii","commersonii","tuberous","wild",NA,"SŠrkinen","",""
NA,4127,NA,4828,"C12P1","","",-34.449919,-57.766086,NA,"commersonii","commersonii","tuberous","wild",NA,"SŠrkinen","",""
NA,4124,NA,4825,"C14P1","","",-34.450131,-57.767797,NA,"commersonii","commersonii","tuberous","wild",NA,"SŠrkinen","",""
NA,4379,NA,5080,"83871","","",-34.4666,-57.7166,0,"commersonii","commersonii","tuberous","wild",NA,"SŠrkinen","",""
NA,4401,NA,5102,"84223","","",-34.4666,-57.85,0,"commersonii","commersonii","tuberous","wild",NA,"SŠrkinen","",""
NA,4283,NA,4984,"Ro6P2","","",-34.467306,-54.178472,NA,"commersonii","commersonii","tuberous","wild",NA,"SŠrkinen","",""
NA,4284,NA,4985,"Ro6P3","","",-34.468002,-54.158353,NA,"commersonii","commersonii","tuberous","wild",NA,"SŠrkinen","",""
NA,4320,NA,5021,"84207","","",-34.4833,-54.3333,0,"commersonii","commersonii","tuberous","wild",NA,"SŠrkinen","",""
NA,4107,NA,4808,"CIP 761090","","",-34.49,-54.3311,23,"commersonii","commersonii","tuberous","germplasm",24,"SŠrkinen","",""
NA,4100,NA,4801,"CIP 762452","","",-34.5317,-55.9264,NA,"commersonii","commersonii","tuberous","germplasm",24,"SŠrkinen","",""
NA,4417,NA,5118,"84224","","",-34.5377,-56.2841,0,"commersonii","commersonii","tuberous","wild",NA,"SŠrkinen","",""
NA,4318,NA,5019,"87638","","",-34.5666,-57,0,"commersonii","commersonii","tuberous","wild",NA,"SŠrkinen","",""
NA,4462,NA,5163,"84221","","",-34.5666,-54.9,0,"commersonii","commersonii","tuberous","wild",NA,"SŠrkinen","",""
NA,4285,NA,4986,"Ro2P1","","",-34.582782,-54.121708,NA,"commersonii","commersonii","tuberous","wild",NA,"SŠrkinen","",""
NA,4488,NA,5189,"81243","","",-34.5833,-58.4166,0,"commersonii","commersonii","tuberous","wild",NA,"SŠrkinen","",""
NA,4162,NA,4863,"SJ3P1","","",-34.590208,-56.536712,NA,"commersonii","commersonii","tuberous","wild",NA,"SŠrkinen","",""
NA,4352,NA,5053,"84229","","",-34.6,-55.4833,0,"commersonii","commersonii","tuberous","wild",NA,"SŠrkinen","",""
NA,4457,NA,5158,"88098","","",-34.6333,-56.65,0,"commersonii","commersonii","tuberous","wild",NA,"SŠrkinen","",""
NA,4264,NA,4965,"Ro5P16","","",-34.646694,-54.510861,NA,"commersonii","commersonii","tuberous","wild",NA,"SŠrkinen","",""
NA,4424,NA,5125,"84222","","",-34.7,-55.3166,0,"commersonii","commersonii","tuberous","wild",NA,"SŠrkinen","",""
NA,4480,NA,5181,"84259","","",-34.7,-55.9,0,"commersonii","commersonii","tuberous","wild",NA,"SŠrkinen","",""
NA,4170,NA,4871,"SJ2P1","","",-34.723253,-56.47166,NA,"commersonii","commersonii","tuberous","wild",NA,"SŠrkinen","",""
NA,4095,NA,4796,"CIP 761089","","",-34.7447,-56.0981,NA,"commersonii","commersonii","tuberous","germplasm",24,"SŠrkinen","",""
NA,4296,NA,4997,"84209","","",-34.75,-56.5333,0,"commersonii","commersonii","tuberous","wild",NA,"SŠrkinen","",""
NA,4446,NA,5147,"84244","","",-34.75,-55.6833,0,"commersonii","commersonii","tuberous","wild",NA,"SŠrkinen","",""
NA,4106,NA,4807,"CIP 762461","","",-34.7681,-54.5464,NA,"commersonii","commersonii","tuberous","germplasm",24,"SŠrkinen","",""
NA,4312,NA,5013,"81215","","",-34.7833,-58.1833,0,"commersonii","commersonii","tuberous","wild",NA,"SŠrkinen","",""
NA,4103,NA,4804,"CIP 761084","","",-34.7914,-55.0819,NA,"commersonii","commersonii","tuberous","germplasm",24,"SŠrkinen","",""
NA,4186,NA,4887,"Ca1P1","","",-34.793401,-55.887857,NA,"commersonii","commersonii","tuberous","wild",NA,"SŠrkinen","",""
NA,4330,NA,5031,"79820","","",-34.8,-56.3666,0,"commersonii","commersonii","tuberous","wild",NA,"SŠrkinen","",""
NA,4342,NA,5043,"84234","","",-34.8,-55.2333,0,"commersonii","commersonii","tuberous","wild",NA,"SŠrkinen","",""
NA,4220,NA,4921,"M1P29","","",-34.817861,-55.320194,NA,"commersonii","commersonii","tuberous","wild",NA,"SŠrkinen","",""
NA,4258,NA,4959,"M3P8","","",-34.833614,-54.636833,NA,"commersonii","commersonii","tuberous","wild",NA,"SŠrkinen","",""
NA,4222,NA,4923,"M10P3","","",-34.837122,-55.307717,NA,"commersonii","commersonii","tuberous","wild",NA,"SŠrkinen","",""
NA,4255,NA,4956,"M1P4","","",-34.837133,-54.647292,NA,"commersonii","commersonii","tuberous","wild",NA,"SŠrkinen","",""
NA,4171,NA,4872,"Mo2P19","","",-34.839833,-56.41125,NA,"commersonii","commersonii","tuberous","wild",NA,"SŠrkinen","",""
NA,4230,NA,4931,"M7P1","","",-34.865889,-55.172639,NA,"commersonii","commersonii","tuberous","wild",NA,"SŠrkinen","",""
NA,4104,NA,4805,"CIP 761085","","",-34.866662,-55.066473,NA,"commersonii","commersonii","tuberous","germplasm",24,"SŠrkinen","",""
NA,4092,NA,4793,"CIP 761082","","",-34.8672,-56.3186,NA,"commersonii","commersonii","tuberous","germplasm",24,"SŠrkinen","",""
NA,4476,NA,5177,"82733","","",-34.8833,-56.0333,0,"commersonii","commersonii","tuberous","wild",NA,"SŠrkinen","",""
NA,4238,NA,4939,"M2P1","","",-34.896611,-55.038167,NA,"commersonii","commersonii","tuberous","wild",NA,"SŠrkinen","",""
NA,4105,NA,4806,"CIP 762456","","",-34.8997,-54.9497,NA,"commersonii","commersonii","tuberous","germplasm",24,"SŠrkinen","",""
NA,4398,NA,5099,"84231","","",-34.9,-54.95,0,"commersonii","commersonii","tuberous","wild",NA,"SŠrkinen","",""
NA,4227,NA,4928,"M5P1","","",-34.902333,-55.261361,NA,"commersonii","commersonii","tuberous","wild",NA,"SŠrkinen","",""
NA,4229,NA,4930,"M5P2","","",-34.903556,-55.260917,NA,"commersonii","commersonii","tuberous","wild",NA,"SŠrkinen","",""
NA,4315,NA,5016,"84210","","",-34.9166,-55.05,0,"commersonii","commersonii","tuberous","wild",NA,"SŠrkinen","",""
NA,4326,NA,5027,"79364","","",-34.9313,-57.9488,0,"commersonii","commersonii","tuberous","wild",NA,"SŠrkinen","",""
NA,4331,NA,5032,"85411","","",-35.18,-58.58,0,"commersonii","commersonii","tuberous","wild",NA,"SŠrkinen","",""
NA,4439,NA,5140,"77949","","",-35.1852,-59.0947,0,"commersonii","commersonii","tuberous","wild",NA,"SŠrkinen","",""
NA,4378,NA,5079,"83885","","",-35.4166,-57.1333,0,"commersonii","commersonii","tuberous","wild",NA,"SŠrkinen","",""
NA,4491,NA,5192,"85412","","",-35.6,-59.8166,0,"commersonii","commersonii","tuberous","wild",NA,"SŠrkinen","",""
NA,4403,NA,5104,"85743","","",-36.41,-60.34,164,"commersonii","commersonii","tuberous","wild",NA,"SŠrkinen","",""
NA,4364,NA,5065,"83881","","",-36.6666,-56.7,0,"commersonii","commersonii","tuberous","wild",NA,"SŠrkinen","",""
NA,4375,NA,5076,"85744","","",-36.75,-60.5833,255,"commersonii","commersonii","tuberous","wild",NA,"SŠrkinen","",""
NA,4432,NA,5133,"84268","","",-36.7833,-59.85,200,"commersonii","commersonii","tuberous","wild",NA,"SŠrkinen","",""
NA,4500,NA,5201,"PI 472834","","",-36.783333,-60.583333,NA,"commersonii","commersonii","tuberous","germplasm",24,"SŠrkinen","",""
NA,4452,NA,5153,"83506","","",-36.9166,-60.4666,200,"commersonii","commersonii","tuberous","wild",NA,"SŠrkinen","",""
NA,4353,NA,5054,"85376","","",-37.01411,-56.8674,0,"commersonii","commersonii","tuberous","wild",NA,"SŠrkinen","",""
NA,4311,NA,5012,"87952","","",-37.2,-58.25,96,"commersonii","commersonii","tuberous","wild",NA,"SŠrkinen","",""
NA,4337,NA,5038,"87950","","",-37.21,-58.59,247,"commersonii","commersonii","tuberous","wild",NA,"SŠrkinen","",""
NA,4459,NA,5160,"77897","","",-37.25,-57,0,"commersonii","commersonii","tuberous","wild",NA,"SŠrkinen","",""
NA,4425,NA,5126,"77931","","",-37.3166,-59.15,0,"commersonii","commersonii","tuberous","wild",NA,"SŠrkinen","",""
NA,4501,NA,5202,"PI 472838","","",-37.383333,-59.166667,NA,"commersonii","commersonii","tuberous","germplasm",24,"SŠrkinen","",""
NA,4351,NA,5052,"86939","","",-37.49,-58.13,130,"commersonii","commersonii","tuberous","wild",NA,"SŠrkinen","",""
NA,4461,NA,5162,"87948","","",-37.49,-58.34,227,"commersonii","commersonii","tuberous","wild",NA,"SŠrkinen","",""
NA,4301,NA,5002,"77940","","",-37.5,-57.58,0,"commersonii","commersonii","tuberous","wild",NA,"SŠrkinen","",""
NA,4306,NA,5007,"87945","","",-37.51,-58.02,97,"commersonii","commersonii","tuberous","wild",NA,"SŠrkinen","",""
NA,4341,NA,5042,"87110","","",-37.5166,-57.8666,50,"commersonii","commersonii","tuberous","wild",NA,"SŠrkinen","",""
NA,4485,NA,5186,"87954","","",-37.75,-58.4166,205,"commersonii","commersonii","tuberous","wild",NA,"SŠrkinen","",""
NA,4365,NA,5066,"80072","","",-37.8333,-58.25,0,"commersonii","commersonii","tuberous","wild",NA,"SŠrkinen","",""
NA,4400,NA,5101,"77934","","",-37.8333,-58.6666,0,"commersonii","commersonii","tuberous","wild",NA,"SŠrkinen","",""
NA,4373,NA,5074,"77935","","",-37.8666,-58.0333,0,"commersonii","commersonii","tuberous","wild",NA,"SŠrkinen","",""
NA,4295,NA,4996,"77933","","",-37.8833,-58.15,0,"commersonii","commersonii","tuberous","wild",NA,"SŠrkinen","",""
NA,4372,NA,5073,"86915","","",-37.9166,-58.3333,130,"commersonii","commersonii","tuberous","wild",NA,"SŠrkinen","",""
NA,4323,NA,5024,"80071","","",-37.93087,-57.86887,0,"commersonii","commersonii","tuberous","wild",NA,"SŠrkinen","",""
NA,4472,NA,5173,"79671","","",-37.95,-57.7666,0,"commersonii","commersonii","tuberous","wild",NA,"SŠrkinen","",""
NA,4302,NA,5003,"84817","","",-37.99876,-57.57314,0,"commersonii","commersonii","tuberous","wild",NA,"SŠrkinen","",""
NA,4297,NA,4998,"87951","","",-38.1166,-58.4,272,"commersonii","commersonii","tuberous","wild",NA,"SŠrkinen","",""
NA,4407,NA,5108,"88131","","",-38.15,-58.7833,0,"commersonii","commersonii","tuberous","wild",NA,"SŠrkinen","",""
NA,4426,NA,5127,"84852","","",-38.15,-58.2166,0,"commersonii","commersonii","tuberous","wild",NA,"SŠrkinen","",""
NA,4367,NA,5068,"88128","","",-38.26667,-57.85,0,"commersonii","commersonii","tuberous","wild",NA,"SŠrkinen","",""
NA,4584,NA,5308,"88420","","",14.0548,-91.0191,3180,"demissum","demissum","tuberous","wild",NA,"SŠrkinen","",""
NA,4558,NA,5282,"89347","","",14.47563,-90.73304,2250,"demissum","demissum","tuberous","wild",NA,"SŠrkinen","",""
NA,4534,NA,5258,"90366","","",15.48678,-91.51723,3595,"demissum","demissum","tuberous","wild",NA,"SŠrkinen","",""
NA,4628,NA,5352,"PI 275211","","",15.5405,-91.5001,NA,"demissum","demissum","tuberous","germplasm",72,"SŠrkinen","",""
NA,4586,NA,5310,"90770","","",16.1,-96.15,3500,"demissum","demissum","tuberous","wild",NA,"SŠrkinen","",""
NA,4569,NA,5293,"89328","","",16.9833,-97,2700,"demissum","demissum","tuberous","wild",NA,"SŠrkinen","",""
NA,4564,NA,5288,"90192","","",17.2666,-96.4,2950,"demissum","demissum","tuberous","wild",NA,"SŠrkinen","",""
NA,4550,NA,5274,"89647","","",17.28,-96.3,2870,"demissum","demissum","tuberous","wild",NA,"SŠrkinen","",""
NA,4637,NA,5361,"PI 545763","","",17.466667,-96.5,NA,"demissum","demissum","tuberous","germplasm",72,"SŠrkinen","",""
NA,4547,NA,5271,"89444","","",18.4,-99.15,0,"demissum","demissum","tuberous","wild",NA,"SŠrkinen","",""
NA,4539,NA,5263,"89306","","",18.58,-97.15,3000,"demissum","demissum","tuberous","wild",NA,"SŠrkinen","",""
NA,4527,NA,5251,"CIP 760660","","",18.6333,-98.9333,1212,"demissum","demissum","tuberous","germplasm",72,"SŠrkinen","",""
NA,4587,NA,5311,"89045","","",18.7401,-97.3813,2550,"demissum","demissum","tuberous","wild",NA,"SŠrkinen","",""
NA,4544,NA,5268,"89422","","",19.0166,-97.2666,3600,"demissum","demissum","tuberous","wild",NA,"SŠrkinen","",""
NA,4588,NA,5312,"90434","","",19.04,-100.05,1900,"demissum","demissum","tuberous","wild",NA,"SŠrkinen","",""
NA,4613,NA,5337,"PI 161366","","",19.05,-99.25,NA,"demissum","demissum","tuberous","germplasm",72,"SŠrkinen","",""
NA,4560,NA,5284,"89654","","",19.07,-99.49,3430,"demissum","demissum","tuberous","wild",NA,"SŠrkinen","",""
NA,4515,NA,5239,"CIP 760664","","",19.1014,-99.7694,4466,"demissum","demissum","tuberous","germplasm",72,"SŠrkinen","",""
NA,4543,NA,5267,"84133","","",19.1333,-99.1666,0,"demissum","demissum","tuberous","wild",NA,"SŠrkinen","",""
NA,4635,NA,5359,"PI 498233","","",19.133333,-99.733333,NA,"demissum","demissum","tuberous","germplasm",72,"SŠrkinen","",""
NA,4540,NA,5264,"84028","","",19.143,-99.7879,3340,"demissum","demissum","tuberous","wild",NA,"SŠrkinen","",""
NA,4514,NA,5238,"CIP 763780","","",19.15,-99.8,2680,"demissum","demissum","tuberous","germplasm",72,"SŠrkinen","",""
NA,4612,NA,5336,"PI 161365","","",19.15,-99.183333,NA,"demissum","demissum","tuberous","germplasm",72,"SŠrkinen","",""
NA,4538,NA,5262,"88855","","",19.165,-98.91,2700,"demissum","demissum","tuberous","wild",NA,"SŠrkinen","",""
NA,4536,NA,5260,"8174","","",19.16667,-99.88333,2830,"demissum","demissum","tuberous","wild",NA,"SŠrkinen","",""
NA,4535,NA,5259,"82593","","",19.19,-99.0236,2900,"demissum","demissum","tuberous","wild",NA,"SŠrkinen","",""
NA,4511,NA,5235,"CIP 761047","","",19.1972,-101.887,2840,"demissum","demissum","tuberous","germplasm",72,"SŠrkinen","",""
NA,4591,NA,5315,"PI 160212","","",19.2,-99.25,NA,"demissum","demissum","tuberous","germplasm",72,"SŠrkinen","",""
NA,4567,NA,5291,"89448","","",19.21,-98.4,0,"demissum","demissum","tuberous","wild",NA,"SŠrkinen","",""
NA,4622,NA,5346,"PI 205515","","",19.233333,-98.033333,NA,"demissum","demissum","tuberous","germplasm",72,"SŠrkinen","",""
NA,4542,NA,5266,"84179","","",19.24,-98.033,3340,"demissum","demissum","tuberous","wild",NA,"SŠrkinen","",""
NA,4614,NA,5338,"PI 161693","","",19.25,-99.166667,NA,"demissum","demissum","tuberous","germplasm",72,"SŠrkinen","",""
NA,4517,NA,5241,"CIP 766050","","",19.28053333,-99.65638333,NA,"demissum","demissum","tuberous","germplasm",NA,"SŠrkinen","",""
NA,4533,NA,5257,"89662","","",19.29,-97.55,2930,"demissum","demissum","tuberous","wild",NA,"SŠrkinen","",""
NA,4524,NA,5248,"CIP 760755","","",19.3,-99.65,2680,"demissum","demissum","tuberous","germplasm",72,"SŠrkinen","",""
NA,4601,NA,5325,"PI 161154","","",19.3,-99.283333,NA,"demissum","demissum","tuberous","germplasm",72,"SŠrkinen","",""
NA,4575,NA,5299,"88402","","",19.3084,-99.5802,3050,"demissum","demissum","tuberous","wild",NA,"SŠrkinen","",""
NA,4561,NA,5285,"90470","","",19.3166,-97.9333,3340,"demissum","demissum","tuberous","wild",NA,"SŠrkinen","",""
NA,4556,NA,5280,"90596","","",19.32,-98.49,0,"demissum","demissum","tuberous","wild",NA,"SŠrkinen","",""
NA,4590,NA,5314,"186550","","",19.32,-97.74,NA,"demissum","demissum","tuberous","germplasm",NA,"SŠrkinen","",""
NA,4589,NA,5313,"161769","","",19.32076,-97.745986,NA,"demissum","demissum","tuberous","germplasm",72,"SŠrkinen","",""
NA,4572,NA,5296,"82591","","",19.3265,-98.7253,3450,"demissum","demissum","tuberous","wild",NA,"SŠrkinen","",""
NA,4592,NA,5316,"PI 160220","","",19.332778,-99.316944,NA,"demissum","demissum","tuberous","germplasm",72,"SŠrkinen","",""
NA,4594,NA,5318,"PI 160222","","",19.332778,-99.066944,NA,"demissum","demissum","tuberous","germplasm",72,"SŠrkinen","",""
NA,4579,NA,5303,"82726","","",19.3333,-99.3166,2469,"demissum","demissum","tuberous","wild",NA,"SŠrkinen","",""
NA,4593,NA,5317,"PI 160221","","",19.333333,-99.316667,NA,"demissum","demissum","tuberous","germplasm",72,"SŠrkinen","",""
NA,4607,NA,5331,"PI 161167","","",19.333333,-98.666667,NA,"demissum","demissum","tuberous","germplasm",72,"SŠrkinen","",""
NA,4624,NA,5348,"PI 230587","","",19.333333,-99.333333,NA,"demissum","demissum","tuberous","germplasm",72,"SŠrkinen","",""
NA,4603,NA,5327,"PI 161163","","",19.35,-98.666667,NA,"demissum","demissum","tuberous","germplasm",72,"SŠrkinen","",""
NA,4541,NA,5265,"88664","","",19.3684,-98.593,2743,"demissum","demissum","tuberous","wild",NA,"SŠrkinen","",""
NA,4551,NA,5275,"89451","","",19.41,-100.51,0,"demissum","demissum","tuberous","wild",NA,"SŠrkinen","",""
NA,4568,NA,5292,"90691","","",19.41,-102.3,3100,"demissum","demissum","tuberous","wild",NA,"SŠrkinen","",""
NA,4582,NA,5306,"89307","","",19.41,-98.13,2750,"demissum","demissum","tuberous","wild",NA,"SŠrkinen","",""
NA,4513,NA,5237,"CIP 761046","","",19.4333,-100.3667,2237,"demissum","demissum","tuberous","germplasm",72,"SŠrkinen","",""
NA,4548,NA,5272,"88400","","",19.4349,-100.176,2800,"demissum","demissum","tuberous","wild",NA,"SŠrkinen","",""
NA,4630,NA,5354,"PI 338619","","",19.45,-100.2,NA,"demissum","demissum","tuberous","germplasm",72,"SŠrkinen","",""
NA,4583,NA,5307,"89992","","",19.49,-100.4,2280,"demissum","demissum","tuberous","wild",NA,"SŠrkinen","",""
NA,4562,NA,5286,"18554","","",19.49193,-97.14809,3506,"demissum","demissum","tuberous","wild",NA,"SŠrkinen","",""
NA,4599,NA,5323,"PI 161151","","",19.533333,-98.816667,NA,"demissum","demissum","tuberous","germplasm",72,"SŠrkinen","",""
NA,4573,NA,5297,"89193","","",19.57,-99.435,3350,"demissum","demissum","tuberous","wild",NA,"SŠrkinen","",""
NA,4531,NA,5255,"CIP 763341","","",19.6167,-97.0333,2181,"demissum","demissum","tuberous","germplasm",72,"SŠrkinen","",""
NA,4577,NA,5301,"161655","","",19.63389,-101.3267,2100,"demissum","demissum","tuberous","wild",NA,"SŠrkinen","",""
NA,4615,NA,5339,"PI 161715","","",19.65,-100.8,NA,"demissum","demissum","tuberous","germplasm",72,"SŠrkinen","",""
NA,4559,NA,5283,"89761","","",19.6547,-100.268,2975,"demissum","demissum","tuberous","wild",NA,"SŠrkinen","",""
NA,4610,NA,5334,"PI 161175","","",19.683333,-100.85,NA,"demissum","demissum","tuberous","germplasm",72,"SŠrkinen","",""
NA,4631,NA,5355,"PI 365380","","",19.683333,-99.716667,NA,"demissum","demissum","tuberous","germplasm",72,"SŠrkinen","",""
NA,4545,NA,5269,"90393","","",19.70594,-101.195,0,"demissum","demissum","tuberous","wild",NA,"SŠrkinen","",""
NA,4557,NA,5281,"89766","","",19.7207,-100.847,2800,"demissum","demissum","tuberous","wild",NA,"SŠrkinen","",""
NA,4578,NA,5302,"89206","","",19.75,-100.66,0,"demissum","demissum","tuberous","wild",NA,"SŠrkinen","",""
NA,4555,NA,5279,"89090","","",19.96,-99.06,3000,"demissum","demissum","tuberous","wild",NA,"SŠrkinen","",""
NA,4554,NA,5278,"89022","","",20.08,-98.4,2800,"demissum","demissum","tuberous","wild",NA,"SŠrkinen","",""
NA,4566,NA,5290,"88675","","",20.09961,-98.63349,2900,"demissum","demissum","tuberous","wild",NA,"SŠrkinen","",""
NA,4528,NA,5252,"CIP 761045","","",20.1333,-98.6667,2793,"demissum","demissum","tuberous","germplasm",72,"SŠrkinen","",""
NA,4608,NA,5332,"PI 161168","","",20.133333,-98.666667,NA,"demissum","demissum","tuberous","germplasm",72,"SŠrkinen","",""
NA,4537,NA,5261,"82595","","",20.2171,-98.7509,2750,"demissum","demissum","tuberous","wild",NA,"SŠrkinen","",""
NA,4574,NA,5298,"90516","","",20.3,-97.9666,950,"demissum","demissum","tuberous","wild",NA,"SŠrkinen","",""
NA,4553,NA,5277,"89690","","",20.36,-99.29,0,"demissum","demissum","tuberous","wild",NA,"SŠrkinen","",""
NA,4549,NA,5273,"89878","","",21.463,-102.3855,2400,"demissum","demissum","tuberous","wild",NA,"SŠrkinen","",""
NA,4565,NA,5289,"89805","","",21.9875,-102.496,2850,"demissum","demissum","tuberous","wild",NA,"SŠrkinen","",""
NA,4510,NA,5234,"CIP 766054","","",23.17901667,-102.8979167,NA,"demissum","demissum","tuberous","germplasm",NA,"SŠrkinen","",""
NA,4563,NA,5287,"88908","","",23.58647,-105.8348,1950,"demissum","demissum","tuberous","wild",NA,"SŠrkinen","",""
NA,4580,NA,5304,"89723","","",24.02,-104.41,0,"demissum","demissum","tuberous","wild",NA,"SŠrkinen","",""
NA,4636,NA,5360,"PI 498299","","",24.033333,-104.683333,NA,"demissum","demissum","tuberous","germplasm",72,"SŠrkinen","",""
NA,4546,NA,5270,"90538","","",24.145,-105.92,2100,"demissum","demissum","tuberous","wild",NA,"SŠrkinen","",""
NA,4552,NA,5276,"89724","","",24.15,-104.23,2800,"demissum","demissum","tuberous","wild",NA,"SŠrkinen","",""
NA,4585,NA,5309,"89898","","",24.2456,-105.3516,2580,"demissum","demissum","tuberous","wild",NA,"SŠrkinen","",""
NA,4570,NA,5294,"90751","","",24.83,-105.33,0,"demissum","demissum","tuberous","wild",NA,"SŠrkinen","",""
NA,4571,NA,5295,"88763","","",25.28,-105.15,2850,"demissum","demissum","tuberous","wild",NA,"SŠrkinen","",""
NA,4639,NA,5363,"CIP 761075","","",-19.0431,-65.2592,2796,"doddsii","doddsii","tuberous","germplasm",24,"SŠrkinen","",""
NA,4640,NA,5364,"CIP 760253","","",-17.5667,-65.2333,2600,"doddsii","doddsii","tuberous","germplasm",24,"SŠrkinen","",""
NA,4641,NA,5365,"CIP 760307","","",-17.5669,-65.2331,4029,"doddsii","doddsii","tuberous","germplasm",24,"SŠrkinen","",""
NA,4642,NA,5366,"CIP 762325","","",-17.845,-64.4289,1600,"doddsii","doddsii","tuberous","germplasm",24,"SŠrkinen","",""
NA,4643,NA,5367,"77404","","",-18.00697,-65.14799,2530,"doddsii","doddsii","tuberous","wild",NA,"SŠrkinen","",""
NA,4644,NA,5368,"77405","","",-17.8167,-65.2,2600,"doddsii","doddsii","tuberous","wild",NA,"SŠrkinen","",""
NA,4645,NA,5369,"80135","","",-19.33898,-64.32983,2124,"doddsii","doddsii","tuberous","wild",NA,"SŠrkinen","",""
NA,4646,NA,5370,"84336","","",-18.10024,-65.66976,2050,"doddsii","doddsii","tuberous","wild",NA,"SŠrkinen","",""
NA,4647,NA,5371,"85539","","",-18.14277,-65.22737,2400,"doddsii","doddsii","tuberous","wild",NA,"SŠrkinen","",""
NA,4648,NA,5372,"85608","","",-18.48005,-64.0777,2100,"doddsii","doddsii","tuberous","wild",NA,"SŠrkinen","",""
NA,4649,NA,5373,"PI 545854","","",-17.733333,-65.1,NA,"doddsii","doddsii","tuberous","germplasm",24,"SŠrkinen","",""
NA,4650,NA,5374,"PI 545856","","",-18.166667,-65.166667,NA,"doddsii","doddsii","tuberous","germplasm",24,"SŠrkinen","",""
NA,4652,NA,5376,"PI 545861","","",-17.983333,-65.116667,NA,"doddsii","doddsii","tuberous","germplasm",24,"SŠrkinen","",""
NA,4653,NA,5377,"PI 631220","","",-18.142778,-65.2275,NA,"doddsii","doddsii","tuberous","germplasm",24,"SŠrkinen","",""
NA,4654,NA,5378,"CIP 762998","","",-9.6472,-77.8061,3933,"dolichocremastrum","dolichocremastrum","tuberous","germplasm",24,"SŠrkinen","",""
NA,4656,NA,5380,"CIP 763457","","",-9.155,-77.5644,4000,"dolichocremastrum","dolichocremastrum","tuberous","germplasm",24,"SŠrkinen","",""
NA,4662,NA,5386,"CIP 762970","","",-9.1261,-77.5311,4295,"dolichocremastrum","dolichocremastrum","tuberous","germplasm",24,"SŠrkinen","",""
NA,4663,NA,5387,"CIP 763632","","",-9.0489,-77.4886,3676,"dolichocremastrum","dolichocremastrum","tuberous","germplasm",24,"SŠrkinen","",""
NA,4664,NA,5388,"CIP 763618","","",-9.9111,-77.3172,4100,"dolichocremastrum","dolichocremastrum","tuberous","germplasm",NA,"SŠrkinen","",""
NA,4665,NA,5389,"CIP 762972","","",-9.6989,-77.2761,4491,"dolichocremastrum","dolichocremastrum","tuberous","germplasm",24,"SŠrkinen","",""
NA,4666,NA,5390,"CIP 763633","","",-9.6981,-77.2611,4410,"dolichocremastrum","dolichocremastrum","tuberous","germplasm",24,"SŠrkinen","",""
NA,4667,NA,5391,"CIP 762973","","",-9.6911,-77.245,4414,"dolichocremastrum","dolichocremastrum","tuberous","germplasm",24,"SŠrkinen","",""
NA,4668,NA,5392,"CIP 765954","","",-9.6833,-77.2333,4182,"dolichocremastrum","dolichocremastrum","tuberous","germplasm",NA,"SŠrkinen","",""
NA,4670,NA,5394,"CIP 761436","","",-9.6556,-77.2119,4400,"dolichocremastrum","dolichocremastrum","tuberous","germplasm",24,"SŠrkinen","",""
NA,4671,NA,5395,"CIP 762533","","",-9.5883,-77.1772,3138,"dolichocremastrum","dolichocremastrum","tuberous","germplasm",NA,"SŠrkinen","",""
NA,4672,NA,5396,"CIP 761470","","",-9.5244,-77.1569,3049,"dolichocremastrum","dolichocremastrum","tuberous","germplasm",24,"SŠrkinen","",""
NA,4674,NA,5398,"CIP 761043","","",-9.4564,-77.0772,4140,"dolichocremastrum","dolichocremastrum","tuberous","germplasm",24,"SŠrkinen","",""
NA,4676,NA,5400,"CIP 761439","","",-9.1,-77.0158,3257,"dolichocremastrum","dolichocremastrum","tuberous","germplasm",24,"SŠrkinen","",""
NA,4677,NA,5401,"CIP 763020","","",-9.5367,-76.8231,2850,"dolichocremastrum","dolichocremastrum","tuberous","germplasm",24,"SŠrkinen","",""
NA,4678,NA,5402,"82005","","",-9.25,-76.5,3650,"dolichocremastrum","dolichocremastrum","tuberous","wild",NA,"SŠrkinen","",""
NA,4679,NA,5403,"71007","","",-9.214887,-77.20032,3900,"dolichocremastrum","dolichocremastrum","tuberous","wild",NA,"SŠrkinen","",""
NA,4680,NA,5404,"70994","","",-9.726817,-77.32696,4100,"dolichocremastrum","dolichocremastrum","tuberous","wild",NA,"SŠrkinen","",""
NA,4681,NA,5405,"74814","","",-9.508615,-77.12319,3900,"dolichocremastrum","dolichocremastrum","tuberous","wild",NA,"SŠrkinen","",""
NA,4682,NA,5406,"70998","","",-9,-77.11,4100,"dolichocremastrum","dolichocremastrum","tuberous","wild",NA,"SŠrkinen","",""
NA,4683,NA,5407,"92938","","",-9.233333,-77.66667,4000,"dolichocremastrum","dolichocremastrum","tuberous","wild",NA,"SŠrkinen","",""
NA,4684,NA,5408,"91885","","",-9.5,-75.83333,3650,"dolichocremastrum","dolichocremastrum","tuberous","wild",NA,"SŠrkinen","",""
NA,4685,NA,5409,"70999","","",-9.129625,-77.53245,4100,"dolichocremastrum","dolichocremastrum","tuberous","wild",NA,"SŠrkinen","",""
NA,4686,NA,5410,"71261","","",-8.3417,-77.43049,3955,"dolichocremastrum","dolichocremastrum","tuberous","wild",NA,"SŠrkinen","",""
NA,4687,NA,5411,"70995","","",-9.524874,-76.76041,3700,"dolichocremastrum","dolichocremastrum","tuberous","wild",NA,"SŠrkinen","",""
NA,4688,NA,5412,"92965","","",-9.133333,-77.01667,3400,"dolichocremastrum","dolichocremastrum","tuberous","wild",NA,"SŠrkinen","",""
NA,4689,NA,5413,"95130","","",-7.966667,-78.2,3500,"dolichocremastrum","dolichocremastrum","tuberous","wild",NA,"SŠrkinen","",""
NA,4690,NA,5414,"75419","","",-10.17711,-77.46227,4250,"dolichocremastrum","dolichocremastrum","tuberous","wild",NA,"SŠrkinen","",""
NA,4691,NA,5415,"75456","","",-9.735001,-77.48743,4100,"dolichocremastrum","dolichocremastrum","tuberous","wild",NA,"SŠrkinen","",""
NA,4692,NA,5416,"70996","","",-9.689813,-77.23598,4250,"dolichocremastrum","dolichocremastrum","tuberous","wild",NA,"SŠrkinen","",""
NA,4693,NA,5417,"81737","","",-8.95,-77.8333,4100,"dolichocremastrum","dolichocremastrum","tuberous","wild",NA,"SŠrkinen","",""
NA,4694,NA,5418,"PI 498235","","",-7.466667,-76.616667,NA,"dolichocremastrum","dolichocremastrum","tuberous","germplasm",24,"SŠrkinen","",""
NA,4695,NA,5419,"PI 498236","","",-9.083333,-77.016667,NA,"dolichocremastrum","dolichocremastrum","tuberous","germplasm",24,"SŠrkinen","",""
NA,4696,NA,5437,"88837","","",21.31,-102.14,2000,"ehrenbergii","ehrenbergii","tuberous","wild",NA,"SŠrkinen","",""
NA,4697,NA,5438,"90360","","",21.01,-104.466,1500,"ehrenbergii","ehrenbergii","tuberous","wild",NA,"SŠrkinen","",""
NA,4698,NA,5439,"90491","","",19.6862,-101.104,2000,"ehrenbergii","ehrenbergii","tuberous","wild",NA,"SŠrkinen","",""
NA,4699,NA,5440,"89210","","",19.9,-99.2041,2350,"ehrenbergii","ehrenbergii","tuberous","wild",NA,"SŠrkinen","",""
NA,4700,NA,5441,"88839","","",22.47,-102.35,2200,"ehrenbergii","ehrenbergii","tuberous","wild",NA,"SŠrkinen","",""
NA,4701,NA,5442,"89577","","",21.3833,-100.2,2020,"ehrenbergii","ehrenbergii","tuberous","wild",NA,"SŠrkinen","",""
NA,4702,NA,5443,"88563","","",21.58,-100.48,1829,"ehrenbergii","ehrenbergii","tuberous","wild",NA,"SŠrkinen","",""
NA,4703,NA,5444,"90123","","",20.65,-100.7,1790,"ehrenbergii","ehrenbergii","tuberous","wild",NA,"SŠrkinen","",""
NA,4704,NA,5445,"89374","","",20.75,-103.517,1450,"ehrenbergii","ehrenbergii","tuberous","wild",NA,"SŠrkinen","",""
NA,4705,NA,5446,"89254","","",21.15,-101.06,2000,"ehrenbergii","ehrenbergii","tuberous","wild",NA,"SŠrkinen","",""
NA,4706,NA,5447,"88835","","",20.51,-101.24,2000,"ehrenbergii","ehrenbergii","tuberous","wild",NA,"SŠrkinen","",""
NA,4707,NA,5448,"88833","","",20.36,-100.23,1900,"ehrenbergii","ehrenbergii","tuberous","wild",NA,"SŠrkinen","",""
NA,4708,NA,5449,"89230","","",22.2166,-100.767,2100,"ehrenbergii","ehrenbergii","tuberous","wild",NA,"SŠrkinen","",""
NA,4709,NA,5450,"88834","","",20.47,-103.2,1600,"ehrenbergii","ehrenbergii","tuberous","wild",NA,"SŠrkinen","",""
NA,4710,NA,5451,"89795","","",20.8,-100.05,2500,"ehrenbergii","ehrenbergii","tuberous","wild",NA,"SŠrkinen","",""
NA,4711,NA,5452,"89151","","",19.0333,-98.2833,2200,"ehrenbergii","ehrenbergii","tuberous","wild",NA,"SŠrkinen","",""
NA,4712,NA,5453,"90517","","",20.3166,-99.9166,2180,"ehrenbergii","ehrenbergii","tuberous","wild",NA,"SŠrkinen","",""
NA,4713,NA,5454,"90215","","",20.38,-99.56,2050,"ehrenbergii","ehrenbergii","tuberous","wild",NA,"SŠrkinen","",""
NA,4714,NA,5455,"89138","","",21.25,-102.39,1850,"ehrenbergii","ehrenbergii","tuberous","wild",NA,"SŠrkinen","",""
NA,4715,NA,5456,"89803","","",21.4545,-99.7038,1150,"ehrenbergii","ehrenbergii","tuberous","wild",NA,"SŠrkinen","",""
NA,4716,NA,5457,"89140","","",20.4,-99.3,2050,"ehrenbergii","ehrenbergii","tuberous","wild",NA,"SŠrkinen","",""
NA,4717,NA,5458,"90361","","",22.7833,-102.583,2240,"ehrenbergii","ehrenbergii","tuberous","wild",NA,"SŠrkinen","",""
NA,4718,NA,5459,"89141","","",22.09,-100.59,2200,"ehrenbergii","ehrenbergii","tuberous","wild",NA,"SŠrkinen","",""
NA,4720,NA,5461,"89793","","",20.52,-101.82,2200,"ehrenbergii","ehrenbergii","tuberous","wild",NA,"SŠrkinen","",""
NA,4721,NA,5462,"89738","","",21.52,-101.34,2212,"ehrenbergii","ehrenbergii","tuberous","wild",NA,"SŠrkinen","",""
NA,4722,NA,5463,"90531","","",21.2166,-99.3333,800,"ehrenbergii","ehrenbergii","tuberous","wild",NA,"SŠrkinen","",""
NA,4723,NA,5464,"89739","","",21.53,-101.24,2240,"ehrenbergii","ehrenbergii","tuberous","wild",NA,"SŠrkinen","",""
NA,4724,NA,5465,"89929","","",19.3434,-101.2001,1990,"ehrenbergii","ehrenbergii","tuberous","wild",NA,"SŠrkinen","",""
NA,4725,NA,5466,"88464","","",21.0182,-102.665,1800,"ehrenbergii","ehrenbergii","tuberous","wild",NA,"SŠrkinen","",""
NA,4726,NA,5467,"90776","","",24.6333,-101.417,0,"ehrenbergii","ehrenbergii","tuberous","wild",NA,"SŠrkinen","",""
NA,4727,NA,5468,"89404","","",21.4666,-100.8666,2060,"ehrenbergii","ehrenbergii","tuberous","wild",NA,"SŠrkinen","",""
NA,4728,NA,5469,"88957","","",22.7,-102.05,2060,"ehrenbergii","ehrenbergii","tuberous","wild",NA,"SŠrkinen","",""
NA,4729,NA,5470,"88462","","",20.78,-103.41,1500,"ehrenbergii","ehrenbergii","tuberous","wild",NA,"SŠrkinen","",""
NA,4730,NA,5471,"89838","","",20.7,-99.8166,2200,"ehrenbergii","ehrenbergii","tuberous","wild",NA,"SŠrkinen","",""
NA,4731,NA,5472,"90374","","",21.1166,-101.667,1850,"ehrenbergii","ehrenbergii","tuberous","wild",NA,"SŠrkinen","",""
NA,4732,NA,5473,"88870","","",22.03,-102.44,2300,"ehrenbergii","ehrenbergii","tuberous","wild",NA,"SŠrkinen","",""
NA,4733,NA,5474,"88922","","",20.22,-100.96,1880,"ehrenbergii","ehrenbergii","tuberous","wild",NA,"SŠrkinen","",""
NA,4734,NA,5475,"90535","","",22.15,-100.983,1920,"ehrenbergii","ehrenbergii","tuberous","wild",NA,"SŠrkinen","",""
NA,4736,NA,5477,"88859","","",21.92,-102.28,1950,"ehrenbergii","ehrenbergii","tuberous","wild",NA,"SŠrkinen","",""
NA,4737,NA,5478,"88955","","",22.3239,-101.171,2075,"ehrenbergii","ehrenbergii","tuberous","wild",NA,"SŠrkinen","",""
NA,4738,NA,5479,"88953","","",22.1,-101.467,2160,"ehrenbergii","ehrenbergii","tuberous","wild",NA,"SŠrkinen","",""
NA,4739,NA,5480,"89840","","",20.85,-99.7166,2150,"ehrenbergii","ehrenbergii","tuberous","wild",NA,"SŠrkinen","",""
NA,4740,NA,5481,"88954","","",22.3,-101.567,2170,"ehrenbergii","ehrenbergii","tuberous","wild",NA,"SŠrkinen","",""
NA,4741,NA,5482,"PI 184765","","",21.416667,-102.65,NA,"ehrenbergii","ehrenbergii","tuberous","germplasm",24,"SŠrkinen","",""
NA,4742,NA,5483,"PI 184766","","",21.616667,-101.633333,NA,"ehrenbergii","ehrenbergii","tuberous","germplasm",24,"SŠrkinen","",""
NA,4743,NA,5484,"PI 184771","","",22.783333,-102.583333,NA,"ehrenbergii","ehrenbergii","tuberous","germplasm",24,"SŠrkinen","",""
NA,4745,NA,5486,"PI 251759","","",20.85,-101.4,NA,"ehrenbergii","ehrenbergii","tuberous","germplasm",24,"SŠrkinen","",""
NA,4746,NA,5487,"PI 255519","","",20.6,-100.383333,NA,"ehrenbergii","ehrenbergii","tuberous","germplasm",24,"SŠrkinen","",""
NA,4747,NA,5488,"PI 255520","","",22.15,-100.983333,NA,"ehrenbergii","ehrenbergii","tuberous","germplasm",24,"SŠrkinen","",""
NA,4752,NA,5493,"PI 595480","","",21.866667,-101.566667,NA,"ehrenbergii","ehrenbergii","tuberous","germplasm",NA,"SŠrkinen","",""
NA,4753,NA,5494,"CIP 761877","","",4.7647,-74.1258,3450,"flahaultii","flahaultii","tuberous","germplasm",48,"SŠrkinen","",""
NA,4755,NA,5496,"CIP 763894","","",4.4731,-74.1161,2887,"flahaultii","flahaultii","tuberous","germplasm",48,"SŠrkinen","",""
NA,4757,NA,5498,"CIP 763900","","",5.7594,-73.1217,NA,"flahaultii","flahaultii","tuberous","germplasm",48,"SŠrkinen","",""
NA,4759,NA,5500,"CIP 764058","","",7.3353,-72.9328,NA,"flahaultii","flahaultii","tuberous","germplasm",24,"SŠrkinen","",""
NA,4760,NA,5501,"CIP 763902","","",5.9833,-72.7167,2565,"flahaultii","flahaultii","tuberous","germplasm",48,"SŠrkinen","",""
NA,4761,NA,5502,"CIP 763896","","",6.4194,-72.3489,NA,"flahaultii","flahaultii","tuberous","germplasm",48,"SŠrkinen","",""
NA,4762,NA,5503,"93903","","",4.616667,-73.8,3210,"flahaultii","flahaultii","tuberous","wild",NA,"SŠrkinen","",""
NA,4763,NA,5504,"95346","","",4.583333,-73.9,3200,"flahaultii","flahaultii","tuberous","wild",NA,"SŠrkinen","",""
NA,4764,NA,5505,"95087","","",7.266667,-72.9,3600,"flahaultii","flahaultii","tuberous","wild",NA,"SŠrkinen","",""
NA,4765,NA,5506,"93902","","",4.05,-74.15,3420,"flahaultii","flahaultii","tuberous","wild",NA,"SŠrkinen","",""
NA,4766,NA,5507,"91729","","",5.016667,-74,0,"flahaultii","flahaultii","tuberous","wild",NA,"SŠrkinen","",""
NA,4767,NA,5508,"91728","","",4.466667,-74.1,0,"flahaultii","flahaultii","tuberous","wild",NA,"SŠrkinen","",""
NA,4768,NA,5509,"92547","","",6.866667,-72.63333,3500,"flahaultii","flahaultii","tuberous","wild",NA,"SŠrkinen","",""
NA,4769,NA,5510,"92318","","",6.166667,-72.8,3200,"flahaultii","flahaultii","tuberous","wild",NA,"SŠrkinen","",""
NA,4770,NA,5511,"94426","","",4.333333,-74.2,4310,"flahaultii","flahaultii","tuberous","wild",NA,"SŠrkinen","",""
NA,4771,NA,5512,"94431","","",6,-72.51667,3540,"flahaultii","flahaultii","tuberous","wild",NA,"SŠrkinen","",""
NA,4772,NA,5513,"94365","","",2.483333,-76.31667,3250,"flahaultii","flahaultii","tuberous","wild",NA,"SŠrkinen","",""
NA,4773,NA,5514,"94484","","",5.616667,-72.76667,3450,"flahaultii","flahaultii","tuberous","wild",NA,"SŠrkinen","",""
NA,4774,NA,5515,"84318","","",2.56667,-76.1833,2500,"flahaultii","flahaultii","tuberous","wild",NA,"SŠrkinen","",""
NA,4775,NA,5516,"570621","","",5.83475,-73.328694,NA,"flahaultii","flahaultii","tuberous","germplasm",NA,"SŠrkinen","",""
NA,4776,NA,5517,"583316","","",6.440972,-72.382498,NA,"flahaultii","flahaultii","tuberous","germplasm",48,"SŠrkinen","",""
NA,4777,NA,5518,"597672","","",5.0533,-74.0346,NA,"flahaultii","flahaultii","tuberous","germplasm",24,"SŠrkinen","",""
NA,4780,NA,5521,"PI 498166","","",5.033333,-74,NA,"flahaultii","flahaultii","tuberous","germplasm",48,"SŠrkinen","",""
NA,4781,NA,5522,"PI 498167","","",4.466667,-74.133333,NA,"flahaultii","flahaultii","tuberous","germplasm",48,"SŠrkinen","",""
NA,4782,NA,5523,"CIP 761391","","",-17.925,-65.4689,2759,"gandarillasii","gandarillasii","tuberous","germplasm",48,"SŠrkinen","",""
NA,4783,NA,5524,"CIP 762331","","",-18.4897,-64.1069,2017,"gandarillasii","gandarillasii","tuberous","germplasm",24,"SŠrkinen","",""
NA,4784,NA,5525,"81459","","",-18.1139,-64.2156,1450,"gandarillasii","gandarillasii","tuberous","wild",NA,"SŠrkinen","",""
NA,4785,NA,5526,"77779","","",-18.35,-65.2,2200,"gandarillasii","gandarillasii","tuberous","wild",NA,"SŠrkinen","",""
NA,4786,NA,5527,"80229","","",-18.9191,-65.1145,2031,"gandarillasii","gandarillasii","tuberous","wild",NA,"SŠrkinen","",""
NA,4787,NA,5528,"77782","","",-17.9,-65.1833,1850,"gandarillasii","gandarillasii","tuberous","wild",NA,"SŠrkinen","",""
NA,4788,NA,5529,"82426","","",-18.3,-64.15,1900,"gandarillasii","gandarillasii","tuberous","wild",NA,"SŠrkinen","",""
NA,4789,NA,5530,"77781","","",-18.8,-65.3833,2050,"gandarillasii","gandarillasii","tuberous","wild",NA,"SŠrkinen","",""
NA,4790,NA,5531,"81767","","",-17.9333,-65.3167,2200,"gandarillasii","gandarillasii","tuberous","wild",NA,"SŠrkinen","",""
NA,4791,NA,5532,"568982","","",-17.954821,-65.410847,NA,"gandarillasii","gandarillasii","tuberous","germplasm",NA,"SŠrkinen","",""
NA,4792,NA,5533,"PI 265866","","",-18.333333,-65.166667,NA,"gandarillasii","gandarillasii","tuberous","germplasm",24,"SŠrkinen","",""
NA,4793,NA,5534,"PI 283076","","",-18.666667,-65.166667,NA,"gandarillasii","gandarillasii","tuberous","germplasm",24,"SŠrkinen","",""
NA,4794,NA,5535,"PI 545862","","",-17.716667,-65.2,NA,"gandarillasii","gandarillasii","tuberous","germplasm",24,"SŠrkinen","",""
NA,4795,NA,5550,"CIP 766108","","",19.55,-103.6333333,NA,"guerreroense","guerreroense","tuberous","germplasm",NA,"SŠrkinen","",""
NA,4796,NA,5551,"91507","","",17.5592,-99.5,0,"guerreroense","guerreroense","tuberous","wild",NA,"SŠrkinen","",""
NA,4797,NA,5552,"89459","","",17.55,-99.5,0,"guerreroense","guerreroense","tuberous","wild",NA,"SŠrkinen","",""
NA,4799,NA,5576,"CIP 764288","","",25.415,-101.0022,NA,"hjertingii","hjertingii","tuberous","germplasm",24,"SŠrkinen","",""
NA,4801,NA,5578,"CIP 764289","","",25.3667,-100.6333,NA,"hjertingii","hjertingii","tuberous","germplasm",48,"SŠrkinen","",""
NA,4803,NA,5580,"91207","","",24.5714,-100.724,1725,"hjertingii","hjertingii","tuberous","wild",NA,"SŠrkinen","",""
NA,4804,NA,5581,"88615","","",25.51,-100.466,2450,"hjertingii","hjertingii","tuberous","wild",NA,"SŠrkinen","",""
NA,4806,NA,5583,"88860","","",24.8666,-100.217,2400,"hjertingii","hjertingii","tuberous","wild",NA,"SŠrkinen","",""
NA,4807,NA,5584,"88754","","",25.22,-100.38,2340,"hjertingii","hjertingii","tuberous","wild",NA,"SŠrkinen","",""
NA,4808,NA,5585,"91205","","",23.9666,-99.7666,1930,"hjertingii","hjertingii","tuberous","wild",NA,"SŠrkinen","",""
NA,4809,NA,5586,"91515","","",25.36,-100.63,2300,"hjertingii","hjertingii","tuberous","wild",NA,"SŠrkinen","",""
NA,4810,NA,5587,"89497","","",25.1676,-100.087,0,"hjertingii","hjertingii","tuberous","wild",NA,"SŠrkinen","",""
NA,4812,NA,5589,"89303","","",23.0778,-99.2789,1433,"hjertingii","hjertingii","tuberous","wild",NA,"SŠrkinen","",""
NA,4813,NA,5590,"88745","","",25.25,-101,2000,"hjertingii","hjertingii","tuberous","wild",NA,"SŠrkinen","",""
NA,4814,NA,5591,"88387","","",25.42,-100.83,0,"hjertingii","hjertingii","tuberous","wild",NA,"SŠrkinen","",""
NA,4815,NA,5592,"88692","","",24.52,-100.13,2500,"hjertingii","hjertingii","tuberous","wild",NA,"SŠrkinen","",""
NA,4816,NA,5593,"90308","","",27.0133,-102.234,2200,"hjertingii","hjertingii","tuberous","wild",NA,"SŠrkinen","",""
NA,4817,NA,5594,"89945","","",24.3414,-100.0038,2120,"hjertingii","hjertingii","tuberous","wild",NA,"SŠrkinen","",""
NA,4818,NA,5595,"90284","","",25.08,-101.36,2300,"hjertingii","hjertingii","tuberous","wild",NA,"SŠrkinen","",""
NA,4819,NA,5596,"PI 251067","","",24.866667,-100.216667,NA,"hjertingii","hjertingii","tuberous","germplasm",48,"SŠrkinen","",""
NA,4821,NA,5598,"CIP 764264","","",19.5667,-103.5833,NA,"hougasii","hougasii","tuberous","germplasm",72,"SŠrkinen","",""
NA,4822,NA,5599,"CIP 764352","","",20.2903,-102.6292,NA,"hougasii","hougasii","tuberous","germplasm",72,"SŠrkinen","",""
NA,4825,NA,5602,"CIP 761900","","",19.5383,-102.4172,2100,"hougasii","hougasii","tuberous","germplasm",72,"SŠrkinen","",""
NA,4826,NA,5603,"CIP 761899","","",19.2961,-102.3053,2500,"hougasii","hougasii","tuberous","germplasm",72,"SŠrkinen","",""
NA,4827,NA,5604,"CIP 761895","","",19.1972,-101.887,2740,"hougasii","hougasii","tuberous","germplasm",72,"SŠrkinen","",""
NA,4828,NA,5605,"CIP 764351","","",19.4,-101.6,NA,"hougasii","hougasii","tuberous","germplasm",72,"SŠrkinen","",""
NA,4829,NA,5606,"90498","","",19.7194,-104.387,1800,"hougasii","hougasii","tuberous","wild",NA,"SŠrkinen","",""
NA,4830,NA,5607,"89049","","",19.4474,-100.201,3075,"hougasii","hougasii","tuberous","wild",NA,"SŠrkinen","",""
NA,4831,NA,5608,"89050","","",19.48,-102.35,2100,"hougasii","hougasii","tuberous","wild",NA,"SŠrkinen","",""
NA,4832,NA,5609,"89986","","",19.35,-102.02,3000,"hougasii","hougasii","tuberous","wild",NA,"SŠrkinen","",""
NA,4833,NA,5610,"90490","","",19.6833,-101.95,2850,"hougasii","hougasii","tuberous","wild",NA,"SŠrkinen","",""
NA,4834,NA,5611,"88459","","",19.4666,-103.3,1900,"hougasii","hougasii","tuberous","wild",NA,"SŠrkinen","",""
NA,4835,NA,5612,"88456","","",19.7219,-103.67,2400,"hougasii","hougasii","tuberous","wild",NA,"SŠrkinen","",""
NA,4836,NA,5613,"89584","","",19.19,-103.17,1870,"hougasii","hougasii","tuberous","wild",NA,"SŠrkinen","",""
NA,4837,NA,5614,"90478","","",19.515,-103.583,2950,"hougasii","hougasii","tuberous","wild",NA,"SŠrkinen","",""
NA,4838,NA,5615,"88830","","",19.24,-101.36,2950,"hougasii","hougasii","tuberous","wild",NA,"SŠrkinen","",""
NA,4839,NA,5616,"89888","","",19.2748,-102.2025,2550,"hougasii","hougasii","tuberous","wild",NA,"SŠrkinen","",""
NA,4840,NA,5617,"90501","","",19.73,-100.8,2510,"hougasii","hougasii","tuberous","wild",NA,"SŠrkinen","",""
NA,4841,NA,5618,"91512","","",19.48,-101.595,0,"hougasii","hougasii","tuberous","wild",NA,"SŠrkinen","",""
NA,4842,NA,5619,"90426","","",17.4555,-100.104,2900,"hougasii","hougasii","tuberous","wild",NA,"SŠrkinen","",""
NA,4844,NA,5621,"PI 239423","","",19.466667,-102.25,NA,"hougasii","hougasii","tuberous","germplasm",72,"SŠrkinen","",""
NA,4845,NA,5622,"CIP 761239","","",-5.5994,-79.5864,2139,"huancabambense","huancabambense","tuberous","germplasm",24,"SŠrkinen","",""
NA,4846,NA,5623,"CIP 764023","","",-5.8208,-79.5161,2407,"huancabambense","huancabambense","tuberous","germplasm",24,"SŠrkinen","",""
NA,4847,NA,5624,"CIP 760955","","",-5.1964,-79.4972,2500,"huancabambense","huancabambense","tuberous","germplasm",24,"SŠrkinen","",""
NA,4849,NA,5626,"CIP 761240","","",-5.2942,-79.4836,2900,"huancabambense","huancabambense","tuberous","germplasm",24,"SŠrkinen","",""
NA,4850,NA,5627,"CIP 761238","","",-5.3036,-79.4036,2191,"huancabambense","huancabambense","tuberous","germplasm",24,"SŠrkinen","",""
NA,4851,NA,5628,"82409","","",-5,-79.6833,2000,"huancabambense","huancabambense","tuberous","wild",NA,"SŠrkinen","",""
NA,4852,NA,5629,"81408","","",-5.833333,-79.5,1650,"huancabambense","huancabambense","tuberous","wild",NA,"SŠrkinen","",""
NA,4853,NA,5630,"82509","","",-5.5,-79.5833,2350,"huancabambense","huancabambense","tuberous","wild",NA,"SŠrkinen","",""
NA,4854,NA,5631,"94505","","",-5.666667,-79.3,2800,"huancabambense","huancabambense","tuberous","wild",NA,"SŠrkinen","",""
NA,4855,NA,5632,"92284","","",-5.23,-79.47,1800,"huancabambense","huancabambense","tuberous","wild",NA,"SŠrkinen","",""
NA,4857,NA,5634,"PI 365406","","",-5.233333,-79.466667,NA,"huancabambense","huancabambense","tuberous","germplasm",24,"SŠrkinen","",""
NA,4858,NA,5635,"PI 458400","","",-5.4,-79.6,NA,"huancabambense","huancabambense","tuberous","germplasm",24,"SŠrkinen","",""
NA,4865,NA,5675,"CIP 762059","","",-8.0328,-78.6358,2100,"immite","immite","tuberous","germplasm",24,"SŠrkinen","",""
NA,4867,NA,5676,"CIP 762934","","",-7.94,-78.6,2874,"immite","immite","tuberous","germplasm",24,"SŠrkinen","",""
NA,4869,NA,5677,"CIP 765923","","",-7.9833,-78.2666,4171,"immite","immite","tuberous","germplasm",NA,"SŠrkinen","",""
NA,4871,NA,5678,"CIP 761040","","",-9.4903,-77.8597,2327,"immite","immite","tuberous","germplasm",24,"SŠrkinen","",""
NA,4873,NA,5679,"CIP 764063","","",-11.7861,-76.6267,NA,"immite","immite","tuberous","germplasm",24,"SŠrkinen","",""
NA,4875,NA,5680,"91605","","",-11.55,-76.8,2350,"immite","immite","tuberous","wild",NA,"SŠrkinen","",""
NA,4877,NA,5681,"95240","","",-7.8333,-78.1,3160,"immite","immite","tuberous","wild",NA,"SŠrkinen","",""
NA,4879,NA,5682,"84902","","",-11.4,-77.2167,300,"immite","immite","tuberous","wild",NA,"SŠrkinen","",""
NA,4881,NA,5683,"70850","","",-8.351067,-78.7947,400,"immite","immite","tuberous","wild",NA,"SŠrkinen","",""
NA,4883,NA,5684,"81967","","",-12.3833,-76.7333,480,"immite","immite","tuberous","wild",NA,"SŠrkinen","",""
NA,4885,NA,5685,"69536","","",-8.00732,-78.64403,2550,"immite","immite","tuberous","wild",NA,"SŠrkinen","",""
NA,4889,NA,5687,"69537","","",-11.21216,-76.88826,2400,"immite","immite","tuberous","wild",NA,"SŠrkinen","",""
NA,4891,NA,5688,"84291","","",-7.42,-78.814,1650,"immite","immite","tuberous","wild",NA,"SŠrkinen","",""
NA,4893,NA,5689,"84934","","",-12.1333,-76.4333,1800,"immite","immite","tuberous","wild",NA,"SŠrkinen","",""
NA,4895,NA,5690,"94734","","",-12.00389,-76.63889,0,"immite","immite","tuberous","wild",NA,"SŠrkinen","",""
NA,4897,NA,5691,"82372","","",-11.2,-77.4167,200,"immite","immite","tuberous","wild",NA,"SŠrkinen","",""
NA,4899,NA,5692,"75460","","",-9.925189,-77.72448,2400,"immite","immite","tuberous","wild",NA,"SŠrkinen","",""
NA,4901,NA,5693,"81992","","",-10.8,-77.7333,100,"immite","immite","tuberous","wild",NA,"SŠrkinen","",""
NA,4903,NA,5694,"81986","","",-8.36667,-77.65,2000,"immite","immite","tuberous","wild",NA,"SŠrkinen","",""
NA,4907,NA,5696,"PI 498245","","",-8.116667,-79.033333,NA,"immite","immite","tuberous","germplasm",24,"SŠrkinen","",""
NA,4909,NA,5700,"CIP 763694","","",-24.8433,-66.1833,2841,"infundibuliforme","infundibuliforme","tuberous","germplasm",24,"SŠrkinen","",""
NA,4910,NA,5701,"CIP 761004","","",-21.6667,-65.9667,3234,"infundibuliforme","infundibuliforme","tuberous","germplasm",24,"SŠrkinen","",""
NA,4911,NA,5702,"CIP 761374","","",-21.3703,-65.9439,3450,"infundibuliforme","infundibuliforme","tuberous","germplasm",24,"SŠrkinen","",""
NA,4912,NA,5703,"CIP 763721","","",-23.3186,-65.7619,3450,"infundibuliforme","infundibuliforme","tuberous","germplasm",24,"SŠrkinen","",""
NA,4914,NA,5705,"CIP 761002","","",-19.8667,-65.7167,3960,"infundibuliforme","infundibuliforme","tuberous","germplasm",24,"SŠrkinen","",""
NA,4915,NA,5706,"CIP 761003","","",-21.45,-65.7167,2941,"infundibuliforme","infundibuliforme","tuberous","germplasm",24,"SŠrkinen","",""
NA,4916,NA,5707,"CIP 761359","","",-19.6333,-65.2167,2580,"infundibuliforme","infundibuliforme","tuberous","germplasm",24,"SŠrkinen","",""
NA,4917,NA,5708,"80473","","",-22.25,-64.9666,3450,"infundibuliforme","infundibuliforme","tuberous","wild",NA,"SŠrkinen","",""
NA,4918,NA,5709,"80161","","",-21.3962,-65.6946,3236,"infundibuliforme","infundibuliforme","tuberous","wild",NA,"SŠrkinen","",""
NA,4919,NA,5710,"87487","","",-23.56,-66.21,3700,"infundibuliforme","infundibuliforme","tuberous","wild",NA,"SŠrkinen","",""
NA,4920,NA,5711,"86311","","",-22.45,-66.0666,3900,"infundibuliforme","infundibuliforme","tuberous","wild",NA,"SŠrkinen","",""
NA,4921,NA,5712,"78880","","",-24.5,-66.4833,3720,"infundibuliforme","infundibuliforme","tuberous","wild",NA,"SŠrkinen","",""
NA,4922,NA,5713,"78666","","",-25.1,-66.9833,3720,"infundibuliforme","infundibuliforme","tuberous","wild",NA,"SŠrkinen","",""
NA,4923,NA,5714,"87758","","",-23.4166,-66.4833,0,"infundibuliforme","infundibuliforme","tuberous","wild",NA,"SŠrkinen","",""
NA,4924,NA,5715,"84377","","",-19.88,-65.17,3550,"infundibuliforme","infundibuliforme","tuberous","wild",NA,"SŠrkinen","",""
NA,4926,NA,5717,"80640","","",-22.25,-65.3,3900,"infundibuliforme","infundibuliforme","tuberous","wild",NA,"SŠrkinen","",""
NA,4927,NA,5718,"80998","","",-22.85,-66.0166,3300,"infundibuliforme","infundibuliforme","tuberous","wild",NA,"SŠrkinen","",""
NA,4928,NA,5719,"78005","","",-23.2333,-65.2166,3500,"infundibuliforme","infundibuliforme","tuberous","wild",NA,"SŠrkinen","",""
NA,4931,NA,5722,"80159","","",-21.4125,-66.1562,4040,"infundibuliforme","infundibuliforme","tuberous","wild",NA,"SŠrkinen","",""
NA,4932,NA,5723,"87163","","",-22.6333,-64.8166,3500,"infundibuliforme","infundibuliforme","tuberous","wild",NA,"SŠrkinen","",""
NA,4934,NA,5725,"77241","","",-19.7333,-65.5667,3800,"infundibuliforme","infundibuliforme","tuberous","wild",NA,"SŠrkinen","",""
NA,4935,NA,5726,"85808","","",-23.02,-65.25,3650,"infundibuliforme","infundibuliforme","tuberous","wild",NA,"SŠrkinen","",""
NA,4936,NA,5727,"83889","","",-23.9,-65.45,0,"infundibuliforme","infundibuliforme","tuberous","wild",NA,"SŠrkinen","",""
NA,4937,NA,5728,"84595","","",-23.1333,-65.0166,3560,"infundibuliforme","infundibuliforme","tuberous","wild",NA,"SŠrkinen","",""
NA,4938,NA,5729,"77908","","",-22.9833,-65.35,0,"infundibuliforme","infundibuliforme","tuberous","wild",NA,"SŠrkinen","",""
NA,4939,NA,5730,"77240","","",-21.4,-65.5167,3800,"infundibuliforme","infundibuliforme","tuberous","wild",NA,"SŠrkinen","",""
NA,4940,NA,5731,"78623","","",-22.2333,-66.3333,3860,"infundibuliforme","infundibuliforme","tuberous","wild",NA,"SŠrkinen","",""
NA,4941,NA,5732,"84604","","",-24.1833,-65.3,0,"infundibuliforme","infundibuliforme","tuberous","wild",NA,"SŠrkinen","",""
NA,4942,NA,5733,"77239","","",-19.89579,-65.64687,3550,"infundibuliforme","infundibuliforme","tuberous","wild",NA,"SŠrkinen","",""
NA,4943,NA,5734,"78678","","",-21.95,-66.0666,3800,"infundibuliforme","infundibuliforme","tuberous","wild",NA,"SŠrkinen","",""
NA,4944,NA,5735,"81783","","",-21.25,-66.0667,4000,"infundibuliforme","infundibuliforme","tuberous","wild",NA,"SŠrkinen","",""
NA,4945,NA,5736,"86296","","",-22.0333,-66.2666,3900,"infundibuliforme","infundibuliforme","tuberous","wild",NA,"SŠrkinen","",""
NA,4946,NA,5737,"80447","","",-21.8,-65.1328,3500,"infundibuliforme","infundibuliforme","tuberous","wild",NA,"SŠrkinen","",""
NA,4947,NA,5738,"87285","","",-23.0166,-65.1,3600,"infundibuliforme","infundibuliforme","tuberous","wild",NA,"SŠrkinen","",""
NA,4948,NA,5739,"81223","","",-22.11813,-65.58009,3442,"infundibuliforme","infundibuliforme","tuberous","wild",NA,"SŠrkinen","",""
NA,4949,NA,5740,"78882","","",-23.65,-66.3,3820,"infundibuliforme","infundibuliforme","tuberous","wild",NA,"SŠrkinen","",""
NA,4950,NA,5741,"85756","","",-22.7166,-65.7,3530,"infundibuliforme","infundibuliforme","tuberous","wild",NA,"SŠrkinen","",""
NA,4951,NA,5742,"83848","","",-23.68063,-65.52157,3000,"infundibuliforme","infundibuliforme","tuberous","wild",NA,"SŠrkinen","",""
NA,4952,NA,5743,"83824","","",-23.85,-65.2833,0,"infundibuliforme","infundibuliforme","tuberous","wild",NA,"SŠrkinen","",""
NA,4953,NA,5744,"85917","","",-22.7666,-65.35,3600,"infundibuliforme","infundibuliforme","tuberous","wild",NA,"SŠrkinen","",""
NA,4954,NA,5745,"78605","","",-22.6,-65.8166,3800,"infundibuliforme","infundibuliforme","tuberous","wild",NA,"SŠrkinen","",""
NA,4955,NA,5746,"87141","","",-22.65,-65.0833,3300,"infundibuliforme","infundibuliforme","tuberous","wild",NA,"SŠrkinen","",""
NA,4956,NA,5747,"80249","","",-20.4066,-65.5682,3180,"infundibuliforme","infundibuliforme","tuberous","wild",NA,"SŠrkinen","",""
NA,4957,NA,5748,"87982","","",-22.0833,-65.8833,3720,"infundibuliforme","infundibuliforme","tuberous","wild",NA,"SŠrkinen","",""
NA,4958,NA,5749,"84498","","",-22.25,-66.4333,3640,"infundibuliforme","infundibuliforme","tuberous","wild",NA,"SŠrkinen","",""
NA,4959,NA,5750,"84516","","",-22.2166,-66.15,3800,"infundibuliforme","infundibuliforme","tuberous","wild",NA,"SŠrkinen","",""
NA,4960,NA,5751,"86268","","",-21.88,-66.18,3680,"infundibuliforme","infundibuliforme","tuberous","wild",NA,"SŠrkinen","",""
NA,4961,NA,5752,"80400","","",-23.2,-65.35,3600,"infundibuliforme","infundibuliforme","tuberous","wild",NA,"SŠrkinen","",""
NA,4962,NA,5753,"82464","","",-19.7,-65.8333,3880,"infundibuliforme","infundibuliforme","tuberous","wild",NA,"SŠrkinen","",""
NA,4964,NA,5755,"87964","","",-22.58,-65.26,3565,"infundibuliforme","infundibuliforme","tuberous","wild",NA,"SŠrkinen","",""
NA,4965,NA,5756,"83316","","",-23.55,-65.2666,3700,"infundibuliforme","infundibuliforme","tuberous","wild",NA,"SŠrkinen","",""
NA,4966,NA,5757,"78600","","",-23.7166,-65.6833,3700,"infundibuliforme","infundibuliforme","tuberous","wild",NA,"SŠrkinen","",""
NA,4967,NA,5758,"84920","","",-20.2167,-66.45,3850,"infundibuliforme","infundibuliforme","tuberous","wild",NA,"SŠrkinen","",""
NA,4969,NA,5760,"84111","","",-22.7333,-65.9,3690,"infundibuliforme","infundibuliforme","tuberous","wild",NA,"SŠrkinen","",""
NA,4970,NA,5761,"86014","","",-21.05,-68.05,0,"infundibuliforme","infundibuliforme","tuberous","wild",NA,"SŠrkinen","",""
NA,4971,NA,5762,"85829","","",-23.25,-66.1166,3700,"infundibuliforme","infundibuliforme","tuberous","wild",NA,"SŠrkinen","",""
NA,4972,NA,5763,"85858","","",-23,-65.8666,3600,"infundibuliforme","infundibuliforme","tuberous","wild",NA,"SŠrkinen","",""
NA,4973,NA,5764,"80689","","",-22.7,-66.1,3800,"infundibuliforme","infundibuliforme","tuberous","wild",NA,"SŠrkinen","",""
NA,4974,NA,5765,"85820","","",-22.3333,-65.6,3650,"infundibuliforme","infundibuliforme","tuberous","wild",NA,"SŠrkinen","",""
NA,4975,NA,5766,"84471","","",-20.0335,-65.5499,3103,"infundibuliforme","infundibuliforme","tuberous","wild",NA,"SŠrkinen","",""
NA,4976,NA,5767,"80245","","",-21.4501,-65.8514,4006,"infundibuliforme","infundibuliforme","tuberous","wild",NA,"SŠrkinen","",""
NA,4977,NA,5768,"85854","","",-23.4666,-66.0333,4150,"infundibuliforme","infundibuliforme","tuberous","wild",NA,"SŠrkinen","",""
NA,4978,NA,5769,"79498","","",-23.25,-65.5833,3900,"infundibuliforme","infundibuliforme","tuberous","wild",NA,"SŠrkinen","",""
NA,4979,NA,5770,"86209","","",-23.2,-65.45,3250,"infundibuliforme","infundibuliforme","tuberous","wild",NA,"SŠrkinen","",""
NA,4980,NA,5771,"77245","","",-21.8833,-65.2833,3400,"infundibuliforme","infundibuliforme","tuberous","wild",NA,"SŠrkinen","",""
NA,4981,NA,5772,"78904","","",-24.2166,-66.45,3800,"infundibuliforme","infundibuliforme","tuberous","wild",NA,"SŠrkinen","",""
NA,4982,NA,5773,"81069","","",-22.93528,-65.52583,3610,"infundibuliforme","infundibuliforme","tuberous","wild",NA,"SŠrkinen","",""
NA,4983,NA,5774,"85615","","",-21.18333,-65.3,0,"infundibuliforme","infundibuliforme","tuberous","wild",NA,"SŠrkinen","",""
NA,4984,NA,5775,"80439","","",-21.8,-65.55,3400,"infundibuliforme","infundibuliforme","tuberous","wild",NA,"SŠrkinen","",""
NA,4985,NA,5776,"80723","","",-23.6666,-65.35,3700,"infundibuliforme","infundibuliforme","tuberous","wild",NA,"SŠrkinen","",""
NA,4986,NA,5777,"78634","","",-22.2166,-65.45,3500,"infundibuliforme","infundibuliforme","tuberous","wild",NA,"SŠrkinen","",""
NA,4987,NA,5778,"83253","","",-22.3666,-65.7833,3850,"infundibuliforme","infundibuliforme","tuberous","wild",NA,"SŠrkinen","",""
NA,4988,NA,5779,"84761","","",-23.1333,-65.7,4100,"infundibuliforme","infundibuliforme","tuberous","wild",NA,"SŠrkinen","",""
NA,4989,NA,5780,"78665","","",-25.2,-66.8833,3720,"infundibuliforme","infundibuliforme","tuberous","wild",NA,"SŠrkinen","",""
NA,4990,NA,5781,"84866","","",-20.4667,-66.8333,3700,"infundibuliforme","infundibuliforme","tuberous","wild",NA,"SŠrkinen","",""
NA,4991,NA,5782,"87920","","",-24.13333,-66.28333,0,"infundibuliforme","infundibuliforme","tuberous","wild",NA,"SŠrkinen","",""
NA,4992,NA,5783,"78667","","",-23.98,-66.37,3720,"infundibuliforme","infundibuliforme","tuberous","wild",NA,"SŠrkinen","",""
NA,4993,NA,5784,"210050","","",-22.708423,-66.068687,NA,"infundibuliforme","infundibuliforme","tuberous","germplasm",24,"SŠrkinen","",""
NA,4994,NA,5785,"435075","","",-23.196984,-65.685554,NA,"infundibuliforme","infundibuliforme","tuberous","germplasm",24,"SŠrkinen","",""
NA,4995,NA,5786,"458321","","",-22.156334,-65.500079,NA,"infundibuliforme","infundibuliforme","tuberous","germplasm",24,"SŠrkinen","",""
NA,4997,NA,5788,"472860","","",-22.121186,-65.733944,NA,"infundibuliforme","infundibuliforme","tuberous","germplasm",24,"SŠrkinen","",""
NA,4998,NA,5789,"472863","","",-21.976177,-66.248219,NA,"infundibuliforme","infundibuliforme","tuberous","germplasm",24,"SŠrkinen","",""
NA,4999,NA,5790,"472889","","",-22.96155,-65.43798,NA,"infundibuliforme","infundibuliforme","tuberous","germplasm",24,"SŠrkinen","",""
NA,5001,NA,5792,"472904","","",-22.233334,-66.372128,NA,"infundibuliforme","infundibuliforme","tuberous","germplasm",24,"SŠrkinen","",""
NA,5002,NA,5793,"472905","","",-22.233334,-66.381828,NA,"infundibuliforme","infundibuliforme","tuberous","germplasm",24,"SŠrkinen","",""
NA,5003,NA,5794,"472907","","",-22.266665,-66.408216,NA,"infundibuliforme","infundibuliforme","tuberous","germplasm",24,"SŠrkinen","",""
NA,5004,NA,5795,"472908","","",-22.233334,-66.391528,NA,"infundibuliforme","infundibuliforme","tuberous","germplasm",24,"SŠrkinen","",""
NA,5005,NA,5796,"472910","","",-22.233334,-66.410928,NA,"infundibuliforme","infundibuliforme","tuberous","germplasm",24,"SŠrkinen","",""
NA,5006,NA,5797,"498337","","",-22.134146,-65.734291,NA,"infundibuliforme","infundibuliforme","tuberous","germplasm",24,"SŠrkinen","",""
NA,5007,NA,5798,"498338","","",-22.100909,-66.275024,NA,"infundibuliforme","infundibuliforme","tuberous","germplasm",24,"SŠrkinen","",""
NA,5008,NA,5799,"498348","","",-22.400001,-66.116665,NA,"infundibuliforme","infundibuliforme","tuberous","germplasm",24,"SŠrkinen","",""
NA,5010,NA,5801,"568984","","",-19.833333,-65.499996,NA,"infundibuliforme","infundibuliforme","tuberous","germplasm",24,"SŠrkinen","",""
NA,5011,NA,5802,"PI 210050","","",-22.766667,-66.05,NA,"infundibuliforme","infundibuliforme","tuberous","germplasm",NA,"SŠrkinen","",""
NA,5012,NA,5803,"PI 265867","","",-19.883333,-65.166667,NA,"infundibuliforme","infundibuliforme","tuberous","germplasm",24,"SŠrkinen","",""
NA,5013,NA,5804,"PI 283077","","",-22.916667,-65.583333,NA,"infundibuliforme","infundibuliforme","tuberous","germplasm",24,"SŠrkinen","",""
NA,5014,NA,5805,"PI 414147","","",-22.45,-66.183333,NA,"infundibuliforme","infundibuliforme","tuberous","germplasm",24,"SŠrkinen","",""
NA,5015,NA,5806,"PI 435075","","",-22.966667,-65.466667,NA,"infundibuliforme","infundibuliforme","tuberous","germplasm",NA,"SŠrkinen","",""
NA,5016,NA,5807,"PI 442675","","",-23.566667,-65.433333,NA,"infundibuliforme","infundibuliforme","tuberous","germplasm",24,"SŠrkinen","",""
NA,5017,NA,5808,"PI 458321","","",-22.116667,-65.716667,NA,"infundibuliforme","infundibuliforme","tuberous","germplasm",NA,"SŠrkinen","",""
NA,5019,NA,5810,"PI 458324","","",-23.65,-65.6,NA,"infundibuliforme","infundibuliforme","tuberous","germplasm",24,"SŠrkinen","",""
NA,5020,NA,5811,"PI 472856","","",-22.333333,-65.6,NA,"infundibuliforme","infundibuliforme","tuberous","germplasm",24,"SŠrkinen","",""
NA,5021,NA,5812,"PI 472860","","",-22.133333,-65.75,NA,"infundibuliforme","infundibuliforme","tuberous","germplasm",NA,"SŠrkinen","",""
NA,5022,NA,5813,"PI 472862","","",-22.4,-65.366667,NA,"infundibuliforme","infundibuliforme","tuberous","germplasm",24,"SŠrkinen","",""
NA,5023,NA,5814,"PI 472863","","",-21.866667,-66.233333,NA,"infundibuliforme","infundibuliforme","tuberous","germplasm",NA,"SŠrkinen","",""
NA,5025,NA,5816,"PI 472868","","",-23.616667,-65.533333,NA,"infundibuliforme","infundibuliforme","tuberous","germplasm",24,"SŠrkinen","",""
NA,5029,NA,5820,"PI 472876","","",-23.166667,-65.05,NA,"infundibuliforme","infundibuliforme","tuberous","germplasm",24,"SŠrkinen","",""
NA,5030,NA,5821,"PI 472889","","",-22.966667,-65.433333,NA,"infundibuliforme","infundibuliforme","tuberous","germplasm",NA,"SŠrkinen","",""
NA,5032,NA,5823,"PI 472893","","",-23.633333,-66.316667,NA,"infundibuliforme","infundibuliforme","tuberous","germplasm",24,"SŠrkinen","",""
NA,5033,NA,5824,"PI 472896","","",-22.966667,-65.483333,NA,"infundibuliforme","infundibuliforme","tuberous","germplasm",24,"SŠrkinen","",""
NA,5034,NA,5825,"PI 472901","","",-22.983333,-65.433333,NA,"infundibuliforme","infundibuliforme","tuberous","germplasm",24,"SŠrkinen","",""
NA,5036,NA,5827,"PI 472903","","",-22.25,-66.316667,NA,"infundibuliforme","infundibuliforme","tuberous","germplasm",24,"SŠrkinen","",""
NA,5038,NA,5829,"PI 472905","","",-22.25,-66.333333,NA,"infundibuliforme","infundibuliforme","tuberous","germplasm",NA,"SŠrkinen","",""
NA,5039,NA,5830,"PI 472906","","",-22.25,-66.35,NA,"infundibuliforme","infundibuliforme","tuberous","germplasm",24,"SŠrkinen","",""
NA,5043,NA,5834,"PI 472910","","",-22.25,-66.383333,NA,"infundibuliforme","infundibuliforme","tuberous","germplasm",NA,"SŠrkinen","",""
NA,5046,NA,5837,"PI 498338","","",-21.95,-66.066667,NA,"infundibuliforme","infundibuliforme","tuberous","germplasm",NA,"SŠrkinen","",""
NA,5047,NA,5838,"PI 498345","","",-22.083333,-66.233333,NA,"infundibuliforme","infundibuliforme","tuberous","germplasm",24,"SŠrkinen","",""
NA,5048,NA,5839,"PI 498348","","",-22.433333,-66.166667,NA,"infundibuliforme","infundibuliforme","tuberous","germplasm",NA,"SŠrkinen","",""
NA,5051,NA,5842,"PI 498351","","",-23.583333,-65.616667,NA,"infundibuliforme","infundibuliforme","tuberous","germplasm",24,"SŠrkinen","",""
NA,5052,NA,5843,"PI 498354","","",-23.25,-65.216667,NA,"infundibuliforme","infundibuliforme","tuberous","germplasm",24,"SŠrkinen","",""
NA,5053,NA,5844,"PI 498355","","",-22.966667,-65.45,NA,"infundibuliforme","infundibuliforme","tuberous","germplasm",24,"SŠrkinen","",""
NA,5054,NA,5845,"PI 500046","","",-23.233333,-65.2,NA,"infundibuliforme","infundibuliforme","tuberous","germplasm",24,"SŠrkinen","",""
NA,5055,NA,5846,"PI 500046","","",-23.23,-65.2,NA,"infundibuliforme","infundibuliforme","tuberous","germplasm",NA,"SŠrkinen","",""
NA,5056,NA,5847,"PI 545893","","",-21.8,-65.133333,NA,"infundibuliforme","infundibuliforme","tuberous","germplasm",24,"SŠrkinen","",""
NA,5057,NA,5848,"PI 545894","","",-21.366667,-65.8,NA,"infundibuliforme","infundibuliforme","tuberous","germplasm",24,"SŠrkinen","",""
NA,5058,NA,5849,"PI 558086","","",-23.166667,-65.1,NA,"infundibuliforme","infundibuliforme","tuberous","germplasm",24,"SŠrkinen","",""
NA,5059,NA,5850,"PI 558086","","",-23.16,-65.1,NA,"infundibuliforme","infundibuliforme","tuberous","germplasm",NA,"SŠrkinen","",""
NA,5061,NA,5852,"PI 597704","","",-21.45,-65.8,NA,"infundibuliforme","infundibuliforme","tuberous","germplasm",24,"SŠrkinen","",""
NA,5064,NA,5855,"PI498246","","",-21.4,-65.516667,NA,"infundibuliforme","infundibuliforme","tuberous","germplasm",24,"SŠrkinen","",""
NA,5066,NA,5857,"PI545893","","",-21.8,-65.13,NA,"infundibuliforme","infundibuliforme","tuberous","germplasm",NA,"SŠrkinen","",""
NA,5067,NA,5858,"PI545894","","",-21.37,-65.8,NA,"infundibuliforme","infundibuliforme","tuberous","germplasm",NA,"SŠrkinen","",""
NA,5068,NA,5859,"PI568983","","",-19.866667,-65.716667,NA,"infundibuliforme","infundibuliforme","tuberous","germplasm",24,"SŠrkinen","",""
NA,5072,NA,5863,"CIP 763335","","",19.1972,-101.887,2740,"iopetalum","iopetalum","tuberous","germplasm",72,"SŠrkinen","",""
NA,5073,NA,5864,"CIP 761935","","",19.2889,-99.6492,2680,"iopetalum","iopetalum","tuberous","germplasm",72,"SŠrkinen","",""
NA,5075,NA,5866,"CIP 762523","","",22.6,-98.2167,1950,"iopetalum","iopetalum","tuberous","germplasm",72,"SŠrkinen","",""
NA,5076,NA,5867,"CIP 761930","","",19.1217,-97.0839,2400,"iopetalum","iopetalum","tuberous","germplasm",72,"SŠrkinen","",""
NA,5077,NA,5868,"CIP 761886","","",16.9497,-96.4361,2750,"iopetalum","iopetalum","tuberous","germplasm",72,"SŠrkinen","",""
NA,5078,NA,5869,"CIP 761889","","",15.9333,-96.3833,819,"iopetalum","iopetalum","tuberous","germplasm",72,"SŠrkinen","",""
NA,5080,NA,5871,"90421","","",16.8176,-96.9816,2790,"iopetalum","iopetalum","tuberous","wild",NA,"SŠrkinen","",""
NA,5081,NA,5872,"80094","","",19.73,-100.8,2515,"iopetalum","iopetalum","tuberous","wild",NA,"SŠrkinen","",""
NA,5082,NA,5873,"89743","","",19.7198,-104.378,0,"iopetalum","iopetalum","tuberous","wild",NA,"SŠrkinen","",""
NA,5083,NA,5874,"80093","","",19.65,-100.98,0,"iopetalum","iopetalum","tuberous","wild",NA,"SŠrkinen","",""
NA,5084,NA,5875,"90259","","",20.23,-98.4,1950,"iopetalum","iopetalum","tuberous","wild",NA,"SŠrkinen","",""
NA,5085,NA,5876,"90402","","",17.13312,-98.03166,2395,"iopetalum","iopetalum","tuberous","wild",NA,"SŠrkinen","",""
NA,5086,NA,5877,"89402","","",20.0104,-98.6491,2700,"iopetalum","iopetalum","tuberous","wild",NA,"SŠrkinen","",""
NA,5087,NA,5878,"89549","","",19.5412,-104.174,1700,"iopetalum","iopetalum","tuberous","wild",NA,"SŠrkinen","",""
NA,5088,NA,5879,"89744","","",19.24,-102.16,2850,"iopetalum","iopetalum","tuberous","wild",NA,"SŠrkinen","",""
NA,5089,NA,5880,"90262","","",20.4,-100.14,2640,"iopetalum","iopetalum","tuberous","wild",NA,"SŠrkinen","",""
NA,5090,NA,5881,"88975","","",19.7219,-103.67,2400,"iopetalum","iopetalum","tuberous","wild",NA,"SŠrkinen","",""
NA,5091,NA,5882,"90073","","",19.0478,-99.3233,2900,"iopetalum","iopetalum","tuberous","wild",NA,"SŠrkinen","",""
NA,5092,NA,5883,"90427","","",17.529,-99.7136,2530,"iopetalum","iopetalum","tuberous","wild",NA,"SŠrkinen","",""
NA,5093,NA,5884,"90605","","",19.39,-101.5,2720,"iopetalum","iopetalum","tuberous","wild",NA,"SŠrkinen","",""
NA,5094,NA,5885,"88388","","",19.4,-100.25,2920,"iopetalum","iopetalum","tuberous","wild",NA,"SŠrkinen","",""
NA,5095,NA,5886,"88735","","",16.17,-96.33,2400,"iopetalum","iopetalum","tuberous","wild",NA,"SŠrkinen","",""
NA,5096,NA,5887,"90422","","",16.8666,-96.8325,2540,"iopetalum","iopetalum","tuberous","wild",NA,"SŠrkinen","",""
NA,5098,NA,5889,"89017","","",17.1666,-97.7333,2750,"iopetalum","iopetalum","tuberous","wild",NA,"SŠrkinen","",""
NA,5099,NA,5890,"89055","","",19.115,-100.02,2125,"iopetalum","iopetalum","tuberous","wild",NA,"SŠrkinen","",""
NA,5100,NA,5891,"89378","","",19.02,-99.53,2880,"iopetalum","iopetalum","tuberous","wild",NA,"SŠrkinen","",""
NA,5101,NA,5892,"88951","","",20.405,-104.945,2000,"iopetalum","iopetalum","tuberous","wild",NA,"SŠrkinen","",""
NA,5102,NA,5893,"88452","","",19.4666,-103.3,1940,"iopetalum","iopetalum","tuberous","wild",NA,"SŠrkinen","",""
NA,5103,NA,5894,"90231","","",20.29,-99.14,2630,"iopetalum","iopetalum","tuberous","wild",NA,"SŠrkinen","",""
NA,5104,NA,5895,"90424","","",17.1383,-96.6136,2700,"iopetalum","iopetalum","tuberous","wild",NA,"SŠrkinen","",""
NA,5105,NA,5896,"88559","","",17.45,-100.16,2750,"iopetalum","iopetalum","tuberous","wild",NA,"SŠrkinen","",""
NA,5106,NA,5897,"88632","","",19.33,-102.3,1900,"iopetalum","iopetalum","tuberous","wild",NA,"SŠrkinen","",""
NA,5107,NA,5898,"90744","","",17.4587,-100.058,2500,"iopetalum","iopetalum","tuberous","wild",NA,"SŠrkinen","",""
NA,5108,NA,5899,"88974","","",20.047,-103.833,2100,"iopetalum","iopetalum","tuberous","wild",NA,"SŠrkinen","",""
NA,5109,NA,5900,"88391","","",20.15,-98.13,1950,"iopetalum","iopetalum","tuberous","wild",NA,"SŠrkinen","",""
NA,5110,NA,5901,"88560","","",18.8454,-103.051,2900,"iopetalum","iopetalum","tuberous","wild",NA,"SŠrkinen","",""
NA,5111,NA,5902,"90404","","",17.15,-98.2,2600,"iopetalum","iopetalum","tuberous","wild",NA,"SŠrkinen","",""
NA,5112,NA,5903,"89054","","",19.0529,-97.1324,2400,"iopetalum","iopetalum","tuberous","wild",NA,"SŠrkinen","",""
NA,5113,NA,5904,"89973","","",19.25,-100.13,2850,"iopetalum","iopetalum","tuberous","wild",NA,"SŠrkinen","",""
NA,5114,NA,5905,"89759","","",19.6448,-101.987,3000,"iopetalum","iopetalum","tuberous","wild",NA,"SŠrkinen","",""
NA,5115,NA,5906,"88737","","",16.1685,-96.4979,2380,"iopetalum","iopetalum","tuberous","wild",NA,"SŠrkinen","",""
NA,5116,NA,5907,"90525","","",20.7,-99.8166,2600,"iopetalum","iopetalum","tuberous","wild",NA,"SŠrkinen","",""
NA,5117,NA,5908,"89553","","",19.6288,-103.554,2660,"iopetalum","iopetalum","tuberous","wild",NA,"SŠrkinen","",""
NA,5118,NA,5909,"8142","","",19.2,-99.88333,3350,"iopetalum","iopetalum","tuberous","wild",NA,"SŠrkinen","",""
NA,5119,NA,5910,"89993","","",19.49,-100.4,2880,"iopetalum","iopetalum","tuberous","wild",NA,"SŠrkinen","",""
NA,5120,NA,5911,"89817","","",19.4449,-101.715,2800,"iopetalum","iopetalum","tuberous","wild",NA,"SŠrkinen","",""
NA,5121,NA,5912,"126461","","",19.78361,-97.63442,2250,"iopetalum","iopetalum","tuberous","wild",NA,"SŠrkinen","",""
NA,5122,NA,5913,"89779","","",19.956,-100.664,3100,"iopetalum","iopetalum","tuberous","wild",NA,"SŠrkinen","",""
NA,5123,NA,5914,"90200","","",19.233,-98.033,3000,"iopetalum","iopetalum","tuberous","wild",NA,"SŠrkinen","",""
NA,5124,NA,5915,"88779","","",16.2338,-95.9699,2400,"iopetalum","iopetalum","tuberous","wild",NA,"SŠrkinen","",""
NA,5125,NA,5916,"88923","","",20.925,-100.179,3250,"iopetalum","iopetalum","tuberous","wild",NA,"SŠrkinen","",""
NA,5126,NA,5917,"88728","","",19.41,-100.51,2700,"iopetalum","iopetalum","tuberous","wild",NA,"SŠrkinen","",""
NA,5127,NA,5918,"90660","","",19.4166,-102.067,0,"iopetalum","iopetalum","tuberous","wild",NA,"SŠrkinen","",""
NA,5128,NA,5919,"89827","","",19.695,-101.135,3100,"iopetalum","iopetalum","tuberous","wild",NA,"SŠrkinen","",""
NA,5129,NA,5920,"89996","","",20.3,-103.02,2230,"iopetalum","iopetalum","tuberous","wild",NA,"SŠrkinen","",""
NA,5130,NA,5921,"88715","","",20.5958,-98.624,2000,"iopetalum","iopetalum","tuberous","wild",NA,"SŠrkinen","",""
NA,5132,NA,5923,"89906","","",17.3302,-99.4132,2200,"iopetalum","iopetalum","tuberous","wild",NA,"SŠrkinen","",""
NA,5133,NA,5924,"89634","","",20.33,-98.29,2300,"iopetalum","iopetalum","tuberous","wild",NA,"SŠrkinen","",""
NA,5134,NA,5925,"89847","","",21.2666,-99.0833,950,"iopetalum","iopetalum","tuberous","wild",NA,"SŠrkinen","",""
NA,5135,NA,5926,"89047","","",19.4,-101.6,2425,"iopetalum","iopetalum","tuberous","wild",NA,"SŠrkinen","",""
NA,5136,NA,5927,"498249","","",17.14,-96.21,NA,"iopetalum","iopetalum","tuberous","germplasm",72,"SŠrkinen","",""
NA,5137,NA,5928,"558431","","",17.53,-96.51,NA,"iopetalum","iopetalum","tuberous","germplasm",NA,"SŠrkinen","",""
NA,5138,NA,5929,"570611","","",20.38605,-98.430215,NA,"iopetalum","iopetalum","tuberous","germplasm",72,"SŠrkinen","",""
NA,5139,NA,5930,"597681","","",16.1,-95.88,NA,"iopetalum","iopetalum","tuberous","germplasm",72,"SŠrkinen","",""
NA,5140,NA,5931,"597682","","",19.024178,-99.278749,NA,"iopetalum","iopetalum","tuberous","germplasm",72,"SŠrkinen","",""
NA,5141,NA,5932,"604096","","",23.625925,-102.001705,NA,"iopetalum","iopetalum","tuberous","germplasm",72,"SŠrkinen","",""
NA,5144,NA,5935,"PI 239402","","",19.132778,-99.75,NA,"iopetalum","iopetalum","tuberous","germplasm",72,"SŠrkinen","",""
NA,5145,NA,5936,"PI 243344","","",20.2,-98.25,NA,"iopetalum","iopetalum","tuberous","germplasm",72,"SŠrkinen","",""
NA,5146,NA,5937,"PI 498021","","",20.55,-98.483333,NA,"iopetalum","iopetalum","tuberous","germplasm",72,"SŠrkinen","",""
NA,5147,NA,5938,"PI 498251","","",16.35,-96.6,NA,"iopetalum","iopetalum","tuberous","germplasm",72,"SŠrkinen","",""
NA,5148,NA,5939,"PI 558416","","",19.416667,-100.216667,NA,"iopetalum","iopetalum","tuberous","germplasm",72,"SŠrkinen","",""
NA,5149,NA,5940,"CIP 762776","","",33.4022,-112.5708,2150,"jamesii","jamesii","tuberous","germplasm",24,"SŠrkinen","",""
NA,5151,NA,5942,"CIP 764115","","",33.6094,-109.2,2290,"jamesii","jamesii","tuberous","germplasm",24,"SŠrkinen","",""
NA,5152,NA,5943,"91147","","",34.078,-107.171,0,"jamesii","jamesii","tuberous","wild",NA,"SŠrkinen","",""
NA,5153,NA,5944,"89318","","",34.017,-107.0825,0,"jamesii","jamesii","tuberous","wild",NA,"SŠrkinen","",""
NA,5154,NA,5945,"90737","","",35.263,-108.33,2073,"jamesii","jamesii","tuberous","wild",NA,"SŠrkinen","",""
NA,5155,NA,5946,"90740","","",37.3033,-105.0026,2140,"jamesii","jamesii","tuberous","wild",NA,"SŠrkinen","",""
NA,5156,NA,5947,"91041","","",34.0832,-105.43,2100,"jamesii","jamesii","tuberous","wild",NA,"SŠrkinen","",""
NA,5157,NA,5948,"91375","","",32.376,-106.563,0,"jamesii","jamesii","tuberous","wild",NA,"SŠrkinen","",""
NA,5158,NA,5949,"138824","","",35.54378,-106.9015,0,"jamesii","jamesii","tuberous","wild",NA,"SŠrkinen","",""
NA,5159,NA,5950,"91307","","",34.2807,-110.0525,0,"jamesii","jamesii","tuberous","wild",NA,"SŠrkinen","",""
NA,5160,NA,5951,"88565","","",36.091,-109.2607,1743,"jamesii","jamesii","tuberous","wild",NA,"SŠrkinen","",""
NA,5161,NA,5952,"88567","","",33.3929,-108.5229,1875,"jamesii","jamesii","tuberous","wild",NA,"SŠrkinen","",""
NA,5162,NA,5953,"91019","","",33.4543,-108.4251,1870,"jamesii","jamesii","tuberous","wild",NA,"SŠrkinen","",""
NA,5163,NA,5954,"90978","","",31.99763,-108.2328,0,"jamesii","jamesii","tuberous","wild",NA,"SŠrkinen","",""
NA,5164,NA,5955,"88568","","",31.5932,-104.5002,0,"jamesii","jamesii","tuberous","wild",NA,"SŠrkinen","",""
NA,5165,NA,5956,"90701","","",36.5913,-110.0101,0,"jamesii","jamesii","tuberous","wild",NA,"SŠrkinen","",""
NA,5166,NA,5957,"90716","","",32.8894,-108.174,0,"jamesii","jamesii","tuberous","wild",NA,"SŠrkinen","",""
NA,5167,NA,5958,"91146","","",32.764,-108.618,0,"jamesii","jamesii","tuberous","wild",NA,"SŠrkinen","",""
NA,5168,NA,5959,"88530","","",34.5617,-111.2609,2169,"jamesii","jamesii","tuberous","wild",NA,"SŠrkinen","",""
NA,5169,NA,5960,"91308","","",34.4817,-109.2414,1814,"jamesii","jamesii","tuberous","wild",NA,"SŠrkinen","",""
NA,5170,NA,5961,"91027","","",33.5945,-109.0737,2530,"jamesii","jamesii","tuberous","wild",NA,"SŠrkinen","",""
NA,5171,NA,5962,"88525","","",34.023,-109.5411,1920,"jamesii","jamesii","tuberous","wild",NA,"SŠrkinen","",""
NA,5172,NA,5963,"90676","","",34.5428,-110.0939,1548,"jamesii","jamesii","tuberous","wild",NA,"SŠrkinen","",""
NA,5173,NA,5964,"89534","","",33.1114,-108.0047,1800,"jamesii","jamesii","tuberous","wild",NA,"SŠrkinen","",""
NA,5174,NA,5965,"88849","","",37.0842,-108.3031,0,"jamesii","jamesii","tuberous","wild",NA,"SŠrkinen","",""
NA,5175,NA,5966,"89119","","",36.3346,-105.0632,2200,"jamesii","jamesii","tuberous","wild",NA,"SŠrkinen","",""
NA,5176,NA,5967,"88535","","",31.809,-109.28,0,"jamesii","jamesii","tuberous","wild",NA,"SŠrkinen","",""
NA,5177,NA,5968,"80965","","",35.6376,-105.282,0,"jamesii","jamesii","tuberous","wild",NA,"SŠrkinen","",""
NA,5178,NA,5969,"91143","","",36.5555,-112.1256,2134,"jamesii","jamesii","tuberous","wild",NA,"SŠrkinen","",""
NA,5179,NA,5970,"91133","","",33.8315,-108.605,1829,"jamesii","jamesii","tuberous","wild",NA,"SŠrkinen","",""
NA,5180,NA,5971,"88883","","",35.0114,-106.2112,1981,"jamesii","jamesii","tuberous","wild",NA,"SŠrkinen","",""
NA,5181,NA,5972,"91249","","",33.1933,-108.2638,2347,"jamesii","jamesii","tuberous","wild",NA,"SŠrkinen","",""
NA,5182,NA,5973,"90987","","",32.2528,-106.3401,1739,"jamesii","jamesii","tuberous","wild",NA,"SŠrkinen","",""
NA,5183,NA,5974,"90675","","",32.5718,-108.3621,1372,"jamesii","jamesii","tuberous","wild",NA,"SŠrkinen","",""
NA,5184,NA,5975,"90700","","",35.0431,-108.5058,1920,"jamesii","jamesii","tuberous","wild",NA,"SŠrkinen","",""
NA,5185,NA,5976,"88532","","",36.0338,-107.5742,0,"jamesii","jamesii","tuberous","wild",NA,"SŠrkinen","",""
NA,5186,NA,5977,"88522","","",34.0106,-109.1827,2134,"jamesii","jamesii","tuberous","wild",NA,"SŠrkinen","",""
NA,5187,NA,5978,"91275","","",35.1256,-108.815,2365,"jamesii","jamesii","tuberous","wild",NA,"SŠrkinen","",""
NA,5188,NA,5979,"90670","","",32.0862,-107.628,0,"jamesii","jamesii","tuberous","wild",NA,"SŠrkinen","",""
NA,5189,NA,5980,"90394","","",40.5878,-105.0429,1524,"jamesii","jamesii","tuberous","wild",NA,"SŠrkinen","",""
NA,5190,NA,5981,"88551","","",34.395,-106.2701,2103,"jamesii","jamesii","tuberous","wild",NA,"SŠrkinen","",""
NA,5191,NA,5982,"88516","","",33.4353,-105.3822,2097,"jamesii","jamesii","tuberous","wild",NA,"SŠrkinen","",""
NA,5192,NA,5983,"91141","","",35.4241,-106.3743,2103,"jamesii","jamesii","tuberous","wild",NA,"SŠrkinen","",""
NA,5193,NA,5984,"89529","","",34.3312,-112.2716,1615,"jamesii","jamesii","tuberous","wild",NA,"SŠrkinen","",""
NA,5194,NA,5985,"91292","","",36.6611,-107.793,1758,"jamesii","jamesii","tuberous","wild",NA,"SŠrkinen","",""
NA,5195,NA,5986,"91056","","",35.1232,-107.4437,2225,"jamesii","jamesii","tuberous","wild",NA,"SŠrkinen","",""
NA,5196,NA,5987,"88526","","",34.0412,-110.3858,1798,"jamesii","jamesii","tuberous","wild",NA,"SŠrkinen","",""
NA,5197,NA,5988,"91277","","",35.4158,-108.1159,2088,"jamesii","jamesii","tuberous","wild",NA,"SŠrkinen","",""
NA,5198,NA,5989,"88515","","",33.4255,-109.1539,0,"jamesii","jamesii","tuberous","wild",NA,"SŠrkinen","",""
NA,5199,NA,5990,"88509","","",32.5435,-107.4815,2195,"jamesii","jamesii","tuberous","wild",NA,"SŠrkinen","",""
NA,5200,NA,5991,"89396","","",31.3414,-105.0901,1646,"jamesii","jamesii","tuberous","wild",NA,"SŠrkinen","",""
NA,5201,NA,5992,"88510","","",32.5707,-105.5047,1859,"jamesii","jamesii","tuberous","wild",NA,"SŠrkinen","",""
NA,5202,NA,5993,"90702","","",37.1612,-107.4833,2316,"jamesii","jamesii","tuberous","wild",NA,"SŠrkinen","",""
NA,5204,NA,5995,"91283","","",35.4835,-108.5107,2012,"jamesii","jamesii","tuberous","wild",NA,"SŠrkinen","",""
NA,5205,NA,5996,"89102","","",33.0235,-109.29,0,"jamesii","jamesii","tuberous","wild",NA,"SŠrkinen","",""
NA,5206,NA,5997,"88531","","",35.4656,-106.164,1829,"jamesii","jamesii","tuberous","wild",NA,"SŠrkinen","",""
NA,5207,NA,5998,"91384","","",36.1128,-111.481,0,"jamesii","jamesii","tuberous","wild",NA,"SŠrkinen","",""
NA,5208,NA,5999,"82582","","",35.3557,-105.1225,1850,"jamesii","jamesii","tuberous","wild",NA,"SŠrkinen","",""
NA,5209,NA,6000,"91261","","",33.5458,-107.0954,2057,"jamesii","jamesii","tuberous","wild",NA,"SŠrkinen","",""
NA,5210,NA,6001,"89066","","",40.1512,-105.5006,1676,"jamesii","jamesii","tuberous","wild",NA,"SŠrkinen","",""
NA,5211,NA,6002,"90681","","",34.3356,-112.031,0,"jamesii","jamesii","tuberous","wild",NA,"SŠrkinen","",""
NA,5212,NA,6003,"91137","","",35.1769,-106.491,0,"jamesii","jamesii","tuberous","wild",NA,"SŠrkinen","",""
NA,5213,NA,6004,"89524","","",35.343,-105.4031,2042,"jamesii","jamesii","tuberous","wild",NA,"SŠrkinen","",""
NA,5214,NA,6005,"91074","","",35.5842,-111.5624,2150,"jamesii","jamesii","tuberous","wild",NA,"SŠrkinen","",""
NA,5215,NA,6006,"88592","","",34.026,-109.273,2530,"jamesii","jamesii","tuberous","wild",NA,"SŠrkinen","",""
NA,5216,NA,6007,"91048","","",34.3352,-108.0033,2230,"jamesii","jamesii","tuberous","wild",NA,"SŠrkinen","",""
NA,5217,NA,6008,"91193","","",30.34492,-108.1383,0,"jamesii","jamesii","tuberous","wild",NA,"SŠrkinen","",""
NA,5218,NA,6009,"91246","","",33.0706,-105.5535,1603,"jamesii","jamesii","tuberous","wild",NA,"SŠrkinen","",""
NA,5219,NA,6010,"91258","","",33.3014,-107.2518,2103,"jamesii","jamesii","tuberous","wild",NA,"SŠrkinen","",""
NA,5220,NA,6011,"90672","","",35.6785,-105.954,0,"jamesii","jamesii","tuberous","wild",NA,"SŠrkinen","",""
NA,5221,NA,6012,"91376","","",33.0759,-106.02,0,"jamesii","jamesii","tuberous","wild",NA,"SŠrkinen","",""
NA,5222,NA,6013,"91240","","",31.3907,-108.2358,0,"jamesii","jamesii","tuberous","wild",NA,"SŠrkinen","",""
NA,5223,NA,6014,"88603","","",34.2922,-110.1618,1981,"jamesii","jamesii","tuberous","wild",NA,"SŠrkinen","",""
NA,5224,NA,6015,"89474","","",33.561,-108.2551,0,"jamesii","jamesii","tuberous","wild",NA,"SŠrkinen","",""
NA,5225,NA,6016,"91404","","",36.2323,-113.0907,1981,"jamesii","jamesii","tuberous","wild",NA,"SŠrkinen","",""
NA,5227,NA,6018,"80109","","",33.405,-105.5501,1603,"jamesii","jamesii","tuberous","wild",NA,"SŠrkinen","",""
NA,5228,NA,6019,"91072","","",35.56,-107.0554,2130,"jamesii","jamesii","tuberous","wild",NA,"SŠrkinen","",""
NA,5229,NA,6020,"90798","","",32.7978,-107.921,0,"jamesii","jamesii","tuberous","wild",NA,"SŠrkinen","",""
NA,5230,NA,6021,"91053","","",34.5657,-107.4954,2120,"jamesii","jamesii","tuberous","wild",NA,"SŠrkinen","",""
NA,5231,NA,6022,"82868","","",31.4351,-110.348,0,"jamesii","jamesii","tuberous","wild",NA,"SŠrkinen","",""
NA,5232,NA,6023,"89531","","",32.4755,-108.0914,0,"jamesii","jamesii","tuberous","wild",NA,"SŠrkinen","",""
NA,5233,NA,6024,"88593","","",34.3004,-110.3826,2012,"jamesii","jamesii","tuberous","wild",NA,"SŠrkinen","",""
NA,5234,NA,6025,"91093","","",37.5905,-109.3104,1920,"jamesii","jamesii","tuberous","wild",NA,"SŠrkinen","",""
NA,5235,NA,6026,"91085","","",37.083,-104.3933,1980,"jamesii","jamesii","tuberous","wild",NA,"SŠrkinen","",""
NA,5236,NA,6027,"91120","","",32.0526,-107.3758,1676,"jamesii","jamesii","tuberous","wild",NA,"SŠrkinen","",""
NA,5237,NA,6028,"91083","","",36.4957,-104.5435,2200,"jamesii","jamesii","tuberous","wild",NA,"SŠrkinen","",""
NA,5238,NA,6029,"89063","","",31.86889,-106.4944,1798,"jamesii","jamesii","tuberous","wild",NA,"SŠrkinen","",""
NA,5239,NA,6030,"91081","","",36.1402,-107.2751,2085,"jamesii","jamesii","tuberous","wild",NA,"SŠrkinen","",""
NA,5240,NA,6031,"89062","","",34.1324,-108.323,0,"jamesii","jamesii","tuberous","wild",NA,"SŠrkinen","",""
NA,5241,NA,6032,"90802","","",34.0436,-107.2706,0,"jamesii","jamesii","tuberous","wild",NA,"SŠrkinen","",""
NA,5242,NA,6033,"91054","","",35.0218,-108.2012,2190,"jamesii","jamesii","tuberous","wild",NA,"SŠrkinen","",""
NA,5243,NA,6034,"90796","","",35.444,-109.419,0,"jamesii","jamesii","tuberous","wild",NA,"SŠrkinen","",""
NA,5244,NA,6035,"91378","","",33.4567,-108.947,0,"jamesii","jamesii","tuberous","wild",NA,"SŠrkinen","",""
NA,5245,NA,6036,"88597","","",34.4132,-110.947,2134,"jamesii","jamesii","tuberous","wild",NA,"SŠrkinen","",""
NA,5246,NA,6037,"89061","","",34.015,-109.0558,0,"jamesii","jamesii","tuberous","wild",NA,"SŠrkinen","",""
NA,5247,NA,6038,"91091","","",37.4641,-111.3768,1780,"jamesii","jamesii","tuberous","wild",NA,"SŠrkinen","",""
NA,5248,NA,6039,"88529","","",34.2004,-110.5644,0,"jamesii","jamesii","tuberous","wild",NA,"SŠrkinen","",""
NA,5249,NA,6040,"90778","","",33.2332,-108.644,1829,"jamesii","jamesii","tuberous","wild",NA,"SŠrkinen","",""
NA,5250,NA,6041,"88910","","",36.3902,-110.2701,1829,"jamesii","jamesii","tuberous","wild",NA,"SŠrkinen","",""
NA,5251,NA,6042,"91260","","",33.5414,-106.1442,1981,"jamesii","jamesii","tuberous","wild",NA,"SŠrkinen","",""
NA,5252,NA,6043,"91276","","",35.1556,-107.2503,2408,"jamesii","jamesii","tuberous","wild",NA,"SŠrkinen","",""
NA,5253,NA,6044,"88686","","",41.8323,-103.4148,0,"jamesii","jamesii","tuberous","wild",NA,"SŠrkinen","",""
NA,5255,NA,6046,"90642","","",32.7829,-108.267,0,"jamesii","jamesii","tuberous","wild",NA,"SŠrkinen","",""
NA,5256,NA,6047,"88874","","",32.2935,-108.3043,0,"jamesii","jamesii","tuberous","wild",NA,"SŠrkinen","",""
NA,5257,NA,6048,"91061","","",35.16,-112.0424,2120,"jamesii","jamesii","tuberous","wild",NA,"SŠrkinen","",""
NA,5258,NA,6049,"89064","","",37.1002,-104.3,0,"jamesii","jamesii","tuberous","wild",NA,"SŠrkinen","",""
NA,5259,NA,6050,"82717","","",33.1617,-108.354,0,"jamesii","jamesii","tuberous","wild",NA,"SŠrkinen","",""
NA,5260,NA,6051,"91070","","",35.4109,-105.5744,2100,"jamesii","jamesii","tuberous","wild",NA,"SŠrkinen","",""
NA,5261,NA,6052,"82580","","",30.5061,-109.94,0,"jamesii","jamesii","tuberous","wild",NA,"SŠrkinen","",""
NA,5262,NA,6053,"91050","","",34.4518,-106.1424,1980,"jamesii","jamesii","tuberous","wild",NA,"SŠrkinen","",""
NA,5263,NA,6054,"88480","","",30.3825,-104.1038,0,"jamesii","jamesii","tuberous","wild",NA,"SŠrkinen","",""
NA,5264,NA,6055,"90781","","",34.0841,-107.5042,2300,"jamesii","jamesii","tuberous","wild",NA,"SŠrkinen","",""
NA,5265,NA,6056,"90633","","",35.1518,-111.3326,2073,"jamesii","jamesii","tuberous","wild",NA,"SŠrkinen","",""
NA,5266,NA,6057,"88500","","",32.051,-109.2239,0,"jamesii","jamesii","tuberous","wild",NA,"SŠrkinen","",""
NA,5267,NA,6058,"90772","","",36.1955,-105.3431,2366,"jamesii","jamesii","tuberous","wild",NA,"SŠrkinen","",""
NA,5268,NA,6059,"90769","","",35.312,-104.5017,1768,"jamesii","jamesii","tuberous","wild",NA,"SŠrkinen","",""
NA,5269,NA,6060,"88496","","",31.5416,-109.1654,0,"jamesii","jamesii","tuberous","wild",NA,"SŠrkinen","",""
NA,5270,NA,6061,"90780","","",37.422,-109.3931,1800,"jamesii","jamesii","tuberous","wild",NA,"SŠrkinen","",""
NA,5271,NA,6062,"88598","","",34.554,-110.264,0,"jamesii","jamesii","tuberous","wild",NA,"SŠrkinen","",""
NA,5272,NA,6063,"91084","","",37.0223,-107.2738,0,"jamesii","jamesii","tuberous","wild",NA,"SŠrkinen","",""
NA,5273,NA,6064,"558089","","",33.894195,-108.379143,NA,"jamesii","jamesii","tuberous","germplasm",24,"SŠrkinen","",""
NA,5274,NA,6065,"651529","","",32.292067,-104.3157,NA,"jamesii","jamesii","tuberous","germplasm",24,"SŠrkinen","",""
NA,5275,NA,6066,"PI 283145","","",32.366667,-106.55,NA,"jamesii","jamesii","tuberous","germplasm",24,"SŠrkinen","",""
NA,5276,NA,6067,"PI 564047","","",31.380556,-110.329444,NA,"jamesii","jamesii","tuberous","germplasm",24,"SŠrkinen","",""
NA,5277,NA,6068,"PI 564048","","",32.483333,-108.516667,NA,"jamesii","jamesii","tuberous","germplasm",24,"SŠrkinen","",""
NA,5278,NA,6069,"PI 564049","","",33.916667,-108.466667,NA,"jamesii","jamesii","tuberous","germplasm",24,"SŠrkinen","",""
NA,5279,NA,6070,"PI 564050","","",33.683333,-108.85,NA,"jamesii","jamesii","tuberous","germplasm",24,"SŠrkinen","",""
NA,5280,NA,6071,"PI 564051","","",34.033333,-109.15,NA,"jamesii","jamesii","tuberous","germplasm",24,"SŠrkinen","",""
NA,5281,NA,6072,"PI 564054","","",34.133333,-108.466667,NA,"jamesii","jamesii","tuberous","germplasm",24,"SŠrkinen","",""
NA,5282,NA,6073,"PI 564055","","",34.216667,-108.55,NA,"jamesii","jamesii","tuberous","germplasm",24,"SŠrkinen","",""
NA,5283,NA,6074,"PI 564056","","",34.1,-107.45,NA,"jamesii","jamesii","tuberous","germplasm",24,"SŠrkinen","",""
NA,5284,NA,6075,"PI 564057","","",32,-109.366667,NA,"jamesii","jamesii","tuberous","germplasm",24,"SŠrkinen","",""
NA,5285,NA,6076,"PI 578237","","",34.383333,-110.566667,NA,"jamesii","jamesii","tuberous","germplasm",24,"SŠrkinen","",""
NA,5286,NA,6077,"PI 578238","","",34.433333,-110.6,NA,"jamesii","jamesii","tuberous","germplasm",24,"SŠrkinen","",""
NA,5287,NA,6078,"PI 585116","","",35.2,-107.733333,NA,"jamesii","jamesii","tuberous","germplasm",24,"SŠrkinen","",""
NA,5290,NA,6081,"PI 585119","","",37.15,-108.516667,NA,"jamesii","jamesii","tuberous","germplasm",24,"SŠrkinen","",""
NA,5291,NA,6082,"PI 592397","","",34.766667,-106.233333,NA,"jamesii","jamesii","tuberous","germplasm",24,"SŠrkinen","",""
NA,5292,NA,6083,"PI 592398","","",34.283333,-105.616667,NA,"jamesii","jamesii","tuberous","germplasm",24,"SŠrkinen","",""
NA,5293,NA,6084,"PI 592399","","",34.133333,-105.716667,NA,"jamesii","jamesii","tuberous","germplasm",24,"SŠrkinen","",""
NA,5296,NA,6087,"PI 592411","","",34.1,-109.233333,NA,"jamesii","jamesii","tuberous","germplasm",24,"SŠrkinen","",""
NA,5297,NA,6088,"PI 592416","","",33.716667,-109.266667,NA,"jamesii","jamesii","tuberous","germplasm",24,"SŠrkinen","",""
NA,5298,NA,6089,"PI 592417","","",33.766667,-108.7,NA,"jamesii","jamesii","tuberous","germplasm",24,"SŠrkinen","",""
NA,5299,NA,6090,"PI 592418","","",33.933333,-108.466667,NA,"jamesii","jamesii","tuberous","germplasm",24,"SŠrkinen","",""
NA,5300,NA,6091,"PI 592419","","",33.933333,-108.65,NA,"jamesii","jamesii","tuberous","germplasm",24,"SŠrkinen","",""
NA,5302,NA,6093,"PI 592422","","",34.733333,-107.966667,NA,"jamesii","jamesii","tuberous","germplasm",24,"SŠrkinen","",""
NA,5303,NA,6094,"PI 592423","","",34.933333,-111.45,NA,"jamesii","jamesii","tuberous","germplasm",24,"SŠrkinen","",""
NA,5304,NA,6095,"PI 595775","","",32.910278,-107.761944,NA,"jamesii","jamesii","tuberous","germplasm",24,"SŠrkinen","",""
NA,5305,NA,6096,"PI 595777","","",32.416667,-106.566667,NA,"jamesii","jamesii","tuberous","germplasm",24,"SŠrkinen","",""
NA,5306,NA,6097,"PI 595778","","",31.878333,-106.494722,NA,"jamesii","jamesii","tuberous","germplasm",24,"SŠrkinen","",""
NA,5307,NA,6098,"PI 595780","","",30.7075,-104.105,NA,"jamesii","jamesii","tuberous","germplasm",24,"SŠrkinen","",""
NA,5308,NA,6099,"PI 595782","","",31.9925,-104.834167,NA,"jamesii","jamesii","tuberous","germplasm",24,"SŠrkinen","",""
NA,5309,NA,6100,"PI 595783","","",35.083333,-105.7,NA,"jamesii","jamesii","tuberous","germplasm",24,"SŠrkinen","",""
NA,5310,NA,6101,"PI 595784","","",35.616667,-105.683333,NA,"jamesii","jamesii","tuberous","germplasm",24,"SŠrkinen","",""
NA,5311,NA,6102,"PI 595786","","",37.133333,-104.666667,NA,"jamesii","jamesii","tuberous","germplasm",24,"SŠrkinen","",""
NA,5312,NA,6103,"PI 603051","","",37.778056,-111.6275,NA,"jamesii","jamesii","tuberous","germplasm",24,"SŠrkinen","",""
NA,5313,NA,6104,"PI 603052","","",37.782222,-111.620278,NA,"jamesii","jamesii","tuberous","germplasm",24,"SŠrkinen","",""
NA,5314,NA,6105,"PI 603055","","",36.026389,-107.869722,NA,"jamesii","jamesii","tuberous","germplasm",24,"SŠrkinen","",""
NA,5315,NA,6106,"PI 603056","","",36.03,-107.906389,NA,"jamesii","jamesii","tuberous","germplasm",24,"SŠrkinen","",""
NA,5316,NA,6107,"PI 603057","","",36.05,-107.930278,NA,"jamesii","jamesii","tuberous","germplasm",24,"SŠrkinen","",""
NA,5317,NA,6108,"PI 605358","","",35.55,-105.687778,NA,"jamesii","jamesii","tuberous","germplasm",24,"SŠrkinen","",""
NA,5318,NA,6109,"PI 605359","","",35.5775,-105.316111,NA,"jamesii","jamesii","tuberous","germplasm",24,"SŠrkinen","",""
NA,5319,NA,6110,"PI 605362","","",35.574444,-105.855,NA,"jamesii","jamesii","tuberous","germplasm",24,"SŠrkinen","",""
NA,5320,NA,6111,"PI 605363","","",35.450278,-105.628056,NA,"jamesii","jamesii","tuberous","germplasm",24,"SŠrkinen","",""
NA,5321,NA,6112,"PI 605366","","",34.949167,-107.831667,NA,"jamesii","jamesii","tuberous","germplasm",24,"SŠrkinen","",""
NA,5322,NA,6113,"PI 605367","","",34.564444,-108.009167,NA,"jamesii","jamesii","tuberous","germplasm",24,"SŠrkinen","",""
NA,5323,NA,6114,"PI 605369","","",34.79,-106.377778,NA,"jamesii","jamesii","tuberous","germplasm",24,"SŠrkinen","",""
NA,5324,NA,6115,"PI 605370","","",36.8325,-104.909722,NA,"jamesii","jamesii","tuberous","germplasm",24,"SŠrkinen","",""
NA,5325,NA,6116,"PI 605371","","",36.152778,-109.435278,NA,"jamesii","jamesii","tuberous","germplasm",24,"SŠrkinen","",""
NA,5326,NA,6117,"PI 605372","","",36.647778,-110.436944,NA,"jamesii","jamesii","tuberous","germplasm",NA,"SŠrkinen","",""
NA,5327,NA,6118,"PI 612450","","",37.145,-108.508611,NA,"jamesii","jamesii","tuberous","germplasm",24,"SŠrkinen","",""
NA,5328,NA,6119,"PI 612451","","",36.026667,-107.873333,NA,"jamesii","jamesii","tuberous","germplasm",24,"SŠrkinen","",""
NA,5329,NA,6120,"PI 612453","","",35.038333,-108.336667,NA,"jamesii","jamesii","tuberous","germplasm",24,"SŠrkinen","",""
NA,5330,NA,6121,"PI 620870","","",30.706111,-104.105556,NA,"jamesii","jamesii","tuberous","germplasm",24,"SŠrkinen","",""
NA,5331,NA,6122,"PI 620872","","",32.798611,-108.153889,NA,"jamesii","jamesii","tuberous","germplasm",24,"SŠrkinen","",""
NA,5332,NA,6123,"PI 620875","","",35.441667,-108.55,NA,"jamesii","jamesii","tuberous","germplasm",24,"SŠrkinen","",""
NA,5333,NA,6124,"PI 632323","","",34.172778,-109.98,NA,"jamesii","jamesii","tuberous","germplasm",24,"SŠrkinen","",""
NA,5335,NA,6126,"PI 632331","","",31.474167,-110.348611,NA,"jamesii","jamesii","tuberous","germplasm",24,"SŠrkinen","",""
NA,5336,NA,6127,"PI 634362","","",35.23,-111.580833,NA,"jamesii","jamesii","tuberous","germplasm",24,"SŠrkinen","",""
NA,5337,NA,6128,"PI 634363","","",36.005833,-111.803889,NA,"jamesii","jamesii","tuberous","germplasm",24,"SŠrkinen","",""
NA,5338,NA,6129,"PI 641941","","",37.776389,-111.577778,NA,"jamesii","jamesii","tuberous","germplasm",24,"SŠrkinen","",""
NA,5339,NA,6130,"PI 641942","","",37.776389,-111.576111,NA,"jamesii","jamesii","tuberous","germplasm",NA,"SŠrkinen","",""
NA,5340,NA,6131,"PI 641943","","",37.776667,-111.577222,NA,"jamesii","jamesii","tuberous","germplasm",NA,"SŠrkinen","",""
NA,5341,NA,6132,"PI 641944","","",37.776667,-111.576667,NA,"jamesii","jamesii","tuberous","germplasm",24,"SŠrkinen","",""
NA,5342,NA,6133,"PI 651529","","",32.096667,-104.766389,NA,"jamesii","jamesii","tuberous","germplasm",NA,"SŠrkinen","",""
NA,5343,NA,6135,"CIP 764232","","",-27.4333,-66.95,NA,"kurtzianum","kurtzianum","tuberous","germplasm",24,"SŠrkinen","",""
NA,5344,NA,6136,"CIP 764233","","",-27.7833,-66.7667,NA,"kurtzianum","kurtzianum","tuberous","germplasm",24,"SŠrkinen","",""
NA,5345,NA,6137,"CIP 764234","","",-27.3503,-66.3722,NA,"kurtzianum","kurtzianum","tuberous","germplasm",24,"SŠrkinen","",""
NA,5346,NA,6138,"80976","","",-27.9166,-66.0666,2500,"kurtzianum","kurtzianum","tuberous","wild",NA,"SŠrkinen","",""
NA,5347,NA,6139,"79732","","",-35,-68.8333,710,"kurtzianum","kurtzianum","tuberous","wild",NA,"SŠrkinen","",""
NA,5348,NA,6140,"78803","","",-28.1666,-67.3833,1800,"kurtzianum","kurtzianum","tuberous","wild",NA,"SŠrkinen","",""
NA,5349,NA,6141,"86911","","",-27.82,-67.17,1200,"kurtzianum","kurtzianum","tuberous","wild",NA,"SŠrkinen","",""
NA,5350,NA,6142,"78834","","",-27.7666,-66.75,1100,"kurtzianum","kurtzianum","tuberous","wild",NA,"SŠrkinen","",""
NA,5351,NA,6143,"86865","","",-29.4166,-67.8333,1600,"kurtzianum","kurtzianum","tuberous","wild",NA,"SŠrkinen","",""
NA,5352,NA,6144,"78829","","",-27.55,-66.5166,1000,"kurtzianum","kurtzianum","tuberous","wild",NA,"SŠrkinen","",""
NA,5353,NA,6145,"84755","","",-28.15,-65.4833,0,"kurtzianum","kurtzianum","tuberous","wild",NA,"SŠrkinen","",""
NA,5354,NA,6146,"81335","","",-30.07,-68.52,2100,"kurtzianum","kurtzianum","tuberous","wild",NA,"SŠrkinen","",""
NA,5355,NA,6147,"79733","","",-35.5166,-68.0833,720,"kurtzianum","kurtzianum","tuberous","wild",NA,"SŠrkinen","",""
NA,5356,NA,6148,"79815","","",-32.85,-69.0166,0,"kurtzianum","kurtzianum","tuberous","wild",NA,"SŠrkinen","",""
NA,5357,NA,6149,"83114","","",-33.1833,-68.4666,0,"kurtzianum","kurtzianum","tuberous","wild",NA,"SŠrkinen","",""
NA,5358,NA,6150,"86015","","",-29.5166,-67.75,1300,"kurtzianum","kurtzianum","tuberous","wild",NA,"SŠrkinen","",""
NA,5359,NA,6151,"83732","","",-25.08,-66.14,2500,"kurtzianum","kurtzianum","tuberous","wild",NA,"SŠrkinen","",""
NA,5360,NA,6152,"79084","","",-30.9166,-69.0833,2000,"kurtzianum","kurtzianum","tuberous","wild",NA,"SŠrkinen","",""
NA,5361,NA,6153,"79767","","",-28.85,-67.35,1600,"kurtzianum","kurtzianum","tuberous","wild",NA,"SŠrkinen","",""
NA,5362,NA,6154,"88153","","",-34.8,-69.9833,660,"kurtzianum","kurtzianum","tuberous","wild",NA,"SŠrkinen","",""
NA,5363,NA,6155,"79784","","",-32.85,-68.8167,0,"kurtzianum","kurtzianum","tuberous","wild",NA,"SŠrkinen","",""
NA,5364,NA,6156,"79823","","",-33.8833,-69.05,0,"kurtzianum","kurtzianum","tuberous","wild",NA,"SŠrkinen","",""
NA,5365,NA,6157,"83346","","",-32.1666,-68.4666,2050,"kurtzianum","kurtzianum","tuberous","wild",NA,"SŠrkinen","",""
NA,5366,NA,6158,"84985","","",-27.4666,-66.0333,1520,"kurtzianum","kurtzianum","tuberous","wild",NA,"SŠrkinen","",""
NA,5367,NA,6159,"83705","","",-27.48063,-67.15577,3000,"kurtzianum","kurtzianum","tuberous","wild",NA,"SŠrkinen","",""
NA,5368,NA,6160,"79351","","",-34.6666,-68.3833,0,"kurtzianum","kurtzianum","tuberous","wild",NA,"SŠrkinen","",""
NA,5369,NA,6161,"165008","","",-31.11789,-69.6611,1950,"kurtzianum","kurtzianum","tuberous","wild",NA,"SŠrkinen","",""
NA,5370,NA,6162,"79688","","",-25.7666,-65.9833,1148,"kurtzianum","kurtzianum","tuberous","wild",NA,"SŠrkinen","",""
NA,5371,NA,6163,"78940","","",-29.3166,-67.6833,1880,"kurtzianum","kurtzianum","tuberous","wild",NA,"SŠrkinen","",""
NA,5372,NA,6164,"83664","","",-28.6166,-67.8166,2600,"kurtzianum","kurtzianum","tuberous","wild",NA,"SŠrkinen","",""
NA,5373,NA,6165,"78838","","",-27.35,-67,1250,"kurtzianum","kurtzianum","tuberous","wild",NA,"SŠrkinen","",""
NA,5374,NA,6166,"80989","","",-28.7,-69.1333,0,"kurtzianum","kurtzianum","tuberous","wild",NA,"SŠrkinen","",""
NA,5375,NA,6167,"86909","","",-27.9,-67.48,1620,"kurtzianum","kurtzianum","tuberous","wild",NA,"SŠrkinen","",""
NA,5377,NA,6169,"85905","","",-30.28333,-69.71667,2800,"kurtzianum","kurtzianum","tuberous","wild",NA,"SŠrkinen","",""
NA,5378,NA,6170,"78806","","",-27.62,-66.17,1580,"kurtzianum","kurtzianum","tuberous","wild",NA,"SŠrkinen","",""
NA,5379,NA,6171,"81151","","",-28.9833,-67.6,1650,"kurtzianum","kurtzianum","tuberous","wild",NA,"SŠrkinen","",""
NA,5380,NA,6172,"83999","","",-31.4166,-67.9833,2600,"kurtzianum","kurtzianum","tuberous","wild",NA,"SŠrkinen","",""
NA,5381,NA,6173,"83955","","",-35.47637,-69.586,0,"kurtzianum","kurtzianum","tuberous","wild",NA,"SŠrkinen","",""
NA,5382,NA,6174,"86668","","",-29.15,-67.39,1800,"kurtzianum","kurtzianum","tuberous","wild",NA,"SŠrkinen","",""
NA,5383,NA,6175,"78813","","",-27.35,-66.4,2500,"kurtzianum","kurtzianum","tuberous","wild",NA,"SŠrkinen","",""
NA,5384,NA,6176,"86869","","",-29.42,-68,1300,"kurtzianum","kurtzianum","tuberous","wild",NA,"SŠrkinen","",""
NA,5385,NA,6177,"78721","","",-29.2833,-66.8833,1000,"kurtzianum","kurtzianum","tuberous","wild",NA,"SŠrkinen","",""
NA,5386,NA,6178,"84495","","",-28.88,-66.4,640,"kurtzianum","kurtzianum","tuberous","wild",NA,"SŠrkinen","",""
NA,5387,NA,6179,"85701","","",-25.9166,-66.4,1132,"kurtzianum","kurtzianum","tuberous","wild",NA,"SŠrkinen","",""
NA,5388,NA,6180,"85907","","",-30.17,-69.43,2800,"kurtzianum","kurtzianum","tuberous","wild",NA,"SŠrkinen","",""
NA,5389,NA,6181,"165007","","",-30.11789,-68.6611,1970,"kurtzianum","kurtzianum","tuberous","wild",NA,"SŠrkinen","",""
NA,5390,NA,6182,"72927","","",-32.52586,-69.01158,1765,"kurtzianum","kurtzianum","tuberous","wild",NA,"SŠrkinen","",""
NA,5391,NA,6183,"88208","","",-31.79779,-69.36881,0,"kurtzianum","kurtzianum","tuberous","wild",NA,"SŠrkinen","",""
NA,5392,NA,6184,"83998","","",-33.5166,-69.2666,0,"kurtzianum","kurtzianum","tuberous","wild",NA,"SŠrkinen","",""
NA,5393,NA,6185,"81152","","",-29.1666,-67.5,1730,"kurtzianum","kurtzianum","tuberous","wild",NA,"SŠrkinen","",""
NA,5394,NA,6186,"67324","","",-27.53186,-67.06775,1697,"kurtzianum","kurtzianum","tuberous","wild",NA,"SŠrkinen","",""
NA,5395,NA,6187,"83294","","",-32.7833,-69.1666,0,"kurtzianum","kurtzianum","tuberous","wild",NA,"SŠrkinen","",""
NA,5396,NA,6188,"81001","","",-33.0166,-69.1166,1400,"kurtzianum","kurtzianum","tuberous","wild",NA,"SŠrkinen","",""
NA,5397,NA,6189,"78719","","",-29.0166,-66.05,500,"kurtzianum","kurtzianum","tuberous","wild",NA,"SŠrkinen","",""
NA,5398,NA,6190,"80319","","",-33.9333,-69.1833,1200,"kurtzianum","kurtzianum","tuberous","wild",NA,"SŠrkinen","",""
NA,5399,NA,6191,"86643","","",-32.25,-68.57,1660,"kurtzianum","kurtzianum","tuberous","wild",NA,"SŠrkinen","",""
NA,5400,NA,6192,"78842","","",-27.3333,-66.9,1600,"kurtzianum","kurtzianum","tuberous","wild",NA,"SŠrkinen","",""
NA,5401,NA,6193,"80534","","",-28.5666,-67.6166,1600,"kurtzianum","kurtzianum","tuberous","wild",NA,"SŠrkinen","",""
NA,5402,NA,6194,"86901","","",-28.5833,-67.2833,1500,"kurtzianum","kurtzianum","tuberous","wild",NA,"SŠrkinen","",""
NA,5403,NA,6195,"83988","","",-30.2425,-68.7458,1200,"kurtzianum","kurtzianum","tuberous","wild",NA,"SŠrkinen","",""
NA,5404,NA,6196,"83992","","",-32.4833,-68.9,0,"kurtzianum","kurtzianum","tuberous","wild",NA,"SŠrkinen","",""
NA,5405,NA,6197,"83353","","",-33.2166,-68.8833,0,"kurtzianum","kurtzianum","tuberous","wild",NA,"SŠrkinen","",""
NA,5406,NA,6198,"83058","","",-29.4,-67.1333,1650,"kurtzianum","kurtzianum","tuberous","wild",NA,"SŠrkinen","",""
NA,5407,NA,6199,"78540","","",-29.4,-66.9666,800,"kurtzianum","kurtzianum","tuberous","wild",NA,"SŠrkinen","",""
NA,5408,NA,6200,"78720","","",-29.1666,-66.65,640,"kurtzianum","kurtzianum","tuberous","wild",NA,"SŠrkinen","",""
NA,5409,NA,6201,"78541","","",-29.14,-66.51,1500,"kurtzianum","kurtzianum","tuberous","wild",NA,"SŠrkinen","",""
NA,5410,NA,6202,"81164","","",-29.05,-67.7,0,"kurtzianum","kurtzianum","tuberous","wild",NA,"SŠrkinen","",""
NA,5411,NA,6203,"78533","","",-27.6,-66.3166,2100,"kurtzianum","kurtzianum","tuberous","wild",NA,"SŠrkinen","",""
NA,5412,NA,6204,"83401","","",-28.1833,-66.2333,1600,"kurtzianum","kurtzianum","tuberous","wild",NA,"SŠrkinen","",""
NA,5413,NA,6205,"78729","","",-28.43,-66.24,1100,"kurtzianum","kurtzianum","tuberous","wild",NA,"SŠrkinen","",""
NA,5414,NA,6206,"85279","","",-33.3666,-69.1333,0,"kurtzianum","kurtzianum","tuberous","wild",NA,"SŠrkinen","",""
NA,5415,NA,6207,"81027","","",-31.9833,-68.7333,1400,"kurtzianum","kurtzianum","tuberous","wild",NA,"SŠrkinen","",""
NA,5416,NA,6208,"83931","","",-25.5666,-66.2333,1500,"kurtzianum","kurtzianum","tuberous","wild",NA,"SŠrkinen","",""
NA,5417,NA,6209,"78548","","",-29.5166,-65.8166,700,"kurtzianum","kurtzianum","tuberous","wild",NA,"SŠrkinen","",""
NA,5418,NA,6210,"81250","","",-31.9833,-69.15,0,"kurtzianum","kurtzianum","tuberous","wild",NA,"SŠrkinen","",""
NA,5419,NA,6211,"84565","","",-28.0666,-67.5666,1500,"kurtzianum","kurtzianum","tuberous","wild",NA,"SŠrkinen","",""
NA,5420,NA,6212,"83810","","",-27.7166,-66.0166,0,"kurtzianum","kurtzianum","tuberous","wild",NA,"SŠrkinen","",""
NA,5421,NA,6213,"86908","","",-27.55,-67.25,1620,"kurtzianum","kurtzianum","tuberous","wild",NA,"SŠrkinen","",""
NA,5422,NA,6214,"83929","","",-32.35,-68.3,1300,"kurtzianum","kurtzianum","tuberous","wild",NA,"SŠrkinen","",""
NA,5423,NA,6215,"85899","","",-28.29,-65.37,1220,"kurtzianum","kurtzianum","tuberous","wild",NA,"SŠrkinen","",""
NA,5424,NA,6216,"79083","","",-30.4,-69.5166,2700,"kurtzianum","kurtzianum","tuberous","wild",NA,"SŠrkinen","",""
NA,5425,NA,6217,"83975","","",-34.9666,-67.7,0,"kurtzianum","kurtzianum","tuberous","wild",NA,"SŠrkinen","",""
NA,5426,NA,6218,"472925","","",-34.772873,-68.540752,NA,"kurtzianum","kurtzianum","tuberous","germplasm",24,"SŠrkinen","",""
NA,5428,NA,6220,"473418","","",-32.868161,-68.867583,NA,"kurtzianum","kurtzianum","tuberous","germplasm",24,"SŠrkinen","",""
NA,5429,NA,6221,"558196","","",-32.535601,-69.01667,NA,"kurtzianum","kurtzianum","tuberous","germplasm",NA,"SŠrkinen","",""
NA,5430,NA,6222,"558197","","",-32.633892,-69.01667,NA,"kurtzianum","kurtzianum","tuberous","germplasm",NA,"SŠrkinen","",""
NA,5431,NA,6223,"566774","","",-30.504448,-68.638611,NA,"kurtzianum","kurtzianum","tuberous","germplasm",24,"SŠrkinen","",""
NA,5432,NA,6224,"566794","","",-26.96394,-66.894867,NA,"kurtzianum","kurtzianum","tuberous","germplasm",24,"SŠrkinen","",""
NA,5433,NA,6225,"PI 320271","","",-28.166667,-65.5,NA,"kurtzianum","kurtzianum","tuberous","germplasm",24,"SŠrkinen","",""
NA,5434,NA,6226,"PI 320296","","",-29.2,-67.633333,NA,"kurtzianum","kurtzianum","tuberous","germplasm",24,"SŠrkinen","",""
NA,5435,NA,6227,"PI 442678","","",-30.283333,-69.716667,NA,"kurtzianum","kurtzianum","tuberous","germplasm",24,"SŠrkinen","",""
NA,5436,NA,6228,"PI 442681","","",-27.716667,-66.7,NA,"kurtzianum","kurtzianum","tuberous","germplasm",24,"SŠrkinen","",""
NA,5437,NA,6229,"PI 472923","","",-30.3,-69.733333,NA,"kurtzianum","kurtzianum","tuberous","germplasm",24,"SŠrkinen","",""
NA,5438,NA,6230,"PI 472927","","",-29.183333,-67.633333,NA,"kurtzianum","kurtzianum","tuberous","germplasm",24,"SŠrkinen","",""
NA,5439,NA,6231,"PI 472928","","",-27.4,-66.933333,NA,"kurtzianum","kurtzianum","tuberous","germplasm",24,"SŠrkinen","",""
NA,5440,NA,6232,"PI 472946","","",-29.4,-67.833333,NA,"kurtzianum","kurtzianum","tuberous","germplasm",24,"SŠrkinen","",""
NA,5441,NA,6233,"PI 472951","","",-29.133333,-67.55,NA,"kurtzianum","kurtzianum","tuberous","germplasm",24,"SŠrkinen","",""
NA,5442,NA,6234,"PI 472953","","",-27.9,-67.366667,NA,"kurtzianum","kurtzianum","tuberous","germplasm",24,"SŠrkinen","",""
NA,5443,NA,6235,"PI 472955","","",-27.916667,-67.4,NA,"kurtzianum","kurtzianum","tuberous","germplasm",24,"SŠrkinen","",""
NA,5444,NA,6236,"PI 472956","","",-27.9,-67.483333,NA,"kurtzianum","kurtzianum","tuberous","germplasm",24,"SŠrkinen","",""
NA,5446,NA,6238,"PI 498420","","",-33.366667,-69.133333,NA,"kurtzianum","kurtzianum","tuberous","germplasm",24,"SŠrkinen","",""
NA,5448,NA,6240,"PI 498422","","",-32.583333,-68.966667,NA,"kurtzianum","kurtzianum","tuberous","germplasm",24,"SŠrkinen","",""
NA,5449,NA,6241,"PI 566772","","",-30.75,-69.033333,NA,"kurtzianum","kurtzianum","tuberous","germplasm",24,"SŠrkinen","",""
NA,5450,NA,6242,"CIP 763644","","",-10.6639,-75.2133,2500,"laxissimum","laxissimum","tuberous","germplasm",24,"SŠrkinen","",""
NA,5451,NA,6243,"CIP 761028","","",-11.5103,-74.8208,2376,"laxissimum","laxissimum","tuberous","germplasm",24,"SŠrkinen","",""
NA,5452,NA,6244,"CIP 761533","","",-12.9103,-74.0214,3000,"laxissimum","laxissimum","tuberous","germplasm",24,"SŠrkinen","",""
NA,5453,NA,6245,"CIP 762848","","",-13.1794,-72.5417,2836,"laxissimum","laxissimum","tuberous","germplasm",24,"SŠrkinen","",""
NA,5454,NA,6246,"CIP 762857","","",-13.0556,-72.4789,2380,"laxissimum","laxissimum","tuberous","germplasm",24,"SŠrkinen","",""
NA,5455,NA,6247,"CIP 765894","","",-13.0656,-72.4048,2451,"laxissimum","laxissimum","tuberous","germplasm",NA,"SŠrkinen","",""
NA,5456,NA,6248,"CIP 760350","","",-13.16,-71.5933,2522,"laxissimum","laxissimum","tuberous","germplasm",24,"SŠrkinen","",""
NA,5458,NA,6250,"CIP 761685","","",-12.1061,-72.9206,2800,"laxissimum","laxissimum","tuberous","germplasm",24,"SŠrkinen","",""
NA,5459,NA,6251,"CIP 765895","","",-12.9857,-72.5522,1845,"laxissimum","laxissimum","tuberous","germplasm",NA,"SŠrkinen","",""
NA,5461,NA,6253,"CIP 763297","","",-13.1908,-72.5389,2607,"laxissimum","laxissimum","tuberous","germplasm",NA,"SŠrkinen","",""
NA,5462,NA,6254,"53739","","",-10.65983,-75.32217,2300,"laxissimum","laxissimum","tuberous","wild",NA,"SŠrkinen","",""
NA,5463,NA,6255,"71699","","",-11.3335,-73.3828,2090,"laxissimum","laxissimum","tuberous","wild",NA,"SŠrkinen","",""
NA,5464,NA,6256,"81577","","",-14.2,-71.35,1200,"laxissimum","laxissimum","tuberous","wild",NA,"SŠrkinen","",""
NA,5465,NA,6257,"94597","","",-9.25,-76.5,2000,"laxissimum","laxissimum","tuberous","wild",NA,"SŠrkinen","",""
NA,5466,NA,6258,"93477","","",-13.93333,-74.66667,3000,"laxissimum","laxissimum","tuberous","wild",NA,"SŠrkinen","",""
NA,5467,NA,6259,"92383","","",-13.15,-71.51667,2900,"laxissimum","laxissimum","tuberous","wild",NA,"SŠrkinen","",""
NA,5469,NA,6261,"71697","","",-10.31,-75.2,2610,"laxissimum","laxissimum","tuberous","wild",NA,"SŠrkinen","",""
NA,5470,NA,6262,"75274","","",-10.287,-75.5175,1790,"laxissimum","laxissimum","tuberous","wild",NA,"SŠrkinen","",""
NA,5471,NA,6263,"95325","","",-12.43333,-73.06667,2500,"laxissimum","laxissimum","tuberous","wild",NA,"SŠrkinen","",""
NA,5472,NA,6264,"94493","","",-10.75,-75.51667,2600,"laxissimum","laxissimum","tuberous","wild",NA,"SŠrkinen","",""
NA,5473,NA,6265,"71695","","",-9.728328,-76.09157,2700,"laxissimum","laxissimum","tuberous","wild",NA,"SŠrkinen","",""
NA,5474,NA,6266,"82371","","",-13.25,-72.3333,3000,"laxissimum","laxissimum","tuberous","wild",NA,"SŠrkinen","",""
NA,5475,NA,6267,"75284","","",-11.173,-74.65533,1200,"laxissimum","laxissimum","tuberous","wild",NA,"SŠrkinen","",""
NA,5476,NA,6268,"81653","","",-9.36667,-75.8833,2600,"laxissimum","laxissimum","tuberous","wild",NA,"SŠrkinen","",""
NA,5477,NA,6269,"81734","","",-11.3833,-75.4,3380,"laxissimum","laxissimum","tuberous","wild",NA,"SŠrkinen","",""
NA,5479,NA,6271,"93549","","",-13.16667,-71.41667,2600,"laxissimum","laxissimum","tuberous","wild",NA,"SŠrkinen","",""
NA,5480,NA,6272,"94492","","",-14.21667,-72.08333,3000,"laxissimum","laxissimum","tuberous","wild",NA,"SŠrkinen","",""
NA,5481,NA,6273,"91744","","",-13.16667,-72.5,2600,"laxissimum","laxissimum","tuberous","wild",NA,"SŠrkinen","",""
NA,5482,NA,6274,"92374","","",-11.05,-75.3,1700,"laxissimum","laxissimum","tuberous","wild",NA,"SŠrkinen","",""
NA,5483,NA,6275,"92812","","",-12.81667,-72.73333,2800,"laxissimum","laxissimum","tuberous","wild",NA,"SŠrkinen","",""
NA,5484,NA,6276,"81941","","",-12.9167,-73.8333,3200,"laxissimum","laxissimum","tuberous","wild",NA,"SŠrkinen","",""
NA,5485,NA,6277,"92573","","",-9.9167,-76.2333,3000,"laxissimum","laxissimum","tuberous","wild",NA,"SŠrkinen","",""
NA,5486,NA,6278,"PI 195168","","",-13.333333,-71.5,NA,"laxissimum","laxissimum","tuberous","germplasm",24,"SŠrkinen","",""
NA,5487,NA,6279,"PI 473372","","",-13.133333,-71.416667,NA,"laxissimum","laxissimum","tuberous","germplasm",24,"SŠrkinen","",""
NA,5488,NA,6280,"CIP 764265","","",17.55,-97.4333,NA,"lesteri","lesteri","tuberous","germplasm",24,"SŠrkinen","",""
NA,5489,NA,6281,"CIP 764363","","",16.2833,-96.55,NA,"lesteri","lesteri","tuberous","germplasm",24,"SŠrkinen","",""
NA,5490,NA,6282,"CIP 764266","","",16.2167,-96.5333,NA,"lesteri","lesteri","tuberous","germplasm",24,"SŠrkinen","",""
NA,5491,NA,6283,"91473","","",16.3103,-96.5769,2300,"lesteri","lesteri","tuberous","wild",NA,"SŠrkinen","",""
NA,5492,NA,6284,"90005","","",16.13,-96.32,2390,"lesteri","lesteri","tuberous","wild",NA,"SŠrkinen","",""
NA,5493,NA,6285,"90010","","",17.33,-97.26,2250,"lesteri","lesteri","tuberous","wild",NA,"SŠrkinen","",""
NA,5494,NA,6286,"89905","","",17.3249,-97.2546,2185,"lesteri","lesteri","tuberous","wild",NA,"SŠrkinen","",""
NA,5495,NA,6287,"90730","","",17.43,-97.1,2100,"lesteri","lesteri","tuberous","wild",NA,"SŠrkinen","",""
NA,5496,NA,6288,"PI 442694","","",16.283333,-96.55,NA,"lesteri","lesteri","tuberous","germplasm",24,"SŠrkinen","",""
NA,5497,NA,6289,"CIP 761236","","",-13.1761,-72.5511,2123,"lignicaule","lignicaule","tuberous","germplasm",24,"SŠrkinen","",""
NA,5498,NA,6290,"CIP 764273","","",-13.3128,-72.1103,NA,"lignicaule","lignicaule","tuberous","germplasm",24,"SŠrkinen","",""
NA,5499,NA,6291,"CIP 761652","","",-13.6786,-71.9386,3177,"lignicaule","lignicaule","tuberous","germplasm",24,"SŠrkinen","",""
NA,5500,NA,6292,"CIP 760353","","",-13.4208,-71.8511,2966,"lignicaule","lignicaule","tuberous","germplasm",24,"SŠrkinen","",""
NA,5501,NA,6293,"CIP 762830","","",-13.4081,-71.8461,3580,"lignicaule","lignicaule","tuberous","germplasm",24,"SŠrkinen","",""
NA,5502,NA,6294,"CIP 762842","","",-13.8244,-71.8281,2873,"lignicaule","lignicaule","tuberous","germplasm",24,"SŠrkinen","",""
NA,5503,NA,6295,"CIP 761210","","",-13.415,-71.8178,3390,"lignicaule","lignicaule","tuberous","germplasm",24,"SŠrkinen","",""
NA,5505,NA,6297,"CIP 766001","","",-13.894,-71.8123,NA,"lignicaule","lignicaule","tuberous","germplasm",NA,"SŠrkinen","",""
NA,5506,NA,6298,"92267","","",-13.51833,-71.97806,0,"lignicaule","lignicaule","tuberous","wild",NA,"SŠrkinen","",""
NA,5507,NA,6299,"77864","","",-13.3143,-72.1202,3200,"lignicaule","lignicaule","tuberous","wild",NA,"SŠrkinen","",""
NA,5508,NA,6300,"91534","","",-13.85,-71.8,2800,"lignicaule","lignicaule","tuberous","wild",NA,"SŠrkinen","",""
NA,5509,NA,6301,"82566","","",-13,-72.1667,3260,"lignicaule","lignicaule","tuberous","wild",NA,"SŠrkinen","",""
NA,5510,NA,6302,"70849","","",-13.41683,-71.85358,3100,"lignicaule","lignicaule","tuberous","wild",NA,"SŠrkinen","",""
NA,5511,NA,6303,"PI 275273","","",-13.433333,-71.85,NA,"lignicaule","lignicaule","tuberous","germplasm",24,"SŠrkinen","",""
NA,5512,NA,6304,"PI 310993","","",-13.5,-71.666667,NA,"lignicaule","lignicaule","tuberous","germplasm",24,"SŠrkinen","",""
NA,5514,NA,6306,"PI 498253","","",-13.333333,-71.95,NA,"lignicaule","lignicaule","tuberous","germplasm",24,"SŠrkinen","",""
NA,5517,NA,6334,"CIP 763964","","",10.1839,-84.2358,2573,"longiconicum","longiconicum","tuberous","germplasm",48,"SŠrkinen","",""
NA,5519,NA,6335,"CIP 763966","","",10.1317,-84.1225,2675,"longiconicum","longiconicum","tuberous","germplasm",48,"SŠrkinen","",""
NA,5521,NA,6336,"CIP 764002","","",9.9828,-83.8983,NA,"longiconicum","longiconicum","tuberous","germplasm",48,"SŠrkinen","",""
NA,5523,NA,6337,"CIP 763968","","",9.6953,-83.8906,2555,"longiconicum","longiconicum","tuberous","germplasm",48,"SŠrkinen","",""
NA,5525,NA,6338,"CIP 763999","","",9.9989,-83.7639,NA,"longiconicum","longiconicum","tuberous","germplasm",48,"SŠrkinen","",""
NA,5527,NA,6339,"CIP 763965","","",9.6883,-83.7586,1695,"longiconicum","longiconicum","tuberous","germplasm",48,"SŠrkinen","",""
NA,5529,NA,6340,"CIP 763988","","",9.8186,-83.6817,2770,"longiconicum","longiconicum","tuberous","germplasm",48,"SŠrkinen","",""
NA,5531,NA,6341,"CIP 763031","","",8.8167,-82.3833,1977,"longiconicum","longiconicum","tuberous","germplasm",48,"SŠrkinen","",""
NA,5533,NA,6342,"89028","","",8.5514,-82.4246,2445,"longiconicum","longiconicum","tuberous","wild",NA,"SŠrkinen","",""
NA,5535,NA,6343,"8499","","",8.922222,-82.71222,2470,"longiconicum","longiconicum","tuberous","wild",NA,"SŠrkinen","",""
NA,5537,NA,6344,"16152","","",10.13333,-84.11667,2600,"longiconicum","longiconicum","tuberous","wild",NA,"SŠrkinen","",""
NA,5539,NA,6345,"15021","","",9.10975,-82.86913,3200,"longiconicum","longiconicum","tuberous","wild",NA,"SŠrkinen","",""
NA,5541,NA,6346,"89027","","",8.49,-82.23,2000,"longiconicum","longiconicum","tuberous","wild",NA,"SŠrkinen","",""
NA,5543,NA,6347,"77871","","",10.1833,-84.2166,2135,"longiconicum","longiconicum","tuberous","wild",NA,"SŠrkinen","",""
NA,5545,NA,6348,"89862","","",9.2822,-83.3432,1700,"longiconicum","longiconicum","tuberous","wild",NA,"SŠrkinen","",""
NA,5547,NA,6349,"8518","","",9.6625,-83.81944,2700,"longiconicum","longiconicum","tuberous","wild",NA,"SŠrkinen","",""
NA,5549,NA,6350,"82645","","",10.003,-83.059,1400,"longiconicum","longiconicum","tuberous","wild",NA,"SŠrkinen","",""
NA,5551,NA,6351,"18021","","",9.541111,-83.58444,2600,"longiconicum","longiconicum","tuberous","wild",NA,"SŠrkinen","",""
NA,5553,NA,6352,"40989","","",9.05641,-82.52369,3000,"longiconicum","longiconicum","tuberous","wild",NA,"SŠrkinen","",""
NA,5555,NA,6353,"90645","","",10.2,-84.5,1200,"longiconicum","longiconicum","tuberous","wild",NA,"SŠrkinen","",""
NA,5557,NA,6354,"16149","","",9.556111,-83.67556,2700,"longiconicum","longiconicum","tuberous","wild",NA,"SŠrkinen","",""
NA,5561,NA,6356,"18019","","",9.116667,-82.96667,2450,"longiconicum","longiconicum","tuberous","wild",NA,"SŠrkinen","",""
NA,5563,NA,6357,"77895","","",9.69965,-83.9452,2700,"longiconicum","longiconicum","tuberous","wild",NA,"SŠrkinen","",""
NA,5565,NA,6358,"48530","","",9.2345,-83.0925,2300,"longiconicum","longiconicum","tuberous","wild",NA,"SŠrkinen","",""
NA,5567,NA,6359,"54908","","",9.43,-83.47,1500,"longiconicum","longiconicum","tuberous","wild",NA,"SŠrkinen","",""
NA,5569,NA,6360,"PI 208780","","",9.466667,-84.216667,NA,"longiconicum","longiconicum","tuberous","germplasm",48,"SŠrkinen","",""
NA,5571,NA,6361,"PI 604087","","",9.67,-83.863333,NA,"longiconicum","longiconicum","tuberous","germplasm",NA,"SŠrkinen","",""
NA,5573,NA,6362,"PI 604088","","",9.631667,-83.84,NA,"longiconicum","longiconicum","tuberous","germplasm",48,"SŠrkinen","",""
NA,5575,NA,6363,"PI 604089","","",9.606667,-83.763333,NA,"longiconicum","longiconicum","tuberous","germplasm",NA,"SŠrkinen","",""
NA,5577,NA,6384,"RN2P1","","",-32.639333,-58.149036,NA,"malmeanum","malmeanum","tuberous","wild",NA,"SŠrkinen","",""
NA,5579,NA,6386,"RN5P2","","",-33.098417,-58.091111,NA,"malmeanum","malmeanum","tuberous","wild",NA,"SŠrkinen","",""
NA,5581,NA,6388,"RN3P1","","",-32.604833,-58.085561,NA,"malmeanum","malmeanum","tuberous","wild",NA,"SŠrkinen","",""
NA,5583,NA,6390,"P3P2","","",-32.432269,-58.085197,NA,"malmeanum","malmeanum","tuberous","wild",NA,"SŠrkinen","",""
NA,5585,NA,6392,"P3P1","","",-32.432267,-58.085194,NA,"malmeanum","malmeanum","tuberous","wild",NA,"SŠrkinen","",""
NA,5587,NA,6394,"S44P1","","",-31.482462,-58.075416,NA,"malmeanum","malmeanum","tuberous","wild",NA,"SŠrkinen","",""
NA,5588,NA,6395,"P4P1","","",-32.29937,-58.049174,NA,"malmeanum","malmeanum","tuberous","wild",NA,"SŠrkinen","",""
NA,5590,NA,6397,"RN9P1","","",-33.239583,-58.037194,NA,"malmeanum","malmeanum","tuberous","wild",NA,"SŠrkinen","",""
NA,5594,NA,6401,"S1P19","","",-31.458267,-58.019917,NA,"malmeanum","malmeanum","tuberous","wild",NA,"SŠrkinen","",""
NA,5596,NA,6403,"S1P12","","",-31.456,-58.019667,NA,"malmeanum","malmeanum","tuberous","wild",NA,"SŠrkinen","",""
NA,5598,NA,6405,"S36P1","","",-31.445969,-58.009636,NA,"malmeanum","malmeanum","tuberous","wild",NA,"SŠrkinen","",""
NA,5600,NA,6407,"S35P1","","",-31.415842,-58.00475,NA,"malmeanum","malmeanum","tuberous","wild",NA,"SŠrkinen","",""
NA,5602,NA,6409,"RN4P1","","",-32.705194,-57.989139,NA,"malmeanum","malmeanum","tuberous","wild",NA,"SŠrkinen","",""
NA,5604,NA,6411,"S38P1","","",-31.272806,-57.906389,NA,"malmeanum","malmeanum","tuberous","wild",NA,"SŠrkinen","",""
NA,5606,NA,6413,"S3P4","","",-31.271,-57.892483,NA,"malmeanum","malmeanum","tuberous","wild",NA,"SŠrkinen","",""
NA,5608,NA,6415,"S3P3","","",-31.271117,-57.89235,NA,"malmeanum","malmeanum","tuberous","wild",NA,"SŠrkinen","",""
NA,5610,NA,6417,"S3P2","","",-31.271167,-57.892233,NA,"malmeanum","malmeanum","tuberous","wild",NA,"SŠrkinen","",""
NA,5612,NA,6419,"S1P1","","",-31.257977,-57.874814,NA,"malmeanum","malmeanum","tuberous","wild",NA,"SŠrkinen","",""
NA,5613,NA,6420,"S39P1","","",-31.295944,-57.866806,NA,"malmeanum","malmeanum","tuberous","wild",NA,"SŠrkinen","",""
NA,5615,NA,6422,"S43P1","","",-31.065222,-57.859139,NA,"malmeanum","malmeanum","tuberous","wild",NA,"SŠrkinen","",""
NA,5618,NA,6425,"S40P1","","",-30.789833,-57.782694,NA,"malmeanum","malmeanum","tuberous","wild",NA,"SŠrkinen","",""
NA,5619,NA,6426,"S32P1","","",-31.396278,-57.760972,NA,"malmeanum","malmeanum","tuberous","wild",NA,"SŠrkinen","",""
NA,5623,NA,6430,"S31P1","","",-31.385506,-57.714458,NA,"malmeanum","malmeanum","tuberous","wild",NA,"SŠrkinen","",""
NA,5625,NA,6432,"S30P1","","",-31.380894,-57.713353,NA,"malmeanum","malmeanum","tuberous","wild",NA,"SŠrkinen","",""
NA,5626,NA,6433,"A12P1","","",-30.66575,-57.686861,NA,"malmeanum","malmeanum","tuberous","wild",NA,"SŠrkinen","",""
NA,5628,NA,6435,"A11P1","","",-30.477861,-57.653583,NA,"malmeanum","malmeanum","tuberous","wild",NA,"SŠrkinen","",""
NA,5630,NA,6437,"A9P2","","",-30.292389,-57.614889,NA,"malmeanum","malmeanum","tuberous","wild",NA,"SŠrkinen","",""
NA,5632,NA,6439,"S42P1","","",-30.889889,-57.595111,NA,"malmeanum","malmeanum","tuberous","wild",NA,"SŠrkinen","",""
NA,5634,NA,6441,"A10P1","","",-30.302033,-57.580931,NA,"malmeanum","malmeanum","tuberous","wild",NA,"SŠrkinen","",""
NA,5636,NA,6443,"A10P2","","",-30.302153,-57.578978,NA,"malmeanum","malmeanum","tuberous","wild",NA,"SŠrkinen","",""
NA,5638,NA,6445,"S41P1","","",-30.951056,-57.520583,NA,"malmeanum","malmeanum","tuberous","wild",NA,"SŠrkinen","",""
NA,5640,NA,6447,"A8P1","","",-30.364722,-57.492028,NA,"malmeanum","malmeanum","tuberous","wild",NA,"SŠrkinen","",""
NA,5644,NA,6451,"A7P2","","",-30.464253,-57.408658,NA,"malmeanum","malmeanum","tuberous","wild",NA,"SŠrkinen","",""
NA,5646,NA,6453,"A7P3","","",-30.463347,-57.408514,NA,"malmeanum","malmeanum","tuberous","wild",NA,"SŠrkinen","",""
NA,5648,NA,6455,"P2P2","","",-32.021807,-57.379529,NA,"malmeanum","malmeanum","tuberous","wild",NA,"SŠrkinen","",""
NA,5650,NA,6457,"P2P1","","",-32.021806,-57.379528,NA,"malmeanum","malmeanum","tuberous","wild",NA,"SŠrkinen","",""
NA,5652,NA,6459,"P1P1","","",-32.032417,-57.325572,NA,"malmeanum","malmeanum","tuberous","wild",NA,"SŠrkinen","",""
NA,5654,NA,6461,"S5P2","","",-31.217358,-57.090978,NA,"malmeanum","malmeanum","tuberous","wild",NA,"SŠrkinen","",""
NA,5656,NA,6463,"S5P3","","",-31.217408,-57.090972,NA,"malmeanum","malmeanum","tuberous","wild",NA,"SŠrkinen","",""
NA,5658,NA,6465,"A3P2","","",-30.445368,-56.550833,NA,"malmeanum","malmeanum","tuberous","wild",NA,"SŠrkinen","",""
NA,5660,NA,6467,"A4P1","","",-30.427,-56.502611,NA,"malmeanum","malmeanum","tuberous","wild",NA,"SŠrkinen","",""
NA,5662,NA,6469,"A2P2","","",-30.646306,-56.432472,NA,"malmeanum","malmeanum","tuberous","wild",NA,"SŠrkinen","",""
NA,5664,NA,6471,"A2P3","","",-30.646306,-56.432194,NA,"malmeanum","malmeanum","tuberous","wild",NA,"SŠrkinen","",""
NA,5665,NA,6472,"A3P1","","",-30.445326,-56.432194,NA,"malmeanum","malmeanum","tuberous","wild",NA,"SŠrkinen","",""
NA,5668,NA,6475,"A1P1","","",-30.637222,-56.38475,NA,"malmeanum","malmeanum","tuberous","wild",NA,"SŠrkinen","",""
NA,5670,NA,6477,"T3P2","","",-31.828653,-56.174833,NA,"malmeanum","malmeanum","tuberous","wild",NA,"SŠrkinen","",""
NA,5672,NA,6479,"M6P1","","",-34.796127,-55.370638,NA,"malmeanum","malmeanum","tuberous","wild",NA,"SŠrkinen","",""
NA,5674,NA,6481,"M6P12","","",-34.840385,-55.294171,NA,"malmeanum","malmeanum","tuberous","wild",NA,"SŠrkinen","",""
NA,5681,NA,6488,"R10P1","","",-32.011991,-54.836694,NA,"malmeanum","malmeanum","tuberous","wild",NA,"SŠrkinen","",""
NA,5683,NA,6490,"M6P15","","",-34.837133,-54.647292,NA,"malmeanum","malmeanum","tuberous","wild",NA,"SŠrkinen","",""
NA,5685,NA,6492,"85307","","",-28.3833,-53.9166,0,"malmeanum","malmeanum","tuberous","wild",NA,"SŠrkinen","",""
NA,5686,NA,6493,"87472","","",-29.1333,-59.4833,50,"malmeanum","malmeanum","tuberous","wild",NA,"SŠrkinen","",""
NA,5687,NA,6494,"87039","","",-24.9666,-57.5666,0,"malmeanum","malmeanum","tuberous","wild",NA,"SŠrkinen","",""
NA,5688,NA,6495,"87477","","",-28.4666,-59.3666,50,"malmeanum","malmeanum","tuberous","wild",NA,"SŠrkinen","",""
NA,5689,NA,6496,"87469","","",-29.6833,-60.25,58,"malmeanum","malmeanum","tuberous","wild",NA,"SŠrkinen","",""
NA,5690,NA,6497,"87471","","",-28.75,-59.4666,50,"malmeanum","malmeanum","tuberous","wild",NA,"SŠrkinen","",""
NA,5691,NA,6498,"87115","","",-27.9666,-55.3333,0,"malmeanum","malmeanum","tuberous","wild",NA,"SŠrkinen","",""
NA,5692,NA,6499,"86996","","",-29.4666,-60.2166,0,"malmeanum","malmeanum","tuberous","wild",NA,"SŠrkinen","",""
NA,5693,NA,6500,"81096","","",-27.54611,-56.03,240,"malmeanum","malmeanum","tuberous","wild",NA,"SŠrkinen","",""
NA,5694,NA,6501,"81094","","",-28.15389,-55.82944,0,"malmeanum","malmeanum","tuberous","wild",NA,"SŠrkinen","",""
NA,5696,NA,6503,"87475","","",-27.15,-54.6333,50,"malmeanum","malmeanum","tuberous","wild",NA,"SŠrkinen","",""
NA,5697,NA,6504,"87465","","",-32.0833,-60.9666,21,"malmeanum","malmeanum","tuberous","wild",NA,"SŠrkinen","",""
NA,5698,NA,6505,"81095","","",-27.72361,-56.73333,0,"malmeanum","malmeanum","tuberous","wild",NA,"SŠrkinen","",""
NA,5700,NA,6507,"87753","","",-32.37639,-58.57528,0,"malmeanum","malmeanum","tuberous","wild",NA,"SŠrkinen","",""
NA,5701,NA,6508,"87751","","",-32.2166,-58.1333,0,"malmeanum","malmeanum","tuberous","wild",NA,"SŠrkinen","",""
NA,5702,NA,6509,"87743","","",-27.2666,-58.25,0,"malmeanum","malmeanum","tuberous","wild",NA,"SŠrkinen","",""
NA,5703,NA,6510,"88199","","",-29.9,-50.2666,0,"malmeanum","malmeanum","tuberous","wild",NA,"SŠrkinen","",""
NA,5704,NA,6511,"87478","","",-31.73705,-60.52628,74,"malmeanum","malmeanum","tuberous","wild",NA,"SŠrkinen","",""
NA,5705,NA,6512,"81097","","",-27.31167,-58.48944,250,"malmeanum","malmeanum","tuberous","wild",NA,"SŠrkinen","",""
NA,5706,NA,6513,"87031","","",-25.52401,-57.55978,0,"malmeanum","malmeanum","tuberous","wild",NA,"SŠrkinen","",""
NA,5707,NA,6514,"87424","","",-31.6333,-60.7,0,"malmeanum","malmeanum","tuberous","wild",NA,"SŠrkinen","",""
NA,5708,NA,6515,"165160","","",-28.75944,-56.94639,0,"malmeanum","malmeanum","tuberous","wild",NA,"SŠrkinen","",""
NA,5709,NA,6516,"86926","","",-29.34,-57.32,56,"malmeanum","malmeanum","tuberous","wild",NA,"SŠrkinen","",""
NA,5710,NA,6517,"85751","","",-32.35,-52.8333,0,"malmeanum","malmeanum","tuberous","wild",NA,"SŠrkinen","",""
NA,5711,NA,6518,"165163","","",-31.90861,-58.4,0,"malmeanum","malmeanum","tuberous","wild",NA,"SŠrkinen","",""
NA,5712,NA,6519,"87479","","",-32.06861,-60.63806,14,"malmeanum","malmeanum","tuberous","wild",NA,"SŠrkinen","",""
NA,5713,NA,6520,"81091","","",-28.20806,-56.22806,0,"malmeanum","malmeanum","tuberous","wild",NA,"SŠrkinen","",""
NA,5714,NA,6521,"86929","","",-29.7166,-57.0833,50,"malmeanum","malmeanum","tuberous","wild",NA,"SŠrkinen","",""
NA,5715,NA,6522,"87748","","",-33.0102,-58.5141,20,"malmeanum","malmeanum","tuberous","wild",NA,"SŠrkinen","",""
NA,5716,NA,6523,"87830","","",-28.3,-54.2666,0,"malmeanum","malmeanum","tuberous","wild",NA,"SŠrkinen","",""
NA,5717,NA,6524,"88070","","",-25.26667,-57.31667,0,"malmeanum","malmeanum","tuberous","wild",NA,"SŠrkinen","",""
NA,5718,NA,6525,"166049","","",-27.35,-55.51667,40,"malmeanum","malmeanum","tuberous","wild",NA,"SŠrkinen","",""
NA,5719,NA,6526,"86922","","",-28.5,-57.15,60,"malmeanum","malmeanum","tuberous","wild",NA,"SŠrkinen","",""
NA,5720,NA,6527,"86924","","",-30.1666,-57.65,56,"malmeanum","malmeanum","tuberous","wild",NA,"SŠrkinen","",""
NA,5721,NA,6528,"87030","","",-24.5,-59.1666,0,"malmeanum","malmeanum","tuberous","wild",NA,"SŠrkinen","",""
NA,5722,NA,6529,"88198","","",-30.0333,-51.2,0,"malmeanum","malmeanum","tuberous","wild",NA,"SŠrkinen","",""
NA,5723,NA,6530,"166019","","",-27.45639,-55.07528,0,"malmeanum","malmeanum","tuberous","wild",NA,"SŠrkinen","",""
NA,5724,NA,6531,"86997","","",-29.3,-59.38,0,"malmeanum","malmeanum","tuberous","wild",NA,"SŠrkinen","",""
NA,5725,NA,6532,"87423","","",-27.3166,-58.6666,0,"malmeanum","malmeanum","tuberous","wild",NA,"SŠrkinen","",""
NA,5726,NA,6533,"87467","","",-31.41,-60.48,16,"malmeanum","malmeanum","tuberous","wild",NA,"SŠrkinen","",""
NA,5727,NA,6534,"87470","","",-29.15,-59.65,42,"malmeanum","malmeanum","tuberous","wild",NA,"SŠrkinen","",""
NA,5728,NA,6535,"87045","","",-27.20718,-55.91543,0,"malmeanum","malmeanum","tuberous","wild",NA,"SŠrkinen","",""
NA,5729,NA,6536,"CIP 761428","","",-10.3794,-77.215,3942,"medians","medians","tuberous","germplasm",36,"SŠrkinen","",""
NA,5730,NA,6537,"CIP 762908","","",-10.17,-77.1189,2889,"medians","medians","tuberous","germplasm",NA,"SŠrkinen","",""
NA,5731,NA,6538,"CIP 762084","","",-10.5478,-77.0597,4619,"medians","medians","tuberous","germplasm",36,"SŠrkinen","",""
NA,5732,NA,6539,"CIP 761503","","",-10.4617,-76.945,3800,"medians","medians","tuberous","germplasm",24,"SŠrkinen","",""
NA,5735,NA,6542,"CIP 761531","","",-11.3553,-76.8242,1972,"medians","medians","tuberous","germplasm",24,"SŠrkinen","",""
NA,5736,NA,6543,"CIP 762089","","",-10.8375,-76.7981,3000,"medians","medians","tuberous","germplasm",24,"SŠrkinen","",""
NA,5738,NA,6545,"CIP 765820","","",-11.5117,-76.7591,2584,"medians","medians","tuberous","germplasm",NA,"SŠrkinen","",""
NA,5739,NA,6546,"CIP 765827","","",-11.2526,-76.737,2022,"medians","medians","tuberous","germplasm",NA,"SŠrkinen","",""
NA,5740,NA,6547,"CIP 762897","","",-11.26,-76.7369,2192,"medians","medians","tuberous","germplasm",24,"SŠrkinen","",""
NA,5741,NA,6548,"CIP 765829","","",-11.2558,-76.7201,2186,"medians","medians","tuberous","germplasm",NA,"SŠrkinen","",""
NA,5742,NA,6549,"CIP 765814","","",-11.5402,-76.706,2685,"medians","medians","tuberous","germplasm",NA,"SŠrkinen","",""
NA,5743,NA,6550,"CIP 765832","","",-11.2464,-76.7009,2327,"medians","medians","tuberous","germplasm",NA,"SŠrkinen","",""
NA,5744,NA,6551,"CIP 765819","","",-11.5119,-76.6921,2568,"medians","medians","tuberous","germplasm",NA,"SŠrkinen","",""
NA,5745,NA,6552,"CIP 765818","","",-11.5117,-76.692,2552,"medians","medians","tuberous","germplasm",NA,"SŠrkinen","",""
NA,5746,NA,6553,"CIP 765808","","",-11.5122,-76.6904,2511,"medians","medians","tuberous","germplasm",NA,"SŠrkinen","",""
NA,5747,NA,6554,"CIP 765811","","",-11.5112,-76.6904,2495,"medians","medians","tuberous","germplasm",NA,"SŠrkinen","",""
NA,5749,NA,6556,"CIP 765806","","",-11.5062,-76.6844,2449,"medians","medians","tuberous","germplasm",NA,"SŠrkinen","",""
NA,5750,NA,6557,"CIP 765807","","",-11.5057,-76.684,2487,"medians","medians","tuberous","germplasm",NA,"SŠrkinen","",""
NA,5751,NA,6558,"CIP 765810","","",-11.5062,-76.6839,2470,"medians","medians","tuberous","germplasm",NA,"SŠrkinen","",""
NA,5752,NA,6559,"CIP 765804","","",-11.6242,-76.6756,2721,"medians","medians","tuberous","germplasm",NA,"SŠrkinen","",""
NA,5753,NA,6560,"CIP 765802","","",-11.6047,-76.6625,2580,"medians","medians","tuberous","germplasm",NA,"SŠrkinen","",""
NA,5754,NA,6561,"CIP 765803","","",-11.6033,-76.6603,2785,"medians","medians","tuberous","germplasm",NA,"SŠrkinen","",""
NA,5755,NA,6562,"CIP 762879","","",-11.4969,-76.6511,2381,"medians","medians","tuberous","germplasm",24,"SŠrkinen","",""
NA,5756,NA,6563,"CIP 763065","","",-11.4167,-76.6333,2833,"medians","medians","tuberous","germplasm",24,"SŠrkinen","",""
NA,5757,NA,6564,"CIP 763018","","",-11.7861,-76.6267,2700,"medians","medians","tuberous","germplasm",24,"SŠrkinen","",""
NA,5758,NA,6565,"CIP 763021","","",-11.4522,-76.625,2737,"medians","medians","tuberous","germplasm",24,"SŠrkinen","",""
NA,5759,NA,6566,"CIP 763019","","",-11.4669,-76.6239,2833,"medians","medians","tuberous","germplasm",24,"SŠrkinen","",""
NA,5760,NA,6567,"CIP 761198","","",-11.4525,-76.6192,2737,"medians","medians","tuberous","germplasm",24,"SŠrkinen","",""
NA,5761,NA,6568,"CIP 763224","","",-11.7708,-76.6114,1874,"medians","medians","tuberous","germplasm",36,"SŠrkinen","",""
NA,5762,NA,6569,"CIP 761567","","",-11.7347,-76.61,2269,"medians","medians","tuberous","germplasm",24,"SŠrkinen","",""
NA,5765,NA,6572,"CIP 765847","","",-11.739,-76.6058,2650,"medians","medians","tuberous","germplasm",NA,"SŠrkinen","",""
NA,5769,NA,6576,"CIP 765846","","",-11.744,-76.6023,2548,"medians","medians","tuberous","germplasm",NA,"SŠrkinen","",""
NA,5770,NA,6577,"CIP 761022","","",-11.7578,-76.5961,3013,"medians","medians","tuberous","germplasm",24,"SŠrkinen","",""
NA,5772,NA,6579,"CIP 762218","","",-11.9781,-76.5286,3000,"medians","medians","tuberous","germplasm",24,"SŠrkinen","",""
NA,5773,NA,6580,"CIP 765859","","",-12.0958,-76.4828,3284,"medians","medians","tuberous","germplasm",NA,"SŠrkinen","",""
NA,5774,NA,6581,"CIP 761414","","",-11.8844,-76.44,2136,"medians","medians","tuberous","germplasm",24,"SŠrkinen","",""
NA,5775,NA,6582,"CIP 761029","","",-11.9397,-76.4256,3276,"medians","medians","tuberous","germplasm",24,"SŠrkinen","",""
NA,5779,NA,6586,"CIP 761561","","",-11.8161,-76.3792,2743,"medians","medians","tuberous","germplasm",24,"SŠrkinen","",""
NA,5782,NA,6589,"CIP 762929","","",-11.8131,-76.3539,2613,"medians","medians","tuberous","germplasm",24,"SŠrkinen","",""
NA,5783,NA,6590,"CIP 765835","","",-11.8063,-76.3423,2638,"medians","medians","tuberous","germplasm",NA,"SŠrkinen","",""
NA,5784,NA,6591,"CIP 760415","","",-11.7586,-76.3006,3157,"medians","medians","tuberous","germplasm",NA,"SŠrkinen","",""
NA,5785,NA,6592,"CIP 765836","","",-11.7439,-76.2867,3256,"medians","medians","tuberous","germplasm",NA,"SŠrkinen","",""
NA,5786,NA,6593,"CIP 763496","","",-12.1033,-75.9014,4421,"medians","medians","tuberous","germplasm",24,"SŠrkinen","",""
NA,5787,NA,6594,"CIP 762920","","",-12.8211,-75.81,2441,"medians","medians","tuberous","germplasm",24,"SŠrkinen","",""
NA,5788,NA,6595,"CIP 762919","","",-12.8211,-75.7961,2240,"medians","medians","tuberous","germplasm",24,"SŠrkinen","",""
NA,5789,NA,6596,"CIP 762921","","",-12.8669,-75.7669,4398,"medians","medians","tuberous","germplasm",24,"SŠrkinen","",""
NA,5790,NA,6597,"CIP 762922","","",-12.8331,-75.75,2722,"medians","medians","tuberous","germplasm",24,"SŠrkinen","",""
NA,5791,NA,6598,"CIP 761181","","",-16.9286,-71.5997,900,"medians","medians","tuberous","germplasm",24,"SŠrkinen","",""
NA,5792,NA,6599,"CIP 765716","","",-16.2251,-71.6636,2859,"medians","medians","tuberous","germplasm",NA,"SŠrkinen","",""
NA,5793,NA,6600,"CIP 765715","","",-16.2737,-71.5116,3472,"medians","medians","tuberous","germplasm",NA,"SŠrkinen","",""
NA,5794,NA,6601,"CIP 765713","","",-16.401,-71.43,2850,"medians","medians","tuberous","germplasm",NA,"SŠrkinen","",""
NA,5795,NA,6602,"CIP 765714","","",-16.4008,-71.4265,2846,"medians","medians","tuberous","germplasm",NA,"SŠrkinen","",""
NA,5796,NA,6603,"CIP 765711","","",-16.5251,-71.4254,3014,"medians","medians","tuberous","germplasm",NA,"SŠrkinen","",""
NA,5797,NA,6604,"CIP 765695","","",-17.4475,-70.0425,3136,"medians","medians","tuberous","germplasm",NA,"SŠrkinen","",""
NA,5798,NA,6605,"CIP 762988","","",-16.0842,-71.8036,3251,"medians","medians","tuberous","germplasm",24,"SŠrkinen","",""
NA,5799,NA,6606,"CIP 762872","","",-16.2806,-71.5169,3215,"medians","medians","tuberous","germplasm",24,"SŠrkinen","",""
NA,5800,NA,6607,"CIP 762870","","",-16.3967,-71.4353,2877,"medians","medians","tuberous","germplasm",24,"SŠrkinen","",""
NA,5801,NA,6608,"CIP 765698","","",-17.0556,-70.8494,2623,"medians","medians","tuberous","germplasm",NA,"SŠrkinen","",""
NA,5804,NA,6611,"CIP 761233","","",-17.0017,-70.8178,3189,"medians","medians","tuberous","germplasm",24,"SŠrkinen","",""
NA,5805,NA,6612,"CIP 762866","","",-16.8653,-70.6706,3876,"medians","medians","tuberous","germplasm",24,"SŠrkinen","",""
NA,5806,NA,6613,"CIP 761231","","",-17.3017,-70.6403,2647,"medians","medians","tuberous","germplasm",24,"SŠrkinen","",""
NA,5807,NA,6614,"CIP 765697","","",-17.3792,-70.3211,2719,"medians","medians","tuberous","germplasm",NA,"SŠrkinen","",""
NA,5809,NA,6616,"CIP 765692","","",-17.446,-70.0065,3650,"medians","medians","tuberous","germplasm",NA,"SŠrkinen","",""
NA,5810,NA,6617,"29266","","",-12.86667,-76.43333,200,"medians","medians","tuberous","wild",NA,"SŠrkinen","",""
NA,5811,NA,6618,"29213","","",-16.20944,-73.62222,500,"medians","medians","tuberous","wild",NA,"SŠrkinen","",""
NA,5812,NA,6619,"1144","","",-11.884937,-76.46791,1850,"medians","medians","tuberous","wild",NA,"SŠrkinen","",""
NA,5813,NA,6620,"29249","","",-11.75,-76.2992,1200,"medians","medians","tuberous","wild",NA,"SŠrkinen","",""
NA,5814,NA,6621,"29281","","",-11.35,-77.3833,300,"medians","medians","tuberous","wild",NA,"SŠrkinen","",""
NA,5815,NA,6622,"29428","","",-17.06667,-70.85,3100,"medians","medians","tuberous","wild",NA,"SŠrkinen","",""
NA,5816,NA,6623,"29431","","",-17.63944,-71.3375,350,"medians","medians","tuberous","wild",NA,"SŠrkinen","",""
NA,5817,NA,6624,"29272","","",-10.81083,-76.87667,2500,"medians","medians","tuberous","wild",NA,"SŠrkinen","",""
NA,5818,NA,6625,"29273","","",-11.83333,-76.66667,2350,"medians","medians","tuberous","wild",NA,"SŠrkinen","",""
NA,5819,NA,6626,"29216","","",-16.246,-71.6876,2940,"medians","medians","tuberous","wild",NA,"SŠrkinen","",""
NA,5820,NA,6627,"29248","","",-12.25,-74.75,3100,"medians","medians","tuberous","wild",NA,"SŠrkinen","",""
NA,5821,NA,6628,"29426","","",-17.75,-71.15,350,"medians","medians","tuberous","wild",NA,"SŠrkinen","",""
NA,5822,NA,6629,"29309","","",-12.38333,-76.78333,450,"medians","medians","tuberous","wild",NA,"SŠrkinen","",""
NA,5823,NA,6630,"29214","","",-15.79611,-74.36361,600,"medians","medians","tuberous","wild",NA,"SŠrkinen","",""
NA,5824,NA,6631,"29234","","",-16.4,-71.4,2900,"medians","medians","tuberous","wild",NA,"SŠrkinen","",""
NA,5825,NA,6632,"29253","","",-11.46722,-76.62417,2475,"medians","medians","tuberous","wild",NA,"SŠrkinen","",""
NA,5826,NA,6633,"29258","","",-12.06667,-76.93333,0,"medians","medians","tuberous","wild",NA,"SŠrkinen","",""
NA,5827,NA,6634,"94197","","",-12.821,-75.796,2200,"medians","medians","tuberous","wild",NA,"SŠrkinen","",""
NA,5829,NA,6636,"29331","","",-10.48333,-77.03333,3600,"medians","medians","tuberous","wild",NA,"SŠrkinen","",""
NA,5830,NA,6637,"29262","","",-11.6,-76.75,2300,"medians","medians","tuberous","wild",NA,"SŠrkinen","",""
NA,5831,NA,6638,"29443","","",-17.99306,-70.88111,500,"medians","medians","tuberous","wild",NA,"SŠrkinen","",""
NA,5832,NA,6639,"29244","","",-14.83333,-74.7,2200,"medians","medians","tuberous","wild",NA,"SŠrkinen","",""
NA,5833,NA,6640,"29210","","",-16.55301,-72.75837,500,"medians","medians","tuberous","wild",NA,"SŠrkinen","",""
NA,5835,NA,6642,"29202","","",-10.4,-77.4,3300,"medians","medians","tuberous","wild",NA,"SŠrkinen","",""
NA,5836,NA,6643,"29406","","",-11.37,-77.02,2800,"medians","medians","tuberous","wild",NA,"SŠrkinen","",""
NA,5837,NA,6644,"29204","","",-9.833333,-77.65,3100,"medians","medians","tuberous","wild",NA,"SŠrkinen","",""
NA,5838,NA,6645,"77020","","",-12,-76.8333,0,"medians","medians","tuberous","wild",NA,"SŠrkinen","",""
NA,5839,NA,6646,"94957","","",-11.23333,-76.93333,2400,"medians","medians","tuberous","wild",NA,"SŠrkinen","",""
NA,5840,NA,6647,"29311","","",-12.16667,-76.26667,3760,"medians","medians","tuberous","wild",NA,"SŠrkinen","",""
NA,5841,NA,6648,"29211","","",-16.4,-71.5,2500,"medians","medians","tuberous","wild",NA,"SŠrkinen","",""
NA,5842,NA,6649,"29203","","",-10.15,-77.18333,2950,"medians","medians","tuberous","wild",NA,"SŠrkinen","",""
NA,5843,NA,6650,"29199","","",-18.35655,-69.6209,3250,"medians","medians","tuberous","wild",NA,"SŠrkinen","",""
NA,5844,NA,6651,"29437","","",-17.76689,-69.94287,3450,"medians","medians","tuberous","wild",NA,"SŠrkinen","",""
NA,5845,NA,6652,"29438","","",-17.31389,-70.32194,3450,"medians","medians","tuberous","wild",NA,"SŠrkinen","",""
NA,5846,NA,6653,"29218","","",-16.05689,-71.84276,3620,"medians","medians","tuberous","wild",NA,"SŠrkinen","",""
NA,5847,NA,6654,"29439","","",-17.42083,-70.51333,3200,"medians","medians","tuberous","wild",NA,"SŠrkinen","",""
NA,5848,NA,6655,"29433","","",-17.47444,-70.03278,3150,"medians","medians","tuberous","wild",NA,"SŠrkinen","",""
NA,5849,NA,6656,"29434","","",-17.30194,-70.64083,3140,"medians","medians","tuberous","wild",NA,"SŠrkinen","",""
NA,5850,NA,6657,"29220","","",-17.03333,-71.8,400,"medians","medians","tuberous","wild",NA,"SŠrkinen","",""
NA,5851,NA,6658,"29461","","",-15.98062,-73.18391,1000,"medians","medians","tuberous","wild",NA,"SŠrkinen","",""
NA,5852,NA,6659,"29198","","",-23.66953,-68.0868,0,"medians","medians","tuberous","wild",NA,"SŠrkinen","",""
NA,5853,NA,6660,"29201","","",-9.5,-77.75,3050,"medians","medians","tuberous","wild",NA,"SŠrkinen","",""
NA,5854,NA,6661,"29200","","",-19.6834,-69.18331,3600,"medians","medians","tuberous","wild",NA,"SŠrkinen","",""
NA,5855,NA,6662,"321603","","",-12.133334,-76.93333,NA,"medians","medians","tuberous","germplasm",NA,"SŠrkinen","",""
NA,5856,NA,6663,"PI 210045","","",-11.416667,-76.633333,NA,"medians","medians","tuberous","germplasm",24,"SŠrkinen","",""
NA,5864,NA,6671,"PI 458402","","",-11.366667,-77.016667,NA,"medians","medians","tuberous","germplasm",24,"SŠrkinen","",""
NA,5866,NA,6673,"PI 473496","","",-11.566667,-76.616667,NA,"medians","medians","tuberous","germplasm",24,"SŠrkinen","",""
NA,5869,NA,6676,"PI265872(PTIS)","","",-11.467222,-76.624167,NA,"medians","medians","tuberous","germplasm",24,"SŠrkinen","",""
NA,5870,NA,6677,"PI283081(PTIS)","","",-11.42,-76.63,NA,"medians","medians","tuberous","germplasm",24,"SŠrkinen","",""
NA,5871,NA,6678,"PI310994(PTIS)","","",-11.49,-76.62,NA,"medians","medians","tuberous","germplasm",24,"SŠrkinen","",""
NA,5891,NA,6700,"CIP 763081","","",-17.65,-65.4,3087,"microdontum","microdontum","tuberous","germplasm",24,"SŠrkinen","",""
NA,5892,NA,6701,"CIP 761398","","",-17.5333,-65.2333,3571,"microdontum","microdontum","tuberous","germplasm",24,"SŠrkinen","",""
NA,5893,NA,6702,"CIP 760530","","",-21.5167,-64.75,1917,"microdontum","microdontum","tuberous","germplasm",24,"SŠrkinen","",""
NA,5896,NA,6705,"CIP 760466","","",-19.9561,-64.4769,2077,"microdontum","microdontum","tuberous","germplasm",24,"SŠrkinen","",""
NA,5897,NA,6706,"CIP 760467","","",-19.1167,-64.3333,2175,"microdontum","microdontum","tuberous","germplasm",24,"SŠrkinen","",""
NA,5898,NA,6707,"CIP 760430","","",-18.4897,-64.1069,2017,"microdontum","microdontum","tuberous","germplasm",24,"SŠrkinen","",""
NA,5899,NA,6708,"CIP 761065","","",-18.6764,-63.9997,2500,"microdontum","microdontum","tuberous","germplasm",24,"SŠrkinen","",""
NA,5903,NA,6712,"CIP 762315","","",-18.7333,-63.9,455,"microdontum","microdontum","tuberous","germplasm",24,"SŠrkinen","",""
NA,5904,NA,6713,"80530","","",-26.35,-65.9333,2000,"microdontum","microdontum","tuberous","wild",NA,"SŠrkinen","",""
NA,5905,NA,6714,"84821","","",-25.2666,-65.4833,1200,"microdontum","microdontum","tuberous","wild",NA,"SŠrkinen","",""
NA,5906,NA,6715,"81236","","",-25.45,-65.7,0,"microdontum","microdontum","tuberous","wild",NA,"SŠrkinen","",""
NA,5907,NA,6716,"85768","","",-22.1833,-66.1166,1730,"microdontum","microdontum","tuberous","wild",NA,"SŠrkinen","",""
NA,5908,NA,6717,"83424","","",-27.2166,-66.1,1500,"microdontum","microdontum","tuberous","wild",NA,"SŠrkinen","",""
NA,5909,NA,6718,"83143","","",-24.45,-64.48,2800,"microdontum","microdontum","tuberous","wild",NA,"SŠrkinen","",""
NA,5910,NA,6719,"78654","","",-24.8333,-65.7166,1600,"microdontum","microdontum","tuberous","wild",NA,"SŠrkinen","",""
NA,5911,NA,6720,"84486","","",-22.31639,-65.11834,3000,"microdontum","microdontum","tuberous","wild",NA,"SŠrkinen","",""
NA,5912,NA,6721,"78008","","",-24.2166,-65.3833,2550,"microdontum","microdontum","tuberous","wild",NA,"SŠrkinen","",""
NA,5913,NA,6722,"77826","","",-18.5,-64.1667,2550,"microdontum","microdontum","tuberous","wild",NA,"SŠrkinen","",""
NA,5914,NA,6723,"80969","","",-28.7833,-65.5166,1850,"microdontum","microdontum","tuberous","wild",NA,"SŠrkinen","",""
NA,5915,NA,6724,"78874","","",-25.1666,-65.7666,1800,"microdontum","microdontum","tuberous","wild",NA,"SŠrkinen","",""
NA,5916,NA,6725,"85799","","",-23.7333,-65.85,2650,"microdontum","microdontum","tuberous","wild",NA,"SŠrkinen","",""
NA,5917,NA,6726,"85779","","",-24.02,-65.28,2600,"microdontum","microdontum","tuberous","wild",NA,"SŠrkinen","",""
NA,5918,NA,6727,"67399","","",-23.68694,-64.88136,1485,"microdontum","microdontum","tuberous","wild",NA,"SŠrkinen","",""
NA,5919,NA,6728,"35388","","",-16.5775,-67.12442,2877,"microdontum","microdontum","tuberous","wild",NA,"SŠrkinen","",""
NA,5920,NA,6729,"84505","","",-23.13236,-64.84772,3000,"microdontum","microdontum","tuberous","wild",NA,"SŠrkinen","",""
NA,5921,NA,6730,"78016","","",-24.62,-65.58,3350,"microdontum","microdontum","tuberous","wild",NA,"SŠrkinen","",""
NA,5922,NA,6731,"88202","","",-24.9166,-64.46666,2400,"microdontum","microdontum","tuberous","wild",NA,"SŠrkinen","",""
NA,5923,NA,6732,"80388","","",-21.4833,-65.0333,3050,"microdontum","microdontum","tuberous","wild",NA,"SŠrkinen","",""
NA,5924,NA,6733,"67364","","",-26.98833,-65.66219,1605,"microdontum","microdontum","tuberous","wild",NA,"SŠrkinen","",""
NA,5925,NA,6734,"81332","","",-27.8333,-66.0166,0,"microdontum","microdontum","tuberous","wild",NA,"SŠrkinen","",""
NA,5926,NA,6735,"80527","","",-26.9166,-65.55,1350,"microdontum","microdontum","tuberous","wild",NA,"SŠrkinen","",""
NA,5927,NA,6736,"77748","","",-18.5333,-65.0833,2200,"microdontum","microdontum","tuberous","wild",NA,"SŠrkinen","",""
NA,5928,NA,6737,"77828","","",-17.8833,-64.7,2550,"microdontum","microdontum","tuberous","wild",NA,"SŠrkinen","",""
NA,5929,NA,6738,"81141","","",-28.12194,-65.89583,1550,"microdontum","microdontum","tuberous","wild",NA,"SŠrkinen","",""
NA,5930,NA,6739,"84061","","",-14.5833,-64.1,2200,"microdontum","microdontum","tuberous","wild",NA,"SŠrkinen","",""
NA,5931,NA,6740,"78561","","",-27.43,-66,1650,"microdontum","microdontum","tuberous","wild",NA,"SŠrkinen","",""
NA,5932,NA,6741,"85664","","",-27.25,-66.25,1300,"microdontum","microdontum","tuberous","wild",NA,"SŠrkinen","",""
NA,5933,NA,6742,"83745","","",-24.3,-65.18,1800,"microdontum","microdontum","tuberous","wild",NA,"SŠrkinen","",""
NA,5934,NA,6743,"78342","","",-29.1833,-67.65,2000,"microdontum","microdontum","tuberous","wild",NA,"SŠrkinen","",""
NA,5935,NA,6744,"77941","","",-22.14,-65,2900,"microdontum","microdontum","tuberous","wild",NA,"SŠrkinen","",""
NA,5936,NA,6745,"84816","","",-31.6333,-66.65,0,"microdontum","microdontum","tuberous","wild",NA,"SŠrkinen","",""
NA,5937,NA,6746,"87856","","",-26.2333,-65.4833,2000,"microdontum","microdontum","tuberous","wild",NA,"SŠrkinen","",""
NA,5938,NA,6747,"80981","","",-27.7833,-65.85,1700,"microdontum","microdontum","tuberous","wild",NA,"SŠrkinen","",""
NA,5939,NA,6748,"77750","","",-17.5833,-65.3667,2900,"microdontum","microdontum","tuberous","wild",NA,"SŠrkinen","",""
NA,5940,NA,6749,"77824","","",-17.6667,-65.2,3025,"microdontum","microdontum","tuberous","wild",NA,"SŠrkinen","",""
NA,5941,NA,6750,"77825","","",-21.5333,-64.25,2250,"microdontum","microdontum","tuberous","wild",NA,"SŠrkinen","",""
NA,5942,NA,6751,"80636","","",-22.2166,-64.8833,3150,"microdontum","microdontum","tuberous","wild",NA,"SŠrkinen","",""
NA,5943,NA,6752,"80514","","",-27.25,-65.8666,2600,"microdontum","microdontum","tuberous","wild",NA,"SŠrkinen","",""
NA,5944,NA,6753,"84459","","",-22.75,-64.8666,3050,"microdontum","microdontum","tuberous","wild",NA,"SŠrkinen","",""
NA,5945,NA,6754,"80519","","",-27.5833,-67.1333,2000,"microdontum","microdontum","tuberous","wild",NA,"SŠrkinen","",""
NA,5946,NA,6755,"80724","","",-23.6,-65.0666,0,"microdontum","microdontum","tuberous","wild",NA,"SŠrkinen","",""
NA,5947,NA,6756,"83866","","",-22.3333,-66.4833,2650,"microdontum","microdontum","tuberous","wild",NA,"SŠrkinen","",""
NA,5948,NA,6757,"87593","","",-23.6833,-65.4333,2950,"microdontum","microdontum","tuberous","wild",NA,"SŠrkinen","",""
NA,5949,NA,6758,"80380","","",-22.3,-64.6833,2650,"microdontum","microdontum","tuberous","wild",NA,"SŠrkinen","",""
NA,5950,NA,6759,"80536","","",-29.07,-67.38,2000,"microdontum","microdontum","tuberous","wild",NA,"SŠrkinen","",""
NA,5951,NA,6760,"87840","","",-25.9666,-66.4,0,"microdontum","microdontum","tuberous","wild",NA,"SŠrkinen","",""
NA,5952,NA,6761,"81314","","",-23.7833,-64.7833,0,"microdontum","microdontum","tuberous","wild",NA,"SŠrkinen","",""
NA,5953,NA,6762,"80363","","",-25.48,-65.26,1700,"microdontum","microdontum","tuberous","wild",NA,"SŠrkinen","",""
NA,5955,NA,6764,"80463","","",-29.1666,-67.5,1800,"microdontum","microdontum","tuberous","wild",NA,"SŠrkinen","",""
NA,5956,NA,6765,"86040","","",-22.7333,-65.25,2900,"microdontum","microdontum","tuberous","wild",NA,"SŠrkinen","",""
NA,5957,NA,6766,"80696","","",-23.5333,-65.3666,2700,"microdontum","microdontum","tuberous","wild",NA,"SŠrkinen","",""
NA,5958,NA,6767,"81474","","",-16.9333,-67.1333,2800,"microdontum","microdontum","tuberous","wild",NA,"SŠrkinen","",""
NA,5959,NA,6768,"86580","","",-22.8833,-64.5166,3000,"microdontum","microdontum","tuberous","wild",NA,"SŠrkinen","",""
NA,5960,NA,6769,"85876","","",-22.75,-64.65,3150,"microdontum","microdontum","tuberous","wild",NA,"SŠrkinen","",""
NA,5961,NA,6770,"83300","","",-27.3333,-67.1333,2500,"microdontum","microdontum","tuberous","wild",NA,"SŠrkinen","",""
NA,5962,NA,6771,"83597","","",-26.5,-64.75,1900,"microdontum","microdontum","tuberous","wild",NA,"SŠrkinen","",""
NA,5963,NA,6772,"84313","","",-17.8167,-64.5333,2400,"microdontum","microdontum","tuberous","wild",NA,"SŠrkinen","",""
NA,5964,NA,6773,"83632","","",-23.0833,-64.55,1800,"microdontum","microdontum","tuberous","wild",NA,"SŠrkinen","",""
NA,5965,NA,6774,"77815","","",-17.4833,-65.1333,2250,"microdontum","microdontum","tuberous","wild",NA,"SŠrkinen","",""
NA,5966,NA,6775,"80364","","",-22.6166,-65.1166,2800,"microdontum","microdontum","tuberous","wild",NA,"SŠrkinen","",""
NA,5967,NA,6776,"83757","","",-26.8166,-65.2166,2500,"microdontum","microdontum","tuberous","wild",NA,"SŠrkinen","",""
NA,5968,NA,6777,"79757","","",-23.9,-65.45,2960,"microdontum","microdontum","tuberous","wild",NA,"SŠrkinen","",""
NA,5969,NA,6778,"78340","","",-27.65,-67.0333,2200,"microdontum","microdontum","tuberous","wild",NA,"SŠrkinen","",""
NA,5970,NA,6779,"78348","","",-29.14,-66.51,1100,"microdontum","microdontum","tuberous","wild",NA,"SŠrkinen","",""
NA,5971,NA,6780,"154793","","",-18.36667,-64.25833,2500,"microdontum","microdontum","tuberous","wild",NA,"SŠrkinen","",""
NA,5972,NA,6781,"24280","","",-21.48299,-64.93995,3353,"microdontum","microdontum","tuberous","wild",NA,"SŠrkinen","",""
NA,5973,NA,6782,"80984","","",-27.7,-65.9333,2200,"microdontum","microdontum","tuberous","wild",NA,"SŠrkinen","",""
NA,5974,NA,6783,"78014","","",-24.8833,-65.3,3000,"microdontum","microdontum","tuberous","wild",NA,"SŠrkinen","",""
NA,5975,NA,6784,"80685","","",-27.1166,-65.45,1000,"microdontum","microdontum","tuberous","wild",NA,"SŠrkinen","",""
NA,5976,NA,6785,"85544","","",-17.87915,-65.38122,2400,"microdontum","microdontum","tuberous","wild",NA,"SŠrkinen","",""
NA,5977,NA,6786,"77814","","",-19.45,-64.2167,2500,"microdontum","microdontum","tuberous","wild",NA,"SŠrkinen","",""
NA,5978,NA,6787,"83439","","",-26.45,-65.7166,3000,"microdontum","microdontum","tuberous","wild",NA,"SŠrkinen","",""
NA,5979,NA,6788,"86579","","",-23.3166,-64.2166,3000,"microdontum","microdontum","tuberous","wild",NA,"SŠrkinen","",""
NA,5980,NA,6789,"80345","","",-24.72521,-65.48735,1500,"microdontum","microdontum","tuberous","wild",NA,"SŠrkinen","",""
NA,5981,NA,6790,"86578","","",-23.75,-63.9166,3000,"microdontum","microdontum","tuberous","wild",NA,"SŠrkinen","",""
NA,5983,NA,6792,"80966","","",-23.4666,-64.9833,1600,"microdontum","microdontum","tuberous","wild",NA,"SŠrkinen","",""
NA,5984,NA,6793,"83415","","",-24.7,-64.6333,0,"microdontum","microdontum","tuberous","wild",NA,"SŠrkinen","",""
NA,5985,NA,6794,"80682","","",-24.6,-65.3833,1450,"microdontum","microdontum","tuberous","wild",NA,"SŠrkinen","",""
NA,5986,NA,6795,"83472","","",-26.7666,-65.65,2500,"microdontum","microdontum","tuberous","wild",NA,"SŠrkinen","",""
NA,5987,NA,6796,"87074","","",-17.5,-65.6667,2700,"microdontum","microdontum","tuberous","wild",NA,"SŠrkinen","",""
NA,5988,NA,6797,"81109","","",-27.26944,-65.77028,1820,"microdontum","microdontum","tuberous","wild",NA,"SŠrkinen","",""
NA,5989,NA,6798,"79762","","",-27.35,-66.4,2100,"microdontum","microdontum","tuberous","wild",NA,"SŠrkinen","",""
NA,5990,NA,6799,"79761","","",-25.8333,-65.5,2600,"microdontum","microdontum","tuberous","wild",NA,"SŠrkinen","",""
NA,5991,NA,6800,"80342","","",-24.1666,-65.4833,1750,"microdontum","microdontum","tuberous","wild",NA,"SŠrkinen","",""
NA,5992,NA,6801,"77821","","",-21.5333,-64.35,2200,"microdontum","microdontum","tuberous","wild",NA,"SŠrkinen","",""
NA,5993,NA,6802,"83542","","",-26.7333,-65.7833,0,"microdontum","microdontum","tuberous","wild",NA,"SŠrkinen","",""
NA,5994,NA,6803,"80642","","",-26.3333,-65.2166,2500,"microdontum","microdontum","tuberous","wild",NA,"SŠrkinen","",""
NA,5996,NA,6805,"83204","","",-27.6,-66.3166,2200,"microdontum","microdontum","tuberous","wild",NA,"SŠrkinen","",""
NA,5997,NA,6806,"83422","","",-27.4667,-65.1167,0,"microdontum","microdontum","tuberous","wild",NA,"SŠrkinen","",""
NA,5998,NA,6807,"83183","","",-22.3833,-65.2833,2650,"microdontum","microdontum","tuberous","wild",NA,"SŠrkinen","",""
NA,6000,NA,6809,"78025","","",-24.5,-65.9833,3050,"microdontum","microdontum","tuberous","wild",NA,"SŠrkinen","",""
NA,6001,NA,6810,"83559","","",-26.7,-65.45,1100,"microdontum","microdontum","tuberous","wild",NA,"SŠrkinen","",""
NA,6002,NA,6811,"77811","","",-16.7167,-67.2333,2810,"microdontum","microdontum","tuberous","wild",NA,"SŠrkinen","",""
NA,6003,NA,6812,"80583","","",-27.1333,-65.55,1300,"microdontum","microdontum","tuberous","wild",NA,"SŠrkinen","",""
NA,6004,NA,6813,"80675","","",-27.62,-66.17,2000,"microdontum","microdontum","tuberous","wild",NA,"SŠrkinen","",""
NA,6005,NA,6814,"77819","","",-17.5667,-65.0167,2900,"microdontum","microdontum","tuberous","wild",NA,"SŠrkinen","",""
NA,6006,NA,6815,"87990","","",-23.45,-65.1333,0,"microdontum","microdontum","tuberous","wild",NA,"SŠrkinen","",""
NA,6007,NA,6816,"80494","","",-25.1,-65.55,2700,"microdontum","microdontum","tuberous","wild",NA,"SŠrkinen","",""
NA,6008,NA,6817,"80697","","",-23.6166,-65.55,2300,"microdontum","microdontum","tuberous","wild",NA,"SŠrkinen","",""
NA,6009,NA,6818,"77812","","",-19.0167,-64.3167,2500,"microdontum","microdontum","tuberous","wild",NA,"SŠrkinen","",""
NA,6010,NA,6819,"83032","","",-23.55,-65.25,2850,"microdontum","microdontum","tuberous","wild",NA,"SŠrkinen","",""
NA,6011,NA,6820,"83429","","",-26.5,-65.0333,1600,"microdontum","microdontum","tuberous","wild",NA,"SŠrkinen","",""
NA,6012,NA,6821,"28936","","",-17.237725,-65.647946,NA,"microdontum","microdontum","tuberous","germplasm",NA,"SŠrkinen","",""
NA,6013,NA,6822,"473166","","",-22.276703,-64.974745,NA,"microdontum","microdontum","tuberous","germplasm",24,"SŠrkinen","",""
NA,6014,NA,6823,"473169","","",-22.233334,-65.033337,NA,"microdontum","microdontum","tuberous","germplasm",24,"SŠrkinen","",""
NA,6015,NA,6824,"473180","","",-22.308332,-65.016666,NA,"microdontum","microdontum","tuberous","germplasm",24,"SŠrkinen","",""
NA,6016,NA,6825,"473312","","",-22.716666,-65.225043,NA,"microdontum","microdontum","tuberous","germplasm",24,"SŠrkinen","",""
NA,6017,NA,6826,"473363","","",-16.87053,-64.884781,NA,"microdontum","microdontum","tuberous","germplasm",24,"SŠrkinen","",""
NA,6018,NA,6827,"500040","","",-23.904671,-65.711975,NA,"microdontum","microdontum","tuberous","germplasm",24,"SŠrkinen","",""
NA,6019,NA,6828,"545903","","",-21.516672,-65.008341,NA,"microdontum","microdontum","tuberous","germplasm",NA,"SŠrkinen","",""
NA,6020,NA,6829,"558209","","",-27.591104,-66.313939,NA,"microdontum","microdontum","tuberous","germplasm",NA,"SŠrkinen","",""
NA,6022,NA,6831,"595508","","",-24.179688,-65.727394,NA,"microdontum","microdontum","tuberous","germplasm",24,"SŠrkinen","",""
NA,6023,NA,6832,"PI 218224","","",-26.216667,-65.283333,NA,"microdontum","microdontum","tuberous","germplasm",24,"SŠrkinen","",""
NA,6025,NA,6834,"PI 265881","","",-24.116667,-65.383333,NA,"microdontum","microdontum","tuberous","germplasm",24,"SŠrkinen","",""
NA,6027,NA,6836,"PI 275151","","",-24.45,-64.483333,NA,"microdontum","microdontum","tuberous","germplasm",24,"SŠrkinen","",""
NA,6029,NA,6838,"PI 320306","","",-22.25,-65.033333,NA,"microdontum","microdontum","tuberous","germplasm",24,"SŠrkinen","",""
NA,6033,NA,6842,"PI 320311","","",-27.016667,-65.65,NA,"microdontum","microdontum","tuberous","germplasm",24,"SŠrkinen","",""
NA,6037,NA,6846,"PI 320316","","",-24.75,-65.466667,NA,"microdontum","microdontum","tuberous","germplasm",24,"SŠrkinen","",""
NA,6039,NA,6848,"PI 320317","","",-25.15,-65.716667,NA,"microdontum","microdontum","tuberous","germplasm",24,"SŠrkinen","",""
NA,6041,NA,6850,"PI 458355","","",-23.633333,-65.133333,NA,"microdontum","microdontum","tuberous","germplasm",24,"SŠrkinen","",""
NA,6043,NA,6852,"PI 473166","","",-22.183333,-65.05,NA,"microdontum","microdontum","tuberous","germplasm",NA,"SŠrkinen","",""
NA,6047,NA,6856,"PI 473173","","",-22.15,-65.033333,NA,"microdontum","microdontum","tuberous","germplasm",24,"SŠrkinen","",""
NA,6049,NA,6858,"PI 473178","","",-28.066667,-65.9,NA,"microdontum","microdontum","tuberous","germplasm",24,"SŠrkinen","",""
NA,6051,NA,6860,"PI 473179","","",-22.333333,-65.033333,NA,"microdontum","microdontum","tuberous","germplasm",24,"SŠrkinen","",""
NA,6055,NA,6864,"PI 473312","","",-22.733333,-65.233333,NA,"microdontum","microdontum","tuberous","germplasm",NA,"SŠrkinen","",""
NA,6057,NA,6866,"PI 498123","","",-19.016667,-64.316667,NA,"microdontum","microdontum","tuberous","germplasm",24,"SŠrkinen","",""
NA,6059,NA,6868,"PI 498126","","",-18.6,-64.116667,NA,"microdontum","microdontum","tuberous","germplasm",24,"SŠrkinen","",""
NA,6061,NA,6870,"PI 498127","","",-18.616667,-64.133333,NA,"microdontum","microdontum","tuberous","germplasm",24,"SŠrkinen","",""
NA,6063,NA,6872,"PI 500040","","",-23.966667,-65.833333,NA,"microdontum","microdontum","tuberous","germplasm",NA,"SŠrkinen","",""
NA,6065,NA,6874,"PI 500040","","",-23.96,-65.83,NA,"microdontum","microdontum","tuberous","germplasm",NA,"SŠrkinen","",""
NA,6066,NA,6875,"PI 500044","","",-24.616667,-65.583333,NA,"microdontum","microdontum","tuberous","germplasm",24,"SŠrkinen","",""
NA,6068,NA,6877,"PI 500044","","",-24.61,-65.58,NA,"microdontum","microdontum","tuberous","germplasm",NA,"SŠrkinen","",""
NA,6069,NA,6878,"PI 545902","","",-17.666667,-65.3,NA,"microdontum","microdontum","tuberous","germplasm",24,"SŠrkinen","",""
NA,6071,NA,6880,"PI 545904","","",-19.75,-64.55,NA,"microdontum","microdontum","tuberous","germplasm",24,"SŠrkinen","",""
NA,6073,NA,6882,"PI 545905","","",-19.866667,-64.533333,NA,"microdontum","microdontum","tuberous","germplasm",24,"SŠrkinen","",""
NA,6075,NA,6884,"PI 558099","","",-23.6,-65.233333,NA,"microdontum","microdontum","tuberous","germplasm",24,"SŠrkinen","",""
NA,6077,NA,6886,"PI 558099","","",-23.6,-65.23,NA,"microdontum","microdontum","tuberous","germplasm",NA,"SŠrkinen","",""
NA,6078,NA,6887,"PI 558100","","",-23.2,-64.916667,NA,"microdontum","microdontum","tuberous","germplasm",24,"SŠrkinen","",""
NA,6080,NA,6889,"PI 558100","","",-23.2,-64.91,NA,"microdontum","microdontum","tuberous","germplasm",NA,"SŠrkinen","",""
NA,6081,NA,6890,"PI 558101","","",-24.1,-65.6,NA,"microdontum","microdontum","tuberous","germplasm",24,"SŠrkinen","",""
NA,6084,NA,6893,"PI 565075","","",-27.316667,-66.05,NA,"microdontum","microdontum","tuberous","germplasm",24,"SŠrkinen","",""
NA,6088,NA,6897,"PI 595510","","",-21.4,-64.466667,NA,"microdontum","microdontum","tuberous","germplasm",24,"SŠrkinen","",""
NA,6090,NA,6899,"PI 595511","","",-21.4,-64.433333,NA,"microdontum","microdontum","tuberous","germplasm",24,"SŠrkinen","",""
NA,6092,NA,6901,"PI 597756","","",-21.45,-64.35,NA,"microdontum","microdontum","tuberous","germplasm",24,"SŠrkinen","",""
NA,6098,NA,6914,"CIP 764147","","",-11.35,-77.3833,NA,"mochiquense","mochiquense","tuberous","germplasm",24,"SŠrkinen","",""
NA,6099,NA,6915,"CIP 761180","","",-11.36,-77.3703,377,"mochiquense","mochiquense","tuberous","germplasm",24,"SŠrkinen","",""
NA,6101,NA,6917,"CIP 760009","","",-5.3761,-79.6061,1252,"mochiquense","mochiquense","tuberous","germplasm",24,"SŠrkinen","",""
NA,6102,NA,6918,"CIP 765869","","",-5.8416,-79.5113,2100,"mochiquense","mochiquense","tuberous","germplasm",NA,"SŠrkinen","",""
NA,6103,NA,6919,"CIP 765997","","",-5.8394,-79.5052,2145,"mochiquense","mochiquense","tuberous","germplasm",NA,"SŠrkinen","",""
NA,6104,NA,6920,"CIP 761234","","",-6.2689,-79.4078,1649,"mochiquense","mochiquense","tuberous","germplasm",24,"SŠrkinen","",""
NA,6105,NA,6921,"CIP 760103","","",-8.1089,-79.0308,35,"mochiquense","mochiquense","tuberous","germplasm",24,"SŠrkinen","",""
NA,6106,NA,6922,"CIP 762637","","",-7.4253,-78.8953,1704,"mochiquense","mochiquense","tuberous","germplasm",24,"SŠrkinen","",""
NA,6107,NA,6923,"CIP 763921","","",-8.4167,-78.75,NA,"mochiquense","mochiquense","tuberous","germplasm",24,"SŠrkinen","",""
NA,6108,NA,6924,"CIP 763002","","",-7.3339,-78.7369,1420,"mochiquense","mochiquense","tuberous","germplasm",24,"SŠrkinen","",""
NA,6109,NA,6925,"CIP 761037","","",-7.8389,-78.7322,3103,"mochiquense","mochiquense","tuberous","germplasm",24,"SŠrkinen","",""
NA,6110,NA,6926,"CIP 762989","","",-7.1822,-78.5375,3118,"mochiquense","mochiquense","tuberous","germplasm",24,"SŠrkinen","",""
NA,6111,NA,6927,"CIP 765996","","",-6.7444,-77.8872,3537,"mochiquense","mochiquense","tuberous","germplasm",NA,"SŠrkinen","",""
NA,6112,NA,6928,"82400","","",-6.61667,-79.2667,0,"mochiquense","mochiquense","tuberous","wild",NA,"SŠrkinen","",""
NA,6113,NA,6929,"91568","","",-11.495,-77.20778,250,"mochiquense","mochiquense","tuberous","wild",NA,"SŠrkinen","",""
NA,6114,NA,6930,"91903","","",-8.166667,-78.95,325,"mochiquense","mochiquense","tuberous","wild",NA,"SŠrkinen","",""
NA,6115,NA,6931,"83105","","",-11.2,-77.4167,150,"mochiquense","mochiquense","tuberous","wild",NA,"SŠrkinen","",""
NA,6116,NA,6932,"82039","","",-8.48333,-78.1,1850,"mochiquense","mochiquense","tuberous","wild",NA,"SŠrkinen","",""
NA,6117,NA,6933,"94136","","",-7.25,-78.66667,2600,"mochiquense","mochiquense","tuberous","wild",NA,"SŠrkinen","",""
NA,6118,NA,6934,"84330","","",-11.9131,-76.5264,2770,"mochiquense","mochiquense","tuberous","wild",NA,"SŠrkinen","",""
NA,6119,NA,6935,"81990","","",-10.8,-77.7333,350,"mochiquense","mochiquense","tuberous","wild",NA,"SŠrkinen","",""
NA,6120,NA,6936,"81415","","",-7.43333,-78.9,1300,"mochiquense","mochiquense","tuberous","wild",NA,"SŠrkinen","",""
NA,6121,NA,6937,"81991","","",-12,-76.8333,350,"mochiquense","mochiquense","tuberous","wild",NA,"SŠrkinen","",""
NA,6122,NA,6938,"75089","","",-12.08294,-76.94652,0,"mochiquense","mochiquense","tuberous","wild",NA,"SŠrkinen","",""
NA,6123,NA,6939,"94137","","",-6.8,-78.35,3000,"mochiquense","mochiquense","tuberous","wild",NA,"SŠrkinen","",""
NA,6124,NA,6940,"82641","","",-12.0039,-76.6389,250,"mochiquense","mochiquense","tuberous","wild",NA,"SŠrkinen","",""
NA,6125,NA,6941,"70848","","",-7.54,-79.04,400,"mochiquense","mochiquense","tuberous","wild",NA,"SŠrkinen","",""
NA,6126,NA,6942,"75348","","",-5.363576,-79.57967,2000,"mochiquense","mochiquense","tuberous","wild",NA,"SŠrkinen","",""
NA,6127,NA,6943,"82117","","",-12.75,-76.3333,250,"mochiquense","mochiquense","tuberous","wild",NA,"SŠrkinen","",""
NA,6128,NA,6944,"70846","","",-8.351067,-78.7947,400,"mochiquense","mochiquense","tuberous","wild",NA,"SŠrkinen","",""
NA,6129,NA,6945,"75349","","",-7.962342,-79.11003,500,"mochiquense","mochiquense","tuberous","wild",NA,"SŠrkinen","",""
NA,6130,NA,6946,"321601","","",-10.683332,-77.766276,NA,"mochiquense","mochiquense","tuberous","germplasm",NA,"SŠrkinen","",""
NA,6131,NA,6947,"PI 338615","","",-11.35,-77.383333,NA,"mochiquense","mochiquense","tuberous","germplasm",24,"SŠrkinen","",""
NA,6135,NA,6951,"CIP 761929","","",19.3408,-99.6272,2400,"morelliforme","morelliforme","tuberous","germplasm",24,"SŠrkinen","",""
NA,6136,NA,6952,"CIP 764252","","",19.6169,-97.0581,NA,"morelliforme","morelliforme","tuberous","germplasm",24,"SŠrkinen","",""
NA,6137,NA,6953,"CIP 764293","","",16.5,-92.3167,NA,"morelliforme","morelliforme","tuberous","germplasm",24,"SŠrkinen","",""
NA,6138,NA,6954,"CIP 764271","","",15.1333,-92.1167,NA,"morelliforme","morelliforme","tuberous","germplasm",24,"SŠrkinen","",""
NA,6139,NA,6955,"88891","","",19.6166,-97.0333,2200,"morelliforme","morelliforme","tuberous","wild",NA,"SŠrkinen","",""
NA,6140,NA,6956,"89498","","",19.05,-100.05,0,"morelliforme","morelliforme","tuberous","wild",NA,"SŠrkinen","",""
NA,6141,NA,6957,"90825","","",19.01,-98.02,2500,"morelliforme","morelliforme","tuberous","wild",NA,"SŠrkinen","",""
NA,6142,NA,6958,"88427","","",15.008,-92.007,2900,"morelliforme","morelliforme","tuberous","wild",NA,"SŠrkinen","",""
NA,6143,NA,6959,"90022","","",19.23,-100.18,2350,"morelliforme","morelliforme","tuberous","wild",NA,"SŠrkinen","",""
NA,6144,NA,6960,"88872","","",19.09,-99.56,2400,"morelliforme","morelliforme","tuberous","wild",NA,"SŠrkinen","",""
NA,6145,NA,6961,"90903","","",20.4,-100.14,2640,"morelliforme","morelliforme","tuberous","wild",NA,"SŠrkinen","",""
NA,6146,NA,6962,"90482","","",19.58,-98.93,1900,"morelliforme","morelliforme","tuberous","wild",NA,"SŠrkinen","",""
NA,6147,NA,6963,"90655","","",16.565,-92.49,2135,"morelliforme","morelliforme","tuberous","wild",NA,"SŠrkinen","",""
NA,6148,NA,6964,"90814","","",17.33,-99.3,2200,"morelliforme","morelliforme","tuberous","wild",NA,"SŠrkinen","",""
NA,6149,NA,6965,"88409","","",14.0556,-91.0203,2810,"morelliforme","morelliforme","tuberous","wild",NA,"SŠrkinen","",""
NA,6150,NA,6966,"88716","","",19.2657,-103.57,2280,"morelliforme","morelliforme","tuberous","wild",NA,"SŠrkinen","",""
NA,6151,NA,6967,"90255","","",19.4,-98.35,2150,"morelliforme","morelliforme","tuberous","wild",NA,"SŠrkinen","",""
NA,6152,NA,6968,"89800","","",21.2166,-99.1,1870,"morelliforme","morelliforme","tuberous","wild",NA,"SŠrkinen","",""
NA,6153,NA,6969,"89956","","",16.45,-92.35,2300,"morelliforme","morelliforme","tuberous","wild",NA,"SŠrkinen","",""
NA,6154,NA,6970,"89791","","",20.3753,-98.375,0,"morelliforme","morelliforme","tuberous","wild",NA,"SŠrkinen","",""
NA,6155,NA,6971,"90492","","",19.6882,-97.1266,2270,"morelliforme","morelliforme","tuberous","wild",NA,"SŠrkinen","",""
NA,6156,NA,6972,"90304","","",19.566,-97.233,2100,"morelliforme","morelliforme","tuberous","wild",NA,"SŠrkinen","",""
NA,6157,NA,6973,"89955","","",16.3,-92.19,2400,"morelliforme","morelliforme","tuberous","wild",NA,"SŠrkinen","",""
NA,6158,NA,6974,"88636","","",20.47,-102.09,2480,"morelliforme","morelliforme","tuberous","wild",NA,"SŠrkinen","",""
NA,6159,NA,6975,"89871","","",18.0957,-96.5952,2370,"morelliforme","morelliforme","tuberous","wild",NA,"SŠrkinen","",""
NA,6160,NA,6976,"88918","","",18.7166,-97.3166,2600,"morelliforme","morelliforme","tuberous","wild",NA,"SŠrkinen","",""
NA,6161,NA,6977,"89355","","",20.55,-98.4833,2300,"morelliforme","morelliforme","tuberous","wild",NA,"SŠrkinen","",""
NA,6162,NA,6978,"89129","","",14.0666,-87.4666,1600,"morelliforme","morelliforme","tuberous","wild",NA,"SŠrkinen","",""
NA,6163,NA,6979,"88931","","",16.75,-92.6333,2500,"morelliforme","morelliforme","tuberous","wild",NA,"SŠrkinen","",""
NA,6164,NA,6980,"88856","","",19.55,-102.05,2250,"morelliforme","morelliforme","tuberous","wild",NA,"SŠrkinen","",""
NA,6166,NA,6982,"498264","","",18.49361,-97.411308,NA,"morelliforme","morelliforme","tuberous","germplasm",NA,"SŠrkinen","",""
NA,6167,NA,6983,"PI 243357","","",14.766667,-91,NA,"morelliforme","morelliforme","tuberous","germplasm",24,"SŠrkinen","",""
NA,6169,NA,6985,"PI 275221","","",14.883333,-91.116667,NA,"morelliforme","morelliforme","tuberous","germplasm",24,"SŠrkinen","",""
NA,6171,NA,6987,"PI 498003","","",19.15,-99.933333,NA,"morelliforme","morelliforme","tuberous","germplasm",24,"SŠrkinen","",""
NA,6173,NA,6989,"PI 558440","","",16.5,-92.316667,NA,"morelliforme","morelliforme","tuberous","germplasm",NA,"SŠrkinen","",""
NA,6175,NA,6991,"PI 604046","","",14.9217,-91.3317,NA,"morelliforme","morelliforme","tuberous","germplasm",24,"SŠrkinen","",""
NA,6176,NA,6992,"PI 604050","","",15.7667,-91.5051,NA,"morelliforme","morelliforme","tuberous","germplasm",NA,"SŠrkinen","",""
NA,6177,NA,6993,"PI 604061","","",15.1333,-92.0934,NA,"morelliforme","morelliforme","tuberous","germplasm",24,"SŠrkinen","",""
NA,6178,NA,6994,"CIP 762418","","",-9.7308,-77.8189,3750,"multiinterruptum","multiinterruptum","tuberous","germplasm",24,"SŠrkinen","",""
NA,6179,NA,6995,"CIP 762419","","",-9.7881,-77.7872,3495,"multiinterruptum","multiinterruptum","tuberous","germplasm",24,"SŠrkinen","",""
NA,6180,NA,6996,"CIP 761266","","",-9.6342,-77.7653,3661,"multiinterruptum","multiinterruptum","tuberous","germplasm",24,"SŠrkinen","",""
NA,6181,NA,6997,"CIP 762242","","",-9.8972,-77.7447,3400,"multiinterruptum","multiinterruptum","tuberous","germplasm",NA,"SŠrkinen","",""
NA,6182,NA,6998,"CIP 761257","","",-9.8747,-77.7078,2945,"multiinterruptum","multiinterruptum","tuberous","germplasm",24,"SŠrkinen","",""
NA,6189,NA,7005,"CIP 762916","","",-9.5511,-77.6711,3756,"multiinterruptum","multiinterruptum","tuberous","germplasm",24,"SŠrkinen","",""
NA,6190,NA,7006,"CIP 762953","","",-9.5519,-77.67,3756,"multiinterruptum","multiinterruptum","tuberous","germplasm",24,"SŠrkinen","",""
NA,6191,NA,7007,"CIP 765949","","",-9.5333,-77.6666,3632,"multiinterruptum","multiinterruptum","tuberous","germplasm",NA,"SŠrkinen","",""
NA,6193,NA,7009,"CIP 762971","","",-9.7869,-77.6411,3325,"multiinterruptum","multiinterruptum","tuberous","germplasm",24,"SŠrkinen","",""
NA,6194,NA,7010,"CIP 765953","","",-9.7833,-77.6,3337,"multiinterruptum","multiinterruptum","tuberous","germplasm",NA,"SŠrkinen","",""
NA,6195,NA,7011,"CIP 761267","","",-9.4789,-77.5864,3971,"multiinterruptum","multiinterruptum","tuberous","germplasm",24,"SŠrkinen","",""
NA,6196,NA,7012,"CIP 762244","","",-9.8003,-77.5675,3200,"multiinterruptum","multiinterruptum","tuberous","germplasm",24,"SŠrkinen","",""
NA,6197,NA,7013,"CIP 762979","","",-10.1531,-77.3839,3726,"multiinterruptum","multiinterruptum","tuberous","germplasm",24,"SŠrkinen","",""
NA,6198,NA,7014,"CIP 761420","","",-10.3772,-77.3769,3793,"multiinterruptum","multiinterruptum","tuberous","germplasm",24,"SŠrkinen","",""
NA,6199,NA,7015,"CIP 761018","","",-10.09,-77.3747,3450,"multiinterruptum","multiinterruptum","tuberous","germplasm",24,"SŠrkinen","",""
NA,6203,NA,7019,"CIP 761424","","",-10.3803,-77.3644,3600,"multiinterruptum","multiinterruptum","tuberous","germplasm",24,"SŠrkinen","",""
NA,6204,NA,7020,"CIP 762403","","",-10.1317,-77.3511,3654,"multiinterruptum","multiinterruptum","tuberous","germplasm",24,"SŠrkinen","",""
NA,6210,NA,7026,"CIP 762978","","",-10.1639,-77.3389,3654,"multiinterruptum","multiinterruptum","tuberous","germplasm",24,"SŠrkinen","",""
NA,6211,NA,7027,"CIP 766004","","",-10.15,-77.32,3840,"multiinterruptum","multiinterruptum","tuberous","germplasm",NA,"SŠrkinen","",""
NA,6212,NA,7028,"CIP 765958","","",-10.15,-77.3166,3866,"multiinterruptum","multiinterruptum","tuberous","germplasm",NA,"SŠrkinen","",""
NA,6213,NA,7029,"CIP 761422","","",-10.1892,-77.3011,3979,"multiinterruptum","multiinterruptum","tuberous","germplasm",24,"SŠrkinen","",""
NA,6214,NA,7030,"CIP 761427","","",-10.3794,-77.215,3942,"multiinterruptum","multiinterruptum","tuberous","germplasm",24,"SŠrkinen","",""
NA,6215,NA,7031,"CIP 762975","","",-10.125,-77.1811,3890,"multiinterruptum","multiinterruptum","tuberous","germplasm",24,"SŠrkinen","",""
NA,6216,NA,7032,"CIP 762976","","",-10.135,-77.1731,3698,"multiinterruptum","multiinterruptum","tuberous","germplasm",24,"SŠrkinen","",""
NA,6217,NA,7033,"CIP 762977","","",-10.1531,-77.1439,3228,"multiinterruptum","multiinterruptum","tuberous","germplasm",24,"SŠrkinen","",""
NA,6218,NA,7034,"CIP 762088","","",-10.6378,-76.9886,3897,"multiinterruptum","multiinterruptum","tuberous","germplasm",24,"SŠrkinen","",""
NA,6219,NA,7035,"CIP 762091","","",-10.7497,-76.9878,3400,"multiinterruptum","multiinterruptum","tuberous","germplasm",24,"SŠrkinen","",""
NA,6220,NA,7036,"CIP 761506","","",-10.4617,-76.945,3893,"multiinterruptum","multiinterruptum","tuberous","germplasm",24,"SŠrkinen","",""
NA,6222,NA,7038,"CIP 762105","","",-11.55,-76.8436,3400,"multiinterruptum","multiinterruptum","tuberous","germplasm",24,"SŠrkinen","",""
NA,6226,NA,7042,"CIP 762107","","",-11.4722,-76.78,3482,"multiinterruptum","multiinterruptum","tuberous","germplasm",24,"SŠrkinen","",""
NA,6227,NA,7043,"CIP 762894","","",-11.47,-76.775,3482,"multiinterruptum","multiinterruptum","tuberous","germplasm",24,"SŠrkinen","",""
NA,6228,NA,7044,"CIP 761512","","",-10.6697,-76.7581,3800,"multiinterruptum","multiinterruptum","tuberous","germplasm",24,"SŠrkinen","",""
NA,6229,NA,7045,"CIP 765823","","",-11.4887,-76.7552,3375,"multiinterruptum","multiinterruptum","tuberous","germplasm",NA,"SŠrkinen","",""
NA,6232,NA,7048,"CIP 762893","","",-11.4969,-76.7539,3374,"multiinterruptum","multiinterruptum","tuberous","germplasm",24,"SŠrkinen","",""
NA,6233,NA,7049,"CIP 762892","","",-11.5069,-76.7411,3405,"multiinterruptum","multiinterruptum","tuberous","germplasm",24,"SŠrkinen","",""
NA,6234,NA,7050,"CIP 765821","","",-11.5169,-76.7309,3247,"multiinterruptum","multiinterruptum","tuberous","germplasm",NA,"SŠrkinen","",""
NA,6235,NA,7051,"CIP 765828","","",-11.2558,-76.7199,2182,"multiinterruptum","multiinterruptum","tuberous","germplasm",NA,"SŠrkinen","",""
NA,6236,NA,7052,"CIP 765825","","",-11.5064,-76.716,3350,"multiinterruptum","multiinterruptum","tuberous","germplasm",NA,"SŠrkinen","",""
NA,6237,NA,7053,"CIP 762106","","",-11.6219,-76.6703,2512,"multiinterruptum","multiinterruptum","tuberous","germplasm",24,"SŠrkinen","",""
NA,6238,NA,7054,"CIP 762094","","",-11.1267,-76.665,3300,"multiinterruptum","multiinterruptum","tuberous","germplasm",24,"SŠrkinen","",""
NA,6239,NA,7055,"CIP 762096","","",-11.1853,-76.6467,3332,"multiinterruptum","multiinterruptum","tuberous","germplasm",24,"SŠrkinen","",""
NA,6240,NA,7056,"CIP 762098","","",-11.1833,-76.6369,3377,"multiinterruptum","multiinterruptum","tuberous","germplasm",24,"SŠrkinen","",""
NA,6242,NA,7058,"CIP 761203","","",-11.4669,-76.6239,2833,"multiinterruptum","multiinterruptum","tuberous","germplasm",24,"SŠrkinen","",""
NA,6243,NA,7059,"CIP 764013","","",-11.5325,-76.6169,3627,"multiinterruptum","multiinterruptum","tuberous","germplasm",24,"SŠrkinen","",""
NA,6244,NA,7060,"CIP 761568","","",-11.7347,-76.61,2269,"multiinterruptum","multiinterruptum","tuberous","germplasm",24,"SŠrkinen","",""
NA,6245,NA,7061,"CIP 765851","","",-11.739,-76.6058,2650,"multiinterruptum","multiinterruptum","tuberous","germplasm",NA,"SŠrkinen","",""
NA,6246,NA,7062,"CIP 762095","","",-11.2664,-76.5886,4395,"multiinterruptum","multiinterruptum","tuberous","germplasm",24,"SŠrkinen","",""
NA,6247,NA,7063,"CIP 762903","","",-11.705,-76.5689,2992,"multiinterruptum","multiinterruptum","tuberous","germplasm",24,"SŠrkinen","",""
NA,6248,NA,7064,"CIP 762103","","",-11.3692,-76.5111,4489,"multiinterruptum","multiinterruptum","tuberous","germplasm",24,"SŠrkinen","",""
NA,6249,NA,7065,"CIP 761199","","",-11.4011,-76.5025,3600,"multiinterruptum","multiinterruptum","tuberous","germplasm",24,"SŠrkinen","",""
NA,6250,NA,7066,"CIP 762905","","",-11.6331,-76.4519,3755,"multiinterruptum","multiinterruptum","tuberous","germplasm",24,"SŠrkinen","",""
NA,6251,NA,7067,"CIP 761324","","",-11.9397,-76.4256,3276,"multiinterruptum","multiinterruptum","tuberous","germplasm",24,"SŠrkinen","",""
NA,6254,NA,7070,"CIP 762073","","",-12.2078,-76.3492,3873,"multiinterruptum","multiinterruptum","tuberous","germplasm",24,"SŠrkinen","",""
NA,6255,NA,7071,"CIP 762931","","",-12.1931,-76.2981,3877,"multiinterruptum","multiinterruptum","tuberous","germplasm",24,"SŠrkinen","",""
NA,6256,NA,7072,"CIP 765837","","",-11.7113,-76.2712,3680,"multiinterruptum","multiinterruptum","tuberous","germplasm",NA,"SŠrkinen","",""
NA,6257,NA,7073,"CIP 763491","","",-12.2192,-76.2628,3790,"multiinterruptum","multiinterruptum","tuberous","germplasm",24,"SŠrkinen","",""
NA,6258,NA,7074,"CIP 762082","","",-12.1033,-75.9014,4421,"multiinterruptum","multiinterruptum","tuberous","germplasm",24,"SŠrkinen","",""
NA,6259,NA,7075,"71622","","",-10.13341,-77.17384,3720,"multiinterruptum","multiinterruptum","tuberous","wild",NA,"SŠrkinen","",""
NA,6260,NA,7076,"95074","","",-9.72,-77.47,3800,"multiinterruptum","multiinterruptum","tuberous","wild",NA,"SŠrkinen","",""
NA,6261,NA,7077,"75468","","",-11.40736,-76.56325,0,"multiinterruptum","multiinterruptum","tuberous","wild",NA,"SŠrkinen","",""
NA,6262,NA,7078,"83378","","",-9.91667,-76.2333,3000,"multiinterruptum","multiinterruptum","tuberous","wild",NA,"SŠrkinen","",""
NA,6263,NA,7079,"81506","","",-10.05,-77.0667,3200,"multiinterruptum","multiinterruptum","tuberous","wild",NA,"SŠrkinen","",""
NA,6264,NA,7080,"71627","","",-12.34521,-75.78135,3900,"multiinterruptum","multiinterruptum","tuberous","wild",NA,"SŠrkinen","",""
NA,6265,NA,7081,"75835","","",-11.26132,-76.73247,1280,"multiinterruptum","multiinterruptum","tuberous","wild",NA,"SŠrkinen","",""
NA,6266,NA,7082,"75331","","",-12.52814,-74.99482,3400,"multiinterruptum","multiinterruptum","tuberous","wild",NA,"SŠrkinen","",""
NA,6267,NA,7083,"81883","","",-12.1833,-76.3333,3780,"multiinterruptum","multiinterruptum","tuberous","wild",NA,"SŠrkinen","",""
NA,6268,NA,7084,"71619","","",-11.30074,-76.45236,3327,"multiinterruptum","multiinterruptum","tuberous","wild",NA,"SŠrkinen","",""
NA,6269,NA,7085,"71620","","",-11.55462,-76.29366,1400,"multiinterruptum","multiinterruptum","tuberous","wild",NA,"SŠrkinen","",""
NA,6270,NA,7086,"94500","","",-11.495,-77.20778,3900,"multiinterruptum","multiinterruptum","tuberous","wild",NA,"SŠrkinen","",""
NA,6271,NA,7087,"91754","","",-12.00389,-76.63889,3300,"multiinterruptum","multiinterruptum","tuberous","wild",NA,"SŠrkinen","",""
NA,6272,NA,7088,"81864","","",-11.9167,-76.5333,2500,"multiinterruptum","multiinterruptum","tuberous","wild",NA,"SŠrkinen","",""
NA,6273,NA,7089,"81583","","",-10.95,-76.8,3000,"multiinterruptum","multiinterruptum","tuberous","wild",NA,"SŠrkinen","",""
NA,6274,NA,7090,"75361","","",-10.43382,-77.31779,3600,"multiinterruptum","multiinterruptum","tuberous","wild",NA,"SŠrkinen","",""
NA,6275,NA,7091,"81938","","",-9.76667,-77.6333,3350,"multiinterruptum","multiinterruptum","tuberous","wild",NA,"SŠrkinen","",""
NA,6276,NA,7092,"75467","","",-11.902,-76.428,2800,"multiinterruptum","multiinterruptum","tuberous","wild",NA,"SŠrkinen","",""
NA,6277,NA,7093,"82224","","",-9.666,-77.8333,3500,"multiinterruptum","multiinterruptum","tuberous","wild",NA,"SŠrkinen","",""
NA,6278,NA,7094,"82014","","",-12.6333,-75.8833,3200,"multiinterruptum","multiinterruptum","tuberous","wild",NA,"SŠrkinen","",""
NA,6279,NA,7095,"68733","","",-13.31858,-75.31947,3685,"multiinterruptum","multiinterruptum","tuberous","wild",NA,"SŠrkinen","",""
NA,6280,NA,7096,"81816","","",-9.86667,-77.7333,3200,"multiinterruptum","multiinterruptum","tuberous","wild",NA,"SŠrkinen","",""
NA,6281,NA,7097,"81733","","",-10.4833,-77,3600,"multiinterruptum","multiinterruptum","tuberous","wild",NA,"SŠrkinen","",""
NA,6282,NA,7098,"75357","","",-10.39782,-77.41232,3200,"multiinterruptum","multiinterruptum","tuberous","wild",NA,"SŠrkinen","",""
NA,6283,NA,7099,"71637","","",-11.5376,-76.66705,3200,"multiinterruptum","multiinterruptum","tuberous","wild",NA,"SŠrkinen","",""
NA,6284,NA,7100,"82016","","",-12.4167,-76,3200,"multiinterruptum","multiinterruptum","tuberous","wild",NA,"SŠrkinen","",""
NA,6285,NA,7101,"498312","","",-9.19397,-74.990627,NA,"multiinterruptum","multiinterruptum","tuberous","germplasm",24,"SŠrkinen","",""
NA,6286,NA,7102,"PI 365337","","",-12.4,-75.95,NA,"multiinterruptum","multiinterruptum","tuberous","germplasm",24,"SŠrkinen","",""
NA,6288,NA,7104,"PI 365338","","",-9.716667,-77.466667,NA,"multiinterruptum","multiinterruptum","tuberous","germplasm",24,"SŠrkinen","",""
NA,6290,NA,7106,"PI 498265","","",-8.633333,-77.6,NA,"multiinterruptum","multiinterruptum","tuberous","germplasm",24,"SŠrkinen","",""
NA,6302,NA,7115,"CIP 764033","","",-18.3058,-64.1514,NA,"neocardenasii","neocardenasii","tuberous","germplasm",24,"SŠrkinen","",""
NA,6306,NA,7119,"CIP 760429","","",-18.4897,-64.1069,2017,"neocardenasii","neocardenasii","tuberous","germplasm",24,"SŠrkinen","",""
NA,6307,NA,7120,"84401","","",-18.1,-64.183,1400,"neocardenasii","neocardenasii","tuberous","wild",NA,"SŠrkinen","",""
NA,6308,NA,7121,"81457","","",-17.7333,-63.4333,1400,"neocardenasii","neocardenasii","tuberous","wild",NA,"SŠrkinen","",""
NA,6310,NA,7123,"82269","","",-18.2333,-64.1667,1600,"neocardenasii","neocardenasii","tuberous","wild",NA,"SŠrkinen","",""
NA,6311,NA,7124,"82428","","",-18.1667,-64.2667,1700,"neocardenasii","neocardenasii","tuberous","wild",NA,"SŠrkinen","",""
NA,6312,NA,7125,"84144","","",-18.05,-64.55,1660,"neocardenasii","neocardenasii","tuberous","wild",NA,"SŠrkinen","",""
NA,6313,NA,7126,"80316","","",-18.1333,-64.2167,1400,"neocardenasii","neocardenasii","tuberous","wild",NA,"SŠrkinen","",""
NA,6314,NA,7127,"PI 498129","","",-18.116667,-64.2,NA,"neocardenasii","neocardenasii","tuberous","germplasm",24,"SŠrkinen","",""
NA,6316,NA,7129,"CIP 764172","","",-23.25,-66.0833,NA,"neorossii","neorossii","tuberous","germplasm",24,"SŠrkinen","",""
NA,6317,NA,7130,"CIP 764171","","",-22.25,-65.0833,NA,"neorossii","neorossii","tuberous","germplasm",24,"SŠrkinen","",""
NA,6318,NA,7131,"CIP 764170","","",-22.25,-65.0667,NA,"neorossii","neorossii","tuberous","germplasm",24,"SŠrkinen","",""
NA,6319,NA,7132,"79969","","",-23.7,-65.0666,3100,"neorossii","neorossii","tuberous","wild",NA,"SŠrkinen","",""
NA,6320,NA,7133,"83712","","",-23.5167,-65.2167,3500,"neorossii","neorossii","tuberous","wild",NA,"SŠrkinen","",""
NA,6321,NA,7134,"79356","","",-22.1833,-64.8333,2750,"neorossii","neorossii","tuberous","wild",NA,"SŠrkinen","",""
NA,6322,NA,7135,"79040","","",-23.7334,-65.2501,2800,"neorossii","neorossii","tuberous","wild",NA,"SŠrkinen","",""
NA,6323,NA,7136,"87568","","",-24.4333,-65.95,3650,"neorossii","neorossii","tuberous","wild",NA,"SŠrkinen","",""
NA,6324,NA,7137,"79357","","",-22.2,-64.95,2250,"neorossii","neorossii","tuberous","wild",NA,"SŠrkinen","",""
NA,6325,NA,7138,"77989","","",-23.5666,-65.3666,3100,"neorossii","neorossii","tuberous","wild",NA,"SŠrkinen","",""
NA,6326,NA,7139,"79006","","",-23.2,-64.9166,3500,"neorossii","neorossii","tuberous","wild",NA,"SŠrkinen","",""
NA,6327,NA,7140,"79833","","",-24.62,-65.58,3350,"neorossii","neorossii","tuberous","wild",NA,"SŠrkinen","",""
NA,6328,NA,7141,"79801","","",-22.25,-65.0666,3200,"neorossii","neorossii","tuberous","wild",NA,"SŠrkinen","",""
NA,6329,NA,7142,"87563","","",-25.0333,-65.2833,3200,"neorossii","neorossii","tuberous","wild",NA,"SŠrkinen","",""
NA,6330,NA,7143,"83014","","",-23.1833,-66.2166,3200,"neorossii","neorossii","tuberous","wild",NA,"SŠrkinen","",""
NA,6331,NA,7144,"78362","","",-22.7166,-65.2,2900,"neorossii","neorossii","tuberous","wild",NA,"SŠrkinen","",""
NA,6332,NA,7145,"473201","","",-22.250001,-65.095311,NA,"neorossii","neorossii","tuberous","germplasm",24,"SŠrkinen","",""
NA,6333,NA,7146,"473202","","",-22.250001,-65.092779,NA,"neorossii","neorossii","tuberous","germplasm",24,"SŠrkinen","",""
NA,6334,NA,7147,"PI 473201","","",-22.25,-65.033333,NA,"neorossii","neorossii","tuberous","germplasm",NA,"SŠrkinen","",""
NA,6336,NA,7149,"PI 473202","","",-22.25,-65.083333,NA,"neorossii","neorossii","tuberous","germplasm",NA,"SŠrkinen","",""
NA,6338,NA,7167,"CIP 762496","","",-17.0333,-67.25,3042,"okadae","okadae","tuberous","germplasm",24,"SŠrkinen","",""
NA,6339,NA,7168,"CIP 761349","","",-16.9833,-67.2167,3042,"okadae","okadae","tuberous","germplasm",24,"SŠrkinen","",""
NA,6343,NA,7172,"CIP 762302","","",-16.8258,-67.0814,2700,"okadae","okadae","tuberous","germplasm",24,"SŠrkinen","",""
NA,6346,NA,7175,"CIP 760452","","",-17.0667,-66.8167,3056,"okadae","okadae","tuberous","germplasm",24,"SŠrkinen","",""
NA,6347,NA,7176,"77290","","",-17.4167,-65.4167,3200,"okadae","okadae","tuberous","wild",NA,"SŠrkinen","",""
NA,6348,NA,7177,"81480","","",-17.4167,-66.9167,2750,"okadae","okadae","tuberous","wild",NA,"SŠrkinen","",""
NA,6349,NA,7178,"77282","","",-16.9667,-67.2,2800,"okadae","okadae","tuberous","wild",NA,"SŠrkinen","",""
NA,6351,NA,7180,"77288","","",-17.1,-66.9167,2450,"okadae","okadae","tuberous","wild",NA,"SŠrkinen","",""
NA,6352,NA,7181,"77291","","",-17.5167,-65.2667,3200,"okadae","okadae","tuberous","wild",NA,"SŠrkinen","",""
NA,6353,NA,7182,"77124","","",-17.0333,-65.25,3060,"okadae","okadae","tuberous","wild",NA,"SŠrkinen","",""
NA,6354,NA,7183,"77287","","",-17.2833,-66.6167,2670,"okadae","okadae","tuberous","wild",NA,"SŠrkinen","",""
NA,6355,NA,7184,"77292","","",-20.5,-65.1667,0,"okadae","okadae","tuberous","wild",NA,"SŠrkinen","",""
NA,6358,NA,7187,"PI 498063","","",-17.033333,-67.25,NA,"okadae","okadae","tuberous","germplasm",24,"SŠrkinen","",""
NA,6364,NA,7193,"PI 498130","","",-17.1,-66.916667,NA,"okadae","okadae","tuberous","germplasm",24,"SŠrkinen","",""
NA,6366,NA,7195,"PI 597759","","",-16.95,-67.183333,NA,"okadae","okadae","tuberous","germplasm",24,"SŠrkinen","",""
NA,6370,NA,7281,"CIP 763986","","",18.3328,-97.0669,2640,"oxycarpum","oxycarpum","tuberous","germplasm",48,"SŠrkinen","",""
NA,6371,NA,7282,"CIP 761931","","",18.5903,-95.9867,2181,"oxycarpum","oxycarpum","tuberous","germplasm",48,"SŠrkinen","",""
NA,6372,NA,7283,"CIP 763981","","",16.8183,-92.5803,2950,"oxycarpum","oxycarpum","tuberous","germplasm",48,"SŠrkinen","",""
NA,6374,NA,7285,"88812","","",19.34,-97.14,2100,"oxycarpum","oxycarpum","tuberous","wild",NA,"SŠrkinen","",""
NA,6375,NA,7286,"88898","","",20.251,-98.3739,2130,"oxycarpum","oxycarpum","tuberous","wild",NA,"SŠrkinen","",""
NA,6376,NA,7287,"89909","","",18.1031,-97.0022,2240,"oxycarpum","oxycarpum","tuberous","wild",NA,"SŠrkinen","",""
NA,6377,NA,7288,"89295","","",17.3381,-96.4755,0,"oxycarpum","oxycarpum","tuberous","wild",NA,"SŠrkinen","",""
NA,6378,NA,7289,"89413","","",20.4,-100.14,2660,"oxycarpum","oxycarpum","tuberous","wild",NA,"SŠrkinen","",""
NA,6379,NA,7290,"89887","","",18.0957,-96.5952,2370,"oxycarpum","oxycarpum","tuberous","wild",NA,"SŠrkinen","",""
NA,6380,NA,7291,"89935","","",20.1856,-98.153,2280,"oxycarpum","oxycarpum","tuberous","wild",NA,"SŠrkinen","",""
NA,6381,NA,7292,"88627","","",19.6166,-97.0333,2080,"oxycarpum","oxycarpum","tuberous","wild",NA,"SŠrkinen","",""
NA,6382,NA,7293,"91196","","",18.15,-96.85,0,"oxycarpum","oxycarpum","tuberous","wild",NA,"SŠrkinen","",""
NA,6383,NA,7294,"90817","","",18.14,-96.07,2000,"oxycarpum","oxycarpum","tuberous","wild",NA,"SŠrkinen","",""
NA,6384,NA,7295,"89886","","",17.31,-96.31,2850,"oxycarpum","oxycarpum","tuberous","wild",NA,"SŠrkinen","",""
NA,6385,NA,7296,"88817","","",19.4,-98.35,2150,"oxycarpum","oxycarpum","tuberous","wild",NA,"SŠrkinen","",""
NA,6386,NA,7297,"89419","","",18.4928,-97.3955,2000,"oxycarpum","oxycarpum","tuberous","wild",NA,"SŠrkinen","",""
NA,6387,NA,7298,"89009","","",17.165,-96.0833,2550,"oxycarpum","oxycarpum","tuberous","wild",NA,"SŠrkinen","",""
NA,6388,NA,7299,"88687","","",19.55,-97.26,1950,"oxycarpum","oxycarpum","tuberous","wild",NA,"SŠrkinen","",""
NA,6389,NA,7300,"89442","","",17.053,-96.78,0,"oxycarpum","oxycarpum","tuberous","wild",NA,"SŠrkinen","",""
NA,6390,NA,7301,"90154","","",18.15,-96.75,2060,"oxycarpum","oxycarpum","tuberous","wild",NA,"SŠrkinen","",""
NA,6391,NA,7302,"595525","","",18.302017,-96.951825,NA,"oxycarpum","oxycarpum","tuberous","germplasm",NA,"SŠrkinen","",""
NA,6392,NA,7303,"PI 230479","","",18.233333,-96.116667,NA,"oxycarpum","oxycarpum","tuberous","germplasm",48,"SŠrkinen","",""
NA,6394,NA,7305,"PI 498272","","",18.590278,-96.986667,NA,"oxycarpum","oxycarpum","tuberous","germplasm",48,"SŠrkinen","",""
NA,6396,NA,7307,"PI 545776","","",17.466667,-96.5,NA,"oxycarpum","oxycarpum","tuberous","germplasm",48,"SŠrkinen","",""
NA,6398,NA,7309,"CIP 761245","","",-5.3119,-79.6258,2081,"paucissectum","paucissectum","tuberous","germplasm",24,"SŠrkinen","",""
NA,6401,NA,7312,"CIP 761241","","",-5.3164,-79.5325,3245,"paucissectum","paucissectum","tuberous","germplasm",24,"SŠrkinen","",""
NA,6403,NA,7314,"CIP 760007","","",-5.8386,-79.4994,2081,"paucissectum","paucissectum","tuberous","germplasm",24,"SŠrkinen","",""
NA,6404,NA,7315,"CIP 762124","","",-5.3981,-79.4597,3200,"paucissectum","paucissectum","tuberous","germplasm",24,"SŠrkinen","",""
NA,6407,NA,7318,"CIP 760956","","",-5.3392,-79.4292,1879,"paucissectum","paucissectum","tuberous","germplasm",24,"SŠrkinen","",""
NA,6410,NA,7321,"92741","","",-5.33,-79.43,3050,"paucissectum","paucissectum","tuberous","wild",NA,"SŠrkinen","",""
NA,6411,NA,7322,"91564","","",-5.5,-79.58333,3250,"paucissectum","paucissectum","tuberous","wild",NA,"SŠrkinen","",""
NA,6412,NA,7323,"83080","","",-5.5,-79.5833,2900,"paucissectum","paucissectum","tuberous","wild",NA,"SŠrkinen","",""
NA,6413,NA,7324,"95073","","",-5.23,-79.47,3000,"paucissectum","paucissectum","tuberous","wild",NA,"SŠrkinen","",""
NA,6417,NA,7335,"CIP 766114","","",21.5,-101.9833333,1950,"pinnatisectum","pinnatisectum","tuberous","germplasm",NA,"SŠrkinen","",""
NA,6418,NA,7336,"CIP 760722","","",21.1167,-101.6667,1800,"pinnatisectum","pinnatisectum","tuberous","germplasm",24,"SŠrkinen","",""
NA,6419,NA,7337,"CIP 766113","","",20.6,-100.3833333,1900,"pinnatisectum","pinnatisectum","tuberous","germplasm",NA,"SŠrkinen","",""
NA,6420,NA,7338,"88698","","",21.07,-101.4,1800,"pinnatisectum","pinnatisectum","tuberous","wild",NA,"SŠrkinen","",""
NA,6421,NA,7339,"90523","","",20.56,-101.77,2200,"pinnatisectum","pinnatisectum","tuberous","wild",NA,"SŠrkinen","",""
NA,6422,NA,7340,"88751","","",21.3,-101.59,1950,"pinnatisectum","pinnatisectum","tuberous","wild",NA,"SŠrkinen","",""
NA,6423,NA,7341,"90233","","",19.6868,-101.331,1950,"pinnatisectum","pinnatisectum","tuberous","wild",NA,"SŠrkinen","",""
NA,6424,NA,7342,"89514","","",19.6,-101.58,0,"pinnatisectum","pinnatisectum","tuberous","wild",NA,"SŠrkinen","",""
NA,6425,NA,7343,"90511","","",19.9666,-101.767,1750,"pinnatisectum","pinnatisectum","tuberous","wild",NA,"SŠrkinen","",""
NA,6426,NA,7344,"89835","","",20.225,-100.87,1750,"pinnatisectum","pinnatisectum","tuberous","wild",NA,"SŠrkinen","",""
NA,6427,NA,7345,"89407","","",20.4093,-101.197,0,"pinnatisectum","pinnatisectum","tuberous","wild",NA,"SŠrkinen","",""
NA,6428,NA,7346,"91233","","",20.9166,-100.75,1981,"pinnatisectum","pinnatisectum","tuberous","wild",NA,"SŠrkinen","",""
NA,6429,NA,7347,"89789","","",20.3242,-103.444,1500,"pinnatisectum","pinnatisectum","tuberous","wild",NA,"SŠrkinen","",""
NA,6430,NA,7348,"90165","","",19.7,-101.12,2000,"pinnatisectum","pinnatisectum","tuberous","wild",NA,"SŠrkinen","",""
NA,6431,NA,7349,"89764","","",19.7029,-101.215,2050,"pinnatisectum","pinnatisectum","tuberous","wild",NA,"SŠrkinen","",""
NA,6432,NA,7350,"89040","","",20.57,-100.32,1940,"pinnatisectum","pinnatisectum","tuberous","wild",NA,"SŠrkinen","",""
NA,6433,NA,7351,"89400","","",20.1421,-103.041,0,"pinnatisectum","pinnatisectum","tuberous","wild",NA,"SŠrkinen","",""
NA,6434,NA,7352,"88832","","",20.3,-100.08,1900,"pinnatisectum","pinnatisectum","tuberous","wild",NA,"SŠrkinen","",""
NA,6435,NA,7353,"90617","","",19.675,-104.35,0,"pinnatisectum","pinnatisectum","tuberous","wild",NA,"SŠrkinen","",""
NA,6436,NA,7354,"89688","","",20.34347,-100.1942,2000,"pinnatisectum","pinnatisectum","tuberous","wild",NA,"SŠrkinen","",""
NA,6437,NA,7355,"88758","","",20.4,-103.2,1600,"pinnatisectum","pinnatisectum","tuberous","wild",NA,"SŠrkinen","",""
NA,6438,NA,7356,"90508","","",19.8795,-100.95,1900,"pinnatisectum","pinnatisectum","tuberous","wild",NA,"SŠrkinen","",""
NA,6439,NA,7357,"90338","","",20.8833,-100.533,2195,"pinnatisectum","pinnatisectum","tuberous","wild",NA,"SŠrkinen","",""
NA,6440,NA,7358,"82909","","",20.15,-102.06,1850,"pinnatisectum","pinnatisectum","tuberous","wild",NA,"SŠrkinen","",""
NA,6441,NA,7359,"88759","","",20.55,-100.45,2000,"pinnatisectum","pinnatisectum","tuberous","wild",NA,"SŠrkinen","",""
NA,6443,NA,7361,"PI 190115","","",19.7,-101.116667,NA,"pinnatisectum","pinnatisectum","tuberous","germplasm",24,"SŠrkinen","",""
NA,6445,NA,7363,"PI 275234","","",21.5,-101.983333,NA,"pinnatisectum","pinnatisectum","tuberous","germplasm",24,"SŠrkinen","",""
NA,6449,NA,7367,"PI 347766","","",21.116667,-101.666667,NA,"pinnatisectum","pinnatisectum","tuberous","germplasm",24,"SŠrkinen","",""
NA,6451,NA,7369,"CIP 761868","","",-5.3119,-79.6258,2200,"piurae","piurae","tuberous","germplasm",24,"SŠrkinen","",""
NA,6452,NA,7370,"CIP 761072","","",-5.1961,-79.5575,3128,"piurae","piurae","tuberous","germplasm",24,"SŠrkinen","",""
NA,6453,NA,7371,"CIP 765861","","",-5.3611,-79.5505,3200,"piurae","piurae","tuberous","germplasm",NA,"SŠrkinen","",""
NA,6455,NA,7373,"CIP 765863","","",-5.3477,-79.54,3155,"piurae","piurae","tuberous","germplasm",NA,"SŠrkinen","",""
NA,6456,NA,7374,"CIP 760953","","",-5.2403,-79.4486,1949,"piurae","piurae","tuberous","germplasm",24,"SŠrkinen","",""
NA,6457,NA,7375,"76835","","",-4.93333,-79.9167,0,"piurae","piurae","tuberous","wild",NA,"SŠrkinen","",""
NA,6458,NA,7376,"91599","","",-5.5,-79.58333,2300,"piurae","piurae","tuberous","wild",NA,"SŠrkinen","",""
NA,6459,NA,7377,"81642","","",-5.36667,-79.8167,3000,"piurae","piurae","tuberous","wild",NA,"SŠrkinen","",""
NA,6460,NA,7378,"74954","","",-5.217003,-79.39914,3000,"piurae","piurae","tuberous","wild",NA,"SŠrkinen","",""
NA,6461,NA,7379,"81277","","",-5.04361,-79.7322,3060,"piurae","piurae","tuberous","wild",NA,"SŠrkinen","",""
NA,6462,NA,7380,"PI 310997","","",-5.5,-79.666667,NA,"piurae","piurae","tuberous","germplasm",24,"SŠrkinen","",""
NA,6467,NA,7384,"CIP 760724","","",19.7,-101.1167,1995,"polyadenium","polyadenium","tuberous","germplasm",24,"SŠrkinen","",""
NA,6469,NA,7386,"CIP 761911","","",20.3833,-100,1920,"polyadenium","polyadenium","tuberous","germplasm",24,"SŠrkinen","",""
NA,6470,NA,7387,"CIP 760725","","",19.3,-97.6333,2510,"polyadenium","polyadenium","tuberous","germplasm",24,"SŠrkinen","",""
NA,6471,NA,7388,"CIP 760726","","",18.85,-97.1,1238,"polyadenium","polyadenium","tuberous","germplasm",24,"SŠrkinen","",""
NA,6472,NA,7389,"89270","","",18.9901,-97.2442,2195,"polyadenium","polyadenium","tuberous","wild",NA,"SŠrkinen","",""
NA,6473,NA,7390,"90510","","",19.95,-100.96,1950,"polyadenium","polyadenium","tuberous","wild",NA,"SŠrkinen","",""
NA,6474,NA,7391,"89275","","",18.15,-96.85,2120,"polyadenium","polyadenium","tuberous","wild",NA,"SŠrkinen","",""
NA,6475,NA,7392,"90208","","",17.15,-96.02,1900,"polyadenium","polyadenium","tuberous","wild",NA,"SŠrkinen","",""
NA,6476,NA,7393,"90526","","",20.766,-99.46,2100,"polyadenium","polyadenium","tuberous","wild",NA,"SŠrkinen","",""
NA,6477,NA,7394,"88947","","",19.62,-100.7,1950,"polyadenium","polyadenium","tuberous","wild",NA,"SŠrkinen","",""
NA,6478,NA,7395,"89030","","",19.36,-101.21,1950,"polyadenium","polyadenium","tuberous","wild",NA,"SŠrkinen","",""
NA,6479,NA,7396,"82600","","",19.375,-97.48,2210,"polyadenium","polyadenium","tuberous","wild",NA,"SŠrkinen","",""
NA,6480,NA,7397,"91474","","",18.8333,-97.1,0,"polyadenium","polyadenium","tuberous","wild",NA,"SŠrkinen","",""
NA,6481,NA,7398,"89149","","",19.033,-100.05,2750,"polyadenium","polyadenium","tuberous","wild",NA,"SŠrkinen","",""
NA,6482,NA,7399,"91428","","",20.2,-99.56,2150,"polyadenium","polyadenium","tuberous","wild",NA,"SŠrkinen","",""
NA,6483,NA,7400,"89988","","",19.35,-103.34,2725,"polyadenium","polyadenium","tuberous","wild",NA,"SŠrkinen","",""
NA,6484,NA,7401,"90250","","",19.18,-97.38,2510,"polyadenium","polyadenium","tuberous","wild",NA,"SŠrkinen","",""
NA,6485,NA,7402,"90917","","",21,-99.08,2400,"polyadenium","polyadenium","tuberous","wild",NA,"SŠrkinen","",""
NA,6487,NA,7404,"89908","","",18.1,-97.02,2120,"polyadenium","polyadenium","tuberous","wild",NA,"SŠrkinen","",""
NA,6488,NA,7405,"77888","","",19.8166,-98.6,2650,"polyadenium","polyadenium","tuberous","wild",NA,"SŠrkinen","",""
NA,6489,NA,7406,"82684","","",19.71,-101.13,2200,"polyadenium","polyadenium","tuberous","wild",NA,"SŠrkinen","",""
NA,6490,NA,7407,"89137","","",19.44,-101.37,0,"polyadenium","polyadenium","tuberous","wild",NA,"SŠrkinen","",""
NA,6491,NA,7408,"82696","","",19.51838,-99.19026,2311,"polyadenium","polyadenium","tuberous","wild",NA,"SŠrkinen","",""
NA,6492,NA,7409,"77886","","",20.3329,-103.412,1900,"polyadenium","polyadenium","tuberous","wild",NA,"SŠrkinen","",""
NA,6493,NA,7410,"88801","","",19.95,-99.3,2150,"polyadenium","polyadenium","tuberous","wild",NA,"SŠrkinen","",""
NA,6494,NA,7411,"PI 161728","","",19.733333,-101.616667,NA,"polyadenium","polyadenium","tuberous","germplasm",24,"SŠrkinen","",""
NA,6496,NA,7413,"PI 320342","","",19.7,-101.116667,NA,"polyadenium","polyadenium","tuberous","germplasm",24,"SŠrkinen","",""
NA,6498,NA,7415,"PI 498273","","",19.6,-101.35,NA,"polyadenium","polyadenium","tuberous","germplasm",24,"SŠrkinen","",""
NA,6500,NA,7417,"CIP 763291","","",-13.4658,-72.6197,3500,"raphanifolium","raphanifolium","tuberous","germplasm",24,"SŠrkinen","",""
NA,6501,NA,7418,"CIP 761786","","",-13.1761,-72.5511,2123,"raphanifolium","raphanifolium","tuberous","germplasm",24,"SŠrkinen","",""
NA,6505,NA,7422,"CIP 761013","","",-14.4361,-72.5228,3250,"raphanifolium","raphanifolium","tuberous","germplasm",24,"SŠrkinen","",""
NA,6506,NA,7423,"CIP 762000","","",-13.2031,-72.5028,3100,"raphanifolium","raphanifolium","tuberous","germplasm",24,"SŠrkinen","",""
NA,6507,NA,7424,"CIP 765893","","",-13.2142,-72.3006,2921,"raphanifolium","raphanifolium","tuberous","germplasm",NA,"SŠrkinen","",""
NA,6508,NA,7425,"CIP 761671","","",-13.3697,-72.2775,3500,"raphanifolium","raphanifolium","tuberous","germplasm",24,"SŠrkinen","",""
NA,6512,NA,7429,"CIP 761127","","",-13.4878,-72.1606,3460,"raphanifolium","raphanifolium","tuberous","germplasm",24,"SŠrkinen","",""
NA,6513,NA,7430,"CIP 761675","","",-13.245,-72.1317,3200,"raphanifolium","raphanifolium","tuberous","germplasm",24,"SŠrkinen","",""
NA,6517,NA,7434,"CIP 765903","","",-13.3212,-72.1196,3178,"raphanifolium","raphanifolium","tuberous","germplasm",NA,"SŠrkinen","",""
NA,6518,NA,7435,"CIP 765902","","",-13.3192,-72.1191,3153,"raphanifolium","raphanifolium","tuberous","germplasm",NA,"SŠrkinen","",""
NA,6519,NA,7436,"CIP 765900","","",-13.3166,-72.1145,3046,"raphanifolium","raphanifolium","tuberous","germplasm",NA,"SŠrkinen","",""
NA,6520,NA,7437,"CIP 761794","","",-13.2942,-72.0733,3500,"raphanifolium","raphanifolium","tuberous","germplasm",24,"SŠrkinen","",""
NA,6521,NA,7438,"CIP 765874","","",-13.4981,-72.0334,3517,"raphanifolium","raphanifolium","tuberous","germplasm",NA,"SŠrkinen","",""
NA,6522,NA,7439,"CIP 761640","","",-13.4917,-71.9881,2966,"raphanifolium","raphanifolium","tuberous","germplasm",24,"SŠrkinen","",""
NA,6526,NA,7443,"CIP 760355","","",-13.5039,-71.9861,3583,"raphanifolium","raphanifolium","tuberous","germplasm",24,"SŠrkinen","",""
NA,6532,NA,7449,"CIP 761638","","",-13.5514,-71.9814,3230,"raphanifolium","raphanifolium","tuberous","germplasm",24,"SŠrkinen","",""
NA,6533,NA,7450,"CIP 761059","","",-13.4878,-71.9786,3839,"raphanifolium","raphanifolium","tuberous","germplasm",24,"SŠrkinen","",""
NA,6534,NA,7451,"CIP 761977","","",-13.2639,-71.9553,3100,"raphanifolium","raphanifolium","tuberous","germplasm",24,"SŠrkinen","",""
NA,6535,NA,7452,"CIP 761990","","",-13.2658,-71.9236,3418,"raphanifolium","raphanifolium","tuberous","germplasm",24,"SŠrkinen","",""
NA,6536,NA,7453,"CIP 761106","","",-13.4797,-71.9222,3609,"raphanifolium","raphanifolium","tuberous","germplasm",24,"SŠrkinen","",""
NA,6537,NA,7454,"CIP 765909","","",-13.5523,-71.8738,3204,"raphanifolium","raphanifolium","tuberous","germplasm",NA,"SŠrkinen","",""
NA,6538,NA,7455,"CIP 763354","","",-13.5578,-71.8733,3672,"raphanifolium","raphanifolium","tuberous","germplasm",24,"SŠrkinen","",""
NA,6539,NA,7456,"CIP 762021","","",-13.5578,-71.8647,3672,"raphanifolium","raphanifolium","tuberous","germplasm",24,"SŠrkinen","",""
NA,6540,NA,7457,"CIP 760351","","",-13.4208,-71.8511,2966,"raphanifolium","raphanifolium","tuberous","germplasm",24,"SŠrkinen","",""
NA,6547,NA,7464,"CIP 761683","","",-13.5825,-71.8136,3119,"raphanifolium","raphanifolium","tuberous","germplasm",24,"SŠrkinen","",""
NA,6548,NA,7465,"CIP 761742","","",-13.3892,-71.8089,3050,"raphanifolium","raphanifolium","tuberous","germplasm",24,"SŠrkinen","",""
NA,6549,NA,7466,"CIP 761655","","",-13.5736,-71.7886,3120,"raphanifolium","raphanifolium","tuberous","germplasm",24,"SŠrkinen","",""
NA,6550,NA,7467,"CIP 765752","","",-13.4178,-71.7702,4339,"raphanifolium","raphanifolium","tuberous","germplasm",NA,"SŠrkinen","",""
NA,6551,NA,7468,"CIP 765906","","",-13.3955,-71.7526,3962,"raphanifolium","raphanifolium","tuberous","germplasm",NA,"SŠrkinen","",""
NA,6552,NA,7469,"CIP 763391","","",-14.7822,-71.6892,4041,"raphanifolium","raphanifolium","tuberous","germplasm",NA,"SŠrkinen","",""
NA,6553,NA,7470,"CIP 762393","","",-13.8928,-71.6725,3650,"raphanifolium","raphanifolium","tuberous","germplasm",24,"SŠrkinen","",""
NA,6554,NA,7471,"CIP 761116","","",-14.0536,-71.6244,3735,"raphanifolium","raphanifolium","tuberous","germplasm",24,"SŠrkinen","",""
NA,6555,NA,7472,"CIP 761700","","",-13.3186,-71.5956,2923,"raphanifolium","raphanifolium","tuberous","germplasm",24,"SŠrkinen","",""
NA,6556,NA,7473,"CIP 761110","","",-14.0361,-71.5708,3699,"raphanifolium","raphanifolium","tuberous","germplasm",24,"SŠrkinen","",""
NA,6561,NA,7478,"CIP 761759","","",-13.805,-71.5331,3350,"raphanifolium","raphanifolium","tuberous","germplasm",24,"SŠrkinen","",""
NA,6562,NA,7479,"CIP 761692","","",-13.3219,-71.4961,3500,"raphanifolium","raphanifolium","tuberous","germplasm",24,"SŠrkinen","",""
NA,6565,NA,7482,"CIP 761633","","",-13.9836,-71.4889,3426,"raphanifolium","raphanifolium","tuberous","germplasm",24,"SŠrkinen","",""
NA,6568,NA,7485,"CIP 765915","","",-14.3805,-71.4848,3619,"raphanifolium","raphanifolium","tuberous","germplasm",NA,"SŠrkinen","",""
NA,6569,NA,7486,"CIP 762388","","",-14.4914,-71.4783,3800,"raphanifolium","raphanifolium","tuberous","germplasm",24,"SŠrkinen","",""
NA,6570,NA,7487,"CIP 761695","","",-12.9881,-71.4289,686,"raphanifolium","raphanifolium","tuberous","germplasm",24,"SŠrkinen","",""
NA,6571,NA,7488,"CIP 762705","","",-13.6222,-71.3717,3717,"raphanifolium","raphanifolium","tuberous","germplasm",NA,"SŠrkinen","",""
NA,6572,NA,7489,"CIP 762827","","",-14.2725,-71.2253,3550,"raphanifolium","raphanifolium","tuberous","germplasm",24,"SŠrkinen","",""
NA,6573,NA,7490,"CIP 765920","","",-14.2677,-71.2233,3627,"raphanifolium","raphanifolium","tuberous","germplasm",NA,"SŠrkinen","",""
NA,6574,NA,7491,"CIP 765759","","",-14.2677,-71.2232,3632,"raphanifolium","raphanifolium","tuberous","germplasm",NA,"SŠrkinen","",""
NA,6575,NA,7492,"CIP 761632","","",-14.3578,-71.1683,3693,"raphanifolium","raphanifolium","tuberous","germplasm",24,"SŠrkinen","",""
NA,6579,NA,7496,"CIP 762826","","",-14.3597,-71.1642,3693,"raphanifolium","raphanifolium","tuberous","germplasm",24,"SŠrkinen","",""
NA,6580,NA,7497,"CIP 761410","","",-14.4867,-71.1619,3550,"raphanifolium","raphanifolium","tuberous","germplasm",24,"SŠrkinen","",""
NA,6582,NA,7499,"CIP 761976","","",-14.2508,-71.1039,3700,"raphanifolium","raphanifolium","tuberous","germplasm",24,"SŠrkinen","",""
NA,6583,NA,7500,"CIP 761618","","",-14.4783,-70.9622,4640,"raphanifolium","raphanifolium","tuberous","germplasm",24,"SŠrkinen","",""
NA,6584,NA,7501,"CIP 761973","","",-14.4511,-70.66,4055,"raphanifolium","raphanifolium","tuberous","germplasm",24,"SŠrkinen","",""
NA,6585,NA,7502,"92103","","",-14.36667,-71.13333,0,"raphanifolium","raphanifolium","tuberous","wild",NA,"SŠrkinen","",""
NA,6586,NA,7503,"94978","","",-13.56667,-71.7,3000,"raphanifolium","raphanifolium","tuberous","wild",NA,"SŠrkinen","",""
NA,6587,NA,7504,"95263","","",-14.4167,-72.75,3350,"raphanifolium","raphanifolium","tuberous","wild",NA,"SŠrkinen","",""
NA,6588,NA,7505,"94669","","",-14.58333,-70.31667,4000,"raphanifolium","raphanifolium","tuberous","wild",NA,"SŠrkinen","",""
NA,6589,NA,7506,"83654","","",-13.9425,-71.70764,3050,"raphanifolium","raphanifolium","tuberous","wild",NA,"SŠrkinen","",""
NA,6590,NA,7507,"91949","","",-13.2,-72.05,3200,"raphanifolium","raphanifolium","tuberous","wild",NA,"SŠrkinen","",""
NA,6591,NA,7508,"75145","","",-13.38452,-71.9028,2949,"raphanifolium","raphanifolium","tuberous","wild",NA,"SŠrkinen","",""
NA,6592,NA,7509,"82298","","",-14.2667,-71.2333,3700,"raphanifolium","raphanifolium","tuberous","wild",NA,"SŠrkinen","",""
NA,6593,NA,7510,"81611","","",-13.1994,-72.4447,3100,"raphanifolium","raphanifolium","tuberous","wild",NA,"SŠrkinen","",""
NA,6594,NA,7511,"82189","","",-13.9833,-71.6,3800,"raphanifolium","raphanifolium","tuberous","wild",NA,"SŠrkinen","",""
NA,6595,NA,7512,"94314","","",-13.6,-71.45,3200,"raphanifolium","raphanifolium","tuberous","wild",NA,"SŠrkinen","",""
NA,6596,NA,7513,"82094","","",-14.1019,-72.7067,3000,"raphanifolium","raphanifolium","tuberous","wild",NA,"SŠrkinen","",""
NA,6597,NA,7514,"81909","","",-13.3156,-71.5917,3160,"raphanifolium","raphanifolium","tuberous","wild",NA,"SŠrkinen","",""
NA,6598,NA,7515,"82089","","",-14.0833,-72.5833,3000,"raphanifolium","raphanifolium","tuberous","wild",NA,"SŠrkinen","",""
NA,6600,NA,7517,"83003","","",-13.4833,-72.3833,3100,"raphanifolium","raphanifolium","tuberous","wild",NA,"SŠrkinen","",""
NA,6601,NA,7518,"82634","","",-13.5667,-72.0167,3500,"raphanifolium","raphanifolium","tuberous","wild",NA,"SŠrkinen","",""
NA,6602,NA,7519,"94568","","",-14.45,-72.91667,3300,"raphanifolium","raphanifolium","tuberous","wild",NA,"SŠrkinen","",""
NA,6603,NA,7520,"91665","","",-13.46667,-72.15,3200,"raphanifolium","raphanifolium","tuberous","wild",NA,"SŠrkinen","",""
NA,6604,NA,7521,"92354","","",-13.28333,-72.23333,2800,"raphanifolium","raphanifolium","tuberous","wild",NA,"SŠrkinen","",""
NA,6605,NA,7522,"94633","","",-13.0833,-71.8,2800,"raphanifolium","raphanifolium","tuberous","wild",NA,"SŠrkinen","",""
NA,6606,NA,7523,"80445","","",-15.85,-70.5833,4500,"raphanifolium","raphanifolium","tuberous","wild",NA,"SŠrkinen","",""
NA,6608,NA,7525,"82146","","",-14.3956,-71.4919,3800,"raphanifolium","raphanifolium","tuberous","wild",NA,"SŠrkinen","",""
NA,6609,NA,7526,"82995","","",-14.1833,-71.35,3550,"raphanifolium","raphanifolium","tuberous","wild",NA,"SŠrkinen","",""
NA,6610,NA,7527,"94274","","",-13.90933,-71.87517,3600,"raphanifolium","raphanifolium","tuberous","wild",NA,"SŠrkinen","",""
NA,6612,NA,7529,"94704","","",-13.6,-72.55,3800,"raphanifolium","raphanifolium","tuberous","wild",NA,"SŠrkinen","",""
NA,6613,NA,7530,"83005","","",-13,-72.1667,3300,"raphanifolium","raphanifolium","tuberous","wild",NA,"SŠrkinen","",""
NA,6614,NA,7531,"81703","","",-14.6167,-71.0667,4000,"raphanifolium","raphanifolium","tuberous","wild",NA,"SŠrkinen","",""
NA,6615,NA,7532,"91770","","",-13.41667,-71,3200,"raphanifolium","raphanifolium","tuberous","wild",NA,"SŠrkinen","",""
NA,6616,NA,7533,"94641","","",-14.4728,-71.3939,3800,"raphanifolium","raphanifolium","tuberous","wild",NA,"SŠrkinen","",""
NA,6617,NA,7534,"82307","","",-13.1667,-71.4167,2900,"raphanifolium","raphanifolium","tuberous","wild",NA,"SŠrkinen","",""
NA,6618,NA,7535,"83004","","",-13.6833,-71.6167,2850,"raphanifolium","raphanifolium","tuberous","wild",NA,"SŠrkinen","",""
NA,6619,NA,7536,"94645","","",-13.5,-72.93333,3750,"raphanifolium","raphanifolium","tuberous","wild",NA,"SŠrkinen","",""
NA,6620,NA,7537,"290940","","",-14.357778,-71.168613,NA,"raphanifolium","raphanifolium","tuberous","germplasm",NA,"SŠrkinen","",""
NA,6621,NA,7538,"290942","","",-13.251715,-72.285889,NA,"raphanifolium","raphanifolium","tuberous","germplasm",NA,"SŠrkinen","",""
NA,6622,NA,7539,"290943","","",-13.388367,-71.81015,NA,"raphanifolium","raphanifolium","tuberous","germplasm",NA,"SŠrkinen","",""
NA,6623,NA,7540,"473527","","",-13.737543,-71.783144,NA,"raphanifolium","raphanifolium","tuberous","germplasm",24,"SŠrkinen","",""
NA,6624,NA,7541,"498278","","",-13.334915,-72.170868,NA,"raphanifolium","raphanifolium","tuberous","germplasm",24,"SŠrkinen","",""
NA,6626,NA,7543,"PI 210048","","",-13.516667,-71.983333,NA,"raphanifolium","raphanifolium","tuberous","germplasm",24,"SŠrkinen","",""
NA,6632,NA,7549,"PI 283086","","",-14.266667,-71.216667,NA,"raphanifolium","raphanifolium","tuberous","germplasm",24,"SŠrkinen","",""
NA,6638,NA,7555,"PI 310951","","",-13.4,-72.05,NA,"raphanifolium","raphanifolium","tuberous","germplasm",24,"SŠrkinen","",""
NA,6640,NA,7557,"PI 310953","","",-13.5,-72.05,NA,"raphanifolium","raphanifolium","tuberous","germplasm",24,"SŠrkinen","",""
NA,6642,NA,7559,"PI 310999","","",-13.5,-71.983333,NA,"raphanifolium","raphanifolium","tuberous","germplasm",24,"SŠrkinen","",""
NA,6644,NA,7561,"PI 458384","","",-13.433333,-71.85,NA,"raphanifolium","raphanifolium","tuberous","germplasm",24,"SŠrkinen","",""
NA,6646,NA,7563,"PI 458406","","",-14.033333,-71.566667,NA,"raphanifolium","raphanifolium","tuberous","germplasm",24,"SŠrkinen","",""
NA,6678,NA,7642,"CIP 761928","","",19.0375,-97.8161,2520,"schenckii","schenckii","tuberous","germplasm",72,"SŠrkinen","",""
NA,6679,NA,7643,"CIP 761885","","",17.2667,-97.6833,2055,"schenckii","schenckii","tuberous","germplasm",72,"SŠrkinen","",""
NA,6681,NA,7645,"CIP 761887","","",16.9497,-96.4361,2770,"schenckii","schenckii","tuberous","germplasm",72,"SŠrkinen","",""
NA,6682,NA,7646,"88749","","",21.06,-99.42,2900,"schenckii","schenckii","tuberous","wild",NA,"SŠrkinen","",""
NA,6683,NA,7647,"88964","","",18.8666,-97.4,2420,"schenckii","schenckii","tuberous","wild",NA,"SŠrkinen","",""
NA,6684,NA,7648,"91219","","",16.1,-96.15,3500,"schenckii","schenckii","tuberous","wild",NA,"SŠrkinen","",""
NA,6686,NA,7650,"88618","","",17.1833,-96.5,2770,"schenckii","schenckii","tuberous","wild",NA,"SŠrkinen","",""
NA,6687,NA,7651,"89014","","",17.16,-97.41,2750,"schenckii","schenckii","tuberous","wild",NA,"SŠrkinen","",""
NA,6688,NA,7652,"90785","","",19.8833,-97.5833,0,"schenckii","schenckii","tuberous","wild",NA,"SŠrkinen","",""
NA,6689,NA,7653,"88828","","",18.51,-97.21,2470,"schenckii","schenckii","tuberous","wild",NA,"SŠrkinen","",""
NA,6690,NA,7654,"88671","","",17.1734,-96.7478,0,"schenckii","schenckii","tuberous","wild",NA,"SŠrkinen","",""
NA,6691,NA,7655,"89904","","",17.0944,-93.3502,2720,"schenckii","schenckii","tuberous","wild",NA,"SŠrkinen","",""
NA,6692,NA,7656,"89958","","",17.09,-96.36,2690,"schenckii","schenckii","tuberous","wild",NA,"SŠrkinen","",""
NA,6693,NA,7657,"90405","","",17.23,-97.52,1780,"schenckii","schenckii","tuberous","wild",NA,"SŠrkinen","",""
NA,6694,NA,7658,"PI 498250","","",16.283333,-97.683333,NA,"schenckii","schenckii","tuberous","germplasm",72,"SŠrkinen","",""
NA,6696,NA,7660,"PI 498280","","",17.266667,-97.683333,NA,"schenckii","schenckii","tuberous","germplasm",72,"SŠrkinen","",""
NA,6698,NA,7710,"CIP 763104","","",28.2167,-106.5667,1680,"stenophyllidium","stenophyllidium","tuberous","germplasm",24,"SŠrkinen","",""
NA,6699,NA,7711,"CIP 761915","","",28.8183,-106.4539,1775,"stenophyllidium","stenophyllidium","tuberous","germplasm",24,"SŠrkinen","",""
NA,6700,NA,7712,"CIP 761917","","",28.85,-106.3333,1650,"stenophyllidium","stenophyllidium","tuberous","germplasm",24,"SŠrkinen","",""
NA,6701,NA,7713,"CIP 761927","","",28.2167,-105.3167,1228,"stenophyllidium","stenophyllidium","tuberous","germplasm",24,"SŠrkinen","",""
NA,6702,NA,7714,"CIP 763781","","",21,-103.4167,1547,"stenophyllidium","stenophyllidium","tuberous","germplasm",24,"SŠrkinen","",""
NA,6703,NA,7715,"CIP 763860","","",21.95,-102.5833,NA,"stenophyllidium","stenophyllidium","tuberous","germplasm",24,"SŠrkinen","",""
NA,6705,NA,7717,"CIP 763859","","",22.3167,-102.45,NA,"stenophyllidium","stenophyllidium","tuberous","germplasm",24,"SŠrkinen","",""
NA,6706,NA,7718,"CIP 761891","","",19.0075,-99.2308,NA,"stenophyllidium","stenophyllidium","tuberous","germplasm",24,"SŠrkinen","",""
NA,6707,NA,7719,"89896","","",20.35,-103.39,1440,"stenophyllidium","stenophyllidium","tuberous","wild",NA,"SŠrkinen","",""
NA,6709,NA,7721,"89110","","",21.87,-102.44,2200,"stenophyllidium","stenophyllidium","tuberous","wild",NA,"SŠrkinen","",""
NA,6710,NA,7722,"88878","","",28.8333,-106.317,2150,"stenophyllidium","stenophyllidium","tuberous","wild",NA,"SŠrkinen","",""
NA,6711,NA,7723,"88722","","",27.45,-106.035,1750,"stenophyllidium","stenophyllidium","tuberous","wild",NA,"SŠrkinen","",""
NA,6712,NA,7724,"88879","","",28.85,-106.45,1950,"stenophyllidium","stenophyllidium","tuberous","wild",NA,"SŠrkinen","",""
NA,6713,NA,7725,"88449","","",20.9718,-103.41,1400,"stenophyllidium","stenophyllidium","tuberous","wild",NA,"SŠrkinen","",""
NA,6714,NA,7726,"89678","","",22.216,-103.1,2100,"stenophyllidium","stenophyllidium","tuberous","wild",NA,"SŠrkinen","",""
NA,6715,NA,7727,"89517","","",30.6059,-108.676,1463,"stenophyllidium","stenophyllidium","tuberous","wild",NA,"SŠrkinen","",""
NA,6716,NA,7728,"91524","","",22.466,-104.733,0,"stenophyllidium","stenophyllidium","tuberous","wild",NA,"SŠrkinen","",""
NA,6717,NA,7729,"90550","","",28.8,-106.686,1780,"stenophyllidium","stenophyllidium","tuberous","wild",NA,"SŠrkinen","",""
NA,6718,NA,7730,"88770","","",29.08,-106.05,2150,"stenophyllidium","stenophyllidium","tuberous","wild",NA,"SŠrkinen","",""
NA,6719,NA,7731,"89879","","",21.5513,-102.3419,2100,"stenophyllidium","stenophyllidium","tuberous","wild",NA,"SŠrkinen","",""
NA,6720,NA,7732,"88876","","",26.3271,-106.361,1800,"stenophyllidium","stenophyllidium","tuberous","wild",NA,"SŠrkinen","",""
NA,6721,NA,7733,"89737","","",21.17,-101.51,2050,"stenophyllidium","stenophyllidium","tuberous","wild",NA,"SŠrkinen","",""
NA,6722,NA,7734,"91109","","",28.08,-106.2,1640,"stenophyllidium","stenophyllidium","tuberous","wild",NA,"SŠrkinen","",""
NA,6723,NA,7735,"90960","","",27.27,-105.5,2100,"stenophyllidium","stenophyllidium","tuberous","wild",NA,"SŠrkinen","",""
NA,6724,NA,7736,"88719","","",22.45,-102.35,2164,"stenophyllidium","stenophyllidium","tuberous","wild",NA,"SŠrkinen","",""
NA,6725,NA,7737,"88693","","",22.19,-102.27,2420,"stenophyllidium","stenophyllidium","tuberous","wild",NA,"SŠrkinen","",""
NA,6726,NA,7738,"90330","","",19.6467,-101.527,2000,"stenophyllidium","stenophyllidium","tuberous","wild",NA,"SŠrkinen","",""
NA,6727,NA,7739,"88976","","",23.38,-104.42,2350,"stenophyllidium","stenophyllidium","tuberous","wild",NA,"SŠrkinen","",""
NA,6729,NA,7741,"90334","","",19.9095,-99.8416,2550,"stenophyllidium","stenophyllidium","tuberous","wild",NA,"SŠrkinen","",""
NA,6730,NA,7742,"88875","","",26.02,-105.7,2300,"stenophyllidium","stenophyllidium","tuberous","wild",NA,"SŠrkinen","",""
NA,6731,NA,7743,"90270","","",21.38,-103.06,2160,"stenophyllidium","stenophyllidium","tuberous","wild",NA,"SŠrkinen","",""
NA,6732,NA,7744,"88718","","",29.442,-106.518,0,"stenophyllidium","stenophyllidium","tuberous","wild",NA,"SŠrkinen","",""
NA,6733,NA,7745,"90269","","",21.35,-102.51,2460,"stenophyllidium","stenophyllidium","tuberous","wild",NA,"SŠrkinen","",""
NA,6734,NA,7746,"89024","","",29.08,-106.2,0,"stenophyllidium","stenophyllidium","tuberous","wild",NA,"SŠrkinen","",""
NA,6735,NA,7747,"90344","","",22.4666,-102.817,2100,"stenophyllidium","stenophyllidium","tuberous","wild",NA,"SŠrkinen","",""
NA,6736,NA,7748,"88871","","",26.17,-106,2250,"stenophyllidium","stenophyllidium","tuberous","wild",NA,"SŠrkinen","",""
NA,6737,NA,7749,"91516","","",30.5333,-109.633,0,"stenophyllidium","stenophyllidium","tuberous","wild",NA,"SŠrkinen","",""
NA,6738,NA,7750,"90667","","",23.4833,-102.867,0,"stenophyllidium","stenophyllidium","tuberous","wild",NA,"SŠrkinen","",""
NA,6739,NA,7751,"88960","","",19.55,-102,0,"stenophyllidium","stenophyllidium","tuberous","wild",NA,"SŠrkinen","",""
NA,6740,NA,7752,"88457","","",20.7854,-103.534,1500,"stenophyllidium","stenophyllidium","tuberous","wild",NA,"SŠrkinen","",""
NA,6741,NA,7753,"88562","","",28.85,-106.9,2073,"stenophyllidium","stenophyllidium","tuberous","wild",NA,"SŠrkinen","",""
NA,6742,NA,7754,"90630","","",28.6166,-105.85,0,"stenophyllidium","stenophyllidium","tuberous","wild",NA,"SŠrkinen","",""
NA,6743,NA,7755,"88739","","",22.3,-104.46,2180,"stenophyllidium","stenophyllidium","tuberous","wild",NA,"SŠrkinen","",""
NA,6744,NA,7756,"91182","","",29.423,-107.353,2000,"stenophyllidium","stenophyllidium","tuberous","wild",NA,"SŠrkinen","",""
NA,6745,NA,7757,"90949","","",23.1,-102.53,2150,"stenophyllidium","stenophyllidium","tuberous","wild",NA,"SŠrkinen","",""
NA,6746,NA,7758,"90601","","",20.66,-103.33,0,"stenophyllidium","stenophyllidium","tuberous","wild",NA,"SŠrkinen","",""
NA,6747,NA,7759,"88972","","",20.86,-103.25,1380,"stenophyllidium","stenophyllidium","tuberous","wild",24,"SŠrkinen","",""
NA,6748,NA,7760,"587123","","",28.454204,-105.720406,NA,"stenophyllidium","stenophyllidium","tuberous","germplasm",NA,"SŠrkinen","",""
NA,6749,NA,7761,"PI 255527","","",21.866667,-102.5,NA,"stenophyllidium","stenophyllidium","tuberous","germplasm",24,"SŠrkinen","",""
NA,6757,NA,7769,"PI 498216","","",29.133333,-106.083333,NA,"stenophyllidium","stenophyllidium","tuberous","germplasm",24,"SŠrkinen","",""
NA,6759,NA,7771,"PI 498217","","",29.05,-106.082778,NA,"stenophyllidium","stenophyllidium","tuberous","germplasm",24,"SŠrkinen","",""
NA,6761,NA,7773,"CIP 761281","","",-15.7667,-68.6333,3550,"stipuloideum","stipuloideum","tuberous","germplasm",24,"SŠrkinen","",""
NA,6763,NA,7775,"CIP 761030","","",-17.0333,-67.25,4465,"stipuloideum","stipuloideum","tuberous","germplasm",24,"SŠrkinen","",""
NA,6764,NA,7776,"CIP 762303","","",-16.9833,-67.2167,3042,"stipuloideum","stipuloideum","tuberous","germplasm",24,"SŠrkinen","",""
NA,6765,NA,7777,"CIP 760450","","",-17.0667,-66.8167,3056,"stipuloideum","stipuloideum","tuberous","germplasm",24,"SŠrkinen","",""
NA,6768,NA,7780,"CIP 763111","","",-17.65,-66.6333,4368,"stipuloideum","stipuloideum","tuberous","germplasm",24,"SŠrkinen","",""
NA,6769,NA,7781,"CIP 760435","","",-17.1775,-64.885,2650,"stipuloideum","stipuloideum","tuberous","germplasm",NA,"SŠrkinen","",""
NA,6770,NA,7782,"CIP 762522","","",-16.7081,-64.6617,NA,"stipuloideum","stipuloideum","tuberous","germplasm",NA,"SŠrkinen","",""
NA,6771,NA,7783,"CIP 760431","","",-18.4897,-64.1069,2017,"stipuloideum","stipuloideum","tuberous","germplasm",24,"SŠrkinen","",""
NA,6772,NA,7784,"161664","","",-18.69889,-64.88861,2575,"stipuloideum","stipuloideum","tuberous","wild",NA,"SŠrkinen","",""
NA,6774,NA,7786,"77202","","",-16.95,-67.1833,2900,"stipuloideum","stipuloideum","tuberous","wild",NA,"SŠrkinen","",""
NA,6776,NA,7788,"77200","","",-17.1667,-66.4167,3800,"stipuloideum","stipuloideum","tuberous","wild",NA,"SŠrkinen","",""
NA,6777,NA,7789,"84054","","",-16.6167,-67.6833,0,"stipuloideum","stipuloideum","tuberous","wild",NA,"SŠrkinen","",""
NA,6778,NA,7790,"87625","","",-17.6315,-66.95643,3800,"stipuloideum","stipuloideum","tuberous","wild",NA,"SŠrkinen","",""
NA,6779,NA,7791,"85547","","",-17.5,-65.46667,0,"stipuloideum","stipuloideum","tuberous","wild",NA,"SŠrkinen","",""
NA,6780,NA,7792,"81757","","",-18.0833,-64.15,2200,"stipuloideum","stipuloideum","tuberous","wild",NA,"SŠrkinen","",""
NA,6781,NA,7793,"161663","","",-18.11556,-65.77417,2464,"stipuloideum","stipuloideum","tuberous","wild",NA,"SŠrkinen","",""
NA,6783,NA,7795,"77132","","",-17.05,-67.2833,3400,"stipuloideum","stipuloideum","tuberous","wild",NA,"SŠrkinen","",""
NA,6784,NA,7796,"87072","","",-17.85,-66.11667,2500,"stipuloideum","stipuloideum","tuberous","wild",NA,"SŠrkinen","",""
NA,6785,NA,7797,"80219","","",-19.4292,-64.6977,3361,"stipuloideum","stipuloideum","tuberous","wild",NA,"SŠrkinen","",""
NA,6786,NA,7798,"77261","","",-17.3833,-66.35,3300,"stipuloideum","stipuloideum","tuberous","wild",NA,"SŠrkinen","",""
NA,6787,NA,7799,"77653","","",-17.6667,-66.6167,3200,"stipuloideum","stipuloideum","tuberous","wild",NA,"SŠrkinen","",""
NA,6788,NA,7800,"82734","","",-15.4167,-68.6333,3050,"stipuloideum","stipuloideum","tuberous","wild",NA,"SŠrkinen","",""
NA,6789,NA,7801,"54736","","",-19.88604,-65.66527,3700,"stipuloideum","stipuloideum","tuberous","wild",NA,"SŠrkinen","",""
NA,6790,NA,7802,"967","","",-17.87789,-65.93096,2800,"stipuloideum","stipuloideum","tuberous","wild",NA,"SŠrkinen","",""
NA,6791,NA,7803,"161658","","",-18.70028,-64.26361,1740,"stipuloideum","stipuloideum","tuberous","wild",NA,"SŠrkinen","",""
NA,6792,NA,7804,"77645","","",-17.3667,-66.05,3100,"stipuloideum","stipuloideum","tuberous","wild",NA,"SŠrkinen","",""
NA,6793,NA,7805,"77637","","",-16.1833,-68.3833,2750,"stipuloideum","stipuloideum","tuberous","wild",NA,"SŠrkinen","",""
NA,6794,NA,7806,"86968","","",-15.5833,-68.7167,3000,"stipuloideum","stipuloideum","tuberous","wild",NA,"SŠrkinen","",""
NA,6795,NA,7807,"82140","","",-17.3833,-66.15,2600,"stipuloideum","stipuloideum","tuberous","wild",NA,"SŠrkinen","",""
NA,6796,NA,7808,"88132","","",-17.56667,-65.01667,3000,"stipuloideum","stipuloideum","tuberous","wild",NA,"SŠrkinen","",""
NA,6797,NA,7809,"77128","","",-16.8333,-67.3167,3000,"stipuloideum","stipuloideum","tuberous","wild",NA,"SŠrkinen","",""
NA,6798,NA,7810,"77632","","",-17.6833,-64.1333,2900,"stipuloideum","stipuloideum","tuberous","wild",NA,"SŠrkinen","",""
NA,6799,NA,7811,"85540","","",-18.1667,-65,0,"stipuloideum","stipuloideum","tuberous","wild",NA,"SŠrkinen","",""
NA,6800,NA,7812,"77641","","",-16.8333,-67.6333,3660,"stipuloideum","stipuloideum","tuberous","wild",NA,"SŠrkinen","",""
NA,6801,NA,7813,"77649","","",-17.65,-66,3000,"stipuloideum","stipuloideum","tuberous","wild",NA,"SŠrkinen","",""
NA,6802,NA,7814,"77644","","",-17.6333,-66.4833,3550,"stipuloideum","stipuloideum","tuberous","wild",NA,"SŠrkinen","",""
NA,6803,NA,7815,"68311","","",-17.7333,-66.7167,3510,"stipuloideum","stipuloideum","tuberous","wild",NA,"SŠrkinen","",""
NA,6804,NA,7816,"77631","","",-17.7667,-64.6833,2650,"stipuloideum","stipuloideum","tuberous","wild",NA,"SŠrkinen","",""
NA,6805,NA,7817,"86121","","",-16.5,-66.5833,3900,"stipuloideum","stipuloideum","tuberous","wild",NA,"SŠrkinen","",""
NA,6806,NA,7818,"80271","","",-17.7462,-65.2034,2800,"stipuloideum","stipuloideum","tuberous","wild",NA,"SŠrkinen","",""
NA,6807,NA,7819,"82616","","",-17.5,-65.6667,2740,"stipuloideum","stipuloideum","tuberous","wild",NA,"SŠrkinen","",""
NA,6808,NA,7820,"77648","","",-17.6,-66.8333,3000,"stipuloideum","stipuloideum","tuberous","wild",NA,"SŠrkinen","",""
NA,6809,NA,7821,"84315","","",-16.9333,-66.7,3350,"stipuloideum","stipuloideum","tuberous","wild",NA,"SŠrkinen","",""
NA,6810,NA,7822,"77642","","",-17.1667,-66.5167,2600,"stipuloideum","stipuloideum","tuberous","wild",NA,"SŠrkinen","",""
NA,6811,NA,7823,"77130","","",-17.1167,-66.9333,3000,"stipuloideum","stipuloideum","tuberous","wild",NA,"SŠrkinen","",""
NA,6812,NA,7824,"205560","","",-17.383335,-66.149998,NA,"stipuloideum","stipuloideum","tuberous","germplasm",24,"SŠrkinen","",""
NA,6813,NA,7825,"568980","","",-15.749944,-68.633335,NA,"stipuloideum","stipuloideum","tuberous","germplasm",NA,"SŠrkinen","",""
NA,6814,NA,7826,"PI 473458","","",-17.033333,-67.25,NA,"stipuloideum","stipuloideum","tuberous","germplasm",24,"SŠrkinen","",""
NA,6815,NA,7827,"PI 473461","","",-15.783333,-68.666667,NA,"stipuloideum","stipuloideum","tuberous","germplasm",24,"SŠrkinen","",""
NA,6816,NA,7828,"PI 498116","","",-17.766667,-64.683333,NA,"stipuloideum","stipuloideum","tuberous","germplasm",24,"SŠrkinen","",""
NA,6817,NA,7829,"PI 498119","","",-17.2,-66.883333,NA,"stipuloideum","stipuloideum","tuberous","germplasm",24,"SŠrkinen","",""
NA,6818,NA,7830,"PI 498120","","",-18.6,-64.116667,NA,"stipuloideum","stipuloideum","tuberous","germplasm",24,"SŠrkinen","",""
NA,6820,NA,7832,"PI 545974","","",-17.066667,-67.266667,NA,"stipuloideum","stipuloideum","tuberous","germplasm",24,"SŠrkinen","",""
NA,6821,NA,7833,"PI 597723","","",-16.983333,-67.233333,NA,"stipuloideum","stipuloideum","tuberous","germplasm",24,"SŠrkinen","",""
NA,6822,NA,7834,"PI 597749","","",-17.733333,-65.2,NA,"stipuloideum","stipuloideum","tuberous","germplasm",24,"SŠrkinen","",""
NA,6823,NA,7835,"PI 639276","","",-16.946667,-67.188333,NA,"stipuloideum","stipuloideum","tuberous","germplasm",24,"SŠrkinen","",""
NA,6824,NA,7836,"PI210036","","",-17.166667,-66.516667,NA,"stipuloideum","stipuloideum","tuberous","germplasm",24,"SŠrkinen","",""
NA,6825,NA,7837,"CIP 762780","","",32.0969,-111.7869,2320,"stoloniferum","stoloniferum","tuberous","germplasm",48,"SŠrkinen","",""
NA,6826,NA,7838,"CIP 762781","","",31.5244,-110.8442,2700,"stoloniferum","stoloniferum","tuberous","germplasm",48,"SŠrkinen","",""
NA,6827,NA,7839,"CIP 763782","","",23.5333,-110.0167,1875,"stoloniferum","stoloniferum","tuberous","germplasm",48,"SŠrkinen","",""
NA,6829,NA,7841,"CIP 762782","","",32.9333,-109.8869,962,"stoloniferum","stoloniferum","tuberous","germplasm",48,"SŠrkinen","",""
NA,6830,NA,7842,"CIP 762760","","",31.8783,-109.7492,2120,"stoloniferum","stoloniferum","tuberous","germplasm",NA,"SŠrkinen","",""
NA,6833,NA,7845,"CIP 762773","","",33.8306,-108.625,2500,"stoloniferum","stoloniferum","tuberous","germplasm",NA,"SŠrkinen","",""
NA,6834,NA,7846,"CIP 762771","","",33.9183,-108.4033,2100,"stoloniferum","stoloniferum","tuberous","germplasm",48,"SŠrkinen","",""
NA,6837,NA,7849,"CIP 761920","","",29.1939,-108.1461,2300,"stoloniferum","stoloniferum","tuberous","germplasm",48,"SŠrkinen","",""
NA,6839,NA,7851,"CIP 761918","","",29.2,-108.1167,2085,"stoloniferum","stoloniferum","tuberous","germplasm",48,"SŠrkinen","",""
NA,6840,NA,7852,"CIP 761925","","",28.3333,-107.85,1983,"stoloniferum","stoloniferum","tuberous","germplasm",48,"SŠrkinen","",""
NA,6841,NA,7853,"CIP 763854","","",28.2333,-107.45,NA,"stoloniferum","stoloniferum","tuberous","germplasm",48,"SŠrkinen","",""
NA,6842,NA,7854,"CIP 761926","","",28.2,-107.35,2218,"stoloniferum","stoloniferum","tuberous","germplasm",48,"SŠrkinen","",""
NA,6843,NA,7855,"CIP 761017","","",30.8333,-107.3167,1235,"stoloniferum","stoloniferum","tuberous","germplasm",48,"SŠrkinen","",""
NA,6844,NA,7856,"CIP 761924","","",27.85,-107.0333,2198,"stoloniferum","stoloniferum","tuberous","germplasm",48,"SŠrkinen","",""
NA,6845,NA,7857,"CIP 763853","","",25.4333,-107,NA,"stoloniferum","stoloniferum","tuberous","germplasm",48,"SŠrkinen","",""
NA,6846,NA,7858,"CIP 761922","","",31.7,-106.6833,1238,"stoloniferum","stoloniferum","tuberous","germplasm",48,"SŠrkinen","",""
NA,6848,NA,7860,"CIP 763103","","",28.2167,-106.5667,1680,"stoloniferum","stoloniferum","tuberous","germplasm",48,"SŠrkinen","",""
NA,6849,NA,7861,"CIP 763864","","",34.4217,-106.1078,NA,"stoloniferum","stoloniferum","tuberous","germplasm",48,"SŠrkinen","",""
NA,6850,NA,7862,"CIP 762764","","",32.6147,-105.7389,2620,"stoloniferum","stoloniferum","tuberous","germplasm",48,"SŠrkinen","",""
NA,6856,NA,7868,"CIP 766112","","",32.93333333,-105.7166667,2700,"stoloniferum","stoloniferum","tuberous","germplasm",NA,"SŠrkinen","",""
NA,6857,NA,7869,"CIP 762775","","",33.7464,-105.4564,2400,"stoloniferum","stoloniferum","tuberous","germplasm",48,"SŠrkinen","",""
NA,6858,NA,7870,"CIP 766104","","",26.26666667,-105.45,NA,"stoloniferum","stoloniferum","tuberous","germplasm",NA,"SŠrkinen","",""
NA,6859,NA,7871,"CIP 763337","","",21.9833,-103.225,2550,"stoloniferum","stoloniferum","tuberous","germplasm",48,"SŠrkinen","",""
NA,6860,NA,7872,"CIP 766103","","",23.5,-103.1666667,2350,"stoloniferum","stoloniferum","tuberous","germplasm",NA,"SŠrkinen","",""
NA,6861,NA,7873,"CIP 766115","","",23.08333333,-103.1666667,NA,"stoloniferum","stoloniferum","tuberous","germplasm",NA,"SŠrkinen","",""
NA,6862,NA,7874,"CIP 763336","","",19.1972,-101.887,2840,"stoloniferum","stoloniferum","tuberous","germplasm",48,"SŠrkinen","",""
NA,6863,NA,7875,"CIP 760738","","",19.7,-101.1167,1995,"stoloniferum","stoloniferum","tuberous","germplasm",48,"SŠrkinen","",""
NA,6864,NA,7876,"CIP 761904","","",20.6,-100.3833,1831,"stoloniferum","stoloniferum","tuberous","germplasm",48,"SŠrkinen","",""
NA,6867,NA,7879,"CIP 766021","","",24.86666667,-100.2166667,NA,"stoloniferum","stoloniferum","tuberous","germplasm",NA,"SŠrkinen","",""
NA,6868,NA,7880,"CIP 761015","","",20.3833,-100,1920,"stoloniferum","stoloniferum","tuberous","germplasm",48,"SŠrkinen","",""
NA,6873,NA,7885,"CIP 763819","","",19.1667,-99.8333,2680,"stoloniferum","stoloniferum","tuberous","germplasm",48,"SŠrkinen","",""
NA,6874,NA,7886,"CIP 760732","","",19.3,-99.65,2680,"stoloniferum","stoloniferum","tuberous","germplasm",48,"SŠrkinen","",""
NA,6876,NA,7888,"CIP 761884","","",17.2667,-97.6833,2055,"stoloniferum","stoloniferum","tuberous","germplasm",48,"SŠrkinen","",""
NA,6877,NA,7889,"CIP 761062","","",16.9497,-96.4361,2275,"stoloniferum","stoloniferum","tuberous","germplasm",48,"SŠrkinen","",""
NA,6878,NA,7890,"90216","","",28.7333,-107.95,2070,"stoloniferum","stoloniferum","tuberous","wild",NA,"SŠrkinen","",""
NA,6879,NA,7891,"91044","","",34.1324,-108.323,2220,"stoloniferum","stoloniferum","tuberous","wild",NA,"SŠrkinen","",""
NA,6880,NA,7892,"90348","","",26.95,-106.02,1676,"stoloniferum","stoloniferum","tuberous","wild",NA,"SŠrkinen","",""
NA,6881,NA,7893,"90128","","",21.8666,-102.433,0,"stoloniferum","stoloniferum","tuberous","wild",NA,"SŠrkinen","",""
NA,6882,NA,7894,"88764","","",19.35,-98.35,3100,"stoloniferum","stoloniferum","tuberous","wild",NA,"SŠrkinen","",""
NA,6883,NA,7895,"88561","","",30.3825,-104.1038,2300,"stoloniferum","stoloniferum","tuberous","wild",NA,"SŠrkinen","",""
NA,6884,NA,7896,"89833","","",19.8747,-100.462,2120,"stoloniferum","stoloniferum","tuberous","wild",NA,"SŠrkinen","",""
NA,6885,NA,7897,"89032","","",16.2,-96.733,2375,"stoloniferum","stoloniferum","tuberous","wild",NA,"SŠrkinen","",""
NA,6886,NA,7898,"88523","","",34.0224,-109.3351,2743,"stoloniferum","stoloniferum","tuberous","wild",NA,"SŠrkinen","",""
NA,6887,NA,7899,"89617","","",23.47,-105.22,2620,"stoloniferum","stoloniferum","tuberous","wild",NA,"SŠrkinen","",""
NA,6888,NA,7900,"91178","","",22.1,-101.09,2210,"stoloniferum","stoloniferum","tuberous","wild",NA,"SŠrkinen","",""
NA,6889,NA,7901,"88572","","",34.2004,-110.5644,0,"stoloniferum","stoloniferum","tuberous","wild",NA,"SŠrkinen","",""
NA,6890,NA,7902,"90347","","",26.71,-105.6,1920,"stoloniferum","stoloniferum","tuberous","wild",NA,"SŠrkinen","",""
NA,6891,NA,7903,"90893","","",19.58,-99.52,2650,"stoloniferum","stoloniferum","tuberous","wild",NA,"SŠrkinen","",""
NA,6892,NA,7904,"88926","","",19.246,-99.7605,2700,"stoloniferum","stoloniferum","tuberous","wild",NA,"SŠrkinen","",""
NA,6893,NA,7905,"25795","","",31.4351,-110.348,0,"stoloniferum","stoloniferum","tuberous","wild",NA,"SŠrkinen","",""
NA,6894,NA,7906,"89026","","",20.38,-100.56,1940,"stoloniferum","stoloniferum","tuberous","wild",NA,"SŠrkinen","",""
NA,6895,NA,7907,"89538","","",20.915,-101.31,0,"stoloniferum","stoloniferum","tuberous","wild",NA,"SŠrkinen","",""
NA,6896,NA,7908,"89618","","",24.33,-104.06,2810,"stoloniferum","stoloniferum","tuberous","wild",NA,"SŠrkinen","",""
NA,6897,NA,7909,"89528","","",33.0529,-107.5735,2591,"stoloniferum","stoloniferum","tuberous","wild",NA,"SŠrkinen","",""
NA,6898,NA,7910,"89231","","",22.2166,-100.767,2050,"stoloniferum","stoloniferum","tuberous","wild",NA,"SŠrkinen","",""
NA,6899,NA,7911,"90126","","",21.1466,-101.013,2250,"stoloniferum","stoloniferum","tuberous","wild",NA,"SŠrkinen","",""
NA,6900,NA,7912,"88844","","",23.24,-103.51,0,"stoloniferum","stoloniferum","tuberous","wild",NA,"SŠrkinen","",""
NA,6901,NA,7913,"89356","","",21.105,-101.135,2580,"stoloniferum","stoloniferum","tuberous","wild",NA,"SŠrkinen","",""
NA,6902,NA,7914,"89881","","",27.0617,-102.3052,2370,"stoloniferum","stoloniferum","tuberous","wild",NA,"SŠrkinen","",""
NA,6903,NA,7915,"90607","","",33.1024,-108.0943,1829,"stoloniferum","stoloniferum","tuberous","wild",NA,"SŠrkinen","",""
NA,6904,NA,7916,"89034","","",28.4,-107.38,2150,"stoloniferum","stoloniferum","tuberous","wild",NA,"SŠrkinen","",""
NA,6905,NA,7917,"90276","","",22.39,-101.57,2160,"stoloniferum","stoloniferum","tuberous","wild",NA,"SŠrkinen","",""
NA,6907,NA,7919,"90265","","",20.51,-101.24,2250,"stoloniferum","stoloniferum","tuberous","wild",NA,"SŠrkinen","",""
NA,6908,NA,7920,"89527","","",27.2505,-103.684,0,"stoloniferum","stoloniferum","tuberous","wild",NA,"SŠrkinen","",""
NA,6909,NA,7921,"90345","","",24.03,-104.834,0,"stoloniferum","stoloniferum","tuberous","wild",NA,"SŠrkinen","",""
NA,6910,NA,7922,"89748","","",19.0666,-98.4833,2620,"stoloniferum","stoloniferum","tuberous","wild",NA,"SŠrkinen","",""
NA,6911,NA,7923,"77891","","",19.7,-98.75,2450,"stoloniferum","stoloniferum","tuberous","wild",NA,"SŠrkinen","",""
NA,6912,NA,7924,"90346","","",26.216,-106.65,2713,"stoloniferum","stoloniferum","tuberous","wild",NA,"SŠrkinen","",""
NA,6913,NA,7925,"88587","","",32.1311,-109.3521,2286,"stoloniferum","stoloniferum","tuberous","wild",NA,"SŠrkinen","",""
NA,6914,NA,7926,"88818","","",24.57,-103.54,2300,"stoloniferum","stoloniferum","tuberous","wild",NA,"SŠrkinen","",""
NA,6915,NA,7927,"90622","","",24.086,-105.45,2900,"stoloniferum","stoloniferum","tuberous","wild",NA,"SŠrkinen","",""
NA,6916,NA,7928,"88862","","",26.7,-106.233,2100,"stoloniferum","stoloniferum","tuberous","wild",NA,"SŠrkinen","",""
NA,6917,NA,7929,"90512","","",20.0875,-99.1125,2260,"stoloniferum","stoloniferum","tuberous","wild",NA,"SŠrkinen","",""
NA,6918,NA,7930,"82597","","",19.8358,-98.5709,2500,"stoloniferum","stoloniferum","tuberous","wild",NA,"SŠrkinen","",""
NA,6919,NA,7931,"90273","","",21.57,-102.36,2460,"stoloniferum","stoloniferum","tuberous","wild",NA,"SŠrkinen","",""
NA,6920,NA,7932,"88585","","",32.014,-109.1849,2012,"stoloniferum","stoloniferum","tuberous","wild",NA,"SŠrkinen","",""
NA,6921,NA,7933,"89752","","",19.5666,-101.7,2150,"stoloniferum","stoloniferum","tuberous","wild",NA,"SŠrkinen","",""
NA,6922,NA,7934,"89043","","",17.16,-97.41,2750,"stoloniferum","stoloniferum","tuberous","wild",NA,"SŠrkinen","",""
NA,6923,NA,7935,"88513","","",33.424,-109.1931,2438,"stoloniferum","stoloniferum","tuberous","wild",NA,"SŠrkinen","",""
NA,6924,NA,7936,"84130","","",19.3558,-99.3011,0,"stoloniferum","stoloniferum","tuberous","wild",NA,"SŠrkinen","",""
NA,6925,NA,7937,"88956","","",22.45,-101.73,0,"stoloniferum","stoloniferum","tuberous","wild",NA,"SŠrkinen","",""
NA,6926,NA,7938,"90583","","",28.1905,-107.743,2100,"stoloniferum","stoloniferum","tuberous","wild",NA,"SŠrkinen","",""
NA,6927,NA,7939,"91299","","",31.3402,-108.4501,1829,"stoloniferum","stoloniferum","tuberous","wild",NA,"SŠrkinen","",""
NA,6928,NA,7940,"90723","","",29.5707,-104.2838,2325,"stoloniferum","stoloniferum","tuberous","wild",NA,"SŠrkinen","",""
NA,6929,NA,7941,"80750","","",21.9,-101.383,2475,"stoloniferum","stoloniferum","tuberous","wild",NA,"SŠrkinen","",""
NA,6930,NA,7942,"88840","","",29.08,-106.05,2100,"stoloniferum","stoloniferum","tuberous","wild",NA,"SŠrkinen","",""
NA,6932,NA,7944,"90993","","",32.5435,-107.4816,2200,"stoloniferum","stoloniferum","tuberous","wild",NA,"SŠrkinen","",""
NA,6933,NA,7945,"90913","","",20.58,-99.39,2560,"stoloniferum","stoloniferum","tuberous","wild",NA,"SŠrkinen","",""
NA,6934,NA,7946,"89519","","",30.5055,-109.262,0,"stoloniferum","stoloniferum","tuberous","wild",NA,"SŠrkinen","",""
NA,6935,NA,7947,"89860","","",21.2855,-100.225,2300,"stoloniferum","stoloniferum","tuberous","wild",NA,"SŠrkinen","",""
NA,6936,NA,7948,"88917","","",25.35,-105.733,0,"stoloniferum","stoloniferum","tuberous","wild",NA,"SŠrkinen","",""
NA,6937,NA,7949,"89841","","",20.9166,-99.9333,2550,"stoloniferum","stoloniferum","tuberous","wild",NA,"SŠrkinen","",""
NA,6938,NA,7950,"82910","","",20.3,-102.117,2500,"stoloniferum","stoloniferum","tuberous","wild",NA,"SŠrkinen","",""
NA,6939,NA,7951,"91234","","",25.03,-110.9,0,"stoloniferum","stoloniferum","tuberous","wild",NA,"SŠrkinen","",""
NA,6940,NA,7952,"89606","","",19.04,-97.54,2650,"stoloniferum","stoloniferum","tuberous","wild",NA,"SŠrkinen","",""
NA,6941,NA,7953,"89844","","",21.17,-100.38,2000,"stoloniferum","stoloniferum","tuberous","wild",NA,"SŠrkinen","",""
NA,6942,NA,7954,"88635","","",20.05,-98.22,2100,"stoloniferum","stoloniferum","tuberous","wild",NA,"SŠrkinen","",""
NA,6943,NA,7955,"91186","","",31.5807,-104.5354,0,"stoloniferum","stoloniferum","tuberous","wild",NA,"SŠrkinen","",""
NA,6944,NA,7956,"89371","","",20.3,-103.02,2220,"stoloniferum","stoloniferum","tuberous","wild",NA,"SŠrkinen","",""
NA,6945,NA,7957,"90278","","",23.54,-105.01,0,"stoloniferum","stoloniferum","tuberous","wild",NA,"SŠrkinen","",""
NA,6946,NA,7958,"89139","","",26.85,-107.083,2500,"stoloniferum","stoloniferum","tuberous","wild",NA,"SŠrkinen","",""
NA,6947,NA,7959,"90363","","",29,-102.36,2600,"stoloniferum","stoloniferum","tuberous","wild",NA,"SŠrkinen","",""
NA,6948,NA,7960,"90942","","",22,-99.57,2200,"stoloniferum","stoloniferum","tuberous","wild",NA,"SŠrkinen","",""
NA,6949,NA,7961,"88676","","",25.05,-105.32,1900,"stoloniferum","stoloniferum","tuberous","wild",NA,"SŠrkinen","",""
NA,6950,NA,7962,"90795","","",35.1007,-111.3036,0,"stoloniferum","stoloniferum","tuberous","wild",NA,"SŠrkinen","",""
NA,6951,NA,7963,"89615","","",22.46,-103.34,2310,"stoloniferum","stoloniferum","tuberous","wild",NA,"SŠrkinen","",""
NA,6952,NA,7964,"91029","","",34.02,-109.101,2530,"stoloniferum","stoloniferum","tuberous","wild",NA,"SŠrkinen","",""
NA,6953,NA,7965,"90207","","",24.05,-104.7,2000,"stoloniferum","stoloniferum","tuberous","wild",NA,"SŠrkinen","",""
NA,6954,NA,7966,"89880","","",23.2509,-104.3034,2410,"stoloniferum","stoloniferum","tuberous","wild",NA,"SŠrkinen","",""
NA,6956,NA,7968,"91493","","",27.35,-108.667,1500,"stoloniferum","stoloniferum","tuberous","wild",NA,"SŠrkinen","",""
NA,6957,NA,7969,"89790","","",20.3333,-100.967,2400,"stoloniferum","stoloniferum","tuberous","wild",NA,"SŠrkinen","",""
NA,6958,NA,7970,"90671","","",32.8998,-108.184,0,"stoloniferum","stoloniferum","tuberous","wild",NA,"SŠrkinen","",""
NA,6959,NA,7971,"89836","","",20.266,-101.617,1900,"stoloniferum","stoloniferum","tuberous","wild",NA,"SŠrkinen","",""
NA,6960,NA,7972,"91009","","",33.2241,-108.4548,2210,"stoloniferum","stoloniferum","tuberous","wild",NA,"SŠrkinen","",""
NA,6961,NA,7973,"91024","","",33.552,-108.3917,2050,"stoloniferum","stoloniferum","tuberous","wild",NA,"SŠrkinen","",""
NA,6962,NA,7974,"90342","","",21.5064,-101.663,2100,"stoloniferum","stoloniferum","tuberous","wild",NA,"SŠrkinen","",""
NA,6963,NA,7975,"89718","","",20.34,-100.19,2000,"stoloniferum","stoloniferum","tuberous","wild",NA,"SŠrkinen","",""
NA,6964,NA,7976,"89518","","",28.82,-106.42,2073,"stoloniferum","stoloniferum","tuberous","wild",NA,"SŠrkinen","",""
NA,6965,NA,7977,"91492","","",25.4666,-103.333,0,"stoloniferum","stoloniferum","tuberous","wild",NA,"SŠrkinen","",""
NA,6966,NA,7978,"90930","","",21.36,-102.51,2220,"stoloniferum","stoloniferum","tuberous","wild",NA,"SŠrkinen","",""
NA,6967,NA,7979,"89287","","",23.9,-105.13,1540,"stoloniferum","stoloniferum","tuberous","wild",NA,"SŠrkinen","",""
NA,6968,NA,7980,"90057","","",35.3853,-105.1744,2250,"stoloniferum","stoloniferum","tuberous","wild",NA,"SŠrkinen","",""
NA,6969,NA,7981,"91288","","",32.7038,-105.783,2743,"stoloniferum","stoloniferum","tuberous","wild",NA,"SŠrkinen","",""
NA,6970,NA,7982,"80090","","",29.9833,-108.333,2286,"stoloniferum","stoloniferum","tuberous","wild",NA,"SŠrkinen","",""
NA,6971,NA,7983,"89136","","",27.84,-107.682,2286,"stoloniferum","stoloniferum","tuberous","wild",NA,"SŠrkinen","",""
NA,6972,NA,7984,"88820","","",16.12,-96.32,2380,"stoloniferum","stoloniferum","tuberous","wild",NA,"SŠrkinen","",""
NA,6973,NA,7985,"89103","","",27.635,-113.465,0,"stoloniferum","stoloniferum","tuberous","wild",NA,"SŠrkinen","",""
NA,6974,NA,7986,"91471","","",30.4844,-103.5647,1615,"stoloniferum","stoloniferum","tuberous","wild",NA,"SŠrkinen","",""
NA,6975,NA,7987,"88900","","",19.3166,-97.9333,0,"stoloniferum","stoloniferum","tuberous","wild",NA,"SŠrkinen","",""
NA,6976,NA,7988,"88475","","",27.07,-108.43,1200,"stoloniferum","stoloniferum","tuberous","wild",NA,"SŠrkinen","",""
NA,6977,NA,7989,"88569","","",32.5902,-105.4215,0,"stoloniferum","stoloniferum","tuberous","wild",NA,"SŠrkinen","",""
NA,6978,NA,7990,"91152","","",33.4608,-105.769,0,"stoloniferum","stoloniferum","tuberous","wild",NA,"SŠrkinen","",""
NA,6979,NA,7991,"91168","","",29.1727,-103.1636,1463,"stoloniferum","stoloniferum","tuberous","wild",NA,"SŠrkinen","",""
NA,6980,NA,7992,"89312","","",20.112,-98.95,2180,"stoloniferum","stoloniferum","tuberous","wild",NA,"SŠrkinen","",""
NA,6981,NA,7993,"90283","","",24.48,-105.08,2150,"stoloniferum","stoloniferum","tuberous","wild",NA,"SŠrkinen","",""
NA,6982,NA,7994,"88864","","",26.3271,-106.361,2200,"stoloniferum","stoloniferum","tuberous","wild",NA,"SŠrkinen","",""
NA,6983,NA,7995,"89485","","",27.83,-107.58,2195,"stoloniferum","stoloniferum","tuberous","wild",NA,"SŠrkinen","",""
NA,6985,NA,7997,"77869","","",19.6,-101.38,2300,"stoloniferum","stoloniferum","tuberous","wild",NA,"SŠrkinen","",""
NA,6986,NA,7998,"90272","","",21.39,-103.08,2400,"stoloniferum","stoloniferum","tuberous","wild",NA,"SŠrkinen","",""
NA,6987,NA,7999,"90870","","",19.3,-100.23,2540,"stoloniferum","stoloniferum","tuberous","wild",NA,"SŠrkinen","",""
NA,6988,NA,8000,"88564","","",26.1,-106.96,2286,"stoloniferum","stoloniferum","tuberous","wild",NA,"SŠrkinen","",""
NA,6989,NA,8001,"88507","","",32.3624,-109.5017,2134,"stoloniferum","stoloniferum","tuberous","wild",NA,"SŠrkinen","",""
NA,6990,NA,8002,"89857","","",19.6333,-102.483,2200,"stoloniferum","stoloniferum","tuberous","wild",NA,"SŠrkinen","",""
NA,6991,NA,8003,"88706","","",22.47,-102.35,2100,"stoloniferum","stoloniferum","tuberous","wild",NA,"SŠrkinen","",""
NA,6992,NA,8004,"90343","","",22.21,-102.205,0,"stoloniferum","stoloniferum","tuberous","wild",NA,"SŠrkinen","",""
NA,6993,NA,8005,"88512","","",33.2347,-105.4449,2438,"stoloniferum","stoloniferum","tuberous","wild",NA,"SŠrkinen","",""
NA,6994,NA,8006,"89390","","",20.19,-99.55,2170,"stoloniferum","stoloniferum","tuberous","wild",NA,"SŠrkinen","",""
NA,6995,NA,8007,"88520","","",33.4902,-110.5512,2256,"stoloniferum","stoloniferum","tuberous","wild",NA,"SŠrkinen","",""
NA,6996,NA,8008,"89229","","",22.0333,-101,2150,"stoloniferum","stoloniferum","tuberous","wild",NA,"SŠrkinen","",""
NA,6997,NA,8009,"88634","","",29.6833,-107.317,2090,"stoloniferum","stoloniferum","tuberous","wild",NA,"SŠrkinen","",""
NA,6998,NA,8010,"88884","","",16.1666,-96.5,2300,"stoloniferum","stoloniferum","tuberous","wild",NA,"SŠrkinen","",""
NA,6999,NA,8011,"90819","","",18.55,-99.43,2460,"stoloniferum","stoloniferum","tuberous","wild",NA,"SŠrkinen","",""
NA,7000,NA,8012,"88952","","",21.9166,-101.967,2400,"stoloniferum","stoloniferum","tuberous","wild",NA,"SŠrkinen","",""
NA,7001,NA,8013,"82588","","",19.2008,-99.1427,2700,"stoloniferum","stoloniferum","tuberous","wild",NA,"SŠrkinen","",""
NA,7002,NA,8014,"89235","","",26.95,-106.717,2250,"stoloniferum","stoloniferum","tuberous","wild",NA,"SŠrkinen","",""
NA,7003,NA,8015,"88622","","",23.47,-104.4,2790,"stoloniferum","stoloniferum","tuberous","wild",NA,"SŠrkinen","",""
NA,7004,NA,8016,"88916","","",25.216,-106.433,0,"stoloniferum","stoloniferum","tuberous","wild",NA,"SŠrkinen","",""
NA,7005,NA,8017,"90959","","",27.18,-108.05,1550,"stoloniferum","stoloniferum","tuberous","wild",NA,"SŠrkinen","",""
NA,7006,NA,8018,"90034","","",19.43,-100.39,2270,"stoloniferum","stoloniferum","tuberous","wild",NA,"SŠrkinen","",""
NA,7007,NA,8019,"88556","","",32.4128,-110.724,0,"stoloniferum","stoloniferum","tuberous","wild",NA,"SŠrkinen","",""
NA,7008,NA,8020,"88458","","",21.301,-101.799,2000,"stoloniferum","stoloniferum","tuberous","wild",NA,"SŠrkinen","",""
NA,7009,NA,8021,"89899","","",26.5053,-101.1627,2070,"stoloniferum","stoloniferum","tuberous","wild",NA,"SŠrkinen","",""
NA,7010,NA,8022,"88861","","",26.02,-105.7,2300,"stoloniferum","stoloniferum","tuberous","wild",NA,"SŠrkinen","",""
NA,7011,NA,8023,"89133","","",27.0459,-107.901,2103,"stoloniferum","stoloniferum","tuberous","wild",NA,"SŠrkinen","",""
NA,7012,NA,8024,"89582","","",19.35,-103.32,1775,"stoloniferum","stoloniferum","tuberous","wild",NA,"SŠrkinen","",""
NA,7013,NA,8025,"89671","","",20.4,-103.2,0,"stoloniferum","stoloniferum","tuberous","wild",NA,"SŠrkinen","",""
NA,7014,NA,8026,"91255","","",33.2745,-107.4906,2256,"stoloniferum","stoloniferum","tuberous","wild",NA,"SŠrkinen","",""
NA,7015,NA,8027,"90408","","",22.2,-104.45,2250,"stoloniferum","stoloniferum","tuberous","wild",NA,"SŠrkinen","",""
NA,7016,NA,8028,"89601","","",19.935,-101.75,2080,"stoloniferum","stoloniferum","tuberous","wild",NA,"SŠrkinen","",""
NA,7017,NA,8029,"89746","","",23.3,-109.56,1820,"stoloniferum","stoloniferum","tuberous","wild",NA,"SŠrkinen","",""
NA,7018,NA,8030,"90281","","",24.15,-104.23,2680,"stoloniferum","stoloniferum","tuberous","wild",NA,"SŠrkinen","",""
NA,7019,NA,8031,"88771","","",19.47,-97.37,2400,"stoloniferum","stoloniferum","tuberous","wild",NA,"SŠrkinen","",""
NA,7020,NA,8032,"89604","","",22,-105.08,2640,"stoloniferum","stoloniferum","tuberous","wild",NA,"SŠrkinen","",""
NA,7021,NA,8033,"82661","","",19.7,-101.116,2100,"stoloniferum","stoloniferum","tuberous","wild",NA,"SŠrkinen","",""
NA,7022,NA,8034,"88689","","",25.25,-106.09,2060,"stoloniferum","stoloniferum","tuberous","wild",NA,"SŠrkinen","",""
NA,7023,NA,8035,"88994","","",21.17,-101.47,2000,"stoloniferum","stoloniferum","tuberous","wild",NA,"SŠrkinen","",""
NA,7024,NA,8036,"89946","","",24.4237,-104.3835,1900,"stoloniferum","stoloniferum","tuberous","wild",NA,"SŠrkinen","",""
NA,7025,NA,8037,"88800","","",19.68,-98.865,2250,"stoloniferum","stoloniferum","tuberous","wild",NA,"SŠrkinen","",""
NA,7026,NA,8038,"90961","","",27.3,-107.53,2150,"stoloniferum","stoloniferum","tuberous","wild",NA,"SŠrkinen","",""
NA,7027,NA,8039,"89135","","",27.5863,-108.266,1829,"stoloniferum","stoloniferum","tuberous","wild",NA,"SŠrkinen","",""
NA,7028,NA,8040,"88508","","",32.4439,-110.0224,2316,"stoloniferum","stoloniferum","tuberous","wild",NA,"SŠrkinen","",""
NA,7029,NA,8041,"91216","","",28.0833,-108.65,1524,"stoloniferum","stoloniferum","tuberous","wild",NA,"SŠrkinen","",""
NA,7030,NA,8042,"88609","","",19.4,-98.08,2250,"stoloniferum","stoloniferum","tuberous","wild",NA,"SŠrkinen","",""
NA,7031,NA,8043,"90173","","",21.45,-104.733,1600,"stoloniferum","stoloniferum","tuberous","wild",NA,"SŠrkinen","",""
NA,7032,NA,8044,"89783","","",20.133,-102.016,2300,"stoloniferum","stoloniferum","tuberous","wild",NA,"SŠrkinen","",""
NA,7033,NA,8045,"88714","","",19.2883,-99.6672,2850,"stoloniferum","stoloniferum","tuberous","wild",NA,"SŠrkinen","",""
NA,7034,NA,8046,"89394","","",24.33,-103.1,2652,"stoloniferum","stoloniferum","tuberous","wild",NA,"SŠrkinen","",""
NA,7035,NA,8047,"88710","","",19.35,-102.03,2300,"stoloniferum","stoloniferum","tuberous","wild",NA,"SŠrkinen","",""
NA,7036,NA,8048,"91132","","",33.7208,-108.913,2286,"stoloniferum","stoloniferum","tuberous","wild",NA,"SŠrkinen","",""
NA,7037,NA,8049,"90715","","",31.4321,-110.249,0,"stoloniferum","stoloniferum","tuberous","wild",NA,"SŠrkinen","",""
NA,7038,NA,8050,"89211","","",19.9,-99.2041,2350,"stoloniferum","stoloniferum","tuberous","wild",NA,"SŠrkinen","",""
NA,7039,NA,8051,"90521","","",20.3666,-100.283,2297,"stoloniferum","stoloniferum","tuberous","wild",NA,"SŠrkinen","",""
NA,7040,NA,8052,"89007","","",22.0231,-101.276,2150,"stoloniferum","stoloniferum","tuberous","wild",NA,"SŠrkinen","",""
NA,7041,NA,8053,"88895","","",23.5358,-105.843,2000,"stoloniferum","stoloniferum","tuberous","wild",NA,"SŠrkinen","",""
NA,7042,NA,8054,"89243","","",21.8,-102.68,2500,"stoloniferum","stoloniferum","tuberous","wild",NA,"SŠrkinen","",""
NA,7043,NA,8055,"90544","","",26.7833,-106.91,2000,"stoloniferum","stoloniferum","tuberous","wild",NA,"SŠrkinen","",""
NA,7044,NA,8056,"88466","","",20.7002,-103.555,1500,"stoloniferum","stoloniferum","tuberous","wild",NA,"SŠrkinen","",""
NA,7045,NA,8057,"88537","","",33.7361,-109.376,0,"stoloniferum","stoloniferum","tuberous","wild",NA,"SŠrkinen","",""
NA,7046,NA,8058,"88536","","",31.809,-109.28,0,"stoloniferum","stoloniferum","tuberous","wild",NA,"SŠrkinen","",""
NA,7047,NA,8059,"90918","","",21,-99.08,2300,"stoloniferum","stoloniferum","tuberous","wild",NA,"SŠrkinen","",""
NA,7048,NA,8060,"84170","","",33.4943,-109.0508,2404,"stoloniferum","stoloniferum","tuberous","wild",NA,"SŠrkinen","",""
NA,7049,NA,8061,"88477","","",28.11,-108.21,2100,"stoloniferum","stoloniferum","tuberous","wild",NA,"SŠrkinen","",""
NA,7050,NA,8062,"90132","","",25.95,-105.86,2050,"stoloniferum","stoloniferum","tuberous","wild",NA,"SŠrkinen","",""
NA,7051,NA,8063,"89729","","",17.17,-96.57,1940,"stoloniferum","stoloniferum","tuberous","wild",NA,"SŠrkinen","",""
NA,7052,NA,8064,"89025","","",20,-99.36,2040,"stoloniferum","stoloniferum","tuberous","wild",NA,"SŠrkinen","",""
NA,7053,NA,8065,"90733","","",32.2035,-106.3159,0,"stoloniferum","stoloniferum","tuberous","wild",NA,"SŠrkinen","",""
NA,7054,NA,8066,"88501","","",32.2238,-110.4114,1774,"stoloniferum","stoloniferum","tuberous","wild",NA,"SŠrkinen","",""
NA,7055,NA,8067,"83319","","",23.33,-105.11,0,"stoloniferum","stoloniferum","tuberous","wild",NA,"SŠrkinen","",""
NA,7056,NA,8068,"88599","","",23.73,-105.48,2400,"stoloniferum","stoloniferum","tuberous","wild",NA,"SŠrkinen","",""
NA,7057,NA,8069,"88395","","",29.2833,-107.017,1800,"stoloniferum","stoloniferum","tuberous","wild",NA,"SŠrkinen","",""
NA,7058,NA,8070,"88932","","",18.5833,-97.45,2340,"stoloniferum","stoloniferum","tuberous","wild",NA,"SŠrkinen","",""
NA,7059,NA,8071,"88571","","",33.8183,-110.891,0,"stoloniferum","stoloniferum","tuberous","wild",NA,"SŠrkinen","",""
NA,7060,NA,8072,"91149","","",23.7,-109.817,0,"stoloniferum","stoloniferum","tuberous","wild",NA,"SŠrkinen","",""
NA,7061,NA,8073,"89944","","",24.2456,-105.3516,2580,"stoloniferum","stoloniferum","tuberous","wild",NA,"SŠrkinen","",""
NA,7062,NA,8074,"88985","","",25.4042,-103.872,2670,"stoloniferum","stoloniferum","tuberous","wild",NA,"SŠrkinen","",""
NA,7063,NA,8075,"89980","","",19.31,-101.47,2330,"stoloniferum","stoloniferum","tuberous","wild",NA,"SŠrkinen","",""
NA,7064,NA,8076,"89335","","",19.3859,-102.249,1890,"stoloniferum","stoloniferum","tuberous","wild",NA,"SŠrkinen","",""
NA,7065,NA,8077,"88700","","",19.41,-99.43,2600,"stoloniferum","stoloniferum","tuberous","wild",NA,"SŠrkinen","",""
NA,7066,NA,8078,"89052","","",28.22,-107.85,2075,"stoloniferum","stoloniferum","tuberous","wild",NA,"SŠrkinen","",""
NA,7067,NA,8079,"88620","","",23.38,-103.39,2760,"stoloniferum","stoloniferum","tuberous","wild",NA,"SŠrkinen","",""
NA,7068,NA,8080,"89367","","",23.93,-104.5,0,"stoloniferum","stoloniferum","tuberous","wild",NA,"SŠrkinen","",""
NA,7069,NA,8081,"89134","","",27.14,-107.635,1036,"stoloniferum","stoloniferum","tuberous","wild",NA,"SŠrkinen","",""
NA,7070,NA,8082,"88670","","",33.1617,-108.354,0,"stoloniferum","stoloniferum","tuberous","wild",NA,"SŠrkinen","",""
NA,7071,NA,8083,"89583","","",20.35,-103.39,1440,"stoloniferum","stoloniferum","tuberous","wild",NA,"SŠrkinen","",""
NA,7072,NA,8084,"89195","","",19.6011,-99.0525,2350,"stoloniferum","stoloniferum","tuberous","wild",NA,"SŠrkinen","",""
NA,7073,NA,8085,"84371","","",19.8166,-101.583,2000,"stoloniferum","stoloniferum","tuberous","wild",NA,"SŠrkinen","",""
NA,7075,NA,8087,"88924","","",19.8834,-100.569,2540,"stoloniferum","stoloniferum","tuberous","wild",NA,"SŠrkinen","",""
NA,7076,NA,8088,"89828","","",19.8,-100.166,2600,"stoloniferum","stoloniferum","tuberous","wild",NA,"SŠrkinen","",""
NA,7077,NA,8089,"90041","","",23.32,-110.03,1180,"stoloniferum","stoloniferum","tuberous","wild",NA,"SŠrkinen","",""
NA,7078,NA,8090,"84029","","",18.9961,-98.6648,2520,"stoloniferum","stoloniferum","tuberous","wild",NA,"SŠrkinen","",""
NA,7079,NA,8091,"89002","","",19.63,-101.25,2000,"stoloniferum","stoloniferum","tuberous","wild",NA,"SŠrkinen","",""
NA,7080,NA,8092,"89293","","",29.35,-106.51,1900,"stoloniferum","stoloniferum","tuberous","wild",NA,"SŠrkinen","",""
NA,7081,NA,8093,"89244","","",21.26,-102.93,2100,"stoloniferum","stoloniferum","tuberous","wild",NA,"SŠrkinen","",""
NA,7083,NA,8095,"88398","","",28.14,-107.27,2040,"stoloniferum","stoloniferum","tuberous","wild",NA,"SŠrkinen","",""
NA,7084,NA,8096,"89962","","",17.37,-97.25,2670,"stoloniferum","stoloniferum","tuberous","wild",NA,"SŠrkinen","",""
NA,7085,NA,8097,"90698","","",30.2743,-103.4657,1524,"stoloniferum","stoloniferum","tuberous","wild",NA,"SŠrkinen","",""
NA,7086,NA,8098,"90528","","",20.9166,-100.75,1900,"stoloniferum","stoloniferum","tuberous","wild",NA,"SŠrkinen","",""
NA,7087,NA,8099,"89806","","",23.6427,-103.947,0,"stoloniferum","stoloniferum","tuberous","wild",NA,"SŠrkinen","",""
NA,7088,NA,8100,"90548","","",28.41,-106.85,2000,"stoloniferum","stoloniferum","tuberous","wild",NA,"SŠrkinen","",""
NA,7089,NA,8101,"90753","","",29.9026,-104.453,1768,"stoloniferum","stoloniferum","tuberous","wild",NA,"SŠrkinen","",""
NA,7090,NA,8102,"88481","","",31.46034,-110.7333,1630,"stoloniferum","stoloniferum","tuberous","wild",NA,"SŠrkinen","",""
NA,7091,NA,8103,"88492","","",31.416,-110.5108,2438,"stoloniferum","stoloniferum","tuberous","wild",NA,"SŠrkinen","",""
NA,7092,NA,8104,"88846","","",26.963,-106.454,2600,"stoloniferum","stoloniferum","tuberous","wild",NA,"SŠrkinen","",""
NA,7093,NA,8105,"88399","","",23.47,-105.4,2730,"stoloniferum","stoloniferum","tuberous","wild",NA,"SŠrkinen","",""
NA,7095,NA,8107,"91243","","",32.4208,-105.2242,2225,"stoloniferum","stoloniferum","tuberous","wild",NA,"SŠrkinen","",""
NA,7096,NA,8108,"89362","","",24.8,-105.13,0,"stoloniferum","stoloniferum","tuberous","wild",NA,"SŠrkinen","",""
NA,7097,NA,8109,"89850","","",21.3,-100.51,1950,"stoloniferum","stoloniferum","tuberous","wild",NA,"SŠrkinen","",""
NA,7098,NA,8110,"90542","","",25.55,-105.467,2200,"stoloniferum","stoloniferum","tuberous","wild",NA,"SŠrkinen","",""
NA,7099,NA,8111,"90549","","",28.4333,-108.383,0,"stoloniferum","stoloniferum","tuberous","wild",NA,"SŠrkinen","",""
NA,7100,NA,8112,"88978","","",23.3333,-101.733,1950,"stoloniferum","stoloniferum","tuberous","wild",NA,"SŠrkinen","",""
NA,7101,NA,8113,"88982","","",24.06,-105.72,2600,"stoloniferum","stoloniferum","tuberous","wild",NA,"SŠrkinen","",""
NA,7102,NA,8114,"89019","","",30,-106.26,2350,"stoloniferum","stoloniferum","tuberous","wild",NA,"SŠrkinen","",""
NA,7103,NA,8115,"88983","","",24.08,-104.98,2590,"stoloniferum","stoloniferum","tuberous","wild",NA,"SŠrkinen","",""
NA,7104,NA,8116,"89808","","",25.0013,-105.898,2430,"stoloniferum","stoloniferum","tuberous","wild",NA,"SŠrkinen","",""
NA,7105,NA,8117,"89359","","",19,-97.15,3400,"stoloniferum","stoloniferum","tuberous","wild",NA,"SŠrkinen","",""
NA,7106,NA,8118,"89428","","",24.23,-106.03,2530,"stoloniferum","stoloniferum","tuberous","wild",NA,"SŠrkinen","",""
NA,7107,NA,8119,"88478","","",28.1648,-109.0231,1800,"stoloniferum","stoloniferum","tuberous","wild",NA,"SŠrkinen","",""
NA,7108,NA,8120,"89773","","",19.865,-101.46,2100,"stoloniferum","stoloniferum","tuberous","wild",NA,"SŠrkinen","",""
NA,7109,NA,8121,"89621","","",28.8333,-106.317,2150,"stoloniferum","stoloniferum","tuberous","wild",NA,"SŠrkinen","",""
NA,7110,NA,8122,"89851","","",21.35,-101.91,0,"stoloniferum","stoloniferum","tuberous","wild",NA,"SŠrkinen","",""
NA,7111,NA,8123,"88948","","",19.6983,-98.4441,2550,"stoloniferum","stoloniferum","tuberous","wild",NA,"SŠrkinen","",""
NA,7112,NA,8124,"91103","","",20.7,-99.8166,2540,"stoloniferum","stoloniferum","tuberous","wild",NA,"SŠrkinen","",""
NA,7113,NA,8125,"91263","","",33.5458,-107.0954,2057,"stoloniferum","stoloniferum","tuberous","wild",NA,"SŠrkinen","",""
NA,7114,NA,8126,"89409","","",22.19,-103.18,2150,"stoloniferum","stoloniferum","tuberous","wild",NA,"SŠrkinen","",""
NA,7115,NA,8127,"88612","","",21.963,-100.36,2300,"stoloniferum","stoloniferum","tuberous","wild",NA,"SŠrkinen","",""
NA,7116,NA,8128,"88919","","",23.7204,-105.637,2670,"stoloniferum","stoloniferum","tuberous","wild",NA,"SŠrkinen","",""
NA,7117,NA,8129,"88476","","",28.01,-108.102,2500,"stoloniferum","stoloniferum","tuberous","wild",NA,"SŠrkinen","",""
NA,7118,NA,8130,"89722","","",21.37,-101.38,2192,"stoloniferum","stoloniferum","tuberous","wild",NA,"SŠrkinen","",""
NA,7119,NA,8131,"88483","","",31.86293,-110.3889,2591,"stoloniferum","stoloniferum","tuberous","wild",NA,"SŠrkinen","",""
NA,7120,NA,8132,"89476","","",17.483,-96.95,2286,"stoloniferum","stoloniferum","tuberous","wild",NA,"SŠrkinen","",""
NA,7121,NA,8133,"90754","","",30.3632,-103.665,2316,"stoloniferum","stoloniferum","tuberous","wild",NA,"SŠrkinen","",""
NA,7122,NA,8134,"89463","","",19.03,-100.05,0,"stoloniferum","stoloniferum","tuberous","wild",NA,"SŠrkinen","",""
NA,7123,NA,8135,"77892","","",19.1166,-98.7666,2469,"stoloniferum","stoloniferum","tuberous","wild",NA,"SŠrkinen","",""
NA,7124,NA,8136,"88694","","",25.28,-105.15,2900,"stoloniferum","stoloniferum","tuberous","wild",NA,"SŠrkinen","",""
NA,7125,NA,8137,"90539","","",24.85,-100.317,0,"stoloniferum","stoloniferum","tuberous","wild",NA,"SŠrkinen","",""
NA,7126,NA,8138,"91266","","",34.1549,-107.4438,2560,"stoloniferum","stoloniferum","tuberous","wild",NA,"SŠrkinen","",""
NA,7127,NA,8139,"88729","","",20.26,-98.657,1950,"stoloniferum","stoloniferum","tuberous","wild",NA,"SŠrkinen","",""
NA,7128,NA,8140,"89015","","",28.12,-107.47,2075,"stoloniferum","stoloniferum","tuberous","wild",NA,"SŠrkinen","",""
NA,7129,NA,8141,"91022","","",33.4815,-108.2836,2650,"stoloniferum","stoloniferum","tuberous","wild",NA,"SŠrkinen","",""
NA,7130,NA,8142,"89487","","",29.5333,-106.883,0,"stoloniferum","stoloniferum","tuberous","wild",NA,"SŠrkinen","",""
NA,7131,NA,8143,"90552","","",29.6681,-108.226,2050,"stoloniferum","stoloniferum","tuberous","wild",NA,"SŠrkinen","",""
NA,7132,NA,8144,"88780","","",19.3333,-98.2166,2150,"stoloniferum","stoloniferum","tuberous","wild",NA,"SŠrkinen","",""
NA,7133,NA,8145,"89776","","",19.8973,-100.759,2470,"stoloniferum","stoloniferum","tuberous","wild",NA,"SŠrkinen","",""
NA,7134,NA,8146,"89012","","",29.275,-108.105,2300,"stoloniferum","stoloniferum","tuberous","wild",NA,"SŠrkinen","",""
NA,7135,NA,8147,"90541","","",25.46,-105.9,2000,"stoloniferum","stoloniferum","tuberous","wild",NA,"SŠrkinen","",""
NA,7136,NA,8148,"91144","","",28.633,-107.75,2012,"stoloniferum","stoloniferum","tuberous","wild",NA,"SŠrkinen","",""
NA,7137,NA,8149,"88785","","",20.05,-98.34,2320,"stoloniferum","stoloniferum","tuberous","wild",NA,"SŠrkinen","",""
NA,7138,NA,8150,"89625","","",26.16,-105.27,2500,"stoloniferum","stoloniferum","tuberous","wild",NA,"SŠrkinen","",""
NA,7139,NA,8151,"90677","","",32.5144,-108.1425,0,"stoloniferum","stoloniferum","tuberous","wild",NA,"SŠrkinen","",""
NA,7140,NA,8152,"89940","","",22.4116,-102.0849,2110,"stoloniferum","stoloniferum","tuberous","wild",NA,"SŠrkinen","",""
NA,7141,NA,8153,"88789","","",22.0919,-100.662,2030,"stoloniferum","stoloniferum","tuberous","wild",NA,"SŠrkinen","",""
NA,7143,NA,8155,"88494","","",31.5143,-109.1601,2286,"stoloniferum","stoloniferum","tuberous","wild",NA,"SŠrkinen","",""
NA,7144,NA,8156,"88866","","",28.85,-106.9,1900,"stoloniferum","stoloniferum","tuberous","wild",NA,"SŠrkinen","",""
NA,7145,NA,8157,"89163","","",19.1346,-98.9626,0,"stoloniferum","stoloniferum","tuberous","wild",NA,"SŠrkinen","",""
NA,7146,NA,8158,"91377","","",33.0759,-106.02,0,"stoloniferum","stoloniferum","tuberous","wild",NA,"SŠrkinen","",""
NA,7147,NA,8159,"90431","","",18.9709,-97.266,0,"stoloniferum","stoloniferum","tuberous","wild",NA,"SŠrkinen","",""
NA,7148,NA,8160,"161152","","",19.283945,-99.089867,NA,"stoloniferum","stoloniferum","tuberous","germplasm",48,"SŠrkinen","",""
NA,7149,NA,8161,"279282","","",23.073545,-102.597912,NA,"stoloniferum","stoloniferum","tuberous","germplasm",NA,"SŠrkinen","",""
NA,7150,NA,8162,"279309","","",22.846563,-102.64201,NA,"stoloniferum","stoloniferum","tuberous","germplasm",NA,"SŠrkinen","",""
NA,7151,NA,8163,"285036","","",19.727726,-96.407819,NA,"stoloniferum","stoloniferum","tuberous","germplasm",NA,"SŠrkinen","",""
NA,7152,NA,8164,"292215","","",19.526966,-101.18333,NA,"stoloniferum","stoloniferum","tuberous","germplasm",NA,"SŠrkinen","",""
NA,7153,NA,8165,"292216","","",19.807,-101.18333,NA,"stoloniferum","stoloniferum","tuberous","germplasm",NA,"SŠrkinen","",""
NA,7154,NA,8166,"458416","","",33.385897,-108.609791,NA,"stoloniferum","stoloniferum","tuberous","germplasm",NA,"SŠrkinen","",""
NA,7155,NA,8167,"498239","","",26.866665,-105.533337,NA,"stoloniferum","stoloniferum","tuberous","germplasm",48,"SŠrkinen","",""
NA,7156,NA,8168,"498288","","",17.140265,-96.214878,NA,"stoloniferum","stoloniferum","tuberous","germplasm",48,"SŠrkinen","",""
NA,7157,NA,8169,"595472","","",19.425475,-98.728252,NA,"stoloniferum","stoloniferum","tuberous","germplasm",48,"SŠrkinen","",""
NA,7158,NA,8170,"597683","","",20.128044,-98.31934,NA,"stoloniferum","stoloniferum","tuberous","germplasm",48,"SŠrkinen","",""
NA,7159,NA,8171,"644004","","",34.16688,-111.930141,NA,"stoloniferum","stoloniferum","tuberous","germplasm",NA,"SŠrkinen","",""
NA,7160,NA,8172,"651526","","",31.975173,-104.901409,NA,"stoloniferum","stoloniferum","tuberous","germplasm",48,"SŠrkinen","",""
NA,7161,NA,8173,"651527","","",31.947665,-104.879672,NA,"stoloniferum","stoloniferum","tuberous","germplasm",48,"SŠrkinen","",""
NA,7162,NA,8174,"651528","","",31.903957,-104.846435,NA,"stoloniferum","stoloniferum","tuberous","germplasm",48,"SŠrkinen","",""
NA,7164,NA,8176,"PI 160226","","",19.116667,-98.766667,NA,"stoloniferum","stoloniferum","tuberous","germplasm",48,"SŠrkinen","",""
NA,7167,NA,8179,"PI 160372","","",19.533333,-98.816667,NA,"stoloniferum","stoloniferum","tuberous","germplasm",48,"SŠrkinen","",""
NA,7170,NA,8182,"PI 161158","","",19.233333,-98.033333,NA,"stoloniferum","stoloniferum","tuberous","germplasm",48,"SŠrkinen","",""
NA,7173,NA,8185,"PI 161160","","",19.033333,-98.633333,NA,"stoloniferum","stoloniferum","tuberous","germplasm",48,"SŠrkinen","",""
NA,7176,NA,8188,"PI 161170","","",20.116667,-98.733333,NA,"stoloniferum","stoloniferum","tuberous","germplasm",48,"SŠrkinen","",""
NA,7179,NA,8191,"PI 161171","","",20.083333,-98.366667,NA,"stoloniferum","stoloniferum","tuberous","germplasm",48,"SŠrkinen","",""
NA,7182,NA,8194,"PI 161172","","",20.166667,-98.2,NA,"stoloniferum","stoloniferum","tuberous","germplasm",48,"SŠrkinen","",""
NA,7185,NA,8197,"PI 161281","","",19.566667,-98.65,NA,"stoloniferum","stoloniferum","tuberous","germplasm",48,"SŠrkinen","",""
NA,7188,NA,8200,"PI 161364","","",19.666944,-98.982778,NA,"stoloniferum","stoloniferum","tuberous","germplasm",48,"SŠrkinen","",""
NA,7191,NA,8203,"PI 184770","","",22.783333,-102.583333,NA,"stoloniferum","stoloniferum","tuberous","germplasm",48,"SŠrkinen","",""
NA,7194,NA,8206,"PI 195169","","",19.314582,-98.24268,NA,"stoloniferum","stoloniferum","tuberous","germplasm",48,"SŠrkinen","",""
NA,7203,NA,8215,"PI 239410","","",19.516667,-101.6,NA,"stoloniferum","stoloniferum","tuberous","germplasm",48,"SŠrkinen","",""
NA,7206,NA,8218,"PI 239411","","",19.366667,-97.616667,NA,"stoloniferum","stoloniferum","tuberous","germplasm",48,"SŠrkinen","",""
NA,7209,NA,8221,"PI 255522","","",20.666667,-103.333333,NA,"stoloniferum","stoloniferum","tuberous","germplasm",48,"SŠrkinen","",""
NA,7212,NA,8224,"PI 255525","","",19.7,-101.116667,NA,"stoloniferum","stoloniferum","tuberous","germplasm",48,"SŠrkinen","",""
NA,7215,NA,8227,"PI 255533","","",21.116667,-101.666667,NA,"stoloniferum","stoloniferum","tuberous","germplasm",48,"SŠrkinen","",""
NA,7218,NA,8230,"PI 255534","","",21.35,-101.916667,NA,"stoloniferum","stoloniferum","tuberous","germplasm",48,"SŠrkinen","",""
NA,7221,NA,8233,"PI 255545","","",20.333333,-100,NA,"stoloniferum","stoloniferum","tuberous","germplasm",48,"SŠrkinen","",""
NA,7224,NA,8236,"PI 262895","","",26.816667,-106.416667,NA,"stoloniferum","stoloniferum","tuberous","germplasm",48,"SŠrkinen","",""
NA,7227,NA,8239,"PI 275156","","",32.933333,-105.716667,NA,"stoloniferum","stoloniferum","tuberous","germplasm",48,"SŠrkinen","",""
NA,7233,NA,8245,"PI 275245","","",19.666667,-98.85,NA,"stoloniferum","stoloniferum","tuberous","germplasm",48,"SŠrkinen","",""
NA,7242,NA,8254,"PI 283102","","",26.266667,-105.45,NA,"stoloniferum","stoloniferum","tuberous","germplasm",48,"SŠrkinen","",""
NA,7248,NA,8260,"PI 283109","","",20.85,-101.4,NA,"stoloniferum","stoloniferum","tuberous","germplasm",48,"SŠrkinen","",""
NA,7260,NA,8272,"PI 458415","","",33.383333,-108.766667,NA,"stoloniferum","stoloniferum","tuberous","germplasm",48,"SŠrkinen","",""
NA,7263,NA,8275,"PI 458417","","",33.8,-108.466667,NA,"stoloniferum","stoloniferum","tuberous","germplasm",48,"SŠrkinen","",""
NA,7266,NA,8278,"PI 497994","","",28.966667,-106.45,NA,"stoloniferum","stoloniferum","tuberous","germplasm",48,"SŠrkinen","",""
NA,7269,NA,8281,"PI 497995","","",28.433333,-107,NA,"stoloniferum","stoloniferum","tuberous","germplasm",48,"SŠrkinen","",""
NA,7272,NA,8284,"PI 497996","","",28.316667,-107.35,NA,"stoloniferum","stoloniferum","tuberous","germplasm",48,"SŠrkinen","",""
NA,7275,NA,8287,"PI 497997","","",28.233333,-107.45,NA,"stoloniferum","stoloniferum","tuberous","germplasm",48,"SŠrkinen","",""
NA,7284,NA,8296,"PI 498001","","",29.133333,-108.133333,NA,"stoloniferum","stoloniferum","tuberous","germplasm",48,"SŠrkinen","",""
NA,7287,NA,8299,"PI 498004","","",29.116667,-108.15,NA,"stoloniferum","stoloniferum","tuberous","germplasm",48,"SŠrkinen","",""
NA,7290,NA,8302,"PI 498005","","",20.433333,-99.433333,NA,"stoloniferum","stoloniferum","tuberous","germplasm",48,"SŠrkinen","",""
NA,7293,NA,8305,"PI 498027","","",22.766667,-103.566667,NA,"stoloniferum","stoloniferum","tuberous","germplasm",48,"SŠrkinen","",""
NA,7296,NA,8308,"PI 498033","","",24.383333,-106.05,NA,"stoloniferum","stoloniferum","tuberous","germplasm",48,"SŠrkinen","",""
NA,7299,NA,8311,"PI 498034","","",23.783333,-105.366667,NA,"stoloniferum","stoloniferum","tuberous","germplasm",48,"SŠrkinen","",""
NA,7302,NA,8314,"PI 498035","","",23.783333,-104.666667,NA,"stoloniferum","stoloniferum","tuberous","germplasm",48,"SŠrkinen","",""
NA,7305,NA,8317,"PI 498038","","",24.8,-105.133333,NA,"stoloniferum","stoloniferum","tuberous","germplasm",48,"SŠrkinen","",""
NA,7311,NA,8323,"PI 498238","","",29.2,-108.116667,NA,"stoloniferum","stoloniferum","tuberous","germplasm",48,"SŠrkinen","",""
NA,7314,NA,8326,"PI 498240","","",26.8535,-105.5294,NA,"stoloniferum","stoloniferum","tuberous","germplasm",48,"SŠrkinen","",""
NA,7317,NA,8329,"PI 498241","","",28.2,-107.783333,NA,"stoloniferum","stoloniferum","tuberous","germplasm",48,"SŠrkinen","",""
NA,7320,NA,8332,"PI 498274","","",20.632778,-99.932778,NA,"stoloniferum","stoloniferum","tuberous","germplasm",48,"SŠrkinen","",""
NA,7326,NA,8338,"PI 498276","","",20.282778,-99.9,NA,"stoloniferum","stoloniferum","tuberous","germplasm",48,"SŠrkinen","",""
NA,7329,NA,8341,"PI 498287","","",17.266667,-97.683333,NA,"stoloniferum","stoloniferum","tuberous","germplasm",48,"SŠrkinen","",""
NA,7332,NA,8344,"PI 545726","","",24.55,-104.1,NA,"stoloniferum","stoloniferum","tuberous","germplasm",48,"SŠrkinen","",""
NA,7338,NA,8350,"PI 545729","","",23.783333,-105.666667,NA,"stoloniferum","stoloniferum","tuberous","germplasm",48,"SŠrkinen","",""
NA,7350,NA,8362,"PI 564024","","",32.416667,-110.733333,NA,"stoloniferum","stoloniferum","tuberous","germplasm",48,"SŠrkinen","",""
NA,7353,NA,8365,"PI 564025","","",31.433333,-110.316667,NA,"stoloniferum","stoloniferum","tuberous","germplasm",48,"SŠrkinen","",""
NA,7356,NA,8368,"PI 564026","","",31.933333,-109.266667,NA,"stoloniferum","stoloniferum","tuberous","germplasm",48,"SŠrkinen","",""
NA,7359,NA,8371,"PI 564031","","",32.95,-105.716667,NA,"stoloniferum","stoloniferum","tuberous","germplasm",48,"SŠrkinen","",""
NA,7365,NA,8377,"PI 564036","","",32.95,-105.616667,NA,"stoloniferum","stoloniferum","tuberous","germplasm",48,"SŠrkinen","",""
NA,7368,NA,8380,"PI 564037","","",32.983333,-105.7,NA,"stoloniferum","stoloniferum","tuberous","germplasm",48,"SŠrkinen","",""
NA,7371,NA,8383,"PI 564040","","",33.4,-108.583333,NA,"stoloniferum","stoloniferum","tuberous","germplasm",48,"SŠrkinen","",""
NA,7377,NA,8389,"PI 564043","","",34.033333,-109.15,NA,"stoloniferum","stoloniferum","tuberous","germplasm",48,"SŠrkinen","",""
NA,7380,NA,8392,"PI 564044","","",34.216667,-108.55,NA,"stoloniferum","stoloniferum","tuberous","germplasm",48,"SŠrkinen","",""
NA,7383,NA,8395,"PI 564045","","",33.433333,-105.716667,NA,"stoloniferum","stoloniferum","tuberous","germplasm",48,"SŠrkinen","",""
NA,7395,NA,8407,"PI 585114","","",31.7,-110.866667,NA,"stoloniferum","stoloniferum","tuberous","germplasm",48,"SŠrkinen","",""
NA,7398,NA,8410,"PI 585115","","",32.7,-109.95,NA,"stoloniferum","stoloniferum","tuberous","germplasm",48,"SŠrkinen","",""
NA,7404,NA,8416,"PI 592401","","",33.4,-105.766667,NA,"stoloniferum","stoloniferum","tuberous","germplasm",48,"SŠrkinen","",""
NA,7407,NA,8419,"PI 592402","","",33.1,-105.633333,NA,"stoloniferum","stoloniferum","tuberous","germplasm",48,"SŠrkinen","",""
NA,7416,NA,8428,"PI 592405","","",31.883333,-109.266667,NA,"stoloniferum","stoloniferum","tuberous","germplasm",48,"SŠrkinen","",""
NA,7419,NA,8431,"PI 592406","","",31.9,-109.266667,NA,"stoloniferum","stoloniferum","tuberous","germplasm",48,"SŠrkinen","",""
NA,7425,NA,8437,"PI 592415","","",33.783333,-109.15,NA,"stoloniferum","stoloniferum","tuberous","germplasm",48,"SŠrkinen","",""
NA,7428,NA,8440,"PI 592420","","",33.933333,-108.65,NA,"stoloniferum","stoloniferum","tuberous","germplasm",48,"SŠrkinen","",""
NA,7434,NA,8446,"PI 595776","","",32.910278,-107.764722,NA,"stoloniferum","stoloniferum","tuberous","germplasm",48,"SŠrkinen","",""
NA,7437,NA,8449,"PI 595779","","",30.684722,-104.078333,NA,"stoloniferum","stoloniferum","tuberous","germplasm",48,"SŠrkinen","",""
NA,7440,NA,8452,"PI 595781","","",30.705833,-104.105278,NA,"stoloniferum","stoloniferum","tuberous","germplasm",48,"SŠrkinen","",""
NA,7443,NA,8455,"PI 620871","","",30.706111,-104.105556,NA,"stoloniferum","stoloniferum","tuberous","germplasm",48,"SŠrkinen","",""
NA,7446,NA,8458,"PI 620874","","",31.380278,-110.689167,NA,"stoloniferum","stoloniferum","tuberous","germplasm",48,"SŠrkinen","",""
NA,7449,NA,8461,"PI 632327","","",32.410278,-110.715278,NA,"stoloniferum","stoloniferum","tuberous","germplasm",48,"SŠrkinen","",""
NA,7452,NA,8464,"PI 632328","","",31.443333,-110.313889,NA,"stoloniferum","stoloniferum","tuberous","germplasm",NA,"SŠrkinen","",""
NA,7454,NA,8466,"PI 632330","","",31.412778,-110.305,NA,"stoloniferum","stoloniferum","tuberous","germplasm",48,"SŠrkinen","",""
NA,7457,NA,8469,"PI 632332","","",31.471944,-110.353056,NA,"stoloniferum","stoloniferum","tuberous","germplasm",48,"SŠrkinen","",""
NA,7460,NA,8472,"PI 632333","","",31.933333,-109.271111,NA,"stoloniferum","stoloniferum","tuberous","germplasm",48,"SŠrkinen","",""
NA,7463,NA,8475,"PI 632334","","",31.918056,-109.273611,NA,"stoloniferum","stoloniferum","tuberous","germplasm",48,"SŠrkinen","",""
NA,7466,NA,8478,"PI 632335","","",32.014444,-109.325278,NA,"stoloniferum","stoloniferum","tuberous","germplasm",48,"SŠrkinen","",""
NA,7469,NA,8481,"PI 636399","","",31.846667,-109.294722,NA,"stoloniferum","stoloniferum","tuberous","germplasm",48,"SŠrkinen","",""
NA,7472,NA,8484,"PI 636400","","",31.841111,-109.299444,NA,"stoloniferum","stoloniferum","tuberous","germplasm",48,"SŠrkinen","",""
NA,7475,NA,8487,"PI 636401","","",31.838333,-109.300278,NA,"stoloniferum","stoloniferum","tuberous","germplasm",48,"SŠrkinen","",""
NA,7478,NA,8490,"PI 636402","","",31.8375,-109.300556,NA,"stoloniferum","stoloniferum","tuberous","germplasm",48,"SŠrkinen","",""
NA,7481,NA,8493,"PI 636403","","",31.830278,-109.300278,NA,"stoloniferum","stoloniferum","tuberous","germplasm",48,"SŠrkinen","",""
NA,7484,NA,8496,"PI 636404","","",31.820556,-109.260278,NA,"stoloniferum","stoloniferum","tuberous","germplasm",48,"SŠrkinen","",""
NA,7487,NA,8499,"PI 636405","","",31.832222,-109.277222,NA,"stoloniferum","stoloniferum","tuberous","germplasm",48,"SŠrkinen","",""
NA,7490,NA,8502,"PI 636406","","",31.845,-109.287778,NA,"stoloniferum","stoloniferum","tuberous","germplasm",48,"SŠrkinen","",""
NA,7493,NA,8505,"PI 636408","","",31.859722,-109.288889,NA,"stoloniferum","stoloniferum","tuberous","germplasm",48,"SŠrkinen","",""
NA,7496,NA,8508,"PI 636409","","",31.861667,-109.275,NA,"stoloniferum","stoloniferum","tuberous","germplasm",48,"SŠrkinen","",""
NA,7499,NA,8511,"PI 636410","","",31.884722,-109.284167,NA,"stoloniferum","stoloniferum","tuberous","germplasm",48,"SŠrkinen","",""
NA,7502,NA,8514,"PI 636411","","",31.873056,-109.2875,NA,"stoloniferum","stoloniferum","tuberous","germplasm",48,"SŠrkinen","",""
NA,7505,NA,8517,"PI 636412","","",31.883889,-109.266111,NA,"stoloniferum","stoloniferum","tuberous","germplasm",48,"SŠrkinen","",""
NA,7508,NA,8520,"PI 636413","","",31.872778,-109.283889,NA,"stoloniferum","stoloniferum","tuberous","germplasm",48,"SŠrkinen","",""
NA,7511,NA,8523,"PI 636414","","",31.891944,-109.280556,NA,"stoloniferum","stoloniferum","tuberous","germplasm",48,"SŠrkinen","",""
NA,7514,NA,8526,"PI 636415","","",31.933333,-109.263056,NA,"stoloniferum","stoloniferum","tuberous","germplasm",NA,"SŠrkinen","",""
NA,7516,NA,8528,"PI 643992","","",32.203056,-110.554444,NA,"stoloniferum","stoloniferum","tuberous","germplasm",NA,"SŠrkinen","",""
NA,7518,NA,8530,"PI 643993","","",32.198333,-110.551667,NA,"stoloniferum","stoloniferum","tuberous","germplasm",48,"SŠrkinen","",""
NA,7521,NA,8533,"PI 643994","","",32.196389,-110.548889,NA,"stoloniferum","stoloniferum","tuberous","germplasm",48,"SŠrkinen","",""
NA,7524,NA,8536,"PI 643995","","",32.1975,-110.545,NA,"stoloniferum","stoloniferum","tuberous","germplasm",48,"SŠrkinen","",""
NA,7527,NA,8539,"PI 643996","","",32.1975,-110.5425,NA,"stoloniferum","stoloniferum","tuberous","germplasm",48,"SŠrkinen","",""
NA,7530,NA,8542,"PI 643997","","",32.203333,-110.533056,NA,"stoloniferum","stoloniferum","tuberous","germplasm",48,"SŠrkinen","",""
NA,7533,NA,8545,"PI 643998","","",32.208333,-110.553889,NA,"stoloniferum","stoloniferum","tuberous","germplasm",48,"SŠrkinen","",""
NA,7536,NA,8548,"PI 644000","","",32.216389,-110.543611,NA,"stoloniferum","stoloniferum","tuberous","germplasm",48,"SŠrkinen","",""
NA,7539,NA,8551,"PI 644002","","",32.2125,-110.539444,NA,"stoloniferum","stoloniferum","tuberous","germplasm",48,"SŠrkinen","",""
NA,7542,NA,8554,"PI 651526","","",31.931111,-104.879722,NA,"stoloniferum","stoloniferum","tuberous","germplasm",NA,"SŠrkinen","",""
NA,7545,NA,8557,"PI 651527","","",31.948056,-104.878889,NA,"stoloniferum","stoloniferum","tuberous","germplasm",NA,"SŠrkinen","",""
NA,7548,NA,8560,"PI 651528","","",31.948056,-104.845556,NA,"stoloniferum","stoloniferum","tuberous","germplasm",NA,"SŠrkinen","",""
NA,7551,NA,8563,"PI 655245","","",32.736389,-110.039167,NA,"stoloniferum","stoloniferum","tuberous","germplasm",48,"SŠrkinen","",""
NA,7554,NA,8566,"PI 655247","","",32.628889,-109.839722,NA,"stoloniferum","stoloniferum","tuberous","germplasm",48,"SŠrkinen","",""
NA,7557,NA,8569,"PI 655248","","",32.7175,-109.978889,NA,"stoloniferum","stoloniferum","tuberous","germplasm",48,"SŠrkinen","",""
NA,7559,NA,8571,"PI 655249","","",32.717222,-109.978056,NA,"stoloniferum","stoloniferum","tuberous","germplasm",48,"SŠrkinen","",""
NA,7562,NA,8574,"PI 655250","","",32.708611,-109.964444,NA,"stoloniferum","stoloniferum","tuberous","germplasm",48,"SŠrkinen","",""
NA,7565,NA,8577,"PI 655251","","",32.715556,-109.94,NA,"stoloniferum","stoloniferum","tuberous","germplasm",NA,"SŠrkinen","",""
NA,7568,NA,8580,"PI 655252","","",32.691944,-109.904167,NA,"stoloniferum","stoloniferum","tuberous","germplasm",48,"SŠrkinen","",""
NA,7571,NA,8583,"PI 655253","","",32.686389,-109.895278,NA,"stoloniferum","stoloniferum","tuberous","germplasm",NA,"SŠrkinen","",""
NA,7573,NA,8585,"PI 655254","","",32.678333,-109.893333,NA,"stoloniferum","stoloniferum","tuberous","germplasm",48,"SŠrkinen","",""
NA,7575,NA,8587,"PI 655256","","",32.635833,-109.823889,NA,"stoloniferum","stoloniferum","tuberous","germplasm",NA,"SŠrkinen","",""
NA,7577,NA,8589,"PI 655259","","",32.654444,-109.864722,NA,"stoloniferum","stoloniferum","tuberous","germplasm",NA,"SŠrkinen","",""
NA,7585,NA,8597,"PI 658168","","",31.910556,-109.277222,NA,"stoloniferum","stoloniferum","tuberous","germplasm",48,"SŠrkinen","",""
NA,7588,NA,8600,"PI 658306","","",31.9125,-104.871111,NA,"stoloniferum","stoloniferum","tuberous","germplasm",48,"SŠrkinen","",""
NA,7591,NA,8603,"PI 660257","","",31.707222,-110.8675,NA,"stoloniferum","stoloniferum","tuberous","germplasm",48,"SŠrkinen","",""
NA,7594,NA,8606,"PI 660258","","",31.705556,-110.863056,NA,"stoloniferum","stoloniferum","tuberous","germplasm",48,"SŠrkinen","",""
NA,7596,NA,8608,"PI 660259","","",31.7,-110.861389,NA,"stoloniferum","stoloniferum","tuberous","germplasm",48,"SŠrkinen","",""
NA,7599,NA,8611,"PI 660260","","",31.686944,-110.860556,NA,"stoloniferum","stoloniferum","tuberous","germplasm",48,"SŠrkinen","",""
NA,7602,NA,8614,"PI 660261","","",31.69,-110.858056,NA,"stoloniferum","stoloniferum","tuberous","germplasm",48,"SŠrkinen","",""
NA,7604,NA,8616,"PI 660262","","",31.693333,-110.865278,NA,"stoloniferum","stoloniferum","tuberous","germplasm",48,"SŠrkinen","",""
NA,7607,NA,8619,"PI 660263","","",31.691944,-110.875556,NA,"stoloniferum","stoloniferum","tuberous","germplasm",48,"SŠrkinen","",""
NA,7609,NA,8621,"PI 660264","","",31.704722,-110.876944,NA,"stoloniferum","stoloniferum","tuberous","germplasm",48,"SŠrkinen","",""
NA,7611,NA,8623,"PI 660265","","",31.673889,-110.891389,NA,"stoloniferum","stoloniferum","tuberous","germplasm",48,"SŠrkinen","",""
NA,7613,NA,8625,"PI 660266","","",31.673889,-110.884722,NA,"stoloniferum","stoloniferum","tuberous","germplasm",48,"SŠrkinen","",""
NA,7615,NA,8627,"PI 660267","","",31.75,-110.838056,NA,"stoloniferum","stoloniferum","tuberous","germplasm",48,"SŠrkinen","",""
NA,7618,NA,8630,"PI 660268","","",31.715,-110.861667,NA,"stoloniferum","stoloniferum","tuberous","germplasm",48,"SŠrkinen","",""
NA,7620,NA,8632,"PI 660269","","",31.721389,-110.863056,NA,"stoloniferum","stoloniferum","tuberous","germplasm",48,"SŠrkinen","",""
NA,7623,NA,8635,"PI 660270","","",31.717778,-110.871667,NA,"stoloniferum","stoloniferum","tuberous","germplasm",48,"SŠrkinen","",""
NA,7625,NA,8637,"PI 660274","","",31.727778,-110.866667,NA,"stoloniferum","stoloniferum","tuberous","germplasm",48,"SŠrkinen","",""
NA,7627,NA,8639,"PI 660275","","",31.729444,-110.861944,NA,"stoloniferum","stoloniferum","tuberous","germplasm",48,"SŠrkinen","",""
NA,7629,NA,8641,"PI 660276","","",31.700278,-110.867222,NA,"stoloniferum","stoloniferum","tuberous","germplasm",48,"SŠrkinen","",""
NA,7632,NA,8644,"PI 660277","","",31.7,-110.853056,NA,"stoloniferum","stoloniferum","tuberous","germplasm",48,"SŠrkinen","",""
NA,7635,NA,8647,"PI 660278","","",31.700278,-110.847222,NA,"stoloniferum","stoloniferum","tuberous","germplasm",48,"SŠrkinen","",""
NA,7638,NA,8650,"PI 660279","","",31.695833,-110.848333,NA,"stoloniferum","stoloniferum","tuberous","germplasm",48,"SŠrkinen","",""
NA,7640,NA,8652,"PI 660280","","",31.704722,-110.844722,NA,"stoloniferum","stoloniferum","tuberous","germplasm",48,"SŠrkinen","",""
NA,7643,NA,8655,"PI 660281","","",31.6975,-110.841389,NA,"stoloniferum","stoloniferum","tuberous","germplasm",NA,"SŠrkinen","",""
NA,7646,NA,8658,"CIP 764287","","",21.3169,-99.4828,NA,"tarnii","tarnii","tuberous","germplasm",24,"SŠrkinen","",""
NA,7647,NA,8659,"CIP 764285","","",20.55,-98.4833,NA,"tarnii","tarnii","tuberous","germplasm",24,"SŠrkinen","",""
NA,7648,NA,8660,"CIP 764286","","",20.3169,-98.4828,NA,"tarnii","tarnii","tuberous","germplasm",24,"SŠrkinen","",""
NA,7649,NA,8661,"88732","","",20.48,-99.14,2440,"tarnii","tarnii","tuberous","wild",NA,"SŠrkinen","",""
NA,7650,NA,8662,"88810","","",20.33,-98.29,2360,"tarnii","tarnii","tuberous","wild",NA,"SŠrkinen","",""
NA,7651,NA,8663,"88668","","",20.75,-99.35,2000,"tarnii","tarnii","tuberous","wild",NA,"SŠrkinen","",""
NA,7652,NA,8664,"91104","","",20.7841,-99.733,2600,"tarnii","tarnii","tuberous","wild",NA,"SŠrkinen","",""
NA,7653,NA,8665,"91101","","",20.45,-98.4833,2230,"tarnii","tarnii","tuberous","wild",NA,"SŠrkinen","",""
NA,7654,NA,8666,"CIP 764145","","",19.6333,-102,NA,"trifidum","trifidum","tuberous","germplasm",24,"SŠrkinen","",""
NA,7655,NA,8667,"CIP 764153","","",19.3333,-102,NA,"trifidum","trifidum","tuberous","germplasm",24,"SŠrkinen","",""
NA,7656,NA,8668,"88998","","",19.51,-103.63,2200,"trifidum","trifidum","tuberous","wild",NA,"SŠrkinen","",""
NA,7657,NA,8669,"89989","","",19.4,-101.98,3050,"trifidum","trifidum","tuberous","wild",NA,"SŠrkinen","",""
NA,7658,NA,8670,"89643","","",20.7175,-103.49,0,"trifidum","trifidum","tuberous","wild",NA,"SŠrkinen","",""
NA,7659,NA,8671,"88450","","",19.7333,-103.783,2100,"trifidum","trifidum","tuberous","wild",NA,"SŠrkinen","",""
NA,7660,NA,8672,"88467","","",19.9579,-103.688,2000,"trifidum","trifidum","tuberous","wild",NA,"SŠrkinen","",""
NA,7661,NA,8673,"88783","","",19.69,-102.05,2400,"trifidum","trifidum","tuberous","wild",NA,"SŠrkinen","",""
NA,7662,NA,8674,"90640","","",19.45,-101.72,2700,"trifidum","trifidum","tuberous","wild",NA,"SŠrkinen","",""
NA,7663,NA,8675,"88453","","",19.9166,-103.064,2100,"trifidum","trifidum","tuberous","wild",NA,"SŠrkinen","",""
NA,7664,NA,8676,"88997","","",19.46,-102.25,0,"trifidum","trifidum","tuberous","wild",NA,"SŠrkinen","",""
NA,7665,NA,8677,"89252","","",20.064,-103.841,2100,"trifidum","trifidum","tuberous","wild",NA,"SŠrkinen","",""
NA,7666,NA,8678,"80101","","",19.4865,-101.603,2400,"trifidum","trifidum","tuberous","wild",NA,"SŠrkinen","",""
NA,7667,NA,8679,"90118","","",19.95,-101.75,2270,"trifidum","trifidum","tuberous","wild",NA,"SŠrkinen","",""
NA,7668,NA,8680,"88977","","",19.39,-101.5,2720,"trifidum","trifidum","tuberous","wild",NA,"SŠrkinen","",""
NA,7669,NA,8681,"89767","","",19.7304,-101.179,2700,"trifidum","trifidum","tuberous","wild",NA,"SŠrkinen","",""
NA,7670,NA,8682,"89610","","",19.33,-103.38,2300,"trifidum","trifidum","tuberous","wild",NA,"SŠrkinen","",""
NA,7671,NA,8683,"292217","","",19.646387,-102.055696,NA,"trifidum","trifidum","tuberous","germplasm",NA,"SŠrkinen","",""
NA,7672,NA,8684,"PI 255536","","",19.633333,-102,NA,"trifidum","trifidum","tuberous","germplasm",24,"SŠrkinen","",""
NA,7678,NA,8690,"PI 255540","","",19.55,-103.633333,NA,"trifidum","trifidum","tuberous","germplasm",24,"SŠrkinen","",""
NA,7687,NA,8699,"PI 283064","","",19.333333,-102,NA,"trifidum","trifidum","tuberous","germplasm",24,"SŠrkinen","",""
NA,7690,NA,8702,"PI 283065","","",19.5,-103.666667,NA,"trifidum","trifidum","tuberous","germplasm",24,"SŠrkinen","",""
NA,7696,NA,8744,"CIP 764229","","",-23.6333,-65.1,NA,"venturii","venturii","tuberous","germplasm",24,"SŠrkinen","",""
NA,7697,NA,8745,"CIP 764262","","",-27.3333,-66.0167,NA,"venturii","venturii","tuberous","germplasm",24,"SŠrkinen","",""
NA,7698,NA,8746,"CIP 764240","","",-23.3186,-65.7619,NA,"venturii","venturii","tuberous","germplasm",24,"SŠrkinen","",""
NA,7699,NA,8747,"80670","","",-27.4333,-66.0166,2250,"venturii","venturii","tuberous","wild",NA,"SŠrkinen","",""
NA,7700,NA,8748,"78009","","",-24.12,-65.63,3150,"venturii","venturii","tuberous","wild",NA,"SŠrkinen","",""
NA,7701,NA,8749,"87530","","",-23.7333,-65.25,2900,"venturii","venturii","tuberous","wild",NA,"SŠrkinen","",""
NA,7702,NA,8750,"164915","","",-26.60639,-65.86944,0,"venturii","venturii","tuberous","wild",NA,"SŠrkinen","",""
NA,7703,NA,8751,"83042","","",-25.8333,-65.5,2690,"venturii","venturii","tuberous","wild",NA,"SŠrkinen","",""
NA,7704,NA,8752,"88055","","",-25.1333,-65.5166,2394,"venturii","venturii","tuberous","wild",NA,"SŠrkinen","",""
NA,7705,NA,8753,"83104","","",-27.62,-66.17,2700,"venturii","venturii","tuberous","wild",NA,"SŠrkinen","",""
NA,7706,NA,8754,"87678","","",-28.3333,-67.9166,0,"venturii","venturii","tuberous","wild",NA,"SŠrkinen","",""
NA,7707,NA,8755,"80982","","",-27.7,-65.9333,2900,"venturii","venturii","tuberous","wild",NA,"SŠrkinen","",""
NA,7708,NA,8756,"87545","","",-24,-65.37,3000,"venturii","venturii","tuberous","wild",NA,"SŠrkinen","",""
NA,7709,NA,8757,"164879","","",-24.55444,-65.88639,3150,"venturii","venturii","tuberous","wild",NA,"SŠrkinen","",""
NA,7710,NA,8758,"80745","","",-27.3333,-65.5833,3600,"venturii","venturii","tuberous","wild",NA,"SŠrkinen","",""
NA,7711,NA,8759,"78041","","",-25.1666,-65.85,3050,"venturii","venturii","tuberous","wild",NA,"SŠrkinen","",""
NA,7712,NA,8760,"1142","","",-24.532778,-65.033333,2600,"venturii","venturii","tuberous","wild",NA,"SŠrkinen","",""
NA,7713,NA,8761,"80512","","",-27.25,-65.8666,2800,"venturii","venturii","tuberous","wild",NA,"SŠrkinen","",""
NA,7714,NA,8762,"86507","","",-23.5833,-65.5,3100,"venturii","venturii","tuberous","wild",NA,"SŠrkinen","",""
NA,7715,NA,8763,"79776","","",-27.35,-66.4,2350,"venturii","venturii","tuberous","wild",NA,"SŠrkinen","",""
NA,7716,NA,8764,"83747","","",-27.7356,-66.0488,0,"venturii","venturii","tuberous","wild",NA,"SŠrkinen","",""
NA,7717,NA,8765,"86570","","",-23.5833,-63.5166,3900,"venturii","venturii","tuberous","wild",NA,"SŠrkinen","",""
NA,7718,NA,8766,"80497","","",-25.1,-66.1833,2550,"venturii","venturii","tuberous","wild",NA,"SŠrkinen","",""
NA,7719,NA,8767,"88045","","",-26.45,-65.7166,2858,"venturii","venturii","tuberous","wild",NA,"SŠrkinen","",""
NA,7720,NA,8768,"83718","","",-26.6809,-66.58279,3000,"venturii","venturii","tuberous","wild",NA,"SŠrkinen","",""
NA,7721,NA,8769,"78026","","",-24.9,-65.2666,3200,"venturii","venturii","tuberous","wild",NA,"SŠrkinen","",""
NA,7722,NA,8770,"78059","","",-23.5666,-65.3666,2600,"venturii","venturii","tuberous","wild",NA,"SŠrkinen","",""
NA,7724,NA,8772,"80720","","",-26.8667,-65.6833,2650,"venturii","venturii","tuberous","wild",NA,"SŠrkinen","",""
NA,7725,NA,8773,"CIP 766110","","",-25.16666667,-65.86666667,3000,"vernei","vernei","tuberous","germplasm",NA,"SŠrkinen","",""
NA,7726,NA,8774,"CIP 763718","","",-25.1667,-65.85,3175,"vernei","vernei","tuberous","germplasm",24,"SŠrkinen","",""
NA,7727,NA,8775,"CIP 763679","","",-23.1322,-65.5181,3922,"vernei","vernei","tuberous","germplasm",24,"SŠrkinen","",""
NA,7728,NA,8776,"CIP 763728","","",-23.2333,-65.3667,2978,"vernei","vernei","tuberous","germplasm",24,"SŠrkinen","",""
NA,7729,NA,8777,"CIP 763727","","",-23.5833,-65.2167,2950,"vernei","vernei","tuberous","germplasm",24,"SŠrkinen","",""
NA,7730,NA,8778,"CIP 763710","","",-22.2667,-65.1833,3717,"vernei","vernei","tuberous","germplasm",24,"SŠrkinen","",""
NA,7731,NA,8779,"CIP 763729","","",-22.15,-65.0333,3003,"vernei","vernei","tuberous","germplasm",24,"SŠrkinen","",""
NA,7732,NA,8780,"CIP 763028","","",-23.1667,-64.95,3600,"vernei","vernei","tuberous","germplasm",24,"SŠrkinen","",""
NA,7734,NA,8782,"CIP 763712","","",-24.2967,-64.8203,3410,"vernei","vernei","tuberous","germplasm",24,"SŠrkinen","",""
NA,7735,NA,8783,"84429","","",-24.07,-65.65,3200,"vernei","vernei","tuberous","wild",NA,"SŠrkinen","",""
NA,7736,NA,8784,"77946","","",-26.3666,-65.95,2800,"vernei","vernei","tuberous","wild",NA,"SŠrkinen","",""
NA,7737,NA,8785,"80744","","",-28.75,-66.1833,2400,"vernei","vernei","tuberous","wild",NA,"SŠrkinen","",""
NA,7738,NA,8786,"77206","","",-23.5667,-65.3667,2340,"vernei","vernei","tuberous","wild",NA,"SŠrkinen","",""
NA,7739,NA,8787,"85658","","",-26.8166,-65.2166,0,"vernei","vernei","tuberous","wild",NA,"SŠrkinen","",""
NA,7740,NA,8788,"80493","","",-25.1333,-65.5166,2700,"vernei","vernei","tuberous","wild",NA,"SŠrkinen","",""
NA,7741,NA,8789,"85881","","",-22.55,-64.5333,3150,"vernei","vernei","tuberous","wild",NA,"SŠrkinen","",""
NA,7742,NA,8790,"84441","","",-23.7166,-65.75,3100,"vernei","vernei","tuberous","wild",NA,"SŠrkinen","",""
NA,7743,NA,8791,"77947","","",-27.4069,-66.08622,2700,"vernei","vernei","tuberous","wild",NA,"SŠrkinen","",""
NA,7744,NA,8792,"80695","","",-23.7333,-65.25,2850,"vernei","vernei","tuberous","wild",NA,"SŠrkinen","",""
NA,7745,NA,8793,"78616","","",-22.2666,-65.1833,3400,"vernei","vernei","tuberous","wild",NA,"SŠrkinen","",""
NA,7746,NA,8794,"83474","","",-26.2,-65.2667,3000,"vernei","vernei","tuberous","wild",NA,"SŠrkinen","",""
NA,7747,NA,8795,"88203","","",-24.8166,-66.0666,3720,"vernei","vernei","tuberous","wild",NA,"SŠrkinen","",""
NA,7748,NA,8796,"77924","","",-27.27449,-65.97274,3200,"vernei","vernei","tuberous","wild",NA,"SŠrkinen","",""
NA,7749,NA,8797,"80467","","",-25.8333,-65.5,0,"vernei","vernei","tuberous","wild",NA,"SŠrkinen","",""
NA,7750,NA,8798,"78649","","",-25.1666,-65.85,2600,"vernei","vernei","tuberous","wild",NA,"SŠrkinen","",""
NA,7751,NA,8799,"85745","","",-27.43,-66.21,2000,"vernei","vernei","tuberous","wild",NA,"SŠrkinen","",""
NA,7752,NA,8800,"84421","","",-23.5166,-65.25,2950,"vernei","vernei","tuberous","wild",NA,"SŠrkinen","",""
NA,7753,NA,8801,"78638","","",-26.8666,-65.6833,2900,"vernei","vernei","tuberous","wild",NA,"SŠrkinen","",""
NA,7754,NA,8802,"86514","","",-23.3166,-65.9333,3200,"vernei","vernei","tuberous","wild",NA,"SŠrkinen","",""
NA,7755,NA,8803,"83409","","",-27.6,-66.3833,2600,"vernei","vernei","tuberous","wild",NA,"SŠrkinen","",""
NA,7756,NA,8804,"80511","","",-27.25,-65.8666,2800,"vernei","vernei","tuberous","wild",NA,"SŠrkinen","",""
NA,7758,NA,8806,"85460","","",-22.25,-64.95,3400,"vernei","vernei","tuberous","wild",NA,"SŠrkinen","",""
NA,7759,NA,8807,"80346","","",-27.35,-66.4,2270,"vernei","vernei","tuberous","wild",NA,"SŠrkinen","",""
NA,7760,NA,8808,"83755","","",-26.6809,-66.58279,3200,"vernei","vernei","tuberous","wild",NA,"SŠrkinen","",""
NA,7761,NA,8809,"87245","","",-22.7166,-65.2333,3050,"vernei","vernei","tuberous","wild",NA,"SŠrkinen","",""
NA,7762,NA,8810,"83392","","",-23.9,-62.7833,3200,"vernei","vernei","tuberous","wild",NA,"SŠrkinen","",""
NA,7763,NA,8811,"83564","","",-26.6,-65.9166,2750,"vernei","vernei","tuberous","wild",NA,"SŠrkinen","",""
NA,7764,NA,8812,"84413","","",-23.2,-64.92,3100,"vernei","vernei","tuberous","wild",NA,"SŠrkinen","",""
NA,7765,NA,8813,"83539","","",-27.55,-65.0333,2100,"vernei","vernei","tuberous","wild",NA,"SŠrkinen","",""
NA,7766,NA,8814,"84532","","",-26.77,-65.77,2900,"vernei","vernei","tuberous","wild",NA,"SŠrkinen","",""
NA,7767,NA,8815,"78017","","",-24.62,-65.58,3350,"vernei","vernei","tuberous","wild",NA,"SŠrkinen","",""
NA,7768,NA,8816,"80979","","",-27.9166,-66.0666,2500,"vernei","vernei","tuberous","wild",NA,"SŠrkinen","",""
NA,7769,NA,8817,"80484","","",-23.9166,-65.35,2960,"vernei","vernei","tuberous","wild",NA,"SŠrkinen","",""
NA,7770,NA,8818,"86497","","",-23.1833,-66.2166,3200,"vernei","vernei","tuberous","wild",NA,"SŠrkinen","",""
NA,7771,NA,8819,"80486","","",-23.9,-65.45,3175,"vernei","vernei","tuberous","wild",NA,"SŠrkinen","",""
NA,7772,NA,8820,"320331","","",-27.215218,-66.110093,NA,"vernei","vernei","tuberous","germplasm",NA,"SŠrkinen","",""
NA,7773,NA,8821,"PI 320329","","",-26.766667,-65.75,NA,"vernei","vernei","tuberous","germplasm",24,"SŠrkinen","",""
NA,7776,NA,8824,"PI 500045","","",-24.616667,-65.583333,NA,"vernei","vernei","tuberous","germplasm",24,"SŠrkinen","",""
NA,7779,NA,8827,"PI 500045","","",-24.61,-65.58,NA,"vernei","vernei","tuberous","germplasm",NA,"SŠrkinen","",""
NA,7780,NA,8828,"PI 500063","","",-25.333333,-65.883333,NA,"vernei","vernei","tuberous","germplasm",24,"SŠrkinen","",""
NA,7786,NA,8834,"PI 558150","","",-23.6,-65.183333,NA,"vernei","vernei","tuberous","germplasm",24,"SŠrkinen","",""
NA,7789,NA,8837,"PI 558150","","",-23.6,-65.18,NA,"vernei","vernei","tuberous","germplasm",NA,"SŠrkinen","",""
NA,7791,NA,8839,"CIP 763029","","",19.4,-101.6,2325,"verrucosum","verrucosum","tuberous","germplasm",24,"SŠrkinen","",""
NA,7792,NA,8840,"CIP 763857","","",25.2,-100.0667,2348,"verrucosum","verrucosum","tuberous","germplasm",24,"SŠrkinen","",""
NA,7793,NA,8841,"CIP 763779","","",19.15,-99.8,2680,"verrucosum","verrucosum","tuberous","germplasm",24,"SŠrkinen","",""
NA,7794,NA,8842,"CIP 763858","","",19.7381,-99.7589,3801,"verrucosum","verrucosum","tuberous","germplasm",24,"SŠrkinen","",""
NA,7795,NA,8843,"CIP 760746","","",19.3,-99.65,2680,"verrucosum","verrucosum","tuberous","germplasm",24,"SŠrkinen","",""
NA,7796,NA,8844,"CIP 766099","","",19.2,-99.25,NA,"verrucosum","verrucosum","tuberous","germplasm",NA,"SŠrkinen","",""
NA,7797,NA,8845,"CIP 763855","","",20.0328,-98.6828,2960,"verrucosum","verrucosum","tuberous","germplasm",24,"SŠrkinen","",""
NA,7798,NA,8846,"CIP 763863","","",19.0375,-97.8161,2838,"verrucosum","verrucosum","tuberous","germplasm",24,"SŠrkinen","",""
NA,7800,NA,8848,"89797","","",21.1437,-99.6225,2870,"verrucosum","verrucosum","tuberous","wild",NA,"SŠrkinen","",""
NA,7801,NA,8849,"82863","","",20.11,-98.73,0,"verrucosum","verrucosum","tuberous","wild",NA,"SŠrkinen","",""
NA,7802,NA,8850,"88822","","",23.58,-99.46,2620,"verrucosum","verrucosum","tuberous","wild",NA,"SŠrkinen","",""
NA,7803,NA,8851,"88633","","",19.38,-100.28,3120,"verrucosum","verrucosum","tuberous","wild",NA,"SŠrkinen","",""
NA,7804,NA,8852,"89095","","",23.7248,-99.7922,0,"verrucosum","verrucosum","tuberous","wild",NA,"SŠrkinen","",""
NA,7805,NA,8853,"82908","","",21.38,-100.2,2180,"verrucosum","verrucosum","tuberous","wild",NA,"SŠrkinen","",""
NA,7806,NA,8854,"82598","","",20.13,-98.637,2900,"verrucosum","verrucosum","tuberous","wild",NA,"SŠrkinen","",""
NA,7807,NA,8855,"89408","","",19.05,-97.15,3450,"verrucosum","verrucosum","tuberous","wild",NA,"SŠrkinen","",""
NA,7808,NA,8856,"89268","","",19.8731,-100.922,2750,"verrucosum","verrucosum","tuberous","wild",NA,"SŠrkinen","",""
NA,7809,NA,8857,"89016","","",16.26,-96.656,2650,"verrucosum","verrucosum","tuberous","wild",NA,"SŠrkinen","",""
NA,7810,NA,8858,"88821","","",19.24,-101.36,2950,"verrucosum","verrucosum","tuberous","wild",NA,"SŠrkinen","",""
NA,7811,NA,8859,"89829","","",19.8196,-100.63,2750,"verrucosum","verrucosum","tuberous","wild",NA,"SŠrkinen","",""
NA,7812,NA,8860,"89397","","",19.233,-100.193,2700,"verrucosum","verrucosum","tuberous","wild",NA,"SŠrkinen","",""
NA,7813,NA,8861,"88681","","",19.28,-98.045,2896,"verrucosum","verrucosum","tuberous","wild",NA,"SŠrkinen","",""
NA,7814,NA,8862,"89386","","",17.5,-99.6666,2220,"verrucosum","verrucosum","tuberous","wild",NA,"SŠrkinen","",""
NA,7815,NA,8863,"89536","","",25.4217,-100.781,2865,"verrucosum","verrucosum","tuberous","wild",NA,"SŠrkinen","",""
NA,7816,NA,8864,"89267","","",19.5885,-101.156,2100,"verrucosum","verrucosum","tuberous","wild",NA,"SŠrkinen","",""
NA,7817,NA,8865,"89804","","",21.48,-100.49,2300,"verrucosum","verrucosum","tuberous","wild",NA,"SŠrkinen","",""
NA,7818,NA,8866,"90410","","",24.47,-99.53,3100,"verrucosum","verrucosum","tuberous","wild",NA,"SŠrkinen","",""
NA,7819,NA,8867,"90194","","",18.9333,-98.4666,2835,"verrucosum","verrucosum","tuberous","wild",NA,"SŠrkinen","",""
NA,7820,NA,8868,"90661","","",19.42,-101.5,2926,"verrucosum","verrucosum","tuberous","wild",NA,"SŠrkinen","",""
NA,7821,NA,8869,"89972","","",19.25,-102.32,3240,"verrucosum","verrucosum","tuberous","wild",NA,"SŠrkinen","",""
NA,7822,NA,8870,"77890","","",19.2622,-99.1075,2900,"verrucosum","verrucosum","tuberous","wild",NA,"SŠrkinen","",""
NA,7823,NA,8871,"89947","","",24.5241,-100.132,3220,"verrucosum","verrucosum","tuberous","wild",NA,"SŠrkinen","",""
NA,7824,NA,8872,"89150","","",19.033,-100.05,2860,"verrucosum","verrucosum","tuberous","wild",NA,"SŠrkinen","",""
NA,7825,NA,8873,"89441","","",17.1439,-96.656,0,"verrucosum","verrucosum","tuberous","wild",NA,"SŠrkinen","",""
NA,7826,NA,8874,"88471","","",20.8097,-103.876,2650,"verrucosum","verrucosum","tuberous","wild",NA,"SŠrkinen","",""
NA,7827,NA,8875,"89300","","",20.81,-100.11,2950,"verrucosum","verrucosum","tuberous","wild",NA,"SŠrkinen","",""
NA,7828,NA,8876,"88621","","",19.33,-103.38,3250,"verrucosum","verrucosum","tuberous","wild",NA,"SŠrkinen","",""
NA,7830,NA,8878,"89842","","",21.06,-101.28,2300,"verrucosum","verrucosum","tuberous","wild",NA,"SŠrkinen","",""
NA,7831,NA,8879,"89846","","",21.218,-99.3,1000,"verrucosum","verrucosum","tuberous","wild",NA,"SŠrkinen","",""
NA,7832,NA,8880,"91181","","",25.2,-100.39,2100,"verrucosum","verrucosum","tuberous","wild",NA,"SŠrkinen","",""
NA,7833,NA,8881,"82592","","",19.45,-98.77,2600,"verrucosum","verrucosum","tuberous","wild",NA,"SŠrkinen","",""
NA,7834,NA,8882,"91203","","",23.7666,-99.9166,2700,"verrucosum","verrucosum","tuberous","wild",NA,"SŠrkinen","",""
NA,7835,NA,8883,"89541","","",19.6666,-99,0,"verrucosum","verrucosum","tuberous","wild",NA,"SŠrkinen","",""
NA,7836,NA,8884,"89802","","",21.3211,-101.558,2460,"verrucosum","verrucosum","tuberous","wild",NA,"SŠrkinen","",""
NA,7837,NA,8885,"89044","","",16.95,-96.98,2760,"verrucosum","verrucosum","tuberous","wild",NA,"SŠrkinen","",""
NA,7838,NA,8886,"89173","","",19.2833,-99.5,3000,"verrucosum","verrucosum","tuberous","wild",NA,"SŠrkinen","",""
NA,7839,NA,8887,"89299","","",20.3718,-103.428,2950,"verrucosum","verrucosum","tuberous","wild",NA,"SŠrkinen","",""
NA,7840,NA,8888,"89801","","",21.23,-101.42,2610,"verrucosum","verrucosum","tuberous","wild",NA,"SŠrkinen","",""
NA,7841,NA,8889,"89038","","",19.5166,-103.633,2875,"verrucosum","verrucosum","tuberous","wild",NA,"SŠrkinen","",""
NA,7842,NA,8890,"91318","","",17.1833,-96.5,2750,"verrucosum","verrucosum","tuberous","wild",NA,"SŠrkinen","",""
NA,7843,NA,8891,"90602","","",19.03,-99.19,2800,"verrucosum","verrucosum","tuberous","wild",NA,"SŠrkinen","",""
NA,7844,NA,8892,"82662","","",25.21,-101.03,0,"verrucosum","verrucosum","tuberous","wild",NA,"SŠrkinen","",""
NA,7845,NA,8893,"89778","","",19.95,-99.3,2850,"verrucosum","verrucosum","tuberous","wild",NA,"SŠrkinen","",""
NA,7846,NA,8894,"77885","","",19.9754,-103.722,2400,"verrucosum","verrucosum","tuberous","wild",NA,"SŠrkinen","",""
NA,7847,NA,8895,"89934","","",20.1004,-98.4135,2830,"verrucosum","verrucosum","tuberous","wild",NA,"SŠrkinen","",""
NA,7848,NA,8896,"89745","","",19.25,-102.17,3500,"verrucosum","verrucosum","tuberous","wild",NA,"SŠrkinen","",""
NA,7849,NA,8897,"88695","","",19.55,-102.05,2250,"verrucosum","verrucosum","tuberous","wild",NA,"SŠrkinen","",""
NA,7850,NA,8898,"89265","","",19.6333,-97.0833,2350,"verrucosum","verrucosum","tuberous","wild",NA,"SŠrkinen","",""
NA,7851,NA,8899,"90848","","",19.15,-98.3,0,"verrucosum","verrucosum","tuberous","wild",NA,"SŠrkinen","",""
NA,7852,NA,8900,"88685","","",19.3166,-97.9333,3340,"verrucosum","verrucosum","tuberous","wild",NA,"SŠrkinen","",""
NA,7853,NA,8901,"82586","","",18.7166,-97.3166,2409,"verrucosum","verrucosum","tuberous","wild",NA,"SŠrkinen","",""
NA,7854,NA,8902,"91316","","",16.9642,-96.8608,2286,"verrucosum","verrucosum","tuberous","wild",NA,"SŠrkinen","",""
NA,7855,NA,8903,"80097","","",18.9988,-98.5962,2838,"verrucosum","verrucosum","tuberous","wild",NA,"SŠrkinen","",""
NA,7856,NA,8904,"91462","","",20.393,-104.019,2400,"verrucosum","verrucosum","tuberous","wild",NA,"SŠrkinen","",""
NA,7857,NA,8905,"82681","","",24.88,-100.25,0,"verrucosum","verrucosum","tuberous","wild",NA,"SŠrkinen","",""
NA,7858,NA,8906,"90285","","",25.12,-100.04,2720,"verrucosum","verrucosum","tuberous","wild",NA,"SŠrkinen","",""
NA,7859,NA,8907,"88790","","",25.3648,-100.549,3300,"verrucosum","verrucosum","tuberous","wild",NA,"SŠrkinen","",""
NA,7860,NA,8908,"90518","","",20.33,-100.966,2750,"verrucosum","verrucosum","tuberous","wild",NA,"SŠrkinen","",""
NA,7861,NA,8909,"91415","","",19.09,-99.59,2800,"verrucosum","verrucosum","tuberous","wild",NA,"SŠrkinen","",""
NA,7862,NA,8910,"90323","","",19.516,-98.8833,0,"verrucosum","verrucosum","tuberous","wild",NA,"SŠrkinen","",""
NA,7863,NA,8911,"90295","","",20.41,-99.41,2960,"verrucosum","verrucosum","tuberous","wild",NA,"SŠrkinen","",""
NA,7864,NA,8912,"90217","","",19.246,-99.7605,2700,"verrucosum","verrucosum","tuberous","wild",NA,"SŠrkinen","",""
NA,7865,NA,8913,"80099","","",19.0494,-99.3175,3050,"verrucosum","verrucosum","tuberous","wild",NA,"SŠrkinen","",""
NA,7867,NA,8915,"285037","","",23.625925,-102.001705,NA,"verrucosum","verrucosum","tuberous","germplasm",NA,"SŠrkinen","",""
NA,7868,NA,8916,"292222","","",19.251515,-99.318466,NA,"verrucosum","verrucosum","tuberous","germplasm",NA,"SŠrkinen","",""
NA,7875,NA,8923,"PI 255544","","",19.25,-98.5,NA,"verrucosum","verrucosum","tuberous","germplasm",24,"SŠrkinen","",""
NA,7878,NA,8926,"PI 310966","","",19.033333,-98.633333,NA,"verrucosum","verrucosum","tuberous","germplasm",24,"SŠrkinen","",""
NA,7881,NA,8929,"PI 320344","","",19.45,-101.6,NA,"verrucosum","verrucosum","tuberous","germplasm",24,"SŠrkinen","",""
NA,7884,NA,8932,"PI 498010","","",20.032778,-98.682778,NA,"verrucosum","verrucosum","tuberous","germplasm",24,"SŠrkinen","",""
NA,7887,NA,8935,"PI 558433","","",19.416667,-102.533333,NA,"verrucosum","verrucosum","tuberous","germplasm",24,"SŠrkinen","",""
NA,7890,NA,8938,"PI 558488","","",19.566667,-103.583333,NA,"verrucosum","verrucosum","tuberous","germplasm",24,"SŠrkinen","",""
NA,7893,NA,8942,"CIP 762368","","",-13.0458,-72.9144,2849,"violaceimarmoratum","violaceimarmoratum","tuberous","germplasm",24,"SŠrkinen","",""
NA,7894,NA,8943,"CIP 762546","","",-13.0392,-72.8633,2351,"violaceimarmoratum","violaceimarmoratum","tuberous","germplasm",24,"SŠrkinen","",""
NA,7895,NA,8944,"CIP 763316","","",-13.2447,-72.7378,2800,"violaceimarmoratum","violaceimarmoratum","tuberous","germplasm",24,"SŠrkinen","",""
NA,7897,NA,8946,"CIP 761044","","",-13.3111,-72.6703,2857,"violaceimarmoratum","violaceimarmoratum","tuberous","germplasm",24,"SŠrkinen","",""
NA,7898,NA,8947,"CIP 761795","","",-13.0881,-72.6247,1416,"violaceimarmoratum","violaceimarmoratum","tuberous","germplasm",24,"SŠrkinen","",""
NA,7902,NA,8951,"CIP 762836","","",-13.1739,-72.5028,2238,"violaceimarmoratum","violaceimarmoratum","tuberous","germplasm",24,"SŠrkinen","",""
NA,7903,NA,8952,"CIP 762845","","",-12.9244,-71.92,2444,"violaceimarmoratum","violaceimarmoratum","tuberous","germplasm",24,"SŠrkinen","",""
NA,7904,NA,8953,"CIP 762171","","",-14.6833,-69.0292,2460,"violaceimarmoratum","violaceimarmoratum","tuberous","germplasm",24,"SŠrkinen","",""
NA,7905,NA,8954,"CIP 761342","","",-15.1667,-68.9667,3050,"violaceimarmoratum","violaceimarmoratum","tuberous","germplasm",24,"SŠrkinen","",""
NA,7906,NA,8955,"CIP 760330","","",-16.3167,-67.9,3222,"violaceimarmoratum","violaceimarmoratum","tuberous","germplasm",24,"SŠrkinen","",""
NA,7909,NA,8958,"CIP 760331","","",-16.1833,-67.7333,1361,"violaceimarmoratum","violaceimarmoratum","tuberous","germplasm",24,"SŠrkinen","",""
NA,7910,NA,8959,"CIP 760240","","",-17.3833,-66.15,3025,"violaceimarmoratum","violaceimarmoratum","tuberous","germplasm",24,"SŠrkinen","",""
NA,7911,NA,8960,"77108","","",-17.2833,-65.7833,3400,"violaceimarmoratum","violaceimarmoratum","tuberous","wild",NA,"SŠrkinen","",""
NA,7912,NA,8961,"77115","","",-17.55,-65.2333,3000,"violaceimarmoratum","violaceimarmoratum","tuberous","wild",NA,"SŠrkinen","",""
NA,7913,NA,8962,"91777","","",-13.51667,-71.98333,0,"violaceimarmoratum","violaceimarmoratum","tuberous","wild",NA,"SŠrkinen","",""
NA,7914,NA,8963,"95324","","",-13.33333,-72.85,2500,"violaceimarmoratum","violaceimarmoratum","tuberous","wild",NA,"SŠrkinen","",""
NA,7915,NA,8964,"105089","","",-14.89444,-68.7925,3576,"violaceimarmoratum","violaceimarmoratum","tuberous","wild",NA,"SŠrkinen","",""
NA,7916,NA,8965,"68942","","",-12.97407,-72.05877,2589,"violaceimarmoratum","violaceimarmoratum","tuberous","wild",NA,"SŠrkinen","",""
NA,7918,NA,8967,"77116","","",-17.1667,-65.6667,3100,"violaceimarmoratum","violaceimarmoratum","tuberous","wild",NA,"SŠrkinen","",""
NA,7919,NA,8968,"84320","","",-14.8,-67.2833,3330,"violaceimarmoratum","violaceimarmoratum","tuberous","wild",NA,"SŠrkinen","",""
NA,7920,NA,8969,"81532","","",-14.6,-69.1333,2500,"violaceimarmoratum","violaceimarmoratum","tuberous","wild",NA,"SŠrkinen","",""
NA,7921,NA,8970,"93913","","",-12.92433,-71.92,2600,"violaceimarmoratum","violaceimarmoratum","tuberous","wild",NA,"SŠrkinen","",""
NA,7922,NA,8971,"77112","","",-16.3333,-67.9167,3300,"violaceimarmoratum","violaceimarmoratum","tuberous","wild",NA,"SŠrkinen","",""
NA,7923,NA,8972,"77111","","",-16.3667,-68.0167,3250,"violaceimarmoratum","violaceimarmoratum","tuberous","wild",NA,"SŠrkinen","",""
NA,7924,NA,8973,"80205","","",-16.39351,-67.56398,2450,"violaceimarmoratum","violaceimarmoratum","tuberous","wild",NA,"SŠrkinen","",""
NA,7925,NA,8974,"74744","","",-12.70484,-72.61837,2600,"violaceimarmoratum","violaceimarmoratum","tuberous","wild",NA,"SŠrkinen","",""
NA,7928,NA,8977,"91757","","",-13.25,-72.33333,2500,"violaceimarmoratum","violaceimarmoratum","tuberous","wild",NA,"SŠrkinen","",""
NA,7929,NA,8978,"82971","","",-17.25,-65.8833,3100,"violaceimarmoratum","violaceimarmoratum","tuberous","wild",NA,"SŠrkinen","",""
NA,7930,NA,8979,"85652","","",-17.5,-65.6667,2700,"violaceimarmoratum","violaceimarmoratum","tuberous","wild",NA,"SŠrkinen","",""
NA,7931,NA,8980,"71698","","",-13.15894,-71.59103,2350,"violaceimarmoratum","violaceimarmoratum","tuberous","wild",NA,"SŠrkinen","",""
NA,7932,NA,8981,"91745","","",-13.13333,-71.41667,0,"violaceimarmoratum","violaceimarmoratum","tuberous","wild",NA,"SŠrkinen","",""
NA,7933,NA,8982,"74747","","",-13.29187,-72.64451,2500,"violaceimarmoratum","violaceimarmoratum","tuberous","wild",NA,"SŠrkinen","",""
NA,7934,NA,8983,"81800","","",-16.2667,-67.7833,2900,"violaceimarmoratum","violaceimarmoratum","tuberous","wild",NA,"SŠrkinen","",""
NA,7935,NA,8984,"77080","","",-16.8333,-66.6333,2740,"violaceimarmoratum","violaceimarmoratum","tuberous","wild",NA,"SŠrkinen","",""
NA,7936,NA,8985,"74737","","",-12.95808,-72.35842,2000,"violaceimarmoratum","violaceimarmoratum","tuberous","wild",NA,"SŠrkinen","",""
NA,7938,NA,8987,"74736","","",-13.10087,-72.94082,3000,"violaceimarmoratum","violaceimarmoratum","tuberous","wild",NA,"SŠrkinen","",""
NA,7939,NA,8988,"22016","","",-13.23367,-72.49233,3500,"violaceimarmoratum","violaceimarmoratum","tuberous","wild",NA,"SŠrkinen","",""
NA,7940,NA,8989,"84289","","",-16.6333,-67.25,2450,"violaceimarmoratum","violaceimarmoratum","tuberous","wild",NA,"SŠrkinen","",""
NA,7941,NA,8990,"84290","","",-16.11667,-68.11667,2560,"violaceimarmoratum","violaceimarmoratum","tuberous","wild",NA,"SŠrkinen","",""
NA,7942,NA,8991,"81666","","",-13,-72.1667,2500,"violaceimarmoratum","violaceimarmoratum","tuberous","wild",NA,"SŠrkinen","",""
NA,7943,NA,8992,"81537","","",-14.6667,-69.0167,2800,"violaceimarmoratum","violaceimarmoratum","tuberous","wild",NA,"SŠrkinen","",""
NA,7945,NA,8994,"473395","","",-16.916667,-65.366665,NA,"violaceimarmoratum","violaceimarmoratum","tuberous","germplasm",24,"SŠrkinen","",""
NA,7947,NA,8996,"PI 258856","","",-16.316667,-67.9,NA,"violaceimarmoratum","violaceimarmoratum","tuberous","germplasm",24,"SŠrkinen","",""
NA,7956,NA,9005,"PI 498314","","",-16.166667,-67.733333,NA,"violaceimarmoratum","violaceimarmoratum","tuberous","germplasm",24,"SŠrkinen","",""
23474,8076,NA,NA,NA,"Ugent, D","0.0.1967",-17.97343,-67.125493,4024,"acaule","acaule","tuberous",NA,NA,"Potato","BOL","Bolivia"
23477,8077,NA,NA,NA,"Ugent, D","0.0.1967",-16.200134,-68.690304,3902,"acaule","acaule","tuberous",NA,NA,"Potato","BOL","Bolivia"
23481,8140,NA,NA,NA,"Knapp, S","0.0.2001",-14.474051,-71.903249,3750,"acaule","acaule","tuberous",NA,NA,"Potato","PER","Peru"
23482,8141,NA,NA,NA,"Spooner, DM","0.0.2013",-15.498655,-70.130572,3810,"acaule","acaule","tuberous",NA,NA,"Potato","PER","Peru"
32993,8142,NA,NA,NA,"Knapp, S","0.9.2008",-15.608833,-71.976167,3220,"acaule","acaule","tuberous",NA,NA,"Potato","PER","Peru"
33718,8143,NA,NA,NA,"Knapp, S","0.9.2008",-16.946339,-69.700467,4000,"acaule","acaule","tuberous",NA,NA,"Potato","PER","Peru"
22417,8276,NA,NA,NA,"Spooner, DM","0.0.2014",-6.259636,-78.594357,2700,"acroscopicum","acroscopicum","tuberous",NA,NA,"Potato","PER","Peru"
876,8285,NA,NA,NA,"Knapp, S","0.2.2012",-17.45887,-70.031032,3450,"acroscopicum","acroscopicum","tuberous",NA,NA,"Potato","PER","Peru"
20992,8309,NA,NA,NA,"Spooner, DM","0.0.0",-9.683333,-77.233333,4350,"albicans","albicans","tuberous",NA,NA,"Potato","PER","Peru"
20996,8310,NA,NA,NA,"Spooner, DM","0.0.2014",-9.483333,-77.366667,3690,"albicans","albicans","tuberous",NA,NA,"Potato","PER","Peru"
105644,8348,NA,NA,NA,"Nee, M","0.0.2009",-14.7725,-68.99139,2320,"anceps","anceps","nongeophyte",NA,NA,"Potato","BOL","Bolivia"
106030,8349,NA,NA,NA,"Knapp, S; Helgason, T","0.0.1996",-11.23649,-68.6768,290,"anceps","anceps","nongeophyte",NA,NA,"Potato","BOL","Bolivia"
106436,8350,NA,NA,NA,"Nee, M","0.0.2004",-17.0811,-65.3735,2100,"anceps","anceps","nongeophyte",NA,NA,"Potato","BOL","Bolivia"
106606,8351,NA,NA,NA,"Nee, M","0.0.2009",-17.5012,-64.4404,2969,"anceps","anceps","nongeophyte",NA,NA,"Potato","BOL","Bolivia"
106823,8352,NA,NA,NA,"Nee, M","0.0.2004",-14.2702,-68.1146,1579,"anceps","anceps","nongeophyte",NA,NA,"Potato","BOL","Bolivia"
106950,8353,NA,NA,NA,"Knapp, S; Helgason, T","0.0.1996",-16.12,-67.53,1700,"anceps","anceps","nongeophyte",NA,NA,"Potato","BOL","Bolivia"
107228,8354,NA,NA,NA,"Nee, M","0.0.2009",-14.3556,-68.5601,0,"anceps","anceps","nongeophyte",NA,NA,"Potato","BOL","Bolivia"
107273,8355,NA,NA,NA,"Nee, M","0.0.2005",-15.1244,-68.3905,1700,"anceps","anceps","nongeophyte",NA,NA,"Potato","BOL","Bolivia"
107449,8356,NA,NA,NA,"Nee, M","0.0.1990",-16.68112,-67.18542,1970,"anceps","anceps","nongeophyte",NA,NA,"Potato","BOL","Bolivia"
107906,8357,NA,NA,NA,"Knapp, S; Helgason, T","0.0.1996",-15.35,-67.34,1500,"anceps","anceps","nongeophyte",NA,NA,"Potato","BOL","Bolivia"
108036,8358,NA,NA,NA,"Nee, M","0.0.2009",-14.4732,-68.3553,0,"anceps","anceps","nongeophyte",NA,NA,"Potato","BOL","Bolivia"
108055,8359,NA,NA,NA,"Nee, M","0.0.2007",-17.4,-63.36,400,"anceps","anceps","nongeophyte",NA,NA,"Potato","BOL","Bolivia"
108073,8360,NA,NA,NA,"Nee, M","0.0.1989",-15.33,-67.58,1200,"anceps","anceps","nongeophyte",NA,NA,"Potato","BOL","Bolivia"
108074,8361,NA,NA,NA,"Nee, M","0.0.1990",-10.34,-66.06,120,"anceps","anceps","nongeophyte",NA,NA,"Potato","BOL","Bolivia"
108082,8362,NA,NA,NA,"Nee, M","0.0.2007",-17.3142,-65.1617,2100,"anceps","anceps","nongeophyte",NA,NA,"Potato","BOL","Bolivia"
108087,8363,NA,NA,NA,"Knapp, S","0.0.2003",-16.2,-67.83333,1300,"anceps","anceps","nongeophyte",NA,NA,"Potato","BOL","Bolivia"
108369,8364,NA,NA,NA,"Knapp, S; Helgason, T","0.0.1996",-15.24,-67.11,1100,"anceps","anceps","nongeophyte",NA,NA,"Potato","BOL","Bolivia"
108873,8365,NA,NA,NA,"Nee, M","0.0.2007",-15.38915,-68.18745,700,"anceps","anceps","nongeophyte",NA,NA,"Potato","BOL","Bolivia"
35295,8366,NA,NA,NA,"Knapp, S","0.0.2006",-17.292498,-64.899883,500,"anceps","anceps","nongeophyte",NA,NA,"Potato","BOL","Bolivia"
35441,8367,NA,NA,NA,"Knapp, S","0.0.2006",-17.51053,-64.32135,2347,"anceps","anceps","nongeophyte",NA,NA,"Potato","BOL","Bolivia"
106881,8368,NA,NA,NA,"Nee, M","0.0.1993",-9.12,-72.41,0,"anceps","anceps","nongeophyte",NA,NA,"Potato","BRA","Brazil"
106956,8369,NA,NA,NA,"Nee, M","0.0.1989",-10.34,-63.35,300,"anceps","anceps","nongeophyte",NA,NA,"Potato","BRA","Brazil"
107161,8370,NA,NA,NA,"Nee, M","0.0.2004",-8.2,-70.46,180,"anceps","anceps","nongeophyte",NA,NA,"Potato","BRA","Brazil"
111585,8371,NA,NA,NA,"Nee, M","0.0.1999",-9.82,-67.98,0,"anceps","anceps","nongeophyte",NA,NA,"Potato","BRA","Brazil"
111618,8372,NA,NA,NA,"Nee, M","0.8.1995",-7.633333,-72.6,150,"anceps","anceps","nongeophyte",NA,NA,"Potato","BRA","Brazil"
111621,8373,NA,NA,NA,"Nee, M","0.0.2013",-9.9581,-67.0903,0,"anceps","anceps","nongeophyte",NA,NA,"Potato","BRA","Brazil"
111629,8374,NA,NA,NA,"Nee, M","0.0.1995",-9.48,-68.9,0,"anceps","anceps","nongeophyte",NA,NA,"Potato","BRA","Brazil"
111634,8375,NA,NA,NA,"Nee, M","0.0.1995",-9.75,-67.63,0,"anceps","anceps","nongeophyte",NA,NA,"Potato","BRA","Brazil"
111636,8376,NA,NA,NA,"Nee, M","0.0.1991",-10.32,-67.25,0,"anceps","anceps","nongeophyte",NA,NA,"Potato","BRA","Brazil"
111649,8377,NA,NA,NA,"Nee, M","0.0.1986",-11.1753,-61.9014,0,"anceps","anceps","nongeophyte",NA,NA,"Potato","BRA","Brazil"
111709,8378,NA,NA,NA,"Knapp, S; Helgason, T","0.0.1996",-4.5256,-71.5644,0,"anceps","anceps","nongeophyte",NA,NA,"Potato","BRA","Brazil"
111715,8379,NA,NA,NA,"Knapp, S; Helgason, T","0.0.1996",-9.9747,-67.8097,0,"anceps","anceps","nongeophyte",NA,NA,"Potato","BRA","Brazil"
111778,8380,NA,NA,NA,"Knapp, S; Helgason, T","0.0.1996",-7.52,-73.75,0,"anceps","anceps","nongeophyte",NA,NA,"Potato","BRA","Brazil"
111780,8381,NA,NA,NA,"Knapp, S; Helgason, T","0.0.1996",-7.6144,-72.8956,0,"anceps","anceps","nongeophyte",NA,NA,"Potato","BRA","Brazil"
111794,8382,NA,NA,NA,"Knapp, S; Helgason, T","0.0.1996",-7.491765,-63.01162,0,"anceps","anceps","nongeophyte",NA,NA,"Potato","BRA","Brazil"
111838,8383,NA,NA,NA,"Nee, M","0.0.2004",-8.5867,-71.5158,0,"anceps","anceps","nongeophyte",NA,NA,"Potato","BRA","Brazil"
144777,8384,NA,NA,NA,"Nee, M","0.0.1987",-9.06556,-68.6569,0,"anceps","anceps","nongeophyte",NA,NA,"Potato","BRA","Brazil"
144823,8385,NA,NA,NA,"Giacomin, LL","3.11.2014",-8.05,-62.92889,49,"anceps","anceps","nongeophyte",NA,NA,"Potato","BRA","Brazil"
144950,8386,NA,NA,NA,"Nee, M","0.8.1995",-3.10194,-60.025,0,"anceps","anceps","nongeophyte",NA,NA,"Potato","BRA","Brazil"
147810,8387,NA,NA,NA,"Nee, M","0.0.0",-9.4214,-70.4886,0,"anceps","anceps","nongeophyte",NA,NA,"Potato","BRA","Brazil"
161796,8388,NA,NA,NA,"Knapp, S","0.12.2009",-10.06667,-67.61667,0,"anceps","anceps","nongeophyte",NA,NA,"Potato","BRA","Brazil"
106476,8389,NA,NA,NA,"Knapp, S","0.0.2005",6.32,-76.19,700,"anceps","anceps","nongeophyte",NA,NA,"Potato","COL","Colombia"
107248,8390,NA,NA,NA,"Nee, M","0.0.2001",6.13,-75.39,1710,"anceps","anceps","nongeophyte",NA,NA,"Potato","COL","Colombia"
108237,8391,NA,NA,NA,"Knapp, S; Helgason, T","0.0.1996",6.5,-75.18,2000,"anceps","anceps","nongeophyte",NA,NA,"Potato","COL","Colombia"
111985,8392,NA,NA,NA,"Orejuela, A","25.5.2011",4.891667,-73.28167,900,"anceps","anceps","nongeophyte",NA,NA,"Potato","COL","Colombia"
112048,8393,NA,NA,NA,"Orozco, CI","0.0.1986",5.691501,-76.65753,0,"anceps","anceps","nongeophyte",NA,NA,"Potato","COL","Colombia"
112193,8394,NA,NA,NA,"Nee, M","0.0.1988",2.802489,-73.81054,550,"anceps","anceps","nongeophyte",NA,NA,"Potato","COL","Colombia"
112195,8395,NA,NA,NA,"Bohs, L","0.0.1992",2.812113,-73.99644,0,"anceps","anceps","nongeophyte",NA,NA,"Potato","COL","Colombia"
112198,8396,NA,NA,NA,"Granados-Tochoy, JC","0.0.2005",3.797333,-73.91739,835,"anceps","anceps","nongeophyte",NA,NA,"Potato","COL","Colombia"
112238,8397,NA,NA,NA,"Granados-Tochoy, JC","0.0.2005",4.64808,-75.64805,1780,"anceps","anceps","nongeophyte",NA,NA,"Potato","COL","Colombia"
112280,8398,NA,NA,NA,"Nee, M","0.0.1988",4.77568,-76.14654,1850,"anceps","anceps","nongeophyte",NA,NA,"Potato","COL","Colombia"
114598,8399,NA,NA,NA,NA,"0.0.0",6.55519,-76.27879,1110,"anceps","anceps","nongeophyte",NA,NA,"Potato","COL","Colombia"
116570,8400,NA,NA,NA,"Knapp, S","0.3.2017",5.966942,-73.16239,2200,"anceps","anceps","nongeophyte",NA,NA,"Potato","COL","Colombia"
120482,8401,NA,NA,NA,"Knapp, S","0.3.2017",6.840191,-72.98987,710,"anceps","anceps","nongeophyte",NA,NA,"Potato","COL","Colombia"
121237,8402,NA,NA,NA,NA,"0.0.0",5.418471,-76.04731,1500,"anceps","anceps","nongeophyte",NA,NA,"Potato","COL","Colombia"
122691,8403,NA,NA,NA,NA,"0.0.0",5.378872,-75.88632,1800,"anceps","anceps","nongeophyte",NA,NA,"Potato","COL","Colombia"
124158,8404,NA,NA,NA,"Lozano C, G","1.1.1996",4.18384,-73.65302,1000,"anceps","anceps","nongeophyte",NA,NA,"Potato","COL","Colombia"
124452,8405,NA,NA,NA,"Lozano C, G","1.1.1995",5.55486,-74.29308,1450,"anceps","anceps","nongeophyte",NA,NA,"Potato","COL","Colombia"
105900,8406,NA,NA,NA,"Nee, M","0.0.2011",-2.31,-76.48,235,"anceps","anceps","nongeophyte",NA,NA,"Potato","ECU","Ecuador"
105960,8407,NA,NA,NA,"Knapp, S","0.0.1987",-3.37,-78.27,900,"anceps","anceps","nongeophyte",NA,NA,"Potato","ECU","Ecuador"
105975,8408,NA,NA,NA,"Knapp, S; Helgason, T","0.0.1996",-0.36,-75.52,200,"anceps","anceps","nongeophyte",NA,NA,"Potato","ECU","Ecuador"
106326,8409,NA,NA,NA,"Nee, M","0.0.2000",-0.39,-77.3,1400,"anceps","anceps","nongeophyte",NA,NA,"Potato","ECU","Ecuador"
106410,8410,NA,NA,NA,"Nee, M","0.0.1986",-1.27,-78.06,1300,"anceps","anceps","nongeophyte",NA,NA,"Potato","ECU","Ecuador"
106417,8411,NA,NA,NA,"Nee, M","0.0.1997",-4.05,-78.57,960,"anceps","anceps","nongeophyte",NA,NA,"Potato","ECU","Ecuador"
106421,8412,NA,NA,NA,"Nee, M","0.0.1993",-1.49,-76.42,260,"anceps","anceps","nongeophyte",NA,NA,"Potato","ECU","Ecuador"
106475,8413,NA,NA,NA,"Knapp, S; Helgason, T","0.0.1996",-1.04,-77.36,400,"anceps","anceps","nongeophyte",NA,NA,"Potato","ECU","Ecuador"
106515,8414,NA,NA,NA,"Nee, M","0.0.2001",-0.966667,-77.66667,600,"anceps","anceps","nongeophyte",NA,NA,"Potato","ECU","Ecuador"
106599,8415,NA,NA,NA,"Knapp, S; Helgason, T","0.0.1996",-1.34,-77.25,580,"anceps","anceps","nongeophyte",NA,NA,"Potato","ECU","Ecuador"
107180,8416,NA,NA,NA,"Knapp, S; Helgason, T","0.0.1996",-3,-78.1,800,"anceps","anceps","nongeophyte",NA,NA,"Potato","ECU","Ecuador"
107330,8417,NA,NA,NA,"Knapp, S","0.0.1997",-0.55,-77.21,440,"anceps","anceps","nongeophyte",NA,NA,"Potato","ECU","Ecuador"
107367,8418,NA,NA,NA,"Knapp, S","0.0.2006",-2.543333,-78.56278,1524,"anceps","anceps","nongeophyte",NA,NA,"Potato","ECU","Ecuador"
107617,8419,NA,NA,NA,"Knapp, S","0.0.1997",0.07,-76.23,240,"anceps","anceps","nongeophyte",NA,NA,"Potato","ECU","Ecuador"
107687,8420,NA,NA,NA,"Nee, M","0.0.1988",-1.38,-75.58,200,"anceps","anceps","nongeophyte",NA,NA,"Potato","ECU","Ecuador"
107894,8421,NA,NA,NA,"Nee, M","0.0.1988",-2.21,-77.31,450,"anceps","anceps","nongeophyte",NA,NA,"Potato","ECU","Ecuador"
108041,8422,NA,NA,NA,"Nee, M","0.0.1988",-2.25,-77.2,250,"anceps","anceps","nongeophyte",NA,NA,"Potato","ECU","Ecuador"
108044,8423,NA,NA,NA,"Nee, M","0.0.1997",-2.05,-76.58,250,"anceps","anceps","nongeophyte",NA,NA,"Potato","ECU","Ecuador"
108694,8424,NA,NA,NA,"Knapp, S","0.0.1997",-0.233333,-76.88333,0,"anceps","anceps","nongeophyte",NA,NA,"Potato","ECU","Ecuador"
108840,8425,NA,NA,NA,"Knapp, S","0.0.1997",-1.83,-78.28306,0,"anceps","anceps","nongeophyte",NA,NA,"Potato","ECU","Ecuador"
108953,8426,NA,NA,NA,"Knapp, S","0.0.1997",-2.116667,-77.65,0,"anceps","anceps","nongeophyte",NA,NA,"Potato","ECU","Ecuador"
118531,8427,NA,NA,NA,"Knapp, S","0.10.2016",-0.182778,-77.64333,1855,"anceps","anceps","nongeophyte",NA,NA,"Potato","ECU","Ecuador"
138963,8428,NA,NA,NA,"Knapp, S","0.10.2018",-0.066667,-77.88333,0,"anceps","anceps","nongeophyte",NA,NA,"Potato","ECU","Ecuador"
14667,8429,NA,NA,NA,"Knapp, S","0.0.2002",-3.984,-79.0845,2150,"anceps","anceps","nongeophyte",NA,NA,"Potato","ECU","Ecuador"
14674,8430,NA,NA,NA,"Knapp, S","0.0.2002",0.468,-77.534,2100,"anceps","anceps","nongeophyte",NA,NA,"Potato","ECU","Ecuador"
17001,8431,NA,NA,NA,"Knapp, S","0.0.2006",-4.1,-78.95,1000,"anceps","anceps","nongeophyte",NA,NA,"Potato","ECU","Ecuador"
19188,8432,NA,NA,NA,"Knapp, S","0.0.2007",-4.772528,-79.176639,1800,"anceps","anceps","nongeophyte",NA,NA,"Potato","ECU","Ecuador"
24676,8433,NA,NA,NA,"Smith, SF","0.0.0",-1.384725,-78.280556,1800,"anceps","anceps","nongeophyte",NA,NA,"Potato","ECU","Ecuador"
24677,8434,NA,NA,NA,"Nee, M","0.0.0",-0.3593,-77.53,2200,"anceps","anceps","nongeophyte",NA,NA,"Potato","ECU","Ecuador"
24727,8435,NA,NA,NA,"Bohs, L","0.0.0",-1.4653,-77.4957,800,"anceps","anceps","nongeophyte",NA,NA,"Potato","ECU","Ecuador"
24749,8436,NA,NA,NA,"Knapp, S","0.10.2019",-3.062222,-77.945278,300,"anceps","anceps","nongeophyte",NA,NA,"Potato","ECU","Ecuador"
24757,8437,NA,NA,NA,"Knapp, S","0.0.2010",-2.990556,-78.213611,650,"anceps","anceps","nongeophyte",NA,NA,"Potato","ECU","Ecuador"
24768,8438,NA,NA,NA,"Knapp, S","0.0.2010",-2.227222,-78.123056,1170,"anceps","anceps","nongeophyte",NA,NA,"Potato","ECU","Ecuador"
27082,8439,NA,NA,NA,"Knapp, S","0.6.2008",-0.827667,-77.563667,1130,"anceps","anceps","nongeophyte",NA,NA,"Potato","ECU","Ecuador"
35939,8440,NA,NA,NA,"Knapp, S","0.0.2007",-0.6,-77.883333,2000,"anceps","anceps","nongeophyte",NA,NA,"Potato","ECU","Ecuador"
53286,8441,NA,NA,NA,"Tepe, EJ","0.1.2009",-0.364444,-76.585278,240,"anceps","anceps","nongeophyte",NA,NA,"Potato","ECU","Ecuador"
53288,8442,NA,NA,NA,"Tepe, EJ","0.1.2009",-0.623611,-77.973611,2250,"anceps","anceps","nongeophyte",NA,NA,"Potato","ECU","Ecuador"
57135,8443,NA,NA,NA,"Knapp, S","0.8.2011",-3.083333,-78.516667,1700,"anceps","anceps","nongeophyte",NA,NA,"Potato","ECU","Ecuador"
57137,8444,NA,NA,NA,"Knapp, S","0.8.2011",-1.666667,-77.966667,950,"anceps","anceps","nongeophyte",NA,NA,"Potato","ECU","Ecuador"
57140,8445,NA,NA,NA,"Knapp, S","0.8.2011",-1.7,-77.866667,900,"anceps","anceps","nongeophyte",NA,NA,"Potato","ECU","Ecuador"
74201,8446,NA,NA,NA,"Bohs, L","0.6.2006",-0.636306,-76.14936,200,"anceps","anceps","nongeophyte",NA,NA,"Potato","ECU","Ecuador"
107335,8447,NA,NA,NA,"Nee, M","0.0.2006",4.41,-53.57,550,"anceps","anceps","nongeophyte",NA,NA,"Potato","GUF","French Guiana"
11945,8448,NA,NA,NA,"Nee, M","0.0.1990",4.3,-52.366667,200,"anceps","anceps","nongeophyte",NA,NA,"Potato","GUF","French Guiana"
11949,8449,NA,NA,NA,"Nee, M","0.0.1993",4.456703,-54.405998,450,"anceps","anceps","nongeophyte",NA,NA,"Potato","GUF","French Guiana"
11951,8451,NA,NA,NA,"Nee, M","0.0.2001",4.85,-53.066667,60,"anceps","anceps","nongeophyte",NA,NA,"Potato","GUF","French Guiana"
11952,8452,NA,NA,NA,"Knapp, S; Helgason, T","0.0.1996",3.516667,-53.716667,550,"anceps","anceps","nongeophyte",NA,NA,"Potato","GUF","French Guiana"
11954,8453,NA,NA,NA,"Nee, M","0.0.1993",2.65,-54.066667,180,"anceps","anceps","nongeophyte",NA,NA,"Potato","GUF","French Guiana"
11955,8454,NA,NA,NA,"Nee, M","0.0.1993",3.55,-53.916667,780,"anceps","anceps","nongeophyte",NA,NA,"Potato","GUF","French Guiana"
11947,8455,NA,NA,NA,"Nee, M","0.0.1993",5.411111,-59.953611,1100,"anceps","anceps","nongeophyte",NA,NA,"Potato","GUY","Guyana"
11948,8456,NA,NA,NA,"Nee, M","0.0.2002",5,-59.95,701,"anceps","anceps","nongeophyte",NA,NA,"Potato","GUY","Guyana"
105858,8457,NA,NA,NA,"Nee, M","0.0.2001",8.4,-80.07,900,"anceps","anceps","nongeophyte",NA,NA,"Potato","PAN","Panama"
105912,8458,NA,NA,NA,"Nee, M","0.0.2013",-6.700556,-77.58639,2150,"anceps","anceps","nongeophyte",NA,NA,"Potato","PER","Peru"
106287,8459,NA,NA,NA,"Tepe, EJ","0.0.2009",-5.0938,-78.4419,1598,"anceps","anceps","nongeophyte",NA,NA,"Potato","PER","Peru"
106825,8460,NA,NA,NA,"Nee, M","0.0.2009",-12.5708,-72.4703,2500,"anceps","anceps","nongeophyte",NA,NA,"Potato","PER","Peru"
106828,8461,NA,NA,NA,"Nee, M","0.0.2009",-12.3856,-72.5525,1036,"anceps","anceps","nongeophyte",NA,NA,"Potato","PER","Peru"
107224,8463,NA,NA,NA,"Knapp, S","0.0.2005",-4.0011,-73.093,50,"anceps","anceps","nongeophyte",NA,NA,"Potato","PER","Peru"
107599,8464,NA,NA,NA,"Knapp, S; Helgason, T","0.0.1996",-11.52,-71.22,400,"anceps","anceps","nongeophyte",NA,NA,"Potato","PER","Peru"
107820,8465,NA,NA,NA,"Nee, M","0.0.1993",-12.26,-69.15,260,"anceps","anceps","nongeophyte",NA,NA,"Potato","PER","Peru"
108573,8466,NA,NA,NA,"Nee, M","0.0.1999",-8.184167,-76.5125,400,"anceps","anceps","nongeophyte",NA,NA,"Potato","PER","Peru"
128578,8467,NA,NA,NA,"Knapp, S","0.5.2017",-13.24361,-70.8125,840,"anceps","anceps","nongeophyte",NA,NA,"Potato","PER","Peru"
128579,8468,NA,NA,NA,"Knapp, S","0.5.2017",-12.56944,-70.1,260,"anceps","anceps","nongeophyte",NA,NA,"Potato","PER","Peru"
139597,8469,NA,NA,NA,"Knapp, S","0.11.2018",-10.27972,-75.54194,1480,"anceps","anceps","nongeophyte",NA,NA,"Potato","PER","Peru"
139678,8470,NA,NA,NA,"Knapp, S","0.11.2018",-11.37972,-74.01833,1582,"anceps","anceps","nongeophyte",NA,NA,"Potato","PER","Peru"
14689,8471,NA,NA,NA,"Knapp, S","0.0.2002",-11.086833,-75.413167,2200,"anceps","anceps","nongeophyte",NA,NA,"Potato","PER","Peru"
20518,8472,NA,NA,NA,"Knapp, S","0.3.2007",-9.507825,-75.93533,900,"anceps","anceps","nongeophyte",NA,NA,"Potato","PER","Peru"
20978,8473,NA,NA,NA,"D'Arcy, WG","0.0.1987",-2.833333,-76.916667,200,"anceps","anceps","nongeophyte",NA,NA,"Potato","PER","Peru"
21139,8474,NA,NA,NA,"Knapp, S; Helgason, T","0.0.1996",-9.200119,-75.861361,1150,"anceps","anceps","nongeophyte",NA,NA,"Potato","PER","Peru"
21140,8475,NA,NA,NA,"Foster, RB","0.0.1983",-8.75,-75.033333,270,"anceps","anceps","nongeophyte",NA,NA,"Potato","PER","Peru"
21141,8476,NA,NA,NA,"Knapp, S; Helgason, T","0.0.1996",-4.93213,-73.717713,120,"anceps","anceps","nongeophyte",NA,NA,"Potato","PER","Peru"
21144,8478,NA,NA,NA,"Knapp, S; Helgason, T","0.0.1996",-8.666667,-75.166667,270,"anceps","anceps","nongeophyte",NA,NA,"Potato","PER","Peru"
21145,8479,NA,NA,NA,"Knapp, S; Helgason, T","0.0.1996",-5.75,-77.666667,1850,"anceps","anceps","nongeophyte",NA,NA,"Potato","PER","Peru"
21146,8480,NA,NA,NA,"Knapp, S; Helgason, T","0.0.1996",-2.8,-76.466667,210,"anceps","anceps","nongeophyte",NA,NA,"Potato","PER","Peru"
21147,8481,NA,NA,NA,"Nee, M","0.0.1999",-4.455452,-78.159126,213,"anceps","anceps","nongeophyte",NA,NA,"Potato","PER","Peru"
21148,8482,NA,NA,NA,"Nee, M","0.0.1991",-6.366042,-78.797345,2400,"anceps","anceps","nongeophyte",NA,NA,"Potato","PER","Peru"
21152,8483,NA,NA,NA,"Nee, M","0.0.1999",-5.202803,-79.09046,2210,"anceps","anceps","nongeophyte",NA,NA,"Potato","PER","Peru"
21153,8484,NA,NA,NA,"Nee, M","0.0.1999",-5.655598,-78.548377,300,"anceps","anceps","nongeophyte",NA,NA,"Potato","PER","Peru"
21156,8485,NA,NA,NA,"Knapp, S; Helgason, T","0.0.1996",-5.816667,-78.016667,2300,"anceps","anceps","nongeophyte",NA,NA,"Potato","PER","Peru"
21157,8486,NA,NA,NA,"Knapp, S; Helgason, T","0.0.1996",-10.15,-75.333333,400,"anceps","anceps","nongeophyte",NA,NA,"Potato","PER","Peru"
21158,8487,NA,NA,NA,"Knapp, S; Helgason, T","0.0.1996",-10.6,-75.383333,1850,"anceps","anceps","nongeophyte",NA,NA,"Potato","PER","Peru"
21159,8488,NA,NA,NA,"Nee, M","0.0.1997",-10.75,-74.383333,1200,"anceps","anceps","nongeophyte",NA,NA,"Potato","PER","Peru"
21162,8489,NA,NA,NA,"Knapp, S","0.0.2005",-4.916667,-78.833333,2200,"anceps","anceps","nongeophyte",NA,NA,"Potato","PER","Peru"
21163,8490,NA,NA,NA,"Nee, M","0.0.2002",-4.916667,-78.316667,480,"anceps","anceps","nongeophyte",NA,NA,"Potato","PER","Peru"
21169,8491,NA,NA,NA,NA,"0.0.0",-3.9,-78.433333,1800,"anceps","anceps","nongeophyte",NA,NA,"Potato","PER","Peru"
21170,8492,NA,NA,NA,"Knapp, S","0.2.2014",-4.166667,-73.5,220,"anceps","anceps","nongeophyte",NA,NA,"Potato","PER","Peru"
21173,8493,NA,NA,NA,"Knapp, S; Helgason, T","0.0.1996",-9.288809,-76.012169,672,"anceps","anceps","nongeophyte",NA,NA,"Potato","PER","Peru"
21175,8494,NA,NA,NA,"Knapp, S; Helgason, T","0.0.1996",-9.158621,-75.769945,1000,"anceps","anceps","nongeophyte",NA,NA,"Potato","PER","Peru"
21180,8495,NA,NA,NA,"Knapp, S; Helgason, T","0.0.1996",-8.380194,-74.448996,200,"anceps","anceps","nongeophyte",NA,NA,"Potato","PER","Peru"
21182,8496,NA,NA,NA,"Nee, M","0.0.2004",-12.923833,-72.788333,2000,"anceps","anceps","nongeophyte",NA,NA,"Potato","PER","Peru"
21183,8497,NA,NA,NA,"Nee, M","0.0.1991",-12.483333,-69.05,200,"anceps","anceps","nongeophyte",NA,NA,"Potato","PER","Peru"
21184,8498,NA,NA,NA,"Nee, M","0.0.1997",-5.607626,-78.362396,1745,"anceps","anceps","nongeophyte",NA,NA,"Potato","PER","Peru"
21186,8499,NA,NA,NA,"Knapp, S; Helgason, T","0.0.1996",-11.75,-71.166667,400,"anceps","anceps","nongeophyte",NA,NA,"Potato","PER","Peru"
21190,8500,NA,NA,NA,"Nee, M","0.0.1997",-4.416667,-78.266667,700,"anceps","anceps","nongeophyte",NA,NA,"Potato","PER","Peru"
21194,8501,NA,NA,NA,"Knapp, S; Helgason, T","0.0.1996",-4.166667,-73.333333,150,"anceps","anceps","nongeophyte",NA,NA,"Potato","PER","Peru"
21265,8502,NA,NA,NA,"Knapp, S","0.2.2014",-3.75,-73.416667,122,"anceps","anceps","nongeophyte",NA,NA,"Potato","PER","Peru"
21266,8503,NA,NA,NA,"Knapp, S; Helgason, T","0.0.1996",-3.7,-72.833333,110,"anceps","anceps","nongeophyte",NA,NA,"Potato","PER","Peru"
21267,8504,NA,NA,NA,"Knapp, S; Helgason, T","0.0.1996",-4.533333,-73.583333,160,"anceps","anceps","nongeophyte",NA,NA,"Potato","PER","Peru"
21275,8505,NA,NA,NA,"Knapp, S","0.2.2014",-12.916667,-71.2,500,"anceps","anceps","nongeophyte",NA,NA,"Potato","PER","Peru"
21276,8506,NA,NA,NA,"Knapp, S; Helgason, T","0.0.1996",-10.333333,-74.966667,300,"anceps","anceps","nongeophyte",NA,NA,"Potato","PER","Peru"
21277,8507,NA,NA,NA,"Knapp, S; Helgason, T","0.0.1996",-9.616667,-75.416667,500,"anceps","anceps","nongeophyte",NA,NA,"Potato","PER","Peru"
21281,8508,NA,NA,NA,"Knapp, S; Helgason, T","0.0.1996",-3.75,-73.25,122,"anceps","anceps","nongeophyte",NA,NA,"Potato","PER","Peru"
21286,8509,NA,NA,NA,"Knapp, S","0.9.2008",-6.466667,-76.35,700,"anceps","anceps","nongeophyte",NA,NA,"Potato","PER","Peru"
21289,8510,NA,NA,NA,"Knapp, S; Helgason, T","0.0.1996",-7.683333,-76.666667,600,"anceps","anceps","nongeophyte",NA,NA,"Potato","PER","Peru"
21843,8511,NA,NA,NA,"Knapp, S","0.2.2014",-10.748223,-75.058405,1200,"anceps","anceps","nongeophyte",NA,NA,"Potato","PER","Peru"
22290,8512,NA,NA,NA,"Knapp, S","0.2.2014",-3.333333,-76.333333,185,"anceps","anceps","nongeophyte",NA,NA,"Potato","PER","Peru"
23593,8513,NA,NA,NA,"Knapp, S; Helgason, T","0.0.1996",-6.008092,-76.933657,1100,"anceps","anceps","nongeophyte",NA,NA,"Potato","PER","Peru"
26358,8514,NA,NA,NA,"Knapp, S","0.0.2007",-8.186667,-74.170833,150,"anceps","anceps","nongeophyte",NA,NA,"Potato","PER","Peru"
33008,8515,NA,NA,NA,"Knapp, S","0.9.2008",-5.966667,-76.333333,200,"anceps","anceps","nongeophyte",NA,NA,"Potato","PER","Peru"
33010,8516,NA,NA,NA,"Knapp, S","0.9.2008",-10.2,-75.216667,320,"anceps","anceps","nongeophyte",NA,NA,"Potato","PER","Peru"
33013,8517,NA,NA,NA,"Knapp, S","0.9.2008",-5.75,-77.483333,1400,"anceps","anceps","nongeophyte",NA,NA,"Potato","PER","Peru"
33016,8518,NA,NA,NA,"Knapp, S","0.9.2008",-5.883333,-77.333333,850,"anceps","anceps","nongeophyte",NA,NA,"Potato","PER","Peru"
33017,8519,NA,NA,NA,"Knapp, S","0.9.2008",-10.633333,-75.166667,950,"anceps","anceps","nongeophyte",NA,NA,"Potato","PER","Peru"
33020,8520,NA,NA,NA,"Knapp, S","0.9.2008",-6.583333,-76.65,850,"anceps","anceps","nongeophyte",NA,NA,"Potato","PER","Peru"
33173,8521,NA,NA,NA,"Knapp, S","0.9.2008",-8.2,-76.383333,500,"anceps","anceps","nongeophyte",NA,NA,"Potato","PER","Peru"
33686,8522,NA,NA,NA,"Knapp, S","0.9.2008",-14.196404,-69.212023,2100,"anceps","anceps","nongeophyte",NA,NA,"Potato","PER","Peru"
56204,8523,NA,NA,NA,"Knapp, S","0.0.2011",-5.057167,-78.7415,1950,"anceps","anceps","nongeophyte",NA,NA,"Potato","PER","Peru"
57131,8524,NA,NA,NA,"Knapp, S","0.0.2014",-13.25,-70.666667,400,"anceps","anceps","nongeophyte",NA,NA,"Potato","PER","Peru"
57134,8525,NA,NA,NA,"Knapp, S","0.8.2011",-12.666667,-71.25,400,"anceps","anceps","nongeophyte",NA,NA,"Potato","PER","Peru"
65028,8526,NA,NA,NA,"Knapp, S","0.2.2012",-5.820167,-77.80383,2200,"anceps","anceps","nongeophyte",NA,NA,"Potato","PER","Peru"
65054,8527,NA,NA,NA,"Knapp, S","0.2.2012",-12.80033,-72.30783,2700,"anceps","anceps","nongeophyte",NA,NA,"Potato","PER","Peru"
65066,8528,NA,NA,NA,"Knapp, S","0.2.2012",-6.200699,-78.36427,1600,"anceps","anceps","nongeophyte",NA,NA,"Potato","PER","Peru"
65355,8529,NA,NA,NA,"Knapp, S","0.2.2012",-10.62617,-75.28867,297,"anceps","anceps","nongeophyte",NA,NA,"Potato","PER","Peru"
65374,8530,NA,NA,NA,"Knapp, S","0.2.2012",-6.311456,-78.04403,2926,"anceps","anceps","nongeophyte",NA,NA,"Potato","PER","Peru"
65637,8531,NA,NA,NA,"Cueva, M","0.0.2012",-13.17633,-71.6001,3174,"anceps","anceps","nongeophyte",NA,NA,"Potato","PER","Peru"
65701,8532,NA,NA,NA,"Knapp, S","29.2.2012",-10.33333,-75.66667,2300,"anceps","anceps","nongeophyte",NA,NA,"Potato","PER","Peru"
65765,8533,NA,NA,NA,"Knapp, S","29.2.2012",-12.31005,-70.38282,300,"anceps","anceps","nongeophyte",NA,NA,"Potato","PER","Peru"
71362,8534,NA,NA,NA,"SÃ¤rkinen, T","0.5.2013",-11.05289,-75.26238,2000,"anceps","anceps","nongeophyte",NA,NA,"Potato","PER","Peru"
73486,8535,NA,NA,NA,"Nee, M","0.0.2006",-9.05,-75.32,250,"anceps","anceps","nongeophyte",NA,NA,"Potato","PER","Peru"
74698,8536,NA,NA,NA,"Knapp, S","0.0.2014",-10.75,-73.322,304,"anceps","anceps","nongeophyte",NA,NA,"Potato","PER","Peru"
75043,8537,NA,NA,NA,"Knapp, S","0.0.2014",-9.7185,-76.11517,2750,"anceps","anceps","nongeophyte",NA,NA,"Potato","PER","Peru"
75044,8538,NA,NA,NA,"Knapp, S","0.0.2014",-11.78467,-72.69283,467,"anceps","anceps","nongeophyte",NA,NA,"Potato","PER","Peru"
75048,8539,NA,NA,NA,"Knapp, S","0.0.2014",-11.603,-69.545,0,"anceps","anceps","nongeophyte",NA,NA,"Potato","PER","Peru"
75055,8540,NA,NA,NA,"Knapp, S","0.0.2014",-9.881609,-70.72303,189,"anceps","anceps","nongeophyte",NA,NA,"Potato","PER","Peru"
75057,8541,NA,NA,NA,"Knapp, S","0.0.2014",-12.88579,-71.35782,492,"anceps","anceps","nongeophyte",NA,NA,"Potato","PER","Peru"
103126,8542,NA,NA,NA,"Knapp, S","0.11.2015",3.893806,-56.17544,765,"anceps","anceps","nongeophyte",NA,NA,"Potato","SUR","Suriname"
107921,8543,NA,NA,NA,"Nee, M","0.0.2001",3.541,-56.1046,750,"anceps","anceps","nongeophyte",NA,NA,"Potato","SUR","Suriname"
11956,8544,NA,NA,NA,"Knapp, S","0.0.2005",2.483333,-54.75,400,"anceps","anceps","nongeophyte",NA,NA,"Potato","SUR","Suriname"
26897,8563,NA,NA,NA,"Spooner, DM","0.0.2015",-0.3,-78.233333,3750,"andreanum","andreanum","tuberous",NA,NA,"Potato","ECU","Ecuador"
35941,8564,NA,NA,NA,"Knapp, S","0.12.2016",-0.633333,-77.833333,2000,"andreanum","andreanum","tuberous",NA,NA,"Potato","ECU","Ecuador"
107170,8600,NA,NA,NA,"Knapp, S; Helgason, T","0.0.1996",-6.27,-76.21,1200,"angustialatum","angustialatum","nongeophyte",NA,NA,"Potato","PER","Peru"
21294,8601,NA,NA,NA,"Knapp, S","0.0.1996",-6.483333,-76.35,700,"angustialatum","angustialatum","nongeophyte",NA,NA,"Potato","PER","Peru"
21295,8602,NA,NA,NA,"Knapp, S","0.9.2008",-6.45,-76.35,850,"angustialatum","angustialatum","nongeophyte",NA,NA,"Potato","PER","Peru"
53815,8603,NA,NA,NA,"Tepe, EJ","0.12.2007",-6.453533,-76.305367,820,"angustialatum","angustialatum","nongeophyte",NA,NA,"Potato","PER","Peru"
6899,8604,NA,NA,NA,"Knapp, S","0.7.2005",-6.459329,-76.291182,250,"angustialatum","angustialatum","nongeophyte",NA,NA,"Potato","PER","Peru"
107535,8605,NA,NA,NA,"D'Arcy, WG","0.0.1991",8.509444,-83.465,600,"appendiculatum","appendiculatum","nongeophyte",NA,NA,"Potato","CRI","Costa Rica"
105642,8607,NA,NA,NA,"Nee, M","0.0.0",14.3215,-90.5248,2300,"appendiculatum","appendiculatum","nongeophyte",NA,NA,"Potato","GTM","Guatemala"
105669,8608,NA,NA,NA,"Nee, M","0.0.1991",15.065,-92.0524,2700,"appendiculatum","appendiculatum","nongeophyte",NA,NA,"Potato","GTM","Guatemala"
107022,8609,NA,NA,NA,"Anderson, GJ","0.0.0",15.3247,-91.3046,3300,"appendiculatum","appendiculatum","nongeophyte",NA,NA,"Potato","GTM","Guatemala"
108275,8610,NA,NA,NA,"Anderson, GJ","0.0.0",14.99944,-91.87472,2400,"appendiculatum","appendiculatum","nongeophyte",NA,NA,"Potato","GTM","Guatemala"
7750,8611,NA,NA,NA,"Nee, M","0.0.1995",14.866667,-91.4,2950,"appendiculatum","appendiculatum","nongeophyte",NA,NA,"Potato","GTM","Guatemala"
106865,8613,NA,NA,NA,"D'Arcy, WG","0.0.1996",14.4,-88.42,2847,"appendiculatum","appendiculatum","nongeophyte",NA,NA,"Potato","HND","Honduras"
108266,8614,NA,NA,NA,"Nee, M","0.0.0",14.07,-87,2000,"appendiculatum","appendiculatum","nongeophyte",NA,NA,"Potato","HND","Honduras"
105662,8615,NA,NA,NA,"Nee, M","0.0.1984",16.79833,-92.48667,2350,"appendiculatum","appendiculatum","nongeophyte",NA,NA,"Potato","MEX","Mexico"
105724,8616,NA,NA,NA,"D'Arcy, WG","0.0.1986",15.43917,-92.33167,2890,"appendiculatum","appendiculatum","nongeophyte",NA,NA,"Potato","MEX","Mexico"
105909,8617,NA,NA,NA,"D'Arcy, WG","0.0.1988",20.93,-98.68,1650,"appendiculatum","appendiculatum","nongeophyte",NA,NA,"Potato","MEX","Mexico"
105923,8618,NA,NA,NA,"Anderson, GJ","0.0.1980",25.9,-107.6833,1768,"appendiculatum","appendiculatum","nongeophyte",NA,NA,"Potato","MEX","Mexico"
105928,8619,NA,NA,NA,"Nee, M","0.0.1997",18.18,-96.84,1265,"appendiculatum","appendiculatum","nongeophyte",NA,NA,"Potato","MEX","Mexico"
106820,8620,NA,NA,NA,"Nee, M","0.0.1985",17.22,-96.31,2450,"appendiculatum","appendiculatum","nongeophyte",NA,NA,"Potato","MEX","Mexico"
106874,8621,NA,NA,NA,"Nee, M","0.0.0",17.44,-96.51,2810,"appendiculatum","appendiculatum","nongeophyte",NA,NA,"Potato","MEX","Mexico"
126455,8622,NA,NA,NA,"Knapp, S","0.12.2016",19.92728,-97.53858,1363,"appendiculatum","appendiculatum","nongeophyte",NA,NA,"Potato","MEX","Mexico"
161856,8623,NA,NA,NA,"Knapp, S","0.12.2019",19.98289,-97.74548,1029,"appendiculatum","appendiculatum","nongeophyte",NA,NA,"Potato","MEX","Mexico"
38955,8624,NA,NA,NA,"Knapp, S","0.10.2009",19.316667,-98.783333,2500,"appendiculatum","appendiculatum","nongeophyte",NA,NA,"Potato","MEX","Mexico"
8144,8625,NA,NA,NA,"Anderson, GJ","0.0.1987",19.05,-100.033333,2880,"appendiculatum","appendiculatum","nongeophyte",NA,NA,"Potato","MEX","Mexico"
8161,8626,NA,NA,NA,"Ugent, D","0.0.1967",19,-99.933333,0,"appendiculatum","appendiculatum","nongeophyte",NA,NA,"Potato","MEX","Mexico"
8562,8627,NA,NA,NA,"Nee, M","0.0.1981",19.166667,-97.183333,2300,"appendiculatum","appendiculatum","nongeophyte",NA,NA,"Potato","MEX","Mexico"
96194,8628,NA,NA,NA,"Knapp, S","0.0.2014",16.10556,-91.60444,1330,"appendiculatum","appendiculatum","nongeophyte",NA,NA,"Potato","MEX","Mexico"
105852,8629,NA,NA,NA,"D'Arcy, WG","0.0.1991",13.02,-85.55,1360,"appendiculatum","appendiculatum","nongeophyte",NA,NA,"Potato","NIC","Nicaragua"
8522,8630,NA,NA,NA,"D'Arcy, WG","0.0.1988",13.016667,-85.9,1350,"appendiculatum","appendiculatum","nongeophyte",NA,NA,"Potato","NIC","Nicaragua"
105831,8631,NA,NA,NA,"Knapp, S","0.0.0",13.5229,-89.4755,1600,"appendiculatum","appendiculatum","nongeophyte",NA,NA,"Potato","SLV","El Salvador"
35253,8632,NA,NA,NA,"Knapp, S","0.0.2008",14.409565,-89.3653,2232,"appendiculatum","appendiculatum","nongeophyte",NA,NA,"Potato","SLV","El Salvador"
56199,8633,NA,NA,NA,"Knapp, S","0.0.2011",13.866667,-89.633333,1800,"appendiculatum","appendiculatum","nongeophyte",NA,NA,"Potato","SLV","El Salvador"
7803,8634,NA,NA,NA,"Knapp, S","0.0.1999",13.874722,-89.798611,1600,"appendiculatum","appendiculatum","nongeophyte",NA,NA,"Potato","SLV","El Salvador"
1711,8635,NA,NA,NA,"Knapp, S; Peralta, IE","0.0.2002",-7.989577,-79.038881,250,"arcanum","arcanum","nongeophyte",NA,NA,"Potato","PER","Peru"
2202,8636,NA,NA,NA,"Knapp, S; Peralta, IE","0.0.2003",-7.254214,-78.580538,2800,"arcanum","arcanum","nongeophyte",NA,NA,"Potato","PER","Peru"
2436,8637,NA,NA,NA,NA,"0.0.0",-7.976338,-78.659118,1800,"arcanum","arcanum","nongeophyte",NA,NA,"Potato","PER","Peru"
2543,8638,NA,NA,NA,NA,"0.0.0",-7.217493,-78.785383,2450,"arcanum","arcanum","nongeophyte",NA,NA,"Potato","PER","Peru"
2551,8639,NA,NA,NA,NA,"0.0.0",-7.485343,-78.101195,2150,"arcanum","arcanum","nongeophyte",NA,NA,"Potato","PER","Peru"
2559,8640,NA,NA,NA,"Knapp, S; Peralta, IE","0.0.2002",-9.552958,-77.885897,1400,"arcanum","arcanum","nongeophyte",NA,NA,"Potato","PER","Peru"
27660,8641,NA,NA,NA,"Knapp, S","0.9.2008",-5.916667,-79.166667,1600,"arcanum","arcanum","nongeophyte",NA,NA,"Potato","PER","Peru"
2872,8642,NA,NA,NA,NA,"0.0.0",-7.208438,-78.68865,0,"arcanum","arcanum","nongeophyte",NA,NA,"Potato","PER","Peru"
3333,8643,NA,NA,NA,NA,"0.0.0",-5.483333,-78.516667,380,"arcanum","arcanum","nongeophyte",NA,NA,"Potato","PER","Peru"
3340,8644,NA,NA,NA,NA,"0.0.0",-7.989285,-78.785008,1500,"arcanum","arcanum","nongeophyte",NA,NA,"Potato","PER","Peru"
3811,8645,NA,NA,NA,"Knapp, S; Peralta, IE","0.0.2002",-4.574577,-81.122143,150,"arcanum","arcanum","nongeophyte",NA,NA,"Potato","PER","Peru"
4038,8646,NA,NA,NA,NA,"0.0.0",-6.838882,-77.940438,1340,"arcanum","arcanum","nongeophyte",NA,NA,"Potato","PER","Peru"
4050,8647,NA,NA,NA,NA,"0.0.0",-7.808113,-77.707798,2600,"arcanum","arcanum","nongeophyte",NA,NA,"Potato","PER","Peru"
4235,8648,NA,NA,NA,NA,"0.0.0",-6.003327,-77.941823,0,"arcanum","arcanum","nongeophyte",NA,NA,"Potato","PER","Peru"
4376,8649,NA,NA,NA,NA,"0.0.0",-7.97372,-78.54269,2600,"arcanum","arcanum","nongeophyte",NA,NA,"Potato","PER","Peru"
4396,8650,NA,NA,NA,"Knapp, S; Peralta, IE","0.0.2002",-7.869667,-77.934667,1250,"arcanum","arcanum","nongeophyte",NA,NA,"Potato","PER","Peru"
4440,8651,NA,NA,NA,"Knapp, S; Peralta, IE","0.0.2002",-7.534908,-78.989175,350,"arcanum","arcanum","nongeophyte",NA,NA,"Potato","PER","Peru"
4447,8652,NA,NA,NA,NA,"0.0.0",-8.831,-78.667,450,"arcanum","arcanum","nongeophyte",NA,NA,"Potato","PER","Peru"
5376,8653,NA,NA,NA,NA,"0.0.0",-8.159617,-78.95,400,"arcanum","arcanum","nongeophyte",NA,NA,"Potato","PER","Peru"
5393,8654,NA,NA,NA,"Knapp, S; Peralta, IE","0.0.2002",-7.383475,-78.8931,2500,"arcanum","arcanum","nongeophyte",NA,NA,"Potato","PER","Peru"
5440,8655,NA,NA,NA,NA,"0.0.0",-6.416825,-78.838915,1720,"arcanum","arcanum","nongeophyte",NA,NA,"Potato","PER","Peru"
5447,8656,NA,NA,NA,NA,"0.0.0",-6.921667,-78.271833,1800,"arcanum","arcanum","nongeophyte",NA,NA,"Potato","PER","Peru"
61989,8657,NA,NA,NA,"Knapp, S","0.11.2011",-6.859869,-78.070737,0,"arcanum","arcanum","nongeophyte",NA,NA,"Potato","PER","Peru"
6250,8658,NA,NA,NA,"Knapp, S; Peralta, IE","0.0.2002",-6.62343,-79.101775,0,"arcanum","arcanum","nongeophyte",NA,NA,"Potato","PER","Peru"
6257,8659,NA,NA,NA,"Knapp, S; Peralta, IE","0.0.2002",-9.070807,-77.986262,2000,"arcanum","arcanum","nongeophyte",NA,NA,"Potato","PER","Peru"
70991,8660,NA,NA,NA,"Knapp, S","2.5.2013",-6.231201,-79.38575,246,"arcanum","arcanum","nongeophyte",NA,NA,"Potato","PER","Peru"
71190,8661,NA,NA,NA,"Knapp, S","0.0.2014",-6.51043,-77.58506,1670,"arcanum","arcanum","nongeophyte",NA,NA,"Potato","PER","Peru"
71354,8662,NA,NA,NA,"SÃ¤rkinen, T","0.5.2013",-9.20026,-77.0305,2672,"arcanum","arcanum","nongeophyte",NA,NA,"Potato","PER","Peru"
113106,8671,NA,NA,NA,"Knapp, S","0.8.2016",-4.366389,-79.72444,2490,"baretiae","baretiae","nongeophyte",NA,NA,"Potato","ECU","Ecuador"
75747,8672,NA,NA,NA,"Tepe, EJ","0.0.0",-4.420454,-79.15831,2450,"baretiae","baretiae","nongeophyte",NA,NA,"Potato","ECU","Ecuador"
75748,8673,NA,NA,NA,NA,"0.0.0",-3.758333,-79.38333,2900,"baretiae","baretiae","nongeophyte",NA,NA,"Potato","ECU","Ecuador"
23839,8674,NA,NA,NA,"Tepe, EJ","0.0.2008",-7.325187,-78.947729,2450,"baretiae","baretiae","nongeophyte",NA,NA,"Potato","PER","Peru"
53830,8675,NA,NA,NA,"Tepe, EJ","0.0.2012",-7.40385,-78.775567,2500,"baretiae","baretiae","nongeophyte",NA,NA,"Potato","PER","Peru"
75092,8676,NA,NA,NA,"Knapp, S","0.0.2014",-6.361058,-79.13461,2310,"baretiae","baretiae","nongeophyte",NA,NA,"Potato","PER","Peru"
75401,8677,NA,NA,NA,"Tepe, EJ","0.0.2012",-7.991772,-78.4992,3000,"baretiae","baretiae","nongeophyte",NA,NA,"Potato","PER","Peru"
75751,8678,NA,NA,NA,NA,"0.0.0",-7.232673,-78.26786,2600,"baretiae","baretiae","nongeophyte",NA,NA,"Potato","PER","Peru"
75754,8679,NA,NA,NA,NA,"0.0.0",-6.259551,-79.44502,2300,"baretiae","baretiae","nongeophyte",NA,NA,"Potato","PER","Peru"
75756,8680,NA,NA,NA,NA,"0.0.0",-7.997131,-78.59748,3000,"baretiae","baretiae","nongeophyte",NA,NA,"Potato","PER","Peru"
108024,8681,NA,NA,NA,"Nee, M","0.0.1991",-1.15,-78.3,2400,"basendopogon","basendopogon","nongeophyte",NA,NA,"Potato","ECU","Ecuador"
96374,8682,NA,NA,NA,"Knapp, S","0.0.2014",-1.555809,-78.72822,3300,"basendopogon","basendopogon","nongeophyte",NA,NA,"Potato","ECU","Ecuador"
108440,8683,NA,NA,NA,"Nee, M","0.0.1990",-7.383333,-78.9,2700,"basendopogon","basendopogon","nongeophyte",NA,NA,"Potato","PER","Peru"
108488,8684,NA,NA,NA,"Nee, M","0.0.2001",-7.3351,-78.0123,3800,"basendopogon","basendopogon","nongeophyte",NA,NA,"Potato","PER","Peru"
21450,8685,NA,NA,NA,"Nee, M","0.0.2001",-6.031034,-79.029252,800,"basendopogon","basendopogon","nongeophyte",NA,NA,"Potato","PER","Peru"
21451,8686,NA,NA,NA,"Nee, M","0.0.1991",-12.95,-72.666667,1100,"basendopogon","basendopogon","nongeophyte",NA,NA,"Potato","PER","Peru"
53826,8687,NA,NA,NA,"Tepe, EJ","15.10.2010",-6.29045,-77.9335,1750,"basendopogon","basendopogon","nongeophyte",NA,NA,"Potato","PER","Peru"
65667,8688,NA,NA,NA,"Anderson, GJ","4.8.1978",-11.89927,-76.43111,2600,"basendopogon","basendopogon","nongeophyte",NA,NA,"Potato","PER","Peru"
65755,8689,NA,NA,NA,"Knapp, S","29.2.2012",-5.661792,-78.93842,2206,"basendopogon","basendopogon","nongeophyte",NA,NA,"Potato","PER","Peru"
68795,8690,NA,NA,NA,"Knapp, S","0.3.2012",-13.51745,-73.73753,2660,"basendopogon","basendopogon","nongeophyte",NA,NA,"Potato","PER","Peru"
71069,8691,NA,NA,NA,"SÃ¤rkinen, T","0.5.2013",-6.38291,-78.56381,2080,"basendopogon","basendopogon","nongeophyte",NA,NA,"Potato","PER","Peru"
71147,8692,NA,NA,NA,"SÃ¤rkinen, T","0.5.2013",-5.48106,-77.51314,1761,"basendopogon","basendopogon","nongeophyte",NA,NA,"Potato","PER","Peru"
71149,8693,NA,NA,NA,"Knapp, S","0.0.2014",-6.1135,-77.55275,2100,"basendopogon","basendopogon","nongeophyte",NA,NA,"Potato","PER","Peru"
71559,8694,NA,NA,NA,"Knapp, S","0.0.2014",-8.299722,-78.00503,2650,"basendopogon","basendopogon","nongeophyte",NA,NA,"Potato","PER","Peru"
75077,8695,NA,NA,NA,"Knapp, S","0.0.2014",-6.350931,-79.12188,1998,"basendopogon","basendopogon","nongeophyte",NA,NA,"Potato","PER","Peru"
75078,8696,NA,NA,NA,"Knapp, S","0.0.2014",-11.62513,-76.66934,2500,"basendopogon","basendopogon","nongeophyte",NA,NA,"Potato","PER","Peru"
75697,8697,NA,NA,NA,"Knapp, S","0.5.2014",-7.966748,-78.53207,2950,"basendopogon","basendopogon","nongeophyte",NA,NA,"Potato","PER","Peru"
75837,8698,NA,NA,NA,"Knapp, S","0.0.2014",-11.25976,-76.72941,2190,"basendopogon","basendopogon","nongeophyte",NA,NA,"Potato","PER","Peru"
76756,8699,NA,NA,NA,"Knapp, S","0.5.2014",-10.08396,-77.49757,2800,"basendopogon","basendopogon","nongeophyte",NA,NA,"Potato","PER","Peru"
76859,8700,NA,NA,NA,"Knapp, S","0.5.2014",-6.60773,-78.38936,2790,"basendopogon","basendopogon","nongeophyte",NA,NA,"Potato","PER","Peru"
76860,8701,NA,NA,NA,"Knapp, S","0.5.2014",-6.253494,-77.75048,2375,"basendopogon","basendopogon","nongeophyte",NA,NA,"Potato","PER","Peru"
76865,8702,NA,NA,NA,"Knapp, S","0.5.2014",-14.97444,-73.82853,3300,"basendopogon","basendopogon","nongeophyte",NA,NA,"Potato","PER","Peru"
76866,8703,NA,NA,NA,"Knapp, S","0.5.2014",-8.548163,-78.2968,3234,"basendopogon","basendopogon","nongeophyte",NA,NA,"Potato","PER","Peru"
76873,8704,NA,NA,NA,"Knapp, S","0.5.2014",-5.892778,-77.9725,1500,"basendopogon","basendopogon","nongeophyte",NA,NA,"Potato","PER","Peru"
88223,8705,NA,NA,NA,"Knapp, S","0.0.2014",-10.19503,-77.10283,2600,"basendopogon","basendopogon","nongeophyte",NA,NA,"Potato","PER","Peru"
88229,8706,NA,NA,NA,"Knapp, S","0.0.2014",-7.05436,-79.11102,1400,"basendopogon","basendopogon","nongeophyte",NA,NA,"Potato","PER","Peru"
88232,8707,NA,NA,NA,"Knapp, S","0.0.2014",-10.3119,-77.19513,3600,"basendopogon","basendopogon","nongeophyte",NA,NA,"Potato","PER","Peru"
99887,8708,NA,NA,NA,"SÃ¤rkinen, T","11.4.2015",-11.37332,-76.40071,2547,"basendopogon","basendopogon","nongeophyte",NA,NA,"Potato","PER","Peru"
29536,8710,NA,NA,NA,"Spooner, DM","0.10.2007",-25.183333,-65.8,2075,"berthaultii","berthaultii","tuberous",NA,NA,"Potato","ARG","Argentina"
29623,8716,NA,NA,NA,"Spooner, DM","0.10.2007",-24.303833,-64.502167,1365,"berthaultii","berthaultii","tuberous",NA,NA,"Potato","ARG","Argentina"
29677,8719,NA,NA,NA,"Spooner, DM","0.10.2007",-22.232901,-64.732035,2600,"berthaultii","berthaultii","tuberous",NA,NA,"Potato","ARG","Argentina"
29478,8736,NA,NA,NA,"Spooner, DM","0.10.2007",-19.098003,-65.266983,2900,"berthaultii","berthaultii","tuberous",NA,NA,"Potato","BOL","Bolivia"
29484,8739,NA,NA,NA,"Spooner, DM","0.10.2007",-17.404009,-66.041866,2580,"berthaultii","berthaultii","tuberous",NA,NA,"Potato","BOL","Bolivia"
29486,8740,NA,NA,NA,"Spooner, DM","0.10.2007",-17.33736,-66.160609,2560,"berthaultii","berthaultii","tuberous",NA,NA,"Potato","BOL","Bolivia"
29487,8741,NA,NA,NA,"Spooner, DM","0.10.2007",-19.123736,-64.606862,2200,"berthaultii","berthaultii","tuberous",NA,NA,"Potato","BOL","Bolivia"
29496,8743,NA,NA,NA,"Spooner, DM","0.10.2007",-18.383333,-65.216667,3000,"berthaultii","berthaultii","tuberous",NA,NA,"Potato","BOL","Bolivia"
29535,8749,NA,NA,NA,"Spooner, DM","0.10.2007",-17.566667,-66.383333,2450,"berthaultii","berthaultii","tuberous",NA,NA,"Potato","BOL","Bolivia"
29556,8753,NA,NA,NA,"Spooner, DM","0.10.2007",-19.25,-65.333333,2450,"berthaultii","berthaultii","tuberous",NA,NA,"Potato","BOL","Bolivia"
29557,8754,NA,NA,NA,"Spooner, DM","0.10.2007",-19.466667,-65.383333,2700,"berthaultii","berthaultii","tuberous",NA,NA,"Potato","BOL","Bolivia"
29560,8755,NA,NA,NA,"Spooner, DM","0.10.2007",-19.378384,-64.319697,2100,"berthaultii","berthaultii","tuberous",NA,NA,"Potato","BOL","Bolivia"
29570,8756,NA,NA,NA,"Spooner, DM","0.10.2007",-17.723437,-64.888997,2100,"berthaultii","berthaultii","tuberous",NA,NA,"Potato","BOL","Bolivia"
29594,8758,NA,NA,NA,"Spooner, DM","0.10.2007",-19.266808,-64.96154,2590,"berthaultii","berthaultii","tuberous",NA,NA,"Potato","BOL","Bolivia"
29596,8759,NA,NA,NA,"Spooner, DM","0.10.2007",-18.900633,-65.114184,1980,"berthaultii","berthaultii","tuberous",NA,NA,"Potato","BOL","Bolivia"
29710,8771,NA,NA,NA,"Spooner, DM","0.10.2007",-18.93918,-64.937822,0,"berthaultii","berthaultii","tuberous",NA,NA,"Potato","BOL","Bolivia"
1139,8779,NA,NA,NA,"Spooner, DM","0.0.2013",-27.221215,-66.01489,3600,"boliviense","boliviense","tuberous",NA,NA,"Potato","ARG","Argentina"
165124,8780,NA,NA,NA,"Barboza, GE","0.0.2020",-22.47583,-66.18222,3900,"boliviense","boliviense","tuberous",NA,NA,"Potato","ARG","Argentina"
67345,8781,NA,NA,NA,"Knapp, S","0.0.2014",-26.87308,-66.73125,3037,"boliviense","boliviense","tuberous",NA,NA,"Potato","ARG","Argentina"
67425,8782,NA,NA,NA,"Barboza, GE","0.0.2012",-23.68311,-65.62822,3824,"boliviense","boliviense","tuberous",NA,NA,"Potato","ARG","Argentina"
77922,8783,NA,NA,NA,"Spooner, DM","0.0.2013",-22.7666,-65.75,3725,"boliviense","boliviense","tuberous",NA,NA,"Potato","ARG","Argentina"
77948,8784,NA,NA,NA,"Spooner, DM","0.0.2013",-22.1,-65.7833,3600,"boliviense","boliviense","tuberous",NA,NA,"Potato","ARG","Argentina"
78000,8785,NA,NA,NA,"Spooner, DM","0.0.2013",-23.1,-65.1,3500,"boliviense","boliviense","tuberous",NA,NA,"Potato","ARG","Argentina"
78021,8786,NA,NA,NA,"Spooner, DM","0.0.2013",-24.9833,-65.5833,3600,"boliviense","boliviense","tuberous",NA,NA,"Potato","ARG","Argentina"
78031,8787,NA,NA,NA,"Spooner, DM","0.0.2013",-25.33,-65.88,3500,"boliviense","boliviense","tuberous",NA,NA,"Potato","ARG","Argentina"
78338,8788,NA,NA,NA,"Spooner, DM","0.0.2013",-23.02,-65.25,0,"boliviense","boliviense","tuberous",NA,NA,"Potato","ARG","Argentina"
78372,8789,NA,NA,NA,"Spooner, DM","0.0.2013",-23,-64.8333,3700,"boliviense","boliviense","tuberous",NA,NA,"Potato","ARG","Argentina"
78388,8790,NA,NA,NA,"Spooner, DM","0.0.2013",-22.25,-65.3,3850,"boliviense","boliviense","tuberous",NA,NA,"Potato","ARG","Argentina"
78417,8791,NA,NA,NA,"Spooner, DM","0.0.2013",-23.2333,-65.55,3500,"boliviense","boliviense","tuberous",NA,NA,"Potato","ARG","Argentina"
78440,8792,NA,NA,NA,"Spooner, DM","0.0.2013",-21.95,-66.0666,4000,"boliviense","boliviense","tuberous",NA,NA,"Potato","ARG","Argentina"
78454,8793,NA,NA,NA,"Spooner, DM","0.0.2013",-22.9166,-65.5833,4100,"boliviense","boliviense","tuberous",NA,NA,"Potato","ARG","Argentina"
78455,8794,NA,NA,NA,"Spooner, DM","0.0.2013",-23.3166,-65.1833,3600,"boliviense","boliviense","tuberous",NA,NA,"Potato","ARG","Argentina"
78462,8795,NA,NA,NA,"Spooner, DM","0.0.2013",-22.9166,-65.3666,3600,"boliviense","boliviense","tuberous",NA,NA,"Potato","ARG","Argentina"
78471,8797,NA,NA,NA,"Spooner, DM","0.0.2013",-23,-64.6333,3920,"boliviense","boliviense","tuberous",NA,NA,"Potato","ARG","Argentina"
78473,8798,NA,NA,NA,"Spooner, DM","0.0.2013",-22.8,-64.7833,3500,"boliviense","boliviense","tuberous",NA,NA,"Potato","ARG","Argentina"
78483,8799,NA,NA,NA,"Spooner, DM","0.0.2013",-22.55,-65.2666,3700,"boliviense","boliviense","tuberous",NA,NA,"Potato","ARG","Argentina"
78492,8800,NA,NA,NA,"Spooner, DM","0.0.2013",-22.8,-64.8833,3600,"boliviense","boliviense","tuberous",NA,NA,"Potato","ARG","Argentina"
78515,8801,NA,NA,NA,"Spooner, DM","0.0.2013",-22.25,-64.9666,3600,"boliviense","boliviense","tuberous",NA,NA,"Potato","ARG","Argentina"
78520,8802,NA,NA,NA,"Spooner, DM","0.0.2013",-27.34,-67.12,2600,"boliviense","boliviense","tuberous",NA,NA,"Potato","ARG","Argentina"
78603,8803,NA,NA,NA,"Spooner, DM","0.0.2013",-22.52,-66.4,4100,"boliviense","boliviense","tuberous",NA,NA,"Potato","ARG","Argentina"
78618,8804,NA,NA,NA,"Spooner, DM","0.0.2013",-22.2666,-65.1833,3400,"boliviense","boliviense","tuberous",NA,NA,"Potato","ARG","Argentina"
78630,8805,NA,NA,NA,"Spooner, DM","0.0.2013",-22.2333,-66.3333,3940,"boliviense","boliviense","tuberous",NA,NA,"Potato","ARG","Argentina"
78633,8806,NA,NA,NA,"Spooner, DM","0.0.2013",-22.2166,-66.15,4140,"boliviense","boliviense","tuberous",NA,NA,"Potato","ARG","Argentina"
78639,8807,NA,NA,NA,"Spooner, DM","0.0.2013",-26.3833,-65.95,2940,"boliviense","boliviense","tuberous",NA,NA,"Potato","ARG","Argentina"
78697,8808,NA,NA,NA,"Spooner, DM","0.0.2013",-22.25,-65.0666,3300,"boliviense","boliviense","tuberous",NA,NA,"Potato","ARG","Argentina"
78810,8809,NA,NA,NA,"Spooner, DM","0.0.2013",-27.35,-66.4,2800,"boliviense","boliviense","tuberous",NA,NA,"Potato","ARG","Argentina"
78848,8810,NA,NA,NA,"Spooner, DM","0.0.2013",-24.65,-66.2166,3700,"boliviense","boliviense","tuberous",NA,NA,"Potato","ARG","Argentina"
79326,8811,NA,NA,NA,"Spooner, DM","0.0.2013",-26.7333,-65.7333,3200,"boliviense","boliviense","tuberous",NA,NA,"Potato","ARG","Argentina"
79483,8812,NA,NA,NA,"Spooner, DM","0.0.2013",-23.3833,-66.0333,4150,"boliviense","boliviense","tuberous",NA,NA,"Potato","ARG","Argentina"
80368,8813,NA,NA,NA,"Spooner, DM","0.0.2013",-26.9166,-65.6833,3200,"boliviense","boliviense","tuberous",NA,NA,"Potato","ARG","Argentina"
80381,8814,NA,NA,NA,"Spooner, DM","0.0.2013",-22.5333,-64.6833,2800,"boliviense","boliviense","tuberous",NA,NA,"Potato","ARG","Argentina"
80401,8815,NA,NA,NA,"Spooner, DM","0.0.2013",-23.2,-65.35,3600,"boliviense","boliviense","tuberous",NA,NA,"Potato","ARG","Argentina"
80491,8816,NA,NA,NA,"Spooner, DM","0.0.2013",-25.1666,-65.7666,3200,"boliviense","boliviense","tuberous",NA,NA,"Potato","ARG","Argentina"
80601,8817,NA,NA,NA,"Spooner, DM","0.0.2013",-24.8833,-66.0333,3700,"boliviense","boliviense","tuberous",NA,NA,"Potato","ARG","Argentina"
80631,8818,NA,NA,NA,"Spooner, DM","0.0.2013",-22.3,-64.6833,2650,"boliviense","boliviense","tuberous",NA,NA,"Potato","ARG","Argentina"
80662,8819,NA,NA,NA,"Spooner, DM","0.0.2013",-27.25,-65.8666,3200,"boliviense","boliviense","tuberous",NA,NA,"Potato","ARG","Argentina"
80698,8820,NA,NA,NA,"Spooner, DM","0.0.2013",-23.6666,-65.1666,3700,"boliviense","boliviense","tuberous",NA,NA,"Potato","ARG","Argentina"
80973,8821,NA,NA,NA,"Spooner, DM","0.0.2013",-27.7,-65.9333,0,"boliviense","boliviense","tuberous",NA,NA,"Potato","ARG","Argentina"
81050,8822,NA,NA,NA,"Spooner, DM","0.0.2013",-22.1333,-65.4666,0,"boliviense","boliviense","tuberous",NA,NA,"Potato","ARG","Argentina"
81125,8823,NA,NA,NA,"Spooner, DM","0.0.2013",-26.60639,-65.86944,0,"boliviense","boliviense","tuberous",NA,NA,"Potato","ARG","Argentina"
81165,8824,NA,NA,NA,"Spooner, DM","0.0.2013",-22.11813,-65.58009,0,"boliviense","boliviense","tuberous",NA,NA,"Potato","ARG","Argentina"
81172,8825,NA,NA,NA,"Spooner, DM","0.0.2013",-24.1833,-65.3,4000,"boliviense","boliviense","tuberous",NA,NA,"Potato","ARG","Argentina"
81208,8826,NA,NA,NA,"Spooner, DM","0.0.2013",-24.3833,-65.6333,0,"boliviense","boliviense","tuberous",NA,NA,"Potato","ARG","Argentina"
82983,8827,NA,NA,NA,"Spooner, DM","0.0.2013",-23.5666,-65.3666,3900,"boliviense","boliviense","tuberous",NA,NA,"Potato","ARG","Argentina"
83018,8828,NA,NA,NA,"Spooner, DM","0.0.2013",-25.8333,-65.5,2650,"boliviense","boliviense","tuberous",NA,NA,"Potato","ARG","Argentina"
83036,8829,NA,NA,NA,"Spooner, DM","0.0.2013",-25.9166,-66.4,3350,"boliviense","boliviense","tuberous",NA,NA,"Potato","ARG","Argentina"
83052,8830,NA,NA,NA,"Spooner, DM","0.0.2013",-27.5,-66.95,2500,"boliviense","boliviense","tuberous",NA,NA,"Potato","ARG","Argentina"
83251,8831,NA,NA,NA,"Spooner, DM","0.0.2013",-28.75,-66.1833,3000,"boliviense","boliviense","tuberous",NA,NA,"Potato","ARG","Argentina"
83262,8832,NA,NA,NA,"Spooner, DM","0.0.2013",-27.62,-66.17,2700,"boliviense","boliviense","tuberous",NA,NA,"Potato","ARG","Argentina"
83289,8833,NA,NA,NA,"Spooner, DM","0.0.2013",-27.5833,-67.1333,2700,"boliviense","boliviense","tuberous",NA,NA,"Potato","ARG","Argentina"
83414,8834,NA,NA,NA,"Spooner, DM","0.0.2013",-22.7333,-65.9,4000,"boliviense","boliviense","tuberous",NA,NA,"Potato","ARG","Argentina"
83448,8835,NA,NA,NA,"Spooner, DM","0.0.2013",-26.4666,-66.0833,3000,"boliviense","boliviense","tuberous",NA,NA,"Potato","ARG","Argentina"
83463,8836,NA,NA,NA,"Spooner, DM","0.0.2013",-28.0667,-67.5667,3500,"boliviense","boliviense","tuberous",NA,NA,"Potato","ARG","Argentina"
83520,8837,NA,NA,NA,"Spooner, DM","0.0.2013",-24.5666,-65.55,3800,"boliviense","boliviense","tuberous",NA,NA,"Potato","ARG","Argentina"
83538,8838,NA,NA,NA,"Spooner, DM","0.0.2013",-27.6,-66.3833,2750,"boliviense","boliviense","tuberous",NA,NA,"Potato","ARG","Argentina"
83552,8839,NA,NA,NA,"Spooner, DM","0.0.2013",-26.2,-65.2667,2500,"boliviense","boliviense","tuberous",NA,NA,"Potato","ARG","Argentina"
83711,8840,NA,NA,NA,"Spooner, DM","0.0.2013",-23.55,-65.2666,3600,"boliviense","boliviense","tuberous",NA,NA,"Potato","ARG","Argentina"
83716,8841,NA,NA,NA,"Spooner, DM","0.0.2013",-24.9333,-66.1833,3800,"boliviense","boliviense","tuberous",NA,NA,"Potato","ARG","Argentina"
83750,8842,NA,NA,NA,"Spooner, DM","0.0.2013",-26.6809,-66.58279,3200,"boliviense","boliviense","tuberous",NA,NA,"Potato","ARG","Argentina"
83774,8843,NA,NA,NA,"Spooner, DM","0.0.2013",-27.1833,-66.7333,3100,"boliviense","boliviense","tuberous",NA,NA,"Potato","ARG","Argentina"
83820,8844,NA,NA,NA,"Spooner, DM","0.0.2013",-22.4166,-65.5666,0,"boliviense","boliviense","tuberous",NA,NA,"Potato","ARG","Argentina"
83832,8845,NA,NA,NA,"Spooner, DM","0.0.2013",-24.1166,-65.4666,0,"boliviense","boliviense","tuberous",NA,NA,"Potato","ARG","Argentina"
84502,8846,NA,NA,NA,"Spooner, DM","0.0.2013",-22.9833,-65.85,3700,"boliviense","boliviense","tuberous",NA,NA,"Potato","ARG","Argentina"
84504,8847,NA,NA,NA,"Spooner, DM","0.0.2013",-23.3666,-66.15,3700,"boliviense","boliviense","tuberous",NA,NA,"Potato","ARG","Argentina"
85494,8848,NA,NA,NA,"Spooner, DM","0.2.2014",-27,-65.9166,3000,"boliviense","boliviense","tuberous",NA,NA,"Potato","ARG","Argentina"
85639,8849,NA,NA,NA,"Spooner, DM","0.2.2014",-22.7666,-65.2333,2700,"boliviense","boliviense","tuberous",NA,NA,"Potato","ARG","Argentina"
85657,8850,NA,NA,NA,"Spooner, DM","0.2.2014",-26.8166,-65.2166,0,"boliviense","boliviense","tuberous",NA,NA,"Potato","ARG","Argentina"
85789,8851,NA,NA,NA,"Spooner, DM","0.2.2014",-24.02,-65.38,3650,"boliviense","boliviense","tuberous",NA,NA,"Potato","ARG","Argentina"
85795,8852,NA,NA,NA,"Spooner, DM","0.2.2014",-23.7333,-65.8,4270,"boliviense","boliviense","tuberous",NA,NA,"Potato","ARG","Argentina"
85827,8853,NA,NA,NA,"Spooner, DM","0.2.2014",-22.6,-65.8166,3650,"boliviense","boliviense","tuberous",NA,NA,"Potato","ARG","Argentina"
85883,8854,NA,NA,NA,"Spooner, DM","0.2.2014",-22.4666,-65.1,3420,"boliviense","boliviense","tuberous",NA,NA,"Potato","ARG","Argentina"
85970,8855,NA,NA,NA,"Spooner, DM","0.2.2014",-22.2666,-64.8166,3100,"boliviense","boliviense","tuberous",NA,NA,"Potato","ARG","Argentina"
85993,8856,NA,NA,NA,"Spooner, DM","0.2.2014",-22.55,-64.5333,2800,"boliviense","boliviense","tuberous",NA,NA,"Potato","ARG","Argentina"
86142,8857,NA,NA,NA,"Spooner, DM","0.2.2014",-22.3666,-65.7833,3680,"boliviense","boliviense","tuberous",NA,NA,"Potato","ARG","Argentina"
86297,8858,NA,NA,NA,"Spooner, DM","0.2.2014",-22.0333,-66.2666,3900,"boliviense","boliviense","tuberous",NA,NA,"Potato","ARG","Argentina"
86327,8859,NA,NA,NA,"Spooner, DM","0.2.2014",-22.55,-66.2833,4200,"boliviense","boliviense","tuberous",NA,NA,"Potato","ARG","Argentina"
86612,8860,NA,NA,NA,"Spooner, DM","0.2.2014",-23.15,-65.45,3620,"boliviense","boliviense","tuberous",NA,NA,"Potato","ARG","Argentina"
87541,8861,NA,NA,NA,"Spooner, DM","0.2.2014",-24.3,-65.85,3500,"boliviense","boliviense","tuberous",NA,NA,"Potato","ARG","Argentina"
87706,8862,NA,NA,NA,"Spooner, DM","0.2.2014",-27.7356,-66.0488,0,"boliviense","boliviense","tuberous",NA,NA,"Potato","ARG","Argentina"
87716,8863,NA,NA,NA,"Spooner, DM","0.2.2014",-26.5166,-66.2833,0,"boliviense","boliviense","tuberous",NA,NA,"Potato","ARG","Argentina"
87970,8864,NA,NA,NA,"Spooner, DM","0.2.2014",-22.9,-66.7666,3709,"boliviense","boliviense","tuberous",NA,NA,"Potato","ARG","Argentina"
88037,8865,NA,NA,NA,"Spooner, DM","0.2.2014",-26.45,-65.7166,3454,"boliviense","boliviense","tuberous",NA,NA,"Potato","ARG","Argentina"
161660,8866,NA,NA,NA,"Knapp, S","0.10.2019",-18.28776,-65.39625,2900,"boliviense","boliviense","tuberous",NA,NA,"Potato","BOL","Bolivia"
165507,8867,NA,NA,NA,"Matesevach, AM","0.0.2011",-19.21972,-66.09083,4089,"boliviense","boliviense","tuberous",NA,NA,"Potato","BOL","Bolivia"
24271,8868,NA,NA,NA,"Spooner, DM","0.0.2014",-21.9333,-65.0667,3700,"boliviense","boliviense","tuberous",NA,NA,"Potato","BOL","Bolivia"
77073,8872,NA,NA,NA,"Spooner, DM","0.0.2013",-18.9833,-65.35,3020,"boliviense","boliviense","tuberous",NA,NA,"Potato","BOL","Bolivia"
77084,8873,NA,NA,NA,"Spooner, DM","0.0.2013",-21.4833,-65.0333,3550,"boliviense","boliviense","tuberous",NA,NA,"Potato","BOL","Bolivia"
77150,8874,NA,NA,NA,"Spooner, DM","0.0.2013",-16.8333,-66.4167,3600,"boliviense","boliviense","tuberous",NA,NA,"Potato","BOL","Bolivia"
77151,8875,NA,NA,NA,"Spooner, DM","0.0.2013",-17.1667,-66.4167,3900,"boliviense","boliviense","tuberous",NA,NA,"Potato","BOL","Bolivia"
77371,8876,NA,NA,NA,"Spooner, DM","0.0.2013",-17.25,-66.5,4000,"boliviense","boliviense","tuberous",NA,NA,"Potato","BOL","Bolivia"
77479,8877,NA,NA,NA,"Spooner, DM","0.0.2013",-17.4,-67.55,3800,"boliviense","boliviense","tuberous",NA,NA,"Potato","BOL","Bolivia"
77480,8878,NA,NA,NA,"Spooner, DM","0.0.2013",-20.25,-65.1833,3400,"boliviense","boliviense","tuberous",NA,NA,"Potato","BOL","Bolivia"
77481,8879,NA,NA,NA,"Spooner, DM","0.0.2013",-19.6167,-65.75,3800,"boliviense","boliviense","tuberous",NA,NA,"Potato","BOL","Bolivia"
77484,8881,NA,NA,NA,"Spooner, DM","0.0.2013",-18.8,-65.8667,3630,"boliviense","boliviense","tuberous",NA,NA,"Potato","BOL","Bolivia"
77518,8882,NA,NA,NA,"Spooner, DM","0.0.2013",-20.3333,-65,2840,"boliviense","boliviense","tuberous",NA,NA,"Potato","BOL","Bolivia"
77520,8883,NA,NA,NA,"Spooner, DM","0.0.2013",-19.15,-64.8833,3100,"boliviense","boliviense","tuberous",NA,NA,"Potato","BOL","Bolivia"
77524,8884,NA,NA,NA,"Spooner, DM","0.0.2013",-16.8333,-68.6,4100,"boliviense","boliviense","tuberous",NA,NA,"Potato","BOL","Bolivia"
77526,8885,NA,NA,NA,"Spooner, DM","0.0.2013",-19.9167,-65.6667,3500,"boliviense","boliviense","tuberous",NA,NA,"Potato","BOL","Bolivia"
77527,8886,NA,NA,NA,"Spooner, DM","0.0.2013",-19.5506,-65.4533,3800,"boliviense","boliviense","tuberous",NA,NA,"Potato","BOL","Bolivia"
77529,8887,NA,NA,NA,"Spooner, DM","0.0.2013",-18.4667,-66.4333,3950,"boliviense","boliviense","tuberous",NA,NA,"Potato","BOL","Bolivia"
77699,8888,NA,NA,NA,"Spooner, DM","0.0.2013",-17.6333,-66.4833,3550,"boliviense","boliviense","tuberous",NA,NA,"Potato","BOL","Bolivia"
77700,8889,NA,NA,NA,"Spooner, DM","0.0.2013",-17.4167,-65.4167,3200,"boliviense","boliviense","tuberous",NA,NA,"Potato","BOL","Bolivia"
77703,8890,NA,NA,NA,"Spooner, DM","0.0.2013",-17.35,-66.35,3400,"boliviense","boliviense","tuberous",NA,NA,"Potato","BOL","Bolivia"
77704,8891,NA,NA,NA,"Spooner, DM","0.0.2013",-17.7333,-65.4167,3100,"boliviense","boliviense","tuberous",NA,NA,"Potato","BOL","Bolivia"
77705,8892,NA,NA,NA,"Spooner, DM","0.0.2013",-17.4667,-65.2833,2900,"boliviense","boliviense","tuberous",NA,NA,"Potato","BOL","Bolivia"
77706,8893,NA,NA,NA,"Spooner, DM","0.0.2013",-17.3833,-65.8667,3600,"boliviense","boliviense","tuberous",NA,NA,"Potato","BOL","Bolivia"
77708,8894,NA,NA,NA,"Spooner, DM","0.0.2013",-17.05,-67.3,4040,"boliviense","boliviense","tuberous",NA,NA,"Potato","BOL","Bolivia"
77712,8895,NA,NA,NA,"Spooner, DM","0.0.2013",-16.3333,-68,3970,"boliviense","boliviense","tuberous",NA,NA,"Potato","BOL","Bolivia"
77718,8896,NA,NA,NA,"Spooner, DM","0.0.2013",-17.75,-67.2333,3850,"boliviense","boliviense","tuberous",NA,NA,"Potato","BOL","Bolivia"
77719,8897,NA,NA,NA,"Spooner, DM","0.0.2013",-16.5,-66.5833,0,"boliviense","boliviense","tuberous",NA,NA,"Potato","BOL","Bolivia"
77751,8898,NA,NA,NA,"Spooner, DM","0.0.2013",-17.4667,-66.8167,3900,"boliviense","boliviense","tuberous",NA,NA,"Potato","BOL","Bolivia"
77752,8899,NA,NA,NA,"Spooner, DM","0.0.2013",-17.25,-66.9,3730,"boliviense","boliviense","tuberous",NA,NA,"Potato","BOL","Bolivia"
77754,8900,NA,NA,NA,"Spooner, DM","0.0.2013",-17.3167,-66.1667,3500,"boliviense","boliviense","tuberous",NA,NA,"Potato","BOL","Bolivia"
77757,8901,NA,NA,NA,"Spooner, DM","0.0.2013",-17.2333,-66.05,3920,"boliviense","boliviense","tuberous",NA,NA,"Potato","BOL","Bolivia"
77761,8902,NA,NA,NA,"Spooner, DM","0.0.2013",-17.5333,-65.1333,2950,"boliviense","boliviense","tuberous",NA,NA,"Potato","BOL","Bolivia"
77763,8903,NA,NA,NA,"Spooner, DM","0.0.2013",-17.4167,-65.6667,3500,"boliviense","boliviense","tuberous",NA,NA,"Potato","BOL","Bolivia"
77766,8904,NA,NA,NA,"Spooner, DM","0.0.2013",-21.4333,-64.8833,3660,"boliviense","boliviense","tuberous",NA,NA,"Potato","BOL","Bolivia"
77810,8905,NA,NA,NA,"Spooner, DM","0.0.2013",-19.05,-65.25,2590,"boliviense","boliviense","tuberous",NA,NA,"Potato","BOL","Bolivia"
77844,8906,NA,NA,NA,"Spooner, DM","0.0.2013",-17.2,-66.2833,3900,"boliviense","boliviense","tuberous",NA,NA,"Potato","BOL","Bolivia"
80144,8908,NA,NA,NA,"Spooner, DM","0.0.2013",-21.4503,-65.8151,3686,"boliviense","boliviense","tuberous",NA,NA,"Potato","BOL","Bolivia"
80154,8909,NA,NA,NA,"Spooner, DM","0.0.2013",-19.4292,-64.6977,3361,"boliviense","boliviense","tuberous",NA,NA,"Potato","BOL","Bolivia"
80155,8910,NA,NA,NA,"Spooner, DM","0.0.2013",-17.4851,-65.5508,3474,"boliviense","boliviense","tuberous",NA,NA,"Potato","BOL","Bolivia"
80189,8911,NA,NA,NA,"Spooner, DM","0.0.2013",-19.7076,-64.582,3580,"boliviense","boliviense","tuberous",NA,NA,"Potato","BOL","Bolivia"
80230,8912,NA,NA,NA,"Spooner, DM","0.0.2013",-19.539,-65.5898,3524,"boliviense","boliviense","tuberous",NA,NA,"Potato","BOL","Bolivia"
80231,8913,NA,NA,NA,"Spooner, DM","0.0.2013",-20.6759,-64.8576,2940,"boliviense","boliviense","tuberous",NA,NA,"Potato","BOL","Bolivia"
80242,8914,NA,NA,NA,"Spooner, DM","0.0.2013",-21.41219,-66.0907,3928,"boliviense","boliviense","tuberous",NA,NA,"Potato","BOL","Bolivia"
80244,8915,NA,NA,NA,"Spooner, DM","0.0.2013",-21.4389,-65.9066,4210,"boliviense","boliviense","tuberous",NA,NA,"Potato","BOL","Bolivia"
80258,8916,NA,NA,NA,"Spooner, DM","0.0.2013",-19.6418,-65.2483,3275,"boliviense","boliviense","tuberous",NA,NA,"Potato","BOL","Bolivia"
80261,8917,NA,NA,NA,"Spooner, DM","0.0.2013",-18.8327,-65.4788,3260,"boliviense","boliviense","tuberous",NA,NA,"Potato","BOL","Bolivia"
80264,8918,NA,NA,NA,"Spooner, DM","0.0.2013",-18.8421,-66.0106,3840,"boliviense","boliviense","tuberous",NA,NA,"Potato","BOL","Bolivia"
80296,8920,NA,NA,NA,"Spooner, DM","0.0.2013",-21.45,-65.7167,4100,"boliviense","boliviense","tuberous",NA,NA,"Potato","BOL","Bolivia"
80383,8921,NA,NA,NA,"Spooner, DM","0.0.2013",-16.5667,-69.033,3800,"boliviense","boliviense","tuberous",NA,NA,"Potato","BOL","Bolivia"
80729,8922,NA,NA,NA,"Spooner, DM","0.0.2013",-19.1833,-65,3500,"boliviense","boliviense","tuberous",NA,NA,"Potato","BOL","Bolivia"
80730,8923,NA,NA,NA,"Spooner, DM","0.0.2013",-19.0167,-65.1167,0,"boliviense","boliviense","tuberous",NA,NA,"Potato","BOL","Bolivia"
81473,8924,NA,NA,NA,"Spooner, DM","0.0.2013",-16.95,-67.1833,3400,"boliviense","boliviense","tuberous",NA,NA,"Potato","BOL","Bolivia"
81798,8925,NA,NA,NA,"Spooner, DM","0.0.2013",-18.7833,-66.4667,4000,"boliviense","boliviense","tuberous",NA,NA,"Potato","BOL","Bolivia"
82758,8926,NA,NA,NA,"Spooner, DM","0.0.2013",-19.9167,-67.0833,3800,"boliviense","boliviense","tuberous",NA,NA,"Potato","BOL","Bolivia"
83793,8927,NA,NA,NA,"Spooner, DM","0.0.2013",-16.6,-68.85,3900,"boliviense","boliviense","tuberous",NA,NA,"Potato","BOL","Bolivia"
84143,8928,NA,NA,NA,"Spooner, DM","0.0.2013",-17.2833,-66.65,3950,"boliviense","boliviense","tuberous",NA,NA,"Potato","BOL","Bolivia"
84387,8929,NA,NA,NA,"Spooner, DM","0.0.2013",-20.4669,-65.2328,3450,"boliviense","boliviense","tuberous",NA,NA,"Potato","BOL","Bolivia"
84868,8931,NA,NA,NA,"Spooner, DM","0.0.2013",-17.1667,-68.45,4100,"boliviense","boliviense","tuberous",NA,NA,"Potato","BOL","Bolivia"
84919,8932,NA,NA,NA,"Spooner, DM","0.0.2013",-17.0333,-67.6,4050,"boliviense","boliviense","tuberous",NA,NA,"Potato","BOL","Bolivia"
85590,8933,NA,NA,NA,"Spooner, DM","0.2.2014",-19.23333,-65.43333,0,"boliviense","boliviense","tuberous",NA,NA,"Potato","BOL","Bolivia"
87081,8935,NA,NA,NA,"Spooner, DM","0.2.2014",-19.6333,-65.3667,3700,"boliviense","boliviense","tuberous",NA,NA,"Potato","BOL","Bolivia"
87817,8936,NA,NA,NA,"Spooner, DM","0.2.2014",-20.8333,-66.4,3200,"boliviense","boliviense","tuberous",NA,NA,"Potato","BOL","Bolivia"
87820,8937,NA,NA,NA,"Spooner, DM","0.2.2014",-18.4667,-66.6,0,"boliviense","boliviense","tuberous",NA,NA,"Potato","BOL","Bolivia"
77147,8938,NA,NA,NA,"Spooner, DM","0.0.2013",-15.8167,-70.0167,3700,"boliviense","boliviense","tuberous",NA,NA,"Potato","PER","Peru"
77486,8939,NA,NA,NA,"Spooner, DM","0.0.2013",-14.0819,-71.1856,3600,"boliviense","boliviense","tuberous",NA,NA,"Potato","PER","Peru"
81509,8940,NA,NA,NA,"Spooner, DM","0.0.2013",-13.3047,-72.1158,2900,"boliviense","boliviense","tuberous",NA,NA,"Potato","PER","Peru"
81621,8941,NA,NA,NA,"Spooner, DM","0.0.2013",-15.0167,-71.3,3700,"boliviense","boliviense","tuberous",NA,NA,"Potato","PER","Peru"
81859,8943,NA,NA,NA,"Spooner, DM","0.0.2013",-14.0269,-71.5672,3750,"boliviense","boliviense","tuberous",NA,NA,"Potato","PER","Peru"
81889,8944,NA,NA,NA,"Spooner, DM","0.0.2013",-15.6138,-71.4203,4100,"boliviense","boliviense","tuberous",NA,NA,"Potato","PER","Peru"
81913,8945,NA,NA,NA,"Spooner, DM","0.0.2013",-13.5928,-71.7719,3200,"boliviense","boliviense","tuberous",NA,NA,"Potato","PER","Peru"
82112,8946,NA,NA,NA,"Spooner, DM","0.0.2013",-13.4167,-71.85,0,"boliviense","boliviense","tuberous",NA,NA,"Potato","PER","Peru"
85030,8947,NA,NA,NA,"Spooner, DM","0.0.2013",-13,-72.1667,3020,"boliviense","boliviense","tuberous",NA,NA,"Potato","PER","Peru"
85409,8948,NA,NA,NA,"Spooner, DM","0.2.2014",-16,-70.23333,4100,"boliviense","boliviense","tuberous",NA,NA,"Potato","PER","Peru"
85676,8949,NA,NA,NA,"Spooner, DM","0.2.2014",-16.7394,-69.2917,3850,"boliviense","boliviense","tuberous",NA,NA,"Potato","PER","Peru"
94281,8950,NA,NA,NA,"Spooner, DM","0.6.2014",-15.28117,-70.2815,3910,"boliviense","boliviense","tuberous",NA,NA,"Potato","PER","Peru"
94514,8951,NA,NA,NA,"Spooner, DM","0.6.2014",-14.25,-72.58333,3440,"boliviense","boliviense","tuberous",NA,NA,"Potato","PER","Peru"
94515,8952,NA,NA,NA,"Spooner, DM","0.6.2014",-15.6138,-71.535,4100,"boliviense","boliviense","tuberous",NA,NA,"Potato","PER","Peru"
94981,8953,NA,NA,NA,"Spooner, DM","0.6.2014",-13.33333,-71.96667,2975,"boliviense","boliviense","tuberous",NA,NA,"Potato","PER","Peru"
95252,8954,NA,NA,NA,"Spooner, DM","0.6.2014",-14.3956,-71.4919,3800,"boliviense","boliviense","tuberous",NA,NA,"Potato","PER","Peru"
95327,8955,NA,NA,NA,"Spooner, DM","0.6.2014",-13.9167,-71.6667,4000,"boliviense","boliviense","tuberous",NA,NA,"Potato","PER","Peru"
24453,9088,NA,NA,NA,"Spooner, DM","0.0.2015",-21.358231,-66.044997,3841,"brevicaule","brevicaule","tuberous",NA,NA,"Potato","BOL","Bolivia"
26778,9090,NA,NA,NA,"Spooner, DM","0.0.2014",-17.97343,-67.125493,4024,"brevicaule","brevicaule","tuberous",NA,NA,"Potato","BOL","Bolivia"
26783,9091,NA,NA,NA,"Spooner, DM","0.0.2015",-19.033782,-65.252503,2591,"brevicaule","brevicaule","tuberous",NA,NA,"Potato","BOL","Bolivia"
8169,9312,NA,NA,NA,"Spooner, DM","0.0.2001",19.05,-100.033333,1800,"bulbocastanum","bulbocastanum","tuberous",NA,NA,"Potato","MEX","Mexico"
9237,9370,NA,NA,NA,"Spooner, DM","0.0.2013",17.15,-96.833333,0,"bulbocastanum","bulbocastanum","tuberous",NA,NA,"Potato","MEX","Mexico"
21463,9388,NA,NA,NA,"Spooner, DM","0.6.2014",-12.283503,-75.186421,3350,"candolleanum","candolleanum","tuberous",NA,NA,"Potato","PER","Peru"
33717,9389,NA,NA,NA,"Knapp, S","0.0.2014",-16.277982,-70.74236,3850,"candolleanum","candolleanum","tuberous",NA,NA,"Potato","PER","Peru"
18559,9620,NA,NA,NA,"et al.; Spooner, DM","0.0.2001",19.307027,-99.197685,2164,"cardiophyllum","cardiophyllum","tuberous",NA,NA,"Potato","MEX","Mexico"
39413,9714,NA,NA,NA,"Knapp, S","15.10.2009",-14.251668,-73.217273,2887,"caripense","caripense","nongeophyte",NA,NA,"Potato","PER","Peru"
14686,9698,NA,NA,NA,"Knapp, S","0.0.2002",-13.653209,-72.905438,2100,"caripense","caripense","nongeophyte",NA,NA,"Potato","PER","Peru"
68841,9718,NA,NA,NA,"Knapp, S","0.0.2014",-13.53918,-72.71728,2673,"caripense","caripense","nongeophyte",NA,NA,"Potato","PER","Peru"
68797,9717,NA,NA,NA,"Knapp, S","0.5.2014",-13.52235,-73.77215,2261,"caripense","caripense","nongeophyte",NA,NA,"Potato","PER","Peru"
39415,9716,NA,NA,NA,"Knapp, S","15.10.2009",-13.47685,-72.451678,2870,"caripense","caripense","nongeophyte",NA,NA,"Potato","PER","Peru"
21509,9702,NA,NA,NA,"Knapp, S","0.0.1989",-13.3525,-72.059167,2900,"caripense","caripense","nongeophyte",NA,NA,"Potato","PER","Peru"
132681,9697,NA,NA,NA,"SÃ¤rkinen, T","20.11.0",-13.27361,-71.61747,2940,"caripense","caripense","nongeophyte",NA,NA,"Potato","PER","Peru"
68862,9719,NA,NA,NA,"Knapp, S","0.0.2014",-13.254,-72.26713,2945,"caripense","caripense","nongeophyte",NA,NA,"Potato","PER","Peru"
21518,9707,NA,NA,NA,"Nee, M","0.0.1996",-12.866706,-72.685289,1110,"caripense","caripense","nongeophyte",NA,NA,"Potato","PER","Peru"
76881,9724,NA,NA,NA,"Knapp, S","0.5.2014",-12.50234,-74.96656,3200,"caripense","caripense","nongeophyte",NA,NA,"Potato","PER","Peru"
39414,9715,NA,NA,NA,"Knapp, S","15.10.2009",-11.205082,-75.457088,2600,"caripense","caripense","nongeophyte",NA,NA,"Potato","PER","Peru"
34820,9713,NA,NA,NA,"Knapp, S","0.0.1986",-10.760874,-76.869973,3000,"caripense","caripense","nongeophyte",NA,NA,"Potato","PER","Peru"
21516,9705,NA,NA,NA,"Correll, DS","0.0.1967",-9.375841,-77.55218,2960,"caripense","caripense","nongeophyte",NA,NA,"Potato","PER","Peru"
21514,9703,NA,NA,NA,"Ochoa, CM","0.0.1986",-8.95,-77.716667,3350,"caripense","caripense","nongeophyte",NA,NA,"Potato","PER","Peru"
87884,9728,NA,NA,NA,"Cano, A","0.0.2013",-8.257446,-77.80991,3600,"caripense","caripense","nongeophyte",NA,NA,"Potato","PER","Peru"
21445,9699,NA,NA,NA,"Knapp, S","0.0.2001",-7.924864,-78.184742,2900,"caripense","caripense","nongeophyte",NA,NA,"Potato","PER","Peru"
23815,9710,NA,NA,NA,"Knapp, S","0.0.1995",-7.725698,-77.891161,2300,"caripense","caripense","nongeophyte",NA,NA,"Potato","PER","Peru"
21507,9700,NA,NA,NA,"Nee, M","0.0.1999",-7.343073,-78.945486,2700,"caripense","caripense","nongeophyte",NA,NA,"Potato","PER","Peru"
71200,9721,NA,NA,NA,"Knapp, S","0.0.2014",-7.13144,-78.16378,2760,"caripense","caripense","nongeophyte",NA,NA,"Potato","PER","Peru"
23828,9712,NA,NA,NA,"Knapp, S","0.9.1987",-6.713488,-79.023878,1150,"caripense","caripense","nongeophyte",NA,NA,"Potato","PER","Peru"
23816,9711,NA,NA,NA,"Knapp, S","0.0.1994",-6.180802,-79.354619,3300,"caripense","caripense","nongeophyte",NA,NA,"Potato","PER","Peru"
76882,9725,NA,NA,NA,"Knapp, S","0.5.2014",-6.076389,-78.3625,2710,"caripense","caripense","nongeophyte",NA,NA,"Potato","PER","Peru"
76880,9723,NA,NA,NA,"Knapp, S","0.5.2014",-6,-78.8666,630,"caripense","caripense","nongeophyte",NA,NA,"Potato","PER","Peru"
21515,9704,NA,NA,NA,NA,"0.0.0",-5.960998,-79.677519,1150,"caripense","caripense","nongeophyte",NA,NA,"Potato","PER","Peru"
21517,9706,NA,NA,NA,"Correll, DS","0.0.1967",-5.941146,-79.578428,1760,"caripense","caripense","nongeophyte",NA,NA,"Potato","PER","Peru"
76893,9727,NA,NA,NA,"Knapp, S","0.5.2014",-5.637862,-78.56608,400,"caripense","caripense","nongeophyte",NA,NA,"Potato","PER","Peru"
23814,9709,NA,NA,NA,"Knapp, S","0.5.2013",-5.4,-79.6,1350,"caripense","caripense","nongeophyte",NA,NA,"Potato","PER","Peru"
21942,9708,NA,NA,NA,"Knapp, S","0.5.2014",-5.316667,-78.666667,900,"caripense","caripense","nongeophyte",NA,NA,"Potato","PER","Peru"
21508,9701,NA,NA,NA,"Nee, M","0.0.2001",-5.145297,-79.423115,2250,"caripense","caripense","nongeophyte",NA,NA,"Potato","PER","Peru"
71111,9720,NA,NA,NA,"Tepe, EJ","0.1.2018",-5.10932,-79.04409,1470,"caripense","caripense","nongeophyte",NA,NA,"Potato","PER","Peru"
75314,9722,NA,NA,NA,"Knapp, S","0.2.2014",-5.059664,-79.72557,2900,"caripense","caripense","nongeophyte",NA,NA,"Potato","PER","Peru"
76891,9726,NA,NA,NA,"Knapp, S","0.5.2014",-5.057778,-78.95,1650,"caripense","caripense","nongeophyte",NA,NA,"Potato","PER","Peru"
23800,9683,NA,NA,NA,"Knapp, S","0.0.1996",-4.091667,-79.933333,2400,"caripense","caripense","nongeophyte",NA,NA,"Potato","ECU","Ecuador"
31,9692,NA,NA,NA,"Verugo, A","2.7.2002",-3.952454,-79.163211,2270,"caripense","caripense","nongeophyte",NA,NA,"Potato","ECU","Ecuador"
23812,9687,NA,NA,NA,"Knapp, S","0.0.1992",-3.616667,-79.266667,2900,"caripense","caripense","nongeophyte",NA,NA,"Potato","ECU","Ecuador"
30,9691,NA,NA,NA,"CerÃ³n, CE","1.6.2002",-2.76,-78.669722,2703,"caripense","caripense","nongeophyte",NA,NA,"Potato","ECU","Ecuador"
29,9690,NA,NA,NA,"CerÃ³n, CE","18.4.2002",-2.538056,-78.874722,3113,"caripense","caripense","nongeophyte",NA,NA,"Potato","ECU","Ecuador"
23810,9686,NA,NA,NA,"Knapp, S","0.0.1995",-1.916667,-79.083333,2100,"caripense","caripense","nongeophyte",NA,NA,"Potato","ECU","Ecuador"
96099,9695,NA,NA,NA,"Tepe, EJ","0.0.2011",-1.844083,-78.57783,3050,"caripense","caripense","nongeophyte",NA,NA,"Potato","ECU","Ecuador"
23807,9685,NA,NA,NA,"Knapp, S","0.0.1987",-1.3,-78.416667,2950,"caripense","caripense","nongeophyte",NA,NA,"Potato","ECU","Ecuador"
23806,9684,NA,NA,NA,"Knapp, S","0.0.1987",-1.25,-78.783333,3150,"caripense","caripense","nongeophyte",NA,NA,"Potato","ECU","Ecuador"
9377,9694,NA,NA,NA,"CerÃ³n, CE","0.0.1994",-0.95,-78.55,3000,"caripense","caripense","nongeophyte",NA,NA,"Potato","ECU","Ecuador"
19303,9682,NA,NA,NA,NA,"0.0.0",-0.517806,-78.611944,3220,"caripense","caripense","nongeophyte",NA,NA,"Potato","ECU","Ecuador"
23813,9688,NA,NA,NA,"Knapp, S","0.0.1995",-0.083333,-78.583333,3200,"caripense","caripense","nongeophyte",NA,NA,"Potato","ECU","Ecuador"
53,9693,NA,NA,NA,"PeÃ±afiel, M","0.0.1991",0.3,-78.366667,2900,"caripense","caripense","nongeophyte",NA,NA,"Potato","ECU","Ecuador"
120526,9667,NA,NA,NA,"Amaya, M","1.1.1994",1.1525,-77.99283,1800,"caripense","caripense","nongeophyte",NA,NA,"Potato","COL","Colombia"
115938,9665,NA,NA,NA,"Jaramillo M, R","0.0.0",4.102731,-74.42371,2450,"caripense","caripense","nongeophyte",NA,NA,"Potato","COL","Colombia"
112241,9664,NA,NA,NA,"Orozco, CI","0.0.2000",4.199752,-75.68103,2700,"caripense","caripense","nongeophyte",NA,NA,"Potato","COL","Colombia"
112081,9661,NA,NA,NA,"Ochoa, CM","0.0.0",4.32991,-73.94577,2100,"caripense","caripense","nongeophyte",NA,NA,"Potato","COL","Colombia"
125115,9673,NA,NA,NA,"Lozano C, G","1.1.1982",4.51638,-75.61456,0,"caripense","caripense","nongeophyte",NA,NA,"Potato","COL","Colombia"
117231,9666,NA,NA,NA,"Lozano C, G","0.0.0",4.647919,-74.32694,2600,"caripense","caripense","nongeophyte",NA,NA,"Potato","COL","Colombia"
122079,9670,NA,NA,NA,"DÃ­az-Piedrahita, S","1.1.1980",4.725,-75.2681,3300,"caripense","caripense","nongeophyte",NA,NA,"Potato","COL","Colombia"
112143,9663,NA,NA,NA,"Spooner, DM","0.0.1992",4.773723,-74.06251,2600,"caripense","caripense","nongeophyte",NA,NA,"Potato","COL","Colombia"
123342,9671,NA,NA,NA,"HernÃ¡ndez S, M","1.1.2002",4.998569,-74.15199,2800,"caripense","caripense","nongeophyte",NA,NA,"Potato","COL","Colombia"
121927,9669,NA,NA,NA,NA,"0.0.0",5.083611,-75.49583,2250,"caripense","caripense","nongeophyte",NA,NA,"Potato","COL","Colombia"
112132,9662,NA,NA,NA,"Orozco, CI","0.0.2003",5.101389,-73.78639,2700,"caripense","caripense","nongeophyte",NA,NA,"Potato","COL","Colombia"
111983,9659,NA,NA,NA,"Granados-Tochoy, JC","0.0.2004",5.46953,-73.64399,2900,"caripense","caripense","nongeophyte",NA,NA,"Potato","COL","Colombia"
111980,9658,NA,NA,NA,"Orozco, CI","0.0.2008",5.4907,-73.0739,3027,"caripense","caripense","nongeophyte",NA,NA,"Potato","COL","Colombia"
125168,9674,NA,NA,NA,"Rangel, O","0.0.0",5.55,-72.91667,3050,"caripense","caripense","nongeophyte",NA,NA,"Potato","COL","Colombia"
111965,9657,NA,NA,NA,"Orozco, CI","0.0.1999",5.724125,-73.37383,2900,"caripense","caripense","nongeophyte",NA,NA,"Potato","COL","Colombia"
23825,9676,NA,NA,NA,"Nee, M","0.0.1997",6.033,-75.429001,2180,"caripense","caripense","nongeophyte",NA,NA,"Potato","COL","Colombia"
111927,9655,NA,NA,NA,"Correll, DS","0.0.1962",6.22575,-75.51508,2000,"caripense","caripense","nongeophyte",NA,NA,"Potato","COL","Colombia"
111959,9656,NA,NA,NA,"Correll, DS","0.0.1962",6.25893,-72.5639,2900,"caripense","caripense","nongeophyte",NA,NA,"Potato","COL","Colombia"
123948,9672,NA,NA,NA,"Rivera-DÃ­az, O","0.0.0",6.455555,-76.12055,3200,"caripense","caripense","nongeophyte",NA,NA,"Potato","COL","Colombia"
121766,9668,NA,NA,NA,"Lozano C, G","1.1.1996",6.4625,-72.39,3750,"caripense","caripense","nongeophyte",NA,NA,"Potato","COL","Colombia"
97431,9679,NA,NA,NA,"Bohs, L","0.0.2000",8.79,-82.95,1300,"caripense","caripense","nongeophyte",NA,NA,"Potato","CRI","Costa Rica"
7888,9696,NA,NA,NA,"Knapp, S","0.0.2000",8.85,-82.75,1500,"caripense","caripense","nongeophyte",NA,NA,"Potato","PAN","Panama"
23811,9729,NA,NA,NA,"Dorr, LJ","0.0.1999",9.216667,-70.2,2000,"caripense","caripense","nongeophyte",NA,NA,"Potato","VEN","Venezuela"
74123,9677,NA,NA,NA,"Bohs, L","0.10.2003",9.34,-83.2725,1600,"caripense","caripense","nongeophyte",NA,NA,"Potato","CRI","Costa Rica"
74124,9678,NA,NA,NA,"Bohs, L","0.10.2003",9.766667,-83.95,1450,"caripense","caripense","nongeophyte",NA,NA,"Potato","CRI","Costa Rica"
125275,9675,NA,NA,NA,"GarzÃ³n-Venegas, J","1.1.2006",9.984696,-73.02848,2526,"caripense","caripense","nongeophyte",NA,NA,"Potato","COL","Colombia"
112021,9660,NA,NA,NA,"Nee, M","0.0.1995",10.08333,-73.15,1800,"caripense","caripense","nongeophyte",NA,NA,"Potato","COL","Colombia"
97509,9680,NA,NA,NA,"Bohs, L","0.0.2000",10.30833,-84.81527,1350,"caripense","caripense","nongeophyte",NA,NA,"Potato","CRI","Costa Rica"
21937,9730,NA,NA,NA,"Knapp, S","0.5.2014",-4.9875,-78.9025,800,"catilliflorum","catilliflorum","nongeophyte",NA,NA,"Potato","PER","Peru"
21939,9731,NA,NA,NA,"Knapp, S","0.5.2016",-5.367833,-78.776167,550,"catilliflorum","catilliflorum","nongeophyte",NA,NA,"Potato","PER","Peru"
68822,9732,NA,NA,NA,"Knapp, S","0.5.2014",-13.6853,-72.8766,2850,"catilliflorum","catilliflorum","nongeophyte",NA,NA,"Potato","PER","Peru"
68849,9733,NA,NA,NA,"Knapp, S","0.0.2014",-13.55728,-72.57158,1873,"catilliflorum","catilliflorum","nongeophyte",NA,NA,"Potato","PER","Peru"
69545,9734,NA,NA,NA,"Anderson, GJ","0.0.2001",-13.88696,-73.10157,0,"catilliflorum","catilliflorum","nongeophyte",NA,NA,"Potato","PER","Peru"
21529,9735,NA,NA,NA,"Knapp, S","0.0.2014",-6.756988,-77.849454,3100,"chachapoyasense","chachapoyasense","nongeophyte",NA,NA,"Potato","PER","Peru"
75285,9736,NA,NA,NA,"Knapp, S","0.2.2014",-10.441,-75.45017,2095,"chachapoyasense","chachapoyasense","nongeophyte",NA,NA,"Potato","PER","Peru"
29629,10030,NA,NA,NA,"Spooner, DM","0.0.2013",-18.395483,-64.140993,1800,"chacoense","chacoense","tuberous",NA,NA,"Potato","BOL","Bolivia"
6939,10092,NA,NA,NA,"Knapp, S","0.9.2005",-25.866667,-56.833333,0,"chacoense","chacoense","tuberous",NA,NA,"Potato","PRY","Paraguay"
6940,10093,NA,NA,NA,"Knapp, S","0.9.2005",-26.926278,-55.496833,0,"chacoense","chacoense","tuberous",NA,NA,"Potato","PRY","Paraguay"
23836,10127,NA,NA,NA,"Knapp, S","0.0.2000",-5.830748,-77.972552,2800,"chamaepolybotryon","chamaepolybotryon","nongeophyte",NA,NA,"Potato","PER","Peru"
33059,10128,NA,NA,NA,"Knapp, S","0.9.2008",-5.737919,-77.535806,1300,"chamaepolybotryon","chamaepolybotryon","nongeophyte",NA,NA,"Potato","PER","Peru"
53814,10129,NA,NA,NA,"Tepe, EJ","0.12.2007",-5.670983,-77.6758,1275,"chamaepolybotryon","chamaepolybotryon","nongeophyte",NA,NA,"Potato","PER","Peru"
1636,10147,NA,NA,NA,"Knapp, S; Peralta, IE","0.0.2002",-25.458333,-70.440333,360,"chilense","chilense","nongeophyte",NA,NA,"Potato","CHL","Chile"
1777,10149,NA,NA,NA,"Knapp, S; Peralta, IE","0.0.2002",-23.6,-67.85,0,"chilense","chilense","nongeophyte",NA,NA,"Potato","CHL","Chile"
1887,10150,NA,NA,NA,"Knapp, S; Peralta, IE","0.0.2002",-23.683333,-68.666667,0,"chilense","chilense","nongeophyte",NA,NA,"Potato","CHL","Chile"
1981,10151,NA,NA,NA,"Knapp, S; Peralta, IE","0.0.2002",-19.683333,-69.166667,3220,"chilense","chilense","nongeophyte",NA,NA,"Potato","CHL","Chile"
1983,10152,NA,NA,NA,"Knapp, S; Peralta, IE","0.0.2002",-18.433333,-69.716667,2900,"chilense","chilense","nongeophyte",NA,NA,"Potato","CHL","Chile"
1991,10154,NA,NA,NA,"Knapp, S; Peralta, IE","0.0.2002",-23.3,-67.933333,2900,"chilense","chilense","nongeophyte",NA,NA,"Potato","CHL","Chile"
2121,10155,NA,NA,NA,"Knapp, S; Peralta, IE","0.0.2002",-18.2,-69.583333,3350,"chilense","chilense","nongeophyte",NA,NA,"Potato","CHL","Chile"
2168,10156,NA,NA,NA,"Knapp, S; Peralta, IE","0.0.2002",-22.450387,-69.075502,1800,"chilense","chilense","nongeophyte",NA,NA,"Potato","CHL","Chile"
2172,10157,NA,NA,NA,"Knapp, S; Peralta, IE","0.0.2002",-22.474963,-68.925075,1900,"chilense","chilense","nongeophyte",NA,NA,"Potato","CHL","Chile"
2176,10158,NA,NA,NA,"Knapp, S; Peralta, IE","0.0.2002",-25.138762,-69.755718,0,"chilense","chilense","nongeophyte",NA,NA,"Potato","CHL","Chile"
2177,10159,NA,NA,NA,"Knapp, S; Peralta, IE","0.0.2002",-22.558665,-70.24032,500,"chilense","chilense","nongeophyte",NA,NA,"Potato","CHL","Chile"
2178,10160,NA,NA,NA,"Knapp, S; Peralta, IE","0.0.2002",-25.000947,-70.45773,700,"chilense","chilense","nongeophyte",NA,NA,"Potato","CHL","Chile"
2439,10161,NA,NA,NA,"Knapp, S; Peralta, IE","0.0.2002",-22.933615,-68.204293,2550,"chilense","chilense","nongeophyte",NA,NA,"Potato","CHL","Chile"
29814,10162,NA,NA,NA,"Knapp, S","0.6.2007",-24.5928,-70.2435,1035,"chilense","chilense","nongeophyte",NA,NA,"Potato","CHL","Chile"
29815,10163,NA,NA,NA,"Knapp, S","0.6.2007",-26.32,-69.4534,2580,"chilense","chilense","nongeophyte",NA,NA,"Potato","CHL","Chile"
3174,10164,NA,NA,NA,"Knapp, S; Peralta, IE","0.0.2002",-21.166667,-69.5,1020,"chilense","chilense","nongeophyte",NA,NA,"Potato","CHL","Chile"
3175,10165,NA,NA,NA,"Knapp, S; Peralta, IE","0.0.2002",-22.083333,-70.183333,150,"chilense","chilense","nongeophyte",NA,NA,"Potato","CHL","Chile"
3239,10166,NA,NA,NA,"Knapp, S; Peralta, IE","0.0.2002",-20.083333,-69.266667,2400,"chilense","chilense","nongeophyte",NA,NA,"Potato","CHL","Chile"
33469,10167,NA,NA,NA,"Knapp, S","0.0.2014",-20.2491,-69.15587,2600,"chilense","chilense","nongeophyte",NA,NA,"Potato","CHL","Chile"
3486,10168,NA,NA,NA,"Knapp, S; Peralta, IE","0.0.2002",-22.560169,-68.122576,0,"chilense","chilense","nongeophyte",NA,NA,"Potato","CHL","Chile"
3488,10169,NA,NA,NA,"Knapp, S; Peralta, IE","0.0.2002",-18.416667,-70.3,3050,"chilense","chilense","nongeophyte",NA,NA,"Potato","CHL","Chile"
3509,10170,NA,NA,NA,"Knapp, S; Peralta, IE","0.0.2003",-18.455704,-69.345468,0,"chilense","chilense","nongeophyte",NA,NA,"Potato","CHL","Chile"
3603,10171,NA,NA,NA,"Knapp, S; Peralta, IE","0.0.2002",-23.41,-68.4,0,"chilense","chilense","nongeophyte",NA,NA,"Potato","CHL","Chile"
3623,10172,NA,NA,NA,"Knapp, S; Peralta, IE","0.0.2002",-25.24,-70.29,20,"chilense","chilense","nongeophyte",NA,NA,"Potato","CHL","Chile"
3624,10173,NA,NA,NA,"Knapp, S; Peralta, IE","0.0.2002",-25.120599,-69.454449,0,"chilense","chilense","nongeophyte",NA,NA,"Potato","CHL","Chile"
3679,10174,NA,NA,NA,"Knapp, S; Peralta, IE","0.0.2002",-17.983333,-69.65,4000,"chilense","chilense","nongeophyte",NA,NA,"Potato","CHL","Chile"
3861,10175,NA,NA,NA,"Knapp, S; Peralta, IE","0.0.2002",-23.11,-68.1,2500,"chilense","chilense","nongeophyte",NA,NA,"Potato","CHL","Chile"
4303,10176,NA,NA,NA,"Knapp, S; Peralta, IE","0.0.2002",-18.526044,-70.147892,0,"chilense","chilense","nongeophyte",NA,NA,"Potato","CHL","Chile"
4583,10177,NA,NA,NA,"Knapp, S; Peralta, IE","0.0.2002",-19.9,-69.116667,3350,"chilense","chilense","nongeophyte",NA,NA,"Potato","CHL","Chile"
4731,10178,NA,NA,NA,"Knapp, S; Peralta, IE","0.0.2002",-23.8025,-68.275,2475,"chilense","chilense","nongeophyte",NA,NA,"Potato","CHL","Chile"
4734,10179,NA,NA,NA,"Knapp, S; Peralta, IE","0.0.2002",-22.581389,-68.520833,2700,"chilense","chilense","nongeophyte",NA,NA,"Potato","CHL","Chile"
4793,10180,NA,NA,NA,"Knapp, S; Peralta, IE","0.0.2002",-18.25,-69.42,4000,"chilense","chilense","nongeophyte",NA,NA,"Potato","CHL","Chile"
4794,10181,NA,NA,NA,"Knapp, S; Peralta, IE","0.0.2002",-23.316667,-67.333333,0,"chilense","chilense","nongeophyte",NA,NA,"Potato","CHL","Chile"
5068,10182,NA,NA,NA,"Knapp, S; Peralta, IE","0.0.2002",-23.36,-67.51,0,"chilense","chilense","nongeophyte",NA,NA,"Potato","CHL","Chile"
5074,10183,NA,NA,NA,"Knapp, S; Peralta, IE","0.0.2002",-22.273829,-68.555896,2300,"chilense","chilense","nongeophyte",NA,NA,"Potato","CHL","Chile"
5194,10184,NA,NA,NA,"Knapp, S; Peralta, IE","0.0.2002",-20.55,-69.3,1500,"chilense","chilense","nongeophyte",NA,NA,"Potato","CHL","Chile"
5198,10185,NA,NA,NA,"Knapp, S; Peralta, IE","0.0.2002",-21.083333,-69.6,1200,"chilense","chilense","nongeophyte",NA,NA,"Potato","CHL","Chile"
5199,10186,NA,NA,NA,"Knapp, S; Peralta, IE","0.0.2002",-25.116667,-70.1,50,"chilense","chilense","nongeophyte",NA,NA,"Potato","CHL","Chile"
5202,10187,NA,NA,NA,"Knapp, S; Peralta, IE","0.0.2002",-18.533333,-70.05,1730,"chilense","chilense","nongeophyte",NA,NA,"Potato","CHL","Chile"
5204,10188,NA,NA,NA,"Knapp, S; Peralta, IE","0.0.2002",-18.5,-69.95,1850,"chilense","chilense","nongeophyte",NA,NA,"Potato","CHL","Chile"
5209,10189,NA,NA,NA,"Knapp, S; Peralta, IE","0.0.2002",-18.465857,-69.833103,2100,"chilense","chilense","nongeophyte",NA,NA,"Potato","CHL","Chile"
5212,10190,NA,NA,NA,"Knapp, S; Peralta, IE","0.0.2002",-24.372555,-69.315063,0,"chilense","chilense","nongeophyte",NA,NA,"Potato","CHL","Chile"
5213,10191,NA,NA,NA,"Knapp, S; Peralta, IE","0.0.2002",-20.933333,-68.966667,2900,"chilense","chilense","nongeophyte",NA,NA,"Potato","CHL","Chile"
5214,10192,NA,NA,NA,"Knapp, S; Peralta, IE","0.0.2002",-18.166667,-69.75,3600,"chilense","chilense","nongeophyte",NA,NA,"Potato","CHL","Chile"
5217,10193,NA,NA,NA,"Knapp, S; Peralta, IE","0.0.2002",-20.267214,-70.103555,250,"chilense","chilense","nongeophyte",NA,NA,"Potato","CHL","Chile"
5223,10194,NA,NA,NA,"Knapp, S; Peralta, IE","0.0.2002",-18.833333,-69.733333,2400,"chilense","chilense","nongeophyte",NA,NA,"Potato","CHL","Chile"
5224,10195,NA,NA,NA,"Knapp, S; Peralta, IE","0.0.2002",-19.283333,-69.45,2950,"chilense","chilense","nongeophyte",NA,NA,"Potato","CHL","Chile"
5323,10196,NA,NA,NA,"Knapp, S; Peralta, IE","0.0.2002",-18.828151,-70.136249,500,"chilense","chilense","nongeophyte",NA,NA,"Potato","CHL","Chile"
5666,10197,NA,NA,NA,"Knapp, S; Peralta, IE","0.0.2002",-23.2991,-67.8104,3600,"chilense","chilense","nongeophyte",NA,NA,"Potato","CHL","Chile"
5926,10198,NA,NA,NA,"Knapp, S; Peralta, IE","0.0.2002",-22.349722,-68.327222,3300,"chilense","chilense","nongeophyte",NA,NA,"Potato","CHL","Chile"
6169,10199,NA,NA,NA,"Knapp, S; Peralta, IE","0.0.2002",-19.75,-69.3,2000,"chilense","chilense","nongeophyte",NA,NA,"Potato","CHL","Chile"
6170,10200,NA,NA,NA,"Knapp, S; Peralta, IE","0.0.2002",-19.166667,-69.216667,3700,"chilense","chilense","nongeophyte",NA,NA,"Potato","CHL","Chile"
96973,10201,NA,NA,NA,NA,"0.0.0",-20.08263,-69.35975,0,"chilense","chilense","nongeophyte",NA,NA,"Potato","CHL","Chile"
1954,10202,NA,NA,NA,"Knapp, S; Peralta, IE","0.0.2002",-17.16645,-70.887033,1560,"chilense","chilense","nongeophyte",NA,NA,"Potato","PER","Peru"
1957,10203,NA,NA,NA,"Knapp, S; Peralta, IE","0.0.2002",-17.40908,-71.146027,580,"chilense","chilense","nongeophyte",NA,NA,"Potato","PER","Peru"
2105,10204,NA,NA,NA,"Knapp, S; Peralta, IE","0.0.2002",-18.00866,-70.385458,200,"chilense","chilense","nongeophyte",NA,NA,"Potato","PER","Peru"
2236,10205,NA,NA,NA,"Knapp, S; Peralta, IE","0.0.2002",-18.009748,-70.25086,650,"chilense","chilense","nongeophyte",NA,NA,"Potato","PER","Peru"
2504,10206,NA,NA,NA,"Knapp, S; Peralta, IE","0.0.2002",-14.689402,-74.120347,1800,"chilense","chilense","nongeophyte",NA,NA,"Potato","PER","Peru"
27656,10207,NA,NA,NA,"Knapp, S","0.4.2007",-16.834017,-70.889783,2358,"chilense","chilense","nongeophyte",NA,NA,"Potato","PER","Peru"
3148,10208,NA,NA,NA,"Knapp, S; Peralta, IE","0.0.2002",-17.020593,-70.751718,0,"chilense","chilense","nongeophyte",NA,NA,"Potato","PER","Peru"
33046,10209,NA,NA,NA,"Knapp, S","0.9.2008",-16.652333,-71.352667,2100,"chilense","chilense","nongeophyte",NA,NA,"Potato","PER","Peru"
33376,10210,NA,NA,NA,"Knapp, S","0.9.2008",-15.619833,-73.791,1830,"chilense","chilense","nongeophyte",NA,NA,"Potato","PER","Peru"
33383,10211,NA,NA,NA,"Knapp, S","0.9.2008",-17.872,-70.120833,1270,"chilense","chilense","nongeophyte",NA,NA,"Potato","PER","Peru"
33384,10212,NA,NA,NA,"Knapp, S","0.9.2008",-14.838667,-74.725833,2135,"chilense","chilense","nongeophyte",NA,NA,"Potato","PER","Peru"
33405,10213,NA,NA,NA,"Knapp, S","0.9.2008",-13.4733,-76.1871,5,"chilense","chilense","nongeophyte",NA,NA,"Potato","PER","Peru"
33410,10214,NA,NA,NA,"Knapp, S","0.9.2008",-17.457642,-70.534025,1000,"chilense","chilense","nongeophyte",NA,NA,"Potato","PER","Peru"
33464,10215,NA,NA,NA,"Knapp, S","0.9.2008",-17.625163,-70.95509,0,"chilense","chilense","nongeophyte",NA,NA,"Potato","PER","Peru"
33465,10216,NA,NA,NA,"Knapp, S","0.9.2008",-17.839,-70.5095,450,"chilense","chilense","nongeophyte",NA,NA,"Potato","PER","Peru"
4013,10217,NA,NA,NA,"Knapp, S; Peralta, IE","0.0.2002",-15.870513,-74.241963,200,"chilense","chilense","nongeophyte",NA,NA,"Potato","PER","Peru"
4098,10218,NA,NA,NA,"Knapp, S; Peralta, IE","0.0.2002",-17.690128,-70.253403,1770,"chilense","chilense","nongeophyte",NA,NA,"Potato","PER","Peru"
6198,10219,NA,NA,NA,"Knapp, S; Peralta, IE","0.0.2002",-15.425333,-74.6095,900,"chilense","chilense","nongeophyte",NA,NA,"Potato","PER","Peru"
70674,10220,NA,NA,NA,"Knapp, S","0.0.2013",-17.66499,-69.98816,3000,"chilense","chilense","nongeophyte",NA,NA,"Potato","PER","Peru"
53293,10223,NA,NA,NA,"Tepe, EJ","0.3.2009",-1.721944,-79.135278,2150,"chimborazense","chimborazense","nongeophyte",NA,NA,"Potato","ECU","Ecuador"
21535,10224,NA,NA,NA,"Nee, M","0.0.2001",-7.405326,-78.768868,2700,"chimborazense","chimborazense","nongeophyte",NA,NA,"Potato","PER","Peru"
75698,10225,NA,NA,NA,"SÃ¤rkinen, T","0.2.2014",-12.00727,-74.89933,3200,"chimborazense","chimborazense","nongeophyte",NA,NA,"Potato","PER","Peru"
76898,10226,NA,NA,NA,"Knapp, S","0.5.2014",-10.37556,-75.07444,3110,"chimborazense","chimborazense","nongeophyte",NA,NA,"Potato","PER","Peru"
2102,10252,NA,NA,NA,"Knapp, S; Peralta, IE","0.0.2002",-16.74226,-68.688297,2600,"chmielewskii","chmielewskii","nongeophyte",NA,NA,"Potato","BOL","Bolivia"
4571,10253,NA,NA,NA,"Knapp, S; Peralta, IE","0.0.2002",-16.705,-67.8772,2550,"chmielewskii","chmielewskii","nongeophyte",NA,NA,"Potato","BOL","Bolivia"
33473,10255,NA,NA,NA,"Knapp, S","0.9.2008",-13.513473,-73.715338,2920,"chmielewskii","chmielewskii","nongeophyte",NA,NA,"Potato","PER","Peru"
4141,10256,NA,NA,NA,"Knapp, S","0.10.2009",-13.958135,-73.153838,2300,"chmielewskii","chmielewskii","nongeophyte",NA,NA,"Potato","PER","Peru"
4698,10257,NA,NA,NA,"Knapp, S","0.8.2004",-13.556,-72.628,2100,"chmielewskii","chmielewskii","nongeophyte",NA,NA,"Potato","PER","Peru"
5062,10258,NA,NA,NA,"Knapp, S; Peralta, IE","0.0.2002",-13.639452,-73.472573,2900,"chmielewskii","chmielewskii","nongeophyte",NA,NA,"Potato","PER","Peru"
65210,10259,NA,NA,NA,"Knapp, S","0.2.2012",-13.79727,-72.95872,1982,"chmielewskii","chmielewskii","nongeophyte",NA,NA,"Potato","PER","Peru"
66175,10260,NA,NA,NA,NA,"0.0.0",-13.40033,-73.89255,3037,"chmielewskii","chmielewskii","nongeophyte",NA,NA,"Potato","PER","Peru"
71733,10261,NA,NA,NA,"Knapp, S","0.0.2013",-13.40722,-72.8425,1200,"chmielewskii","chmielewskii","nongeophyte",NA,NA,"Potato","PER","Peru"
71734,10262,NA,NA,NA,"Knapp, S","0.0.2013",-13.46722,-72.49861,2600,"chmielewskii","chmielewskii","nongeophyte",NA,NA,"Potato","PER","Peru"
21542,10267,NA,NA,NA,"Spooner, DM","0.0.0",-9.016667,-77.616667,4600,"chomatophilum","chomatophilum","tuberous",NA,NA,"Potato","PER","Peru"
21844,10268,NA,NA,NA,"Spooner, DM","0.0.2014",-7.033333,-78.566667,3500,"chomatophilum","chomatophilum","tuberous",NA,NA,"Potato","PER","Peru"
41012,10269,NA,NA,NA,"Spooner, DM","0.0.2014",-7.026667,-78.224167,3561,"chomatophilum","chomatophilum","tuberous",NA,NA,"Potato","PER","Peru"
834,10296,NA,NA,NA,"Spooner, DM","0.0.2014",-8.367823,-77.897531,3950,"chomatophilum","chomatophilum","tuberous",NA,NA,"Potato","PER","Peru"
71233,10336,NA,NA,NA,"Knapp, S","0.0.2014",-9.10594,-77.41375,2706,"cochoae","cochoae","nongeophyte",NA,NA,"Potato","PER","Peru"
71529,10337,NA,NA,NA,"Knapp, S","0.8.2014",-8.143917,-78.18561,3735,"cochoae","cochoae","nongeophyte",NA,NA,"Potato","PER","Peru"
71602,10338,NA,NA,NA,"Knapp, S","0.0.2014",-9.101361,-77.95192,3450,"cochoae","cochoae","nongeophyte",NA,NA,"Potato","PER","Peru"
75791,10339,NA,NA,NA,"Knapp, S","0.0.2014",-11.4457,-76.614,2835,"cochoae","cochoae","nongeophyte",NA,NA,"Potato","PER","Peru"
76852,10340,NA,NA,NA,"Knapp, S","0.5.2014",-7.368467,-78.85325,2870,"cochoae","cochoae","nongeophyte",NA,NA,"Potato","PER","Peru"
76853,10341,NA,NA,NA,"Knapp, S","0.5.2014",-9.45,-77.85,2870,"cochoae","cochoae","nongeophyte",NA,NA,"Potato","PER","Peru"
76854,10342,NA,NA,NA,"Knapp, S","0.5.2014",-10.08241,-77.5031,2600,"cochoae","cochoae","nongeophyte",NA,NA,"Potato","PER","Peru"
14683,10446,NA,NA,NA,"Spooner, DM","0.0.2014",9.226196,-70.164722,2490,"colombianum","colombianum","tuberous",NA,NA,"Potato","VEN","Venezuela"
105147,10667,NA,NA,NA,"Knapp, S","0.1.2016",-19.135,-64.19083,2127,"complectens","complectens","nongeophyte",NA,NA,"Potato","BOL","Bolivia"
105675,10668,NA,NA,NA,"Nee, M","0.0.2009",-17.75056,-65.02861,2610,"complectens","complectens","nongeophyte",NA,NA,"Potato","BOL","Bolivia"
105929,10669,NA,NA,NA,"Nee, M","0.0.2008",-19.9275,-64.22139,1781,"complectens","complectens","nongeophyte",NA,NA,"Potato","BOL","Bolivia"
106894,10670,NA,NA,NA,"Nee, M","0.0.2003",-17.493,-64.3906,2640,"complectens","complectens","nongeophyte",NA,NA,"Potato","BOL","Bolivia"
10963,10671,NA,NA,NA,"Bohs, L","10.11.2005",-18.1,-63.8,1800,"complectens","complectens","nongeophyte",NA,NA,"Potato","BOL","Bolivia"
15388,10672,NA,NA,NA,"Knapp, S","0.0.2005",-17.53,-64.16,2000,"complectens","complectens","nongeophyte",NA,NA,"Potato","BOL","Bolivia"
26414,10673,NA,NA,NA,"Knapp, S","0.0.2007",-17.825194,-64.674861,2550,"complectens","complectens","nongeophyte",NA,NA,"Potato","BOL","Bolivia"
113093,10674,NA,NA,NA,"Knapp, S","0.8.2016",-4.248333,-78.65944,0,"conicum","conicum","nongeophyte",NA,NA,"Potato","ECU","Ecuador"
139706,10675,NA,NA,NA,"Knapp, S","0.11.2018",-10.38361,-75.62945,2950,"conicum","conicum","nongeophyte",NA,NA,"Potato","PER","Peru"
14950,10676,NA,NA,NA,"Knapp, S","0.0.2004",-9.342833,-76.000833,800,"conicum","conicum","nongeophyte",NA,NA,"Potato","PER","Peru"
21564,10677,NA,NA,NA,"Knapp, S","0.9.2008",-10.6,-75.383333,1850,"conicum","conicum","nongeophyte",NA,NA,"Potato","PER","Peru"
21567,10678,NA,NA,NA,"Knapp, S; Helgason, T","0.0.1996",-9.216099,-75.827399,1600,"conicum","conicum","nongeophyte",NA,NA,"Potato","PER","Peru"
22116,10679,NA,NA,NA,"Knapp, S","0.11.2018",-10.620833,-75.2905,2300,"conicum","conicum","nongeophyte",NA,NA,"Potato","PER","Peru"
22543,10680,NA,NA,NA,NA,"0.0.2012",-12.916667,-71.2,500,"conicum","conicum","nongeophyte",NA,NA,"Potato","PER","Peru"
26359,10681,NA,NA,NA,"Knapp, S","0.0.2007",-10.066667,-71.1,300,"conicum","conicum","nongeophyte",NA,NA,"Potato","PER","Peru"
26361,10682,NA,NA,NA,"Knapp, S","0.0.2007",-10.533333,-75.066667,890,"conicum","conicum","nongeophyte",NA,NA,"Potato","PER","Peru"
33052,10683,NA,NA,NA,"Knapp, S","0.9.2008",-5.016667,-79.016667,650,"conicum","conicum","nongeophyte",NA,NA,"Potato","PER","Peru"
33054,10684,NA,NA,NA,"Knapp, S","0.9.2008",-12.633333,-73.633333,1750,"conicum","conicum","nongeophyte",NA,NA,"Potato","PER","Peru"
33055,10685,NA,NA,NA,"Knapp, S","0.9.2008",-5.245894,-78.75462,900,"conicum","conicum","nongeophyte",NA,NA,"Potato","PER","Peru"
33056,10686,NA,NA,NA,"Knapp, S","0.9.2008",-12.968403,-71.307878,500,"conicum","conicum","nongeophyte",NA,NA,"Potato","PER","Peru"
33101,10687,NA,NA,NA,"Knapp, S","0.8.2011",-5.966667,-77.95,1500,"conicum","conicum","nongeophyte",NA,NA,"Potato","PER","Peru"
33202,10688,NA,NA,NA,"Knapp, S","0.8.2011",-5.883333,-77.333333,850,"conicum","conicum","nongeophyte",NA,NA,"Potato","PER","Peru"
33322,10689,NA,NA,NA,"Knapp, S","0.9.2008",-10.2,-75.216667,320,"conicum","conicum","nongeophyte",NA,NA,"Potato","PER","Peru"
53824,10690,NA,NA,NA,"Tepe, EJ","14.10.2010",-5.673083,-77.7708,1950,"conicum","conicum","nongeophyte",NA,NA,"Potato","PER","Peru"
65139,10691,NA,NA,NA,"Knapp, S","0.2.2012",-10.15133,-75.38867,600,"conicum","conicum","nongeophyte",NA,NA,"Potato","PER","Peru"
65321,10692,NA,NA,NA,"Knapp, S","0.2.2012",-12.66667,-71.25,400,"conicum","conicum","nongeophyte",NA,NA,"Potato","PER","Peru"
65322,10693,NA,NA,NA,"Knapp, S","0.2.2012",-12.85925,-73.50667,1650,"conicum","conicum","nongeophyte",NA,NA,"Potato","PER","Peru"
65324,10694,NA,NA,NA,"Knapp, S","0.2.2012",-13.25,-70.66667,400,"conicum","conicum","nongeophyte",NA,NA,"Potato","PER","Peru"
65325,10695,NA,NA,NA,"Knapp, S","0.2.2012",-11.7815,-72.70167,400,"conicum","conicum","nongeophyte",NA,NA,"Potato","PER","Peru"
65327,10696,NA,NA,NA,"Knapp, S","0.2.2012",-10.63333,-75.16667,950,"conicum","conicum","nongeophyte",NA,NA,"Potato","PER","Peru"
73331,10697,NA,NA,NA,"Knapp, S","0.12.2013",-10.01528,-75.59861,926,"conicum","conicum","nongeophyte",NA,NA,"Potato","PER","Peru"
9417,10698,NA,NA,NA,"Knapp, S","14.1.2005",-6.195348,-78.164707,3200,"conicum","conicum","nongeophyte",NA,NA,"Potato","PER","Peru"
98880,10699,NA,NA,NA,"Knapp, S","0.0.2015",-12.93167,-72.60056,2800,"conicum","conicum","nongeophyte",NA,NA,"Potato","PER","Peru"
1633,10712,NA,NA,NA,"Knapp, S; Peralta, IE","0.0.2002",-16.1765,-71.642667,3100,"corneliomulleri","corneliomulleri","nongeophyte",NA,NA,"Potato","PER","Peru"
1637,10713,NA,NA,NA,"Knapp, S; Peralta, IE","0.0.2002",-11.468197,-76.620637,2800,"corneliomulleri","corneliomulleri","nongeophyte",NA,NA,"Potato","PER","Peru"
16923,10714,NA,NA,NA,"Knapp, S","0.0.2006",-14.82165,-74.935767,450,"corneliomulleri","corneliomulleri","nongeophyte",NA,NA,"Potato","PER","Peru"
1973,10715,NA,NA,NA,"Knapp, S; Peralta, IE","0.0.2002",-16.393063,-71.535557,2950,"corneliomulleri","corneliomulleri","nongeophyte",NA,NA,"Potato","PER","Peru"
1995,10716,NA,NA,NA,"Knapp, S; Peralta, IE","0.0.2002",-12.023333,-76.636667,1500,"corneliomulleri","corneliomulleri","nongeophyte",NA,NA,"Potato","PER","Peru"
1998,10717,NA,NA,NA,"Knapp, S; Peralta, IE","0.0.2002",-11.840192,-76.38494,2400,"corneliomulleri","corneliomulleri","nongeophyte",NA,NA,"Potato","PER","Peru"
2124,10718,NA,NA,NA,"Knapp, S; Peralta, IE","0.0.2002",-11.13575,-77.191773,0,"corneliomulleri","corneliomulleri","nongeophyte",NA,NA,"Potato","PER","Peru"
2183,10719,NA,NA,NA,"Knapp, S; Peralta, IE","0.0.2002",-14.9385,-75.489833,450,"corneliomulleri","corneliomulleri","nongeophyte",NA,NA,"Potato","PER","Peru"
2242,10720,NA,NA,NA,"Knapp, S; Peralta, IE","0.0.2002",-11.207025,-75.500188,0,"corneliomulleri","corneliomulleri","nongeophyte",NA,NA,"Potato","PER","Peru"
2257,10721,NA,NA,NA,"Knapp, S; Peralta, IE","0.0.2002",-12.924,-75.887333,2896,"corneliomulleri","corneliomulleri","nongeophyte",NA,NA,"Potato","PER","Peru"
2409,10722,NA,NA,NA,"Knapp, S; Peralta, IE","0.0.2002",-12.475807,-76.792078,0,"corneliomulleri","corneliomulleri","nongeophyte",NA,NA,"Potato","PER","Peru"
2411,10723,NA,NA,NA,"Knapp, S; Peralta, IE","0.0.2002",-11.903382,-76.523358,1895,"corneliomulleri","corneliomulleri","nongeophyte",NA,NA,"Potato","PER","Peru"
2413,10724,NA,NA,NA,"Knapp, S; Peralta, IE","0.0.2002",-3.53,-80.387808,0,"corneliomulleri","corneliomulleri","nongeophyte",NA,NA,"Potato","PER","Peru"
2433,10725,NA,NA,NA,"Knapp, S; Peralta, IE","0.0.2002",-13.583333,-75.916667,0,"corneliomulleri","corneliomulleri","nongeophyte",NA,NA,"Potato","PER","Peru"
2505,10726,NA,NA,NA,"Knapp, S; Peralta, IE","0.0.2002",-14.770477,-74.506187,2100,"corneliomulleri","corneliomulleri","nongeophyte",NA,NA,"Potato","PER","Peru"
27655,10727,NA,NA,NA,"Knapp, S","0.4.2007",-16.787667,-70.903867,1660,"corneliomulleri","corneliomulleri","nongeophyte",NA,NA,"Potato","PER","Peru"
2830,10728,NA,NA,NA,"Knapp, S; Peralta, IE","0.0.2002",-11.2646,-76.792,2800,"corneliomulleri","corneliomulleri","nongeophyte",NA,NA,"Potato","PER","Peru"
2865,10729,NA,NA,NA,"Knapp, S","0.0.2013",-12.006302,-76.904069,400,"corneliomulleri","corneliomulleri","nongeophyte",NA,NA,"Potato","PER","Peru"
2878,10730,NA,NA,NA,"Knapp, S; Peralta, IE","0.0.2002",-10.723598,-76.809758,2300,"corneliomulleri","corneliomulleri","nongeophyte",NA,NA,"Potato","PER","Peru"
2888,10731,NA,NA,NA,"Knapp, S; Peralta, IE","0.0.2002",-12.15,-77.0167,1800,"corneliomulleri","corneliomulleri","nongeophyte",NA,NA,"Potato","PER","Peru"
2894,10732,NA,NA,NA,"Knapp, S; Peralta, IE","0.0.2002",-12.018258,-76.759667,1600,"corneliomulleri","corneliomulleri","nongeophyte",NA,NA,"Potato","PER","Peru"
3257,10733,NA,NA,NA,"Knapp, S; Peralta, IE","0.0.2002",-15.836167,-72.652167,2800,"corneliomulleri","corneliomulleri","nongeophyte",NA,NA,"Potato","PER","Peru"
33043,10734,NA,NA,NA,"Knapp, S","0.9.2008",-11.06854,-77.60051,0,"corneliomulleri","corneliomulleri","nongeophyte",NA,NA,"Potato","PER","Peru"
3332,10735,NA,NA,NA,"Knapp, S; Peralta, IE","0.0.2002",-12.13654,-76.223213,1300,"corneliomulleri","corneliomulleri","nongeophyte",NA,NA,"Potato","PER","Peru"
33374,10736,NA,NA,NA,"Knapp, S","0.9.2008",-16.442333,-71.689167,2180,"corneliomulleri","corneliomulleri","nongeophyte",NA,NA,"Potato","PER","Peru"
33398,10737,NA,NA,NA,"Knapp, S","0.9.2008",-16.634078,-71.092995,3000,"corneliomulleri","corneliomulleri","nongeophyte",NA,NA,"Potato","PER","Peru"
33402,10738,NA,NA,NA,"Knapp, S","0.9.2008",-16.6583,-72.3867,200,"corneliomulleri","corneliomulleri","nongeophyte",NA,NA,"Potato","PER","Peru"
33407,10739,NA,NA,NA,"Knapp, S","0.9.2008",-14.133832,-75.30986,900,"corneliomulleri","corneliomulleri","nongeophyte",NA,NA,"Potato","PER","Peru"
33482,10740,NA,NA,NA,"Knapp, S","0.9.2008",-13.897886,-75.660546,500,"corneliomulleri","corneliomulleri","nongeophyte",NA,NA,"Potato","PER","Peru"
33714,10741,NA,NA,NA,"Knapp, S","0.9.2008",-15.237933,-72.9536,2000,"corneliomulleri","corneliomulleri","nongeophyte",NA,NA,"Potato","PER","Peru"
3720,10742,NA,NA,NA,"Knapp, S; Peralta, IE","0.0.2002",-16.3,-71.4,0,"corneliomulleri","corneliomulleri","nongeophyte",NA,NA,"Potato","PER","Peru"
4112,10743,NA,NA,NA,"Knapp, S; Peralta, IE","0.0.2002",-16.253297,-72.454147,2439,"corneliomulleri","corneliomulleri","nongeophyte",NA,NA,"Potato","PER","Peru"
4126,10744,NA,NA,NA,"Knapp, S; Peralta, IE","0.0.2002",-13.601768,-76.184688,200,"corneliomulleri","corneliomulleri","nongeophyte",NA,NA,"Potato","PER","Peru"
4312,10745,NA,NA,NA,"Knapp, S; Peralta, IE","0.0.2002",-11.75,-76.25,3000,"corneliomulleri","corneliomulleri","nongeophyte",NA,NA,"Potato","PER","Peru"
4436,10746,NA,NA,NA,"Knapp, S; Peralta, IE","0.0.2002",-15.6195,-71.974,3800,"corneliomulleri","corneliomulleri","nongeophyte",NA,NA,"Potato","PER","Peru"
4700,10747,NA,NA,NA,"Knapp, S; Peralta, IE","0.0.2002",-13.6075,-75.327333,3100,"corneliomulleri","corneliomulleri","nongeophyte",NA,NA,"Potato","PER","Peru"
5255,10748,NA,NA,NA,"Knapp, S; Peralta, IE","0.0.2002",-13.726399,-75.452624,2300,"corneliomulleri","corneliomulleri","nongeophyte",NA,NA,"Potato","PER","Peru"
5256,10749,NA,NA,NA,"Knapp, S; Peralta, IE","0.0.2002",-11.456333,-76.893167,1440,"corneliomulleri","corneliomulleri","nongeophyte",NA,NA,"Potato","PER","Peru"
5264,10750,NA,NA,NA,"Knapp, S; Peralta, IE","0.0.2002",-13.316667,-75.466667,2960,"corneliomulleri","corneliomulleri","nongeophyte",NA,NA,"Potato","PER","Peru"
5267,10751,NA,NA,NA,"Knapp, S; Peralta, IE","0.0.2002",-14.836707,-74.675717,1500,"corneliomulleri","corneliomulleri","nongeophyte",NA,NA,"Potato","PER","Peru"
5270,10752,NA,NA,NA,"Knapp, S; Peralta, IE","0.0.2002",-12.7045,-75.969,1700,"corneliomulleri","corneliomulleri","nongeophyte",NA,NA,"Potato","PER","Peru"
5284,10753,NA,NA,NA,"Knapp, S; Peralta, IE","0.0.2002",-10.868782,-76.984043,0,"corneliomulleri","corneliomulleri","nongeophyte",NA,NA,"Potato","PER","Peru"
6155,10754,NA,NA,NA,"Knapp, S; Peralta, IE","0.0.2002",-11.566667,-77.267,2450,"corneliomulleri","corneliomulleri","nongeophyte",NA,NA,"Potato","PER","Peru"
6208,10755,NA,NA,NA,"Knapp, S; Peralta, IE","0.0.2002",-17.189157,-70.926332,1600,"corneliomulleri","corneliomulleri","nongeophyte",NA,NA,"Potato","PER","Peru"
6226,10756,NA,NA,NA,"Knapp, S; Peralta, IE","0.0.2002",-13.07607,-75.140073,2640,"corneliomulleri","corneliomulleri","nongeophyte",NA,NA,"Potato","PER","Peru"
66181,10757,NA,NA,NA,"Knapp, S","0.0.2013",-17.01942,-70.75972,3430,"corneliomulleri","corneliomulleri","nongeophyte",NA,NA,"Potato","PER","Peru"
71767,10758,NA,NA,NA,"Knapp, S","0.0.2013",-7.260038,-78.51377,2500,"corneliomulleri","corneliomulleri","nongeophyte",NA,NA,"Potato","PER","Peru"
75093,10759,NA,NA,NA,"Knapp, S","0.0.2014",-11.57097,-76.72288,1625,"corneliomulleri","corneliomulleri","nongeophyte",NA,NA,"Potato","PER","Peru"
75097,10760,NA,NA,NA,"Knapp, S","0.0.2014",-13.17787,-76.11091,0,"corneliomulleri","corneliomulleri","nongeophyte",NA,NA,"Potato","PER","Peru"
75850,10761,NA,NA,NA,"Knapp, S","0.0.2014",-11.39651,-77.42174,250,"corneliomulleri","corneliomulleri","nongeophyte",NA,NA,"Potato","PER","Peru"
76743,10762,NA,NA,NA,"GonzÃ¡les, P","0.12.2013",-11.3947,-76.4524,1450,"corneliomulleri","corneliomulleri","nongeophyte",NA,NA,"Potato","PER","Peru"
53725,10763,NA,NA,NA,"Tepe, EJ","0.12.2009",1.18,-78.08,1325,"crassinervium","crassinervium","nongeophyte",NA,NA,"Potato","COL","Colombia"
75487,10764,NA,NA,NA,NA,"0.0.0",1.1,-77.58,1300,"crassinervium","crassinervium","nongeophyte",NA,NA,"Potato","COL","Colombia"
75488,10765,NA,NA,NA,NA,"0.0.0",1.22,-78.28,220,"crassinervium","crassinervium","nongeophyte",NA,NA,"Potato","COL","Colombia"
24509,10766,NA,NA,NA,"Tepe, EJ","0.0.2008",0.35,-79.733333,400,"crassinervium","crassinervium","nongeophyte",NA,NA,"Potato","ECU","Ecuador"
53430,10767,NA,NA,NA,"Tepe, EJ","0.6.2009",-0.49,-78.45,250,"crassinervium","crassinervium","nongeophyte",NA,NA,"Potato","ECU","Ecuador"
53437,10768,NA,NA,NA,"Tepe, EJ","0.6.2009",0.932604,-78.191882,1200,"crassinervium","crassinervium","nongeophyte",NA,NA,"Potato","ECU","Ecuador"
53530,10769,NA,NA,NA,"Tepe, EJ","20.6.2009",0.2136,-79.424,580,"crassinervium","crassinervium","nongeophyte",NA,NA,"Potato","ECU","Ecuador"
53534,10770,NA,NA,NA,"Tepe, EJ","20.6.2009",0.49,-78.26,1220,"crassinervium","crassinervium","nongeophyte",NA,NA,"Potato","ECU","Ecuador"
53710,10771,NA,NA,NA,"Tepe, EJ","0.2.2009",0.59,-78.36,350,"crassinervium","crassinervium","nongeophyte",NA,NA,"Potato","ECU","Ecuador"
75495,10772,NA,NA,NA,NA,"0.0.0",1.195556,-78.57472,200,"crassinervium","crassinervium","nongeophyte",NA,NA,"Potato","ECU","Ecuador"
75497,10773,NA,NA,NA,NA,"0.0.0",0.838333,-78.75,250,"crassinervium","crassinervium","nongeophyte",NA,NA,"Potato","ECU","Ecuador"
8174,10785,NA,NA,NA,"Spooner, DM","0.0.2001",19.166667,-99.883333,2830,"demissum","demissum","tuberous",NA,NA,"Potato","MEX","Mexico"
18554,10784,NA,NA,NA,"Spooner, DM","0.0.2003",19.49193,-97.148093,3506,"demissum","demissum","tuberous",NA,NA,"Potato","MEX","Mexico"
31350,10902,NA,NA,NA,"Knapp, S","0.0.2008",-35.462361,-70.969417,1593,"etuberosum","etuberosum","rhizomatous",NA,NA,"Potato","CHL","Chile"
84599,10903,NA,NA,NA,"Spooner, DM","0.0.2013",-38.85,-71.43,900,"etuberosum","etuberosum","rhizomatous",NA,NA,"Potato","CHL","Chile"
84600,10904,NA,NA,NA,"Spooner, DM","0.0.2013",-37.82,-71.17,1810,"etuberosum","etuberosum","rhizomatous",NA,NA,"Potato","CHL","Chile"
84601,10905,NA,NA,NA,"Spooner, DM","0.0.2013",-37.68,-71.33,820,"etuberosum","etuberosum","rhizomatous",NA,NA,"Potato","CHL","Chile"
84605,10906,NA,NA,NA,"Spooner, DM","0.0.2013",-37.37,-71.72,500,"etuberosum","etuberosum","rhizomatous",NA,NA,"Potato","CHL","Chile"
84606,10907,NA,NA,NA,"Spooner, DM","0.0.2013",-35.08,-70.6,1240,"etuberosum","etuberosum","rhizomatous",NA,NA,"Potato","CHL","Chile"
84608,10908,NA,NA,NA,"Spooner, DM","0.0.2013",-34.55,-70.6,1150,"etuberosum","etuberosum","rhizomatous",NA,NA,"Potato","CHL","Chile"
84612,10909,NA,NA,NA,"Spooner, DM","0.0.2013",-34.57,-70.5,2245,"etuberosum","etuberosum","rhizomatous",NA,NA,"Potato","CHL","Chile"
84630,10910,NA,NA,NA,"Spooner, DM","0.0.2013",-38.23,-71.25,1080,"etuberosum","etuberosum","rhizomatous",NA,NA,"Potato","CHL","Chile"
84640,10911,NA,NA,NA,"Spooner, DM","0.0.2013",-38.2,-71.77,1005,"etuberosum","etuberosum","rhizomatous",NA,NA,"Potato","CHL","Chile"
84642,10912,NA,NA,NA,"Spooner, DM","0.0.2013",-37.88,-71.6,440,"etuberosum","etuberosum","rhizomatous",NA,NA,"Potato","CHL","Chile"
84643,10913,NA,NA,NA,"Spooner, DM","0.0.2013",-37.37,-71.38,1380,"etuberosum","etuberosum","rhizomatous",NA,NA,"Potato","CHL","Chile"
84644,10914,NA,NA,NA,"Spooner, DM","0.0.2013",-36.88,-71.38,1700,"etuberosum","etuberosum","rhizomatous",NA,NA,"Potato","CHL","Chile"
84646,10915,NA,NA,NA,"Spooner, DM","0.0.2013",-36.88,-71.48,1250,"etuberosum","etuberosum","rhizomatous",NA,NA,"Potato","CHL","Chile"
84647,10916,NA,NA,NA,"Spooner, DM","0.0.2013",-36.65,-71.27,710,"etuberosum","etuberosum","rhizomatous",NA,NA,"Potato","CHL","Chile"
84649,10917,NA,NA,NA,"Spooner, DM","0.0.2013",-34.83,-70.73,1540,"etuberosum","etuberosum","rhizomatous",NA,NA,"Potato","CHL","Chile"
84650,10918,NA,NA,NA,"Spooner, DM","0.0.2013",-34.35,-70.42,2200,"etuberosum","etuberosum","rhizomatous",NA,NA,"Potato","CHL","Chile"
84651,10919,NA,NA,NA,"Spooner, DM","0.0.2013",-33.5,-70.47,1850,"etuberosum","etuberosum","rhizomatous",NA,NA,"Potato","CHL","Chile"
84652,10920,NA,NA,NA,"Spooner, DM","0.0.2013",-33.7,-70.38,1500,"etuberosum","etuberosum","rhizomatous",NA,NA,"Potato","CHL","Chile"
91526,10921,NA,NA,NA,"Spooner, DM","0.0.2013",-32.8087,-70.09863,0,"etuberosum","etuberosum","rhizomatous",NA,NA,"Potato","CHL","Chile"
95500,10922,NA,NA,NA,"Spooner, DM","0.0.2013",-32.5833,-71.4166,0,"etuberosum","etuberosum","rhizomatous",NA,NA,"Potato","CHL","Chile"
95501,10923,NA,NA,NA,"Spooner, DM","0.0.2013",-32.8333,-70.6166,475,"etuberosum","etuberosum","rhizomatous",NA,NA,"Potato","CHL","Chile"
95503,10924,NA,NA,NA,"Spooner, DM","0.0.2013",-33.0166,-71.2666,0,"etuberosum","etuberosum","rhizomatous",NA,NA,"Potato","CHL","Chile"
95504,10925,NA,NA,NA,"Spooner, DM","0.0.2013",-33.2333,-71.5666,2000,"etuberosum","etuberosum","rhizomatous",NA,NA,"Potato","CHL","Chile"
95520,10926,NA,NA,NA,"Spooner, DM","0.0.2013",-34.1666,-70.75,0,"etuberosum","etuberosum","rhizomatous",NA,NA,"Potato","CHL","Chile"
95521,10927,NA,NA,NA,"Spooner, DM","0.0.2013",-35.0166,-71.4333,0,"etuberosum","etuberosum","rhizomatous",NA,NA,"Potato","CHL","Chile"
95522,10928,NA,NA,NA,"Spooner, DM","0.0.2013",-35.3166,-72.4166,830,"etuberosum","etuberosum","rhizomatous",NA,NA,"Potato","CHL","Chile"
95523,10929,NA,NA,NA,"Spooner, DM","0.0.2013",-35.4333,-71.6666,0,"etuberosum","etuberosum","rhizomatous",NA,NA,"Potato","CHL","Chile"
95527,10930,NA,NA,NA,"Spooner, DM","0.0.2013",-35.85,-71.6,0,"etuberosum","etuberosum","rhizomatous",NA,NA,"Potato","CHL","Chile"
95528,10931,NA,NA,NA,"Spooner, DM","0.0.2013",-35.9666,-72.35,0,"etuberosum","etuberosum","rhizomatous",NA,NA,"Potato","CHL","Chile"
95529,10932,NA,NA,NA,"Spooner, DM","0.0.2013",-36.0666,-70.5,0,"etuberosum","etuberosum","rhizomatous",NA,NA,"Potato","CHL","Chile"
95530,10933,NA,NA,NA,"Spooner, DM","0.0.2013",-36.3833,-71.1833,0,"etuberosum","etuberosum","rhizomatous",NA,NA,"Potato","CHL","Chile"
95531,10934,NA,NA,NA,"Spooner, DM","0.0.2013",-36.6,-72.1166,0,"etuberosum","etuberosum","rhizomatous",NA,NA,"Potato","CHL","Chile"
95552,10935,NA,NA,NA,"Spooner, DM","0.0.2013",-37.6666,-72.0166,0,"etuberosum","etuberosum","rhizomatous",NA,NA,"Potato","CHL","Chile"
95557,10936,NA,NA,NA,"Spooner, DM","0.0.2013",-37.9,-71.7833,0,"etuberosum","etuberosum","rhizomatous",NA,NA,"Potato","CHL","Chile"
96003,10937,NA,NA,NA,"Knapp, S","0.0.2014",-34.57429,-70.25347,1734,"etuberosum","etuberosum","rhizomatous",NA,NA,"Potato","CHL","Chile"
96891,10938,NA,NA,NA,NA,"0.0.0",-35.91666,-70.71666,0,"etuberosum","etuberosum","rhizomatous",NA,NA,"Potato","CHL","Chile"
96909,10939,NA,NA,NA,"Knapp, S","0.5.2015",-35.94827,-70.60197,0,"etuberosum","etuberosum","rhizomatous",NA,NA,"Potato","CHL","Chile"
106810,10940,NA,NA,NA,"Tepe, EJ","0.0.2009",4.776111,-75.51194,1970,"evolvulifolium","evolvulifolium","nongeophyte",NA,NA,"Potato","COL","Colombia"
125993,10941,NA,NA,NA,NA,"0.0.0",3.970322,-75.6474,2900,"evolvulifolium","evolvulifolium","nongeophyte",NA,NA,"Potato","COL","Colombia"
126000,10942,NA,NA,NA,NA,"0.0.0",1.216774,-76.97008,2400,"evolvulifolium","evolvulifolium","nongeophyte",NA,NA,"Potato","COL","Colombia"
162576,10943,NA,NA,NA,"Knapp, S; Barboza, GE","0.3.2020",1.880472,-75.682,2385,"evolvulifolium","evolvulifolium","nongeophyte",NA,NA,"Potato","COL","Colombia"
34763,10944,NA,NA,NA,"Knapp, S","0.12.2008",6.533333,-76.316667,1450,"evolvulifolium","evolvulifolium","nongeophyte",NA,NA,"Potato","COL","Colombia"
53319,10945,NA,NA,NA,"Tepe, EJ","0.6.2009",1.3,-78.1,900,"evolvulifolium","evolvulifolium","nongeophyte",NA,NA,"Potato","COL","Colombia"
53328,10946,NA,NA,NA,"Tepe, EJ","2.8.2009",1.08,-77.58,1750,"evolvulifolium","evolvulifolium","nongeophyte",NA,NA,"Potato","COL","Colombia"
53332,10947,NA,NA,NA,"Tepe, EJ","0.6.2009",1.476133,-77.534661,1750,"evolvulifolium","evolvulifolium","nongeophyte",NA,NA,"Potato","COL","Colombia"
53728,10948,NA,NA,NA,"Tepe, EJ","0.12.2009",4.53,-76.07,2000,"evolvulifolium","evolvulifolium","nongeophyte",NA,NA,"Potato","COL","Colombia"
53731,10949,NA,NA,NA,"Tepe, EJ","0.12.2009",5.0842,-76.0046,2285,"evolvulifolium","evolvulifolium","nongeophyte",NA,NA,"Potato","COL","Colombia"
53733,10950,NA,NA,NA,"Tepe, EJ","0.12.2009",2.364,-74.541,2570,"evolvulifolium","evolvulifolium","nongeophyte",NA,NA,"Potato","COL","Colombia"
16136,10951,NA,NA,NA,"Bohs, L","0.5.2003",9.819444,-84.458333,1110,"evolvulifolium","evolvulifolium","nongeophyte",NA,NA,"Potato","CRI","Costa Rica"
16137,10952,NA,NA,NA,"Bohs, L","0.5.2003",9.755556,-83.783333,1300,"evolvulifolium","evolvulifolium","nongeophyte",NA,NA,"Potato","CRI","Costa Rica"
17937,10953,NA,NA,NA,"Bohs, L","0.5.2003",9.375,-83.236108,1700,"evolvulifolium","evolvulifolium","nongeophyte",NA,NA,"Potato","CRI","Costa Rica"
17941,10954,NA,NA,NA,"Bohs, L","0.5.2003",10.066667,-83.983333,1400,"evolvulifolium","evolvulifolium","nongeophyte",NA,NA,"Potato","CRI","Costa Rica"
17950,10956,NA,NA,NA,"Bohs, L","0.5.2003",10.329167,-84.080556,500,"evolvulifolium","evolvulifolium","nongeophyte",NA,NA,"Potato","CRI","Costa Rica"
53352,10957,NA,NA,NA,"Tepe, EJ","0.6.2009",10.1,-84.29,1100,"evolvulifolium","evolvulifolium","nongeophyte",NA,NA,"Potato","CRI","Costa Rica"
53366,10958,NA,NA,NA,"Tepe, EJ","0.6.2009",10.04,-83.59,1400,"evolvulifolium","evolvulifolium","nongeophyte",NA,NA,"Potato","CRI","Costa Rica"
53372,10959,NA,NA,NA,"Tepe, EJ","0.6.2009",10.14,-83.31,800,"evolvulifolium","evolvulifolium","nongeophyte",NA,NA,"Potato","CRI","Costa Rica"
53385,10960,NA,NA,NA,"Tepe, EJ","0.6.2009",9.472,-83.073,1600,"evolvulifolium","evolvulifolium","nongeophyte",NA,NA,"Potato","CRI","Costa Rica"
53390,10961,NA,NA,NA,"Tepe, EJ","0.6.2009",9.31,-83.51,1900,"evolvulifolium","evolvulifolium","nongeophyte",NA,NA,"Potato","CRI","Costa Rica"
106941,10962,NA,NA,NA,"Tepe, EJ","0.0.2009",-0.5845,-79.0653,1725,"evolvulifolium","evolvulifolium","nongeophyte",NA,NA,"Potato","ECU","Ecuador"
23775,10963,NA,NA,NA,"Tepe, EJ","0.0.2008",-4.096111,-79.945833,2250,"evolvulifolium","evolvulifolium","nongeophyte",NA,NA,"Potato","ECU","Ecuador"
23966,10964,NA,NA,NA,NA,"0.0.0",-0.816667,-77.583333,1060,"evolvulifolium","evolvulifolium","nongeophyte",NA,NA,"Potato","ECU","Ecuador"
24717,10965,NA,NA,NA,"Knapp, S","0.0.0",0.816667,-78.2,1700,"evolvulifolium","evolvulifolium","nongeophyte",NA,NA,"Potato","ECU","Ecuador"
44735,10966,NA,NA,NA,"Tepe, EJ","2.8.2009",-0.598611,-77.889444,2200,"evolvulifolium","evolvulifolium","nongeophyte",NA,NA,"Potato","ECU","Ecuador"
49,10967,NA,NA,NA,"CerÃ³n, CE","0.0.1994",-0.083333,-78.716667,0,"evolvulifolium","evolvulifolium","nongeophyte",NA,NA,"Potato","ECU","Ecuador"
53269,10968,NA,NA,NA,"Tepe, EJ","17.1.2009",-0.102778,-77.589722,1600,"evolvulifolium","evolvulifolium","nongeophyte",NA,NA,"Potato","ECU","Ecuador"
53312,10969,NA,NA,NA,"Tepe, EJ","2.8.2009",0.17,-78.13,2000,"evolvulifolium","evolvulifolium","nongeophyte",NA,NA,"Potato","ECU","Ecuador"
53315,10970,NA,NA,NA,"Tepe, EJ","0.6.2009",-0.26906,-78.831979,1800,"evolvulifolium","evolvulifolium","nongeophyte",NA,NA,"Potato","ECU","Ecuador"
53323,10971,NA,NA,NA,"Tepe, EJ","0.6.2009",-0.12,-78.48,1800,"evolvulifolium","evolvulifolium","nongeophyte",NA,NA,"Potato","ECU","Ecuador"
53325,10972,NA,NA,NA,"Tepe, EJ","0.6.2009",-0.12,-77.39,1800,"evolvulifolium","evolvulifolium","nongeophyte",NA,NA,"Potato","ECU","Ecuador"
53350,10973,NA,NA,NA,"Nee, M","0.0.2004",-0.3222,-78.5859,2349,"evolvulifolium","evolvulifolium","nongeophyte",NA,NA,"Potato","ECU","Ecuador"
53436,10974,NA,NA,NA,"Tepe, EJ","0.6.2009",0.51,-78.29,850,"evolvulifolium","evolvulifolium","nongeophyte",NA,NA,"Potato","ECU","Ecuador"
57,10975,NA,NA,NA,"CerÃ³n, CE","0.0.1994",-0.95,-78.55,3000,"evolvulifolium","evolvulifolium","nongeophyte",NA,NA,"Potato","ECU","Ecuador"
139564,10976,NA,NA,NA,"Knapp, S","0.11.2018",8.55,-81.8,1400,"evolvulifolium","evolvulifolium","nongeophyte",NA,NA,"Potato","PAN","Panama"
14818,10977,NA,NA,NA,"Knapp, S","0.0.2005",9.0842,-82.74555,2000,"evolvulifolium","evolvulifolium","nongeophyte",NA,NA,"Potato","PAN","Panama"
41001,10978,NA,NA,NA,"Knapp, S","0.0.2007",9.03966,-82.43931,1525,"evolvulifolium","evolvulifolium","nongeophyte",NA,NA,"Potato","PAN","Panama"
53351,10979,NA,NA,NA,"Tepe, EJ","0.6.2009",8.45,-82.150002,800,"evolvulifolium","evolvulifolium","nongeophyte",NA,NA,"Potato","PAN","Panama"
8038,10980,NA,NA,NA,"Hampshire, RJ","0.0.1985",8.716667,-82.233333,1300,"evolvulifolium","evolvulifolium","nongeophyte",NA,NA,"Potato","PAN","Panama"
53427,10981,NA,NA,NA,"Tepe, EJ","0.6.2009",-3.827747,-77.731318,200,"evolvulifolium","evolvulifolium","nongeophyte",NA,NA,"Potato","PER","Peru"
75504,10982,NA,NA,NA,NA,"0.0.0",8.233333,-71.75,2100,"evolvulifolium","evolvulifolium","nongeophyte",NA,NA,"Potato","VEN","Venezuela"
15499,10983,NA,NA,NA,"Knapp, S","0.0.2004",-33.638864,-78.871583,226,"fernandezianum","fernandezianum","rhizomatous",NA,NA,"Potato","CHL","Chile"
96788,10984,NA,NA,NA,NA,"0.0.0",-33.64955,-78.84313,0,"fernandezianum","fernandezianum","rhizomatous",NA,NA,"Potato","CHL","Chile"
1643,11039,NA,NA,NA,"Knapp, S; Peralta, IE","0.0.2002",-4.042545,-79.64195,900,"habrochaites","habrochaites","nongeophyte",NA,NA,"Potato","ECU","Ecuador"
2006,11040,NA,NA,NA,"Knapp, S; Peralta, IE","0.0.2002",-4.158717,-79.553752,2250,"habrochaites","habrochaites","nongeophyte",NA,NA,"Potato","ECU","Ecuador"
2010,11041,NA,NA,NA,"Knapp, S","0.0.2006",-2.200977,-78.840782,2300,"habrochaites","habrochaites","nongeophyte",NA,NA,"Potato","ECU","Ecuador"
2251,11042,NA,NA,NA,"Knapp, S; Peralta, IE","0.0.2002",-1.400069,-78.42663,1829,"habrochaites","habrochaites","nongeophyte",NA,NA,"Potato","ECU","Ecuador"
2273,11043,NA,NA,NA,"Knapp, S; Peralta, IE","0.0.2002",-2.023038,-78.73833,2500,"habrochaites","habrochaites","nongeophyte",NA,NA,"Potato","ECU","Ecuador"
2376,11044,NA,NA,NA,"Knapp, S; Peralta, IE","0.0.2002",-2.283372,-78.97659,1219,"habrochaites","habrochaites","nongeophyte",NA,NA,"Potato","ECU","Ecuador"
2525,11046,NA,NA,NA,"Knapp, S; Peralta, IE","0.0.2002",-2.120586,-78.504469,2500,"habrochaites","habrochaites","nongeophyte",NA,NA,"Potato","ECU","Ecuador"
2529,11047,NA,NA,NA,"Knapp, S; Peralta, IE","0.0.2002",-4.101283,-79.389905,2250,"habrochaites","habrochaites","nongeophyte",NA,NA,"Potato","ECU","Ecuador"
3189,11048,NA,NA,NA,"Knapp, S; Peralta, IE","0.0.2002",-2.152701,-79.984991,400,"habrochaites","habrochaites","nongeophyte",NA,NA,"Potato","ECU","Ecuador"
3255,11049,NA,NA,NA,"Knapp, S; Peralta, IE","0.0.2002",-3.55,-79.233333,2100,"habrochaites","habrochaites","nongeophyte",NA,NA,"Potato","ECU","Ecuador"
4688,11050,NA,NA,NA,"Knapp, S; Peralta, IE","0.0.2002",-2.121435,-79.53551,0,"habrochaites","habrochaites","nongeophyte",NA,NA,"Potato","ECU","Ecuador"
4926,11051,NA,NA,NA,"Knapp, S; Peralta, IE","0.0.2002",-3.95,-79.3,2000,"habrochaites","habrochaites","nongeophyte",NA,NA,"Potato","ECU","Ecuador"
5977,11052,NA,NA,NA,"Knapp, S; Peralta, IE","0.0.2002",-2.166667,-79.833333,100,"habrochaites","habrochaites","nongeophyte",NA,NA,"Potato","ECU","Ecuador"
6137,11053,NA,NA,NA,"Knapp, S; Peralta, IE","0.0.2002",-4.020894,-80.022335,1450,"habrochaites","habrochaites","nongeophyte",NA,NA,"Potato","ECU","Ecuador"
6380,11054,NA,NA,NA,"Knapp, S; Peralta, IE","0.0.2002",-1.547773,-80.702419,100,"habrochaites","habrochaites","nongeophyte",NA,NA,"Potato","ECU","Ecuador"
76520,11055,NA,NA,NA,"Knapp, S","0.11.2015",-1.748056,-79.14667,1400,"habrochaites","habrochaites","nongeophyte",NA,NA,"Potato","ECU","Ecuador"
1712,11056,NA,NA,NA,"Knapp, S; Peralta, IE","0.0.2002",-7.958137,-79.10906,700,"habrochaites","habrochaites","nongeophyte",NA,NA,"Potato","PER","Peru"
1958,11057,NA,NA,NA,"Knapp, S; Peralta, IE","0.0.2002",-4.226437,-80.826513,450,"habrochaites","habrochaites","nongeophyte",NA,NA,"Potato","PER","Peru"
2196,11058,NA,NA,NA,"Knapp, S; Peralta, IE","0.0.2002",-7.807297,-78.042628,2591,"habrochaites","habrochaites","nongeophyte",NA,NA,"Potato","PER","Peru"
2201,11059,NA,NA,NA,"Knapp, S; Peralta, IE","0.0.2002",-7.157225,-78.506305,0,"habrochaites","habrochaites","nongeophyte",NA,NA,"Potato","PER","Peru"
2220,11060,NA,NA,NA,"Knapp, S; Peralta, IE","0.0.2002",-11.468197,-76.620637,2439,"habrochaites","habrochaites","nongeophyte",NA,NA,"Potato","PER","Peru"
2400,11061,NA,NA,NA,"Knapp, S; Peralta, IE","0.0.2002",-8.570663,-77.906208,0,"habrochaites","habrochaites","nongeophyte",NA,NA,"Potato","PER","Peru"
2404,11062,NA,NA,NA,"Knapp, S; Peralta, IE","0.0.2002",-12.751288,-75.808608,2800,"habrochaites","habrochaites","nongeophyte",NA,NA,"Potato","PER","Peru"
2405,11063,NA,NA,NA,"Knapp, S; Peralta, IE","0.0.2002",-12.13654,-76.223213,3100,"habrochaites","habrochaites","nongeophyte",NA,NA,"Potato","PER","Peru"
2425,11064,NA,NA,NA,"Knapp, S; Peralta, IE","0.0.2002",-9.092333,-77.724667,3300,"habrochaites","habrochaites","nongeophyte",NA,NA,"Potato","PER","Peru"
2432,11065,NA,NA,NA,"Knapp, S; Peralta, IE","0.0.2002",-11.853667,-76.4025,2200,"habrochaites","habrochaites","nongeophyte",NA,NA,"Potato","PER","Peru"
2538,11066,NA,NA,NA,"Knapp, S; Peralta, IE","0.0.2002",-5.918937,-79.535377,900,"habrochaites","habrochaites","nongeophyte",NA,NA,"Potato","PER","Peru"
2548,11067,NA,NA,NA,"Knapp, S; Peralta, IE","0.0.2002",-7.190712,-78.6707,2650,"habrochaites","habrochaites","nongeophyte",NA,NA,"Potato","PER","Peru"
2561,11068,NA,NA,NA,"Knapp, S; Peralta, IE","0.0.2002",-9.5541,-77.88656,1550,"habrochaites","habrochaites","nongeophyte",NA,NA,"Potato","PER","Peru"
2570,11069,NA,NA,NA,"Knapp, S; Peralta, IE","0.0.2002",-9.5,-77.75,2900,"habrochaites","habrochaites","nongeophyte",NA,NA,"Potato","PER","Peru"
2846,11070,NA,NA,NA,"Knapp, S; Peralta, IE","0.0.2002",-7.474505,-78.817365,900,"habrochaites","habrochaites","nongeophyte",NA,NA,"Potato","PER","Peru"
2862,11071,NA,NA,NA,"Knapp, S; Peralta, IE","0.0.2002",-6.840535,-78.024477,1300,"habrochaites","habrochaites","nongeophyte",NA,NA,"Potato","PER","Peru"
2863,11072,NA,NA,NA,"Knapp, S; Peralta, IE","0.0.2002",-6.2289,-79.322,2500,"habrochaites","habrochaites","nongeophyte",NA,NA,"Potato","PER","Peru"
2868,11073,NA,NA,NA,"Knapp, S; Peralta, IE","0.0.2002",-5.3705,-79.6,900,"habrochaites","habrochaites","nongeophyte",NA,NA,"Potato","PER","Peru"
3067,11074,NA,NA,NA,"Knapp, S; Peralta, IE","0.0.2002",-5.248227,-79.380836,0,"habrochaites","habrochaites","nongeophyte",NA,NA,"Potato","PER","Peru"
3122,11075,NA,NA,NA,"Knapp, S; Peralta, IE","0.0.2002",-3.805,-80.255,400,"habrochaites","habrochaites","nongeophyte",NA,NA,"Potato","PER","Peru"
3127,11076,NA,NA,NA,"Knapp, S; Peralta, IE","0.0.2002",-9.335955,-77.604652,2600,"habrochaites","habrochaites","nongeophyte",NA,NA,"Potato","PER","Peru"
3136,11077,NA,NA,NA,"Knapp, S; Peralta, IE","0.0.2002",-3.690557,-80.435437,450,"habrochaites","habrochaites","nongeophyte",NA,NA,"Potato","PER","Peru"
3159,11078,NA,NA,NA,"Knapp, S; Peralta, IE","0.0.2002",-6.804925,-79.13287,1450,"habrochaites","habrochaites","nongeophyte",NA,NA,"Potato","PER","Peru"
3314,11079,NA,NA,NA,"Knapp, S; Peralta, IE","0.0.2002",-5.425587,-79.775477,500,"habrochaites","habrochaites","nongeophyte",NA,NA,"Potato","PER","Peru"
3343,11080,NA,NA,NA,"Knapp, S; Peralta, IE","0.0.2002",-9.47115,-78.306385,3600,"habrochaites","habrochaites","nongeophyte",NA,NA,"Potato","PER","Peru"
3350,11081,NA,NA,NA,"Knapp, S; Peralta, IE","0.0.2002",-6.683485,-77.78364,2600,"habrochaites","habrochaites","nongeophyte",NA,NA,"Potato","PER","Peru"
3389,11082,NA,NA,NA,"Knapp, S; Peralta, IE","0.0.2002",-10.470268,-76.988327,2100,"habrochaites","habrochaites","nongeophyte",NA,NA,"Potato","PER","Peru"
3406,11083,NA,NA,NA,"Knapp, S; Peralta, IE","0.0.2002",-6.472673,-79.91764,700,"habrochaites","habrochaites","nongeophyte",NA,NA,"Potato","PER","Peru"
3409,11084,NA,NA,NA,"Knapp, S; Peralta, IE","0.0.2002",-4.642902,-80.038608,1400,"habrochaites","habrochaites","nongeophyte",NA,NA,"Potato","PER","Peru"
3562,11085,NA,NA,NA,"Knapp, S; Peralta, IE","0.0.2002",-4.15,-80.616667,600,"habrochaites","habrochaites","nongeophyte",NA,NA,"Potato","PER","Peru"
3564,11086,NA,NA,NA,"Knapp, S; Peralta, IE","0.0.2002",-6.466667,-79.033333,2100,"habrochaites","habrochaites","nongeophyte",NA,NA,"Potato","PER","Peru"
3645,11087,NA,NA,NA,"Knapp, S; Peralta, IE","0.0.2002",-7.125692,-79.033402,1600,"habrochaites","habrochaites","nongeophyte",NA,NA,"Potato","PER","Peru"
3647,11088,NA,NA,NA,"Knapp, S; Peralta, IE","0.0.2002",-7.927323,-78.577185,2600,"habrochaites","habrochaites","nongeophyte",NA,NA,"Potato","PER","Peru"
4061,11089,NA,NA,NA,"Knapp, S; Peralta, IE","0.0.2002",-7.841935,-77.719495,2470,"habrochaites","habrochaites","nongeophyte",NA,NA,"Potato","PER","Peru"
4234,11090,NA,NA,NA,"Knapp, S; Peralta, IE","0.0.2002",-6.1855,-77.974667,3000,"habrochaites","habrochaites","nongeophyte",NA,NA,"Potato","PER","Peru"
4269,11091,NA,NA,NA,"Knapp, S; Peralta, IE","0.0.2002",-6.209928,-77.773238,1950,"habrochaites","habrochaites","nongeophyte",NA,NA,"Potato","PER","Peru"
4408,11092,NA,NA,NA,"Knapp, S; Peralta, IE","0.0.2002",-5.985003,-79.739557,800,"habrochaites","habrochaites","nongeophyte",NA,NA,"Potato","PER","Peru"
4410,11093,NA,NA,NA,"Knapp, S; Peralta, IE","0.0.2002",-6.556773,-78.642378,800,"habrochaites","habrochaites","nongeophyte",NA,NA,"Potato","PER","Peru"
4423,11094,NA,NA,NA,"Knapp, S; Peralta, IE","0.0.2002",-6.566667,-79.783333,70,"habrochaites","habrochaites","nongeophyte",NA,NA,"Potato","PER","Peru"
4448,11095,NA,NA,NA,"Knapp, S; Peralta, IE","0.0.2002",-8.093278,-78.151137,2650,"habrochaites","habrochaites","nongeophyte",NA,NA,"Potato","PER","Peru"
4770,11096,NA,NA,NA,"Knapp, S; Peralta, IE","0.0.2002",-8.166667,-78.766667,700,"habrochaites","habrochaites","nongeophyte",NA,NA,"Potato","PER","Peru"
4880,11097,NA,NA,NA,"Knapp, S; Peralta, IE","0.0.2002",-8.916667,-77.833333,3000,"habrochaites","habrochaites","nongeophyte",NA,NA,"Potato","PER","Peru"
4891,11098,NA,NA,NA,"Knapp, S; Peralta, IE","0.0.2002",-11.257667,-76.738833,1800,"habrochaites","habrochaites","nongeophyte",NA,NA,"Potato","PER","Peru"
4912,11099,NA,NA,NA,"Knapp, S; Peralta, IE","0.0.2002",-4.75,-79.833333,2000,"habrochaites","habrochaites","nongeophyte",NA,NA,"Potato","PER","Peru"
5152,11100,NA,NA,NA,"Knapp, S; Peralta, IE","0.0.2002",-8.153123,-78.473347,0,"habrochaites","habrochaites","nongeophyte",NA,NA,"Potato","PER","Peru"
5153,11101,NA,NA,NA,"Knapp, S; Peralta, IE","0.0.2002",-6.951712,-79.23508,0,"habrochaites","habrochaites","nongeophyte",NA,NA,"Potato","PER","Peru"
5259,11102,NA,NA,NA,"Knapp, S; Peralta, IE","0.0.2002",-12.081324,-76.522222,1600,"habrochaites","habrochaites","nongeophyte",NA,NA,"Potato","PER","Peru"
5279,11103,NA,NA,NA,"Knapp, S; Peralta, IE","0.0.2002",-10.417912,-77.18328,2300,"habrochaites","habrochaites","nongeophyte",NA,NA,"Potato","PER","Peru"
5283,11104,NA,NA,NA,"Knapp, S; Peralta, IE","0.0.2002",-10.871447,-76.972938,1200,"habrochaites","habrochaites","nongeophyte",NA,NA,"Potato","PER","Peru"
5463,11105,NA,NA,NA,"Knapp, S; Peralta, IE","0.0.2002",-6.366667,-78.85,0,"habrochaites","habrochaites","nongeophyte",NA,NA,"Potato","PER","Peru"
5464,11106,NA,NA,NA,"Knapp, S; Peralta, IE","0.0.2002",-10.817549,-76.879271,2200,"habrochaites","habrochaites","nongeophyte",NA,NA,"Potato","PER","Peru"
5880,11107,NA,NA,NA,"Knapp, S; Peralta, IE","0.0.2002",-10.733333,-77.266667,2010,"habrochaites","habrochaites","nongeophyte",NA,NA,"Potato","PER","Peru"
5984,11108,NA,NA,NA,"Knapp, S; Peralta, IE","0.0.2002",-5.551165,-79.953612,200,"habrochaites","habrochaites","nongeophyte",NA,NA,"Potato","PER","Peru"
6122,11109,NA,NA,NA,"Knapp, S; Peralta, IE","0.0.2002",-11.67,-76.786333,200,"habrochaites","habrochaites","nongeophyte",NA,NA,"Potato","PER","Peru"
6159,11110,NA,NA,NA,"Knapp, S; Peralta, IE","0.0.2002",-12.073498,-76.906387,0,"habrochaites","habrochaites","nongeophyte",NA,NA,"Potato","PER","Peru"
6248,11111,NA,NA,NA,"Knapp, S","0.8.2004",-12.5875,-75.954333,2000,"habrochaites","habrochaites","nongeophyte",NA,NA,"Potato","PER","Peru"
71078,11112,NA,NA,NA,"SÃ¤rkinen, T","0.5.2013",-6.37318,-78.47086,2202,"habrochaites","habrochaites","nongeophyte",NA,NA,"Potato","PER","Peru"
71115,11113,NA,NA,NA,"SÃ¤rkinen, T","0.5.2013",-5.11023,-79.04501,1470,"habrochaites","habrochaites","nongeophyte",NA,NA,"Potato","PER","Peru"
71173,11114,NA,NA,NA,"Knapp, S","0.7.2014",-6.4222,-77.48093,2180,"habrochaites","habrochaites","nongeophyte",NA,NA,"Potato","PER","Peru"
71195,11115,NA,NA,NA,"SÃ¤rkinen, T","0.6.2014",-7.12048,-78.2545,2659,"habrochaites","habrochaites","nongeophyte",NA,NA,"Potato","PER","Peru"
71245,11116,NA,NA,NA,"SÃ¤rkinen, T","0.5.2013",-8.37332,-77.51476,2843,"habrochaites","habrochaites","nongeophyte",NA,NA,"Potato","PER","Peru"
71495,11117,NA,NA,NA,"Knapp, S","0.0.2013",-7.423722,-78.92461,1300,"habrochaites","habrochaites","nongeophyte",NA,NA,"Potato","PER","Peru"
71555,11118,NA,NA,NA,"Knapp, S","0.0.2013",-8.225139,-77.962,2650,"habrochaites","habrochaites","nongeophyte",NA,NA,"Potato","PER","Peru"
71607,11119,NA,NA,NA,"Knapp, S","0.0.2013",-9.086833,-77.97236,3148,"habrochaites","habrochaites","nongeophyte",NA,NA,"Potato","PER","Peru"
75119,11120,NA,NA,NA,"Knapp, S","0.0.2014",-8.345948,-78.30283,3234,"habrochaites","habrochaites","nongeophyte",NA,NA,"Potato","PER","Peru"
75120,11121,NA,NA,NA,"Knapp, S","0.0.2014",-11.67317,-76.90483,500,"habrochaites","habrochaites","nongeophyte",NA,NA,"Potato","PER","Peru"
75124,11122,NA,NA,NA,"Knapp, S","0.0.2014",-13.15037,-76.0969,900,"habrochaites","habrochaites","nongeophyte",NA,NA,"Potato","PER","Peru"
75125,11123,NA,NA,NA,"Knapp, S","0.0.2014",-10.08964,-77.47677,2650,"habrochaites","habrochaites","nongeophyte",NA,NA,"Potato","PER","Peru"
76675,11124,NA,NA,NA,"GonzÃ¡les, P","0.12.2013",-11.37407,-76.40077,2450,"habrochaites","habrochaites","nongeophyte",NA,NA,"Potato","PER","Peru"
2108,11178,NA,NA,NA,"Knapp, S; Peralta, IE","0.0.2002",-8.81942,-77.832757,1700,"huaylasense","huaylasense","nongeophyte",NA,NA,"Potato","PER","Peru"
2571,11179,NA,NA,NA,"Knapp, S; Peralta, IE","0.0.2002",-10.13961,-77.390814,3000,"huaylasense","huaylasense","nongeophyte",NA,NA,"Potato","PER","Peru"
3357,11180,NA,NA,NA,"Knapp, S","0.2.2012",-9.551993,-77.738483,2800,"huaylasense","huaylasense","nongeophyte",NA,NA,"Potato","PER","Peru"
3359,11181,NA,NA,NA,"Knapp, S; Peralta, IE","0.0.2002",-8.343198,-78.066803,2100,"huaylasense","huaylasense","nongeophyte",NA,NA,"Potato","PER","Peru"
71236,11182,NA,NA,NA,"SÃ¤rkinen, T","0.5.2013",-8.41462,-77.57421,1131,"huaylasense","huaylasense","nongeophyte",NA,NA,"Potato","PER","Peru"
71535,11183,NA,NA,NA,"Knapp, S","0.0.2013",-8.200694,-77.953,2381,"huaylasense","huaylasense","nongeophyte",NA,NA,"Potato","PER","Peru"
71584,11184,NA,NA,NA,"Knapp, S","0.0.2013",-8.684722,-77.97972,958,"huaylasense","huaylasense","nongeophyte",NA,NA,"Potato","PER","Peru"
15503,11222,NA,NA,NA,"Knapp, S","0.0.2006",-3.971667,-79.078889,2030,"incurvum","incurvum","nongeophyte",NA,NA,"Potato","ECU","Ecuador"
139694,11223,NA,NA,NA,"Knapp, S","0.11.2018",-11.97167,-73.63694,1870,"incurvum","incurvum","nongeophyte",NA,NA,"Potato","PER","Peru"
21703,11224,NA,NA,NA,"Knapp, S; Helgason, T","0.0.1996",-10.566667,-75.366667,2700,"incurvum","incurvum","nongeophyte",NA,NA,"Potato","PER","Peru"
22135,11225,NA,NA,NA,"Knapp, S","0.11.2018",-10.366667,-75.45,2900,"incurvum","incurvum","nongeophyte",NA,NA,"Potato","PER","Peru"
24067,11226,NA,NA,NA,"Knapp, S","0.0.1999",-9.45,-74.766667,1620,"incurvum","incurvum","nongeophyte",NA,NA,"Potato","PER","Peru"
33457,11227,NA,NA,NA,"Knapp, S","0.9.2008",-10.333333,-75.666667,2300,"incurvum","incurvum","nongeophyte",NA,NA,"Potato","PER","Peru"
61983,11228,NA,NA,NA,"Knapp, S","0.11.2011",-9.714157,-75.783178,2439,"incurvum","incurvum","nongeophyte",NA,NA,"Potato","PER","Peru"
70989,11229,NA,NA,NA,"Knapp, S","2.5.2013",-10.1858,-75.3616,2680,"incurvum","incurvum","nongeophyte",NA,NA,"Potato","PER","Peru"
74640,11230,NA,NA,NA,"Knapp, S","0.2.2014",-10.00867,-75.54133,900,"incurvum","incurvum","nongeophyte",NA,NA,"Potato","PER","Peru"
76711,11231,NA,NA,NA,"GonzÃ¡les, P","0.12.2013",-10.254,-75.2609,2000,"incurvum","incurvum","nongeophyte",NA,NA,"Potato","PER","Peru"
98899,11232,NA,NA,NA,"Knapp, S","0.0.2015",-13.28861,-70.77417,934,"incurvum","incurvum","nongeophyte",NA,NA,"Potato","PER","Peru"
8564,11309,NA,NA,NA,"Nee, M","0.0.0",19.116667,-97.233333,2900,"ionidium","ionidium","nongeophyte",NA,NA,"Potato","MEX","Mexico"
96189,11310,NA,NA,NA,"Knapp, S","0.0.2014",17.08,-99.73,2325,"ionidium","ionidium","nongeophyte",NA,NA,"Potato","MEX","Mexico"
8142,11314,NA,NA,NA,"Spooner, DM","0.0.2013",19.2,-99.883333,3350,"iopetalum","iopetalum","tuberous",NA,NA,"Potato","MEX","Mexico"
121494,11488,NA,NA,NA,"Orozco, CI","1.1.1999",3.9938,-75.6224,2700,"juglandifolium","juglandifolium","nongeophyte",NA,NA,"Potato","COL","Colombia"
122975,11489,NA,NA,NA,"Ochoa, CM","1.1.1992",6.46247,-76.17082,1900,"juglandifolium","juglandifolium","nongeophyte",NA,NA,"Potato","COL","Colombia"
1644,11490,NA,NA,NA,"Knapp, S; Peralta, IE","0.0.2002",5.883333,-75.570772,2400,"juglandifolium","juglandifolium","nongeophyte",NA,NA,"Potato","COL","Colombia"
1968,11491,NA,NA,NA,"Knapp, S; Peralta, IE","0.0.2002",6.288167,-75.535,2000,"juglandifolium","juglandifolium","nongeophyte",NA,NA,"Potato","COL","Colombia"
2082,11492,NA,NA,NA,"Knapp, S; Peralta, IE","0.0.2002",4.559802,-74.433333,2400,"juglandifolium","juglandifolium","nongeophyte",NA,NA,"Potato","COL","Colombia"
2083,11493,NA,NA,NA,"Knapp, S; Peralta, IE","0.0.2002",4.408108,-74.307955,2500,"juglandifolium","juglandifolium","nongeophyte",NA,NA,"Potato","COL","Colombia"
2125,11494,NA,NA,NA,"Knapp, S; Peralta, IE","0.0.2002",1.203095,-77.976093,1700,"juglandifolium","juglandifolium","nongeophyte",NA,NA,"Potato","COL","Colombia"
2166,11495,NA,NA,NA,"Knapp, S; Peralta, IE","0.0.2002",5.583333,-75.683333,2350,"juglandifolium","juglandifolium","nongeophyte",NA,NA,"Potato","COL","Colombia"
2344,11496,NA,NA,NA,"Knapp, S; Peralta, IE","0.0.2002",1.186548,-76.909795,2250,"juglandifolium","juglandifolium","nongeophyte",NA,NA,"Potato","COL","Colombia"
2361,11497,NA,NA,NA,"Knapp, S; Peralta, IE","0.0.2002",5.5,-75.833333,1800,"juglandifolium","juglandifolium","nongeophyte",NA,NA,"Potato","COL","Colombia"
2390,11498,NA,NA,NA,"Knapp, S; Peralta, IE","0.0.2002",4.666667,-75.583333,1850,"juglandifolium","juglandifolium","nongeophyte",NA,NA,"Potato","COL","Colombia"
2393,11499,NA,NA,NA,"Knapp, S; Peralta, IE","0.0.2002",0.683333,-77.5,2250,"juglandifolium","juglandifolium","nongeophyte",NA,NA,"Potato","COL","Colombia"
2499,11500,NA,NA,NA,"Knapp, S; Peralta, IE","0.0.2002",2.240183,-77.27302,1800,"juglandifolium","juglandifolium","nongeophyte",NA,NA,"Potato","COL","Colombia"
2637,11501,NA,NA,NA,"Knapp, S; Peralta, IE","0.0.2002",1.166667,-76.616667,2810,"juglandifolium","juglandifolium","nongeophyte",NA,NA,"Potato","COL","Colombia"
2642,11502,NA,NA,NA,"Knapp, S; Peralta, IE","0.0.2002",4.383582,-76.24032,1950,"juglandifolium","juglandifolium","nongeophyte",NA,NA,"Potato","COL","Colombia"
2648,11503,NA,NA,NA,"Knapp, S; Peralta, IE","0.0.2002",4.904132,-76.071513,1980,"juglandifolium","juglandifolium","nongeophyte",NA,NA,"Potato","COL","Colombia"
2664,11504,NA,NA,NA,"Knapp, S; Peralta, IE","0.0.2002",7.186783,-75.31988,2600,"juglandifolium","juglandifolium","nongeophyte",NA,NA,"Potato","COL","Colombia"
2665,11505,NA,NA,NA,"Knapp, S; Peralta, IE","0.0.2002",5.75,-75.416667,0,"juglandifolium","juglandifolium","nongeophyte",NA,NA,"Potato","COL","Colombia"
2674,11506,NA,NA,NA,"Knapp, S; Peralta, IE","0.0.2002",2.52151,-75.508917,2350,"juglandifolium","juglandifolium","nongeophyte",NA,NA,"Potato","COL","Colombia"
2676,11507,NA,NA,NA,"Knapp, S; Peralta, IE","0.0.2002",2.312906,-75.30535,2350,"juglandifolium","juglandifolium","nongeophyte",NA,NA,"Potato","COL","Colombia"
3201,11508,NA,NA,NA,"Knapp, S; Peralta, IE","0.0.2002",5.175661,-75.145246,3000,"juglandifolium","juglandifolium","nongeophyte",NA,NA,"Potato","COL","Colombia"
3206,11509,NA,NA,NA,"Knapp, S; Peralta, IE","0.0.2002",4.47,-76.11,2100,"juglandifolium","juglandifolium","nongeophyte",NA,NA,"Potato","COL","Colombia"
3274,11510,NA,NA,NA,"Knapp, S; Peralta, IE","0.0.2002",1.11,-77.33,2650,"juglandifolium","juglandifolium","nongeophyte",NA,NA,"Potato","COL","Colombia"
3465,11511,NA,NA,NA,"Knapp, S; Peralta, IE","0.0.2002",4.33,-74.16,2134,"juglandifolium","juglandifolium","nongeophyte",NA,NA,"Potato","COL","Colombia"
3477,11513,NA,NA,NA,"Knapp, S; Peralta, IE","0.0.2002",5.857463,-76.134267,2400,"juglandifolium","juglandifolium","nongeophyte",NA,NA,"Potato","COL","Colombia"
3809,11514,NA,NA,NA,"Knapp, S; Peralta, IE","0.0.2002",6.1508,-74.58017,2400,"juglandifolium","juglandifolium","nongeophyte",NA,NA,"Potato","COL","Colombia"
3825,11515,NA,NA,NA,"Knapp, S","0.0.2007",5.040383,-75.31087,2000,"juglandifolium","juglandifolium","nongeophyte",NA,NA,"Potato","COL","Colombia"
3827,11516,NA,NA,NA,"Knapp, S","0.0.2007",4.400661,-75.301601,2080,"juglandifolium","juglandifolium","nongeophyte",NA,NA,"Potato","COL","Colombia"
3836,11517,NA,NA,NA,"Knapp, S; Peralta, IE","0.0.2002",6.132669,-75.312083,2000,"juglandifolium","juglandifolium","nongeophyte",NA,NA,"Potato","COL","Colombia"
3839,11518,NA,NA,NA,"Correll, DS","0.0.1959",1.103145,-76.523739,2320,"juglandifolium","juglandifolium","nongeophyte",NA,NA,"Potato","COL","Colombia"
4108,11519,NA,NA,NA,"Knapp, S; Peralta, IE","0.0.2002",4.282296,-74.065774,3000,"juglandifolium","juglandifolium","nongeophyte",NA,NA,"Potato","COL","Colombia"
4109,11520,NA,NA,NA,"Knapp, S; Peralta, IE","0.0.2002",5.190251,-75.59407,2125,"juglandifolium","juglandifolium","nongeophyte",NA,NA,"Potato","COL","Colombia"
4256,11521,NA,NA,NA,"Knapp, S; Peralta, IE","0.0.2002",7.215912,-72.550044,2700,"juglandifolium","juglandifolium","nongeophyte",NA,NA,"Potato","COL","Colombia"
4266,11522,NA,NA,NA,"Knapp, S; Peralta, IE","0.0.2002",2.666543,-77.00709,1100,"juglandifolium","juglandifolium","nongeophyte",NA,NA,"Potato","COL","Colombia"
4361,11523,NA,NA,NA,"Knapp, S; Peralta, IE","0.0.2003",2.270721,-76.365134,1000,"juglandifolium","juglandifolium","nongeophyte",NA,NA,"Potato","COL","Colombia"
4479,11524,NA,NA,NA,"Knapp, S; Peralta, IE","0.0.2002",3.472294,-76.373094,1800,"juglandifolium","juglandifolium","nongeophyte",NA,NA,"Potato","COL","Colombia"
4934,11525,NA,NA,NA,"Knapp, S; Peralta, IE","0.0.2002",2.114744,-75.584511,2624,"juglandifolium","juglandifolium","nongeophyte",NA,NA,"Potato","COL","Colombia"
5166,11526,NA,NA,NA,"Knapp, S; Peralta, IE","0.0.2002",2.33953,-75.6972,2400,"juglandifolium","juglandifolium","nongeophyte",NA,NA,"Potato","COL","Colombia"
5307,11527,NA,NA,NA,"Knapp, S; Peralta, IE","0.0.2002",2.52145,-76.81418,1800,"juglandifolium","juglandifolium","nongeophyte",NA,NA,"Potato","COL","Colombia"
5465,11528,NA,NA,NA,"Knapp, S; Peralta, IE","0.0.2002",4.484419,-75.413751,3000,"juglandifolium","juglandifolium","nongeophyte",NA,NA,"Potato","COL","Colombia"
5590,11529,NA,NA,NA,"Knapp, S; Peralta, IE","0.0.2002",4.7765,-76.2715,2060,"juglandifolium","juglandifolium","nongeophyte",NA,NA,"Potato","COL","Colombia"
5659,11530,NA,NA,NA,"Knapp, S; Peralta, IE","0.0.2002",5.416667,-74.333333,2180,"juglandifolium","juglandifolium","nongeophyte",NA,NA,"Potato","COL","Colombia"
5694,11531,NA,NA,NA,"Knapp, S; Peralta, IE","0.0.2002",1.383377,-77.443118,0,"juglandifolium","juglandifolium","nongeophyte",NA,NA,"Potato","COL","Colombia"
6015,11532,NA,NA,NA,"Knapp, S; Peralta, IE","0.0.2002",6.144472,-73.260484,2200,"juglandifolium","juglandifolium","nongeophyte",NA,NA,"Potato","COL","Colombia"
6126,11533,NA,NA,NA,"Knapp, S; Peralta, IE","0.0.2002",2.320115,-76.565744,1500,"juglandifolium","juglandifolium","nongeophyte",NA,NA,"Potato","COL","Colombia"
6413,11534,NA,NA,NA,"Knapp, S; Peralta, IE","0.0.2002",5.666667,-75.25,2210,"juglandifolium","juglandifolium","nongeophyte",NA,NA,"Potato","COL","Colombia"
6415,11535,NA,NA,NA,"Knapp, S; Peralta, IE","0.0.2002",6.316667,-75.683333,2560,"juglandifolium","juglandifolium","nongeophyte",NA,NA,"Potato","COL","Colombia"
1640,11536,NA,NA,NA,"Knapp, S; Peralta, IE","0.0.2002",-2.208408,-78.867333,2500,"juglandifolium","juglandifolium","nongeophyte",NA,NA,"Potato","ECU","Ecuador"
1641,11537,NA,NA,NA,"Knapp, S; Peralta, IE","0.0.2002",-0.499983,-79.1111,1800,"juglandifolium","juglandifolium","nongeophyte",NA,NA,"Potato","ECU","Ecuador"
1642,11538,NA,NA,NA,"Knapp, S; Peralta, IE","0.0.2002",-1.939687,-79.059817,1370,"juglandifolium","juglandifolium","nongeophyte",NA,NA,"Potato","ECU","Ecuador"
1687,11539,NA,NA,NA,"Knapp, S; Peralta, IE","0.0.2002",-0.633333,-77.933333,2050,"juglandifolium","juglandifolium","nongeophyte",NA,NA,"Potato","ECU","Ecuador"
2012,11540,NA,NA,NA,"Knapp, S; Peralta, IE","0.0.2002",-4.159449,-78.967555,2000,"juglandifolium","juglandifolium","nongeophyte",NA,NA,"Potato","ECU","Ecuador"
2288,11541,NA,NA,NA,"Knapp, S; Peralta, IE","0.0.2002",-0.440714,-77.005624,1950,"juglandifolium","juglandifolium","nongeophyte",NA,NA,"Potato","ECU","Ecuador"
2324,11542,NA,NA,NA,"Knapp, S; Peralta, IE","0.0.2002",0.872959,-78.063009,2050,"juglandifolium","juglandifolium","nongeophyte",NA,NA,"Potato","ECU","Ecuador"
2401,11543,NA,NA,NA,"Knapp, S; Peralta, IE","0.0.2002",-0.947126,-78.989594,1800,"juglandifolium","juglandifolium","nongeophyte",NA,NA,"Potato","ECU","Ecuador"
2402,11544,NA,NA,NA,"Knapp, S; Peralta, IE","0.0.2002",-0.183333,-78.8,1800,"juglandifolium","juglandifolium","nongeophyte",NA,NA,"Potato","ECU","Ecuador"
2462,11545,NA,NA,NA,"Knapp, S; Peralta, IE","0.0.2002",-2.786538,-78.652507,2200,"juglandifolium","juglandifolium","nongeophyte",NA,NA,"Potato","ECU","Ecuador"
2503,11546,NA,NA,NA,"Knapp, S; Peralta, IE","0.0.2002",-2.733333,-79.483333,1700,"juglandifolium","juglandifolium","nongeophyte",NA,NA,"Potato","ECU","Ecuador"
2632,11547,NA,NA,NA,"Knapp, S; Peralta, IE","0.0.2002",-0.45,-78.575845,2530,"juglandifolium","juglandifolium","nongeophyte",NA,NA,"Potato","ECU","Ecuador"
2633,11548,NA,NA,NA,"Knapp, S; Peralta, IE","0.0.2002",0.017667,-78.641167,1200,"juglandifolium","juglandifolium","nongeophyte",NA,NA,"Potato","ECU","Ecuador"
27658,11549,NA,NA,NA,"Knapp, S","0.4.2007",-2.538611,-79.143611,2440,"juglandifolium","juglandifolium","nongeophyte",NA,NA,"Potato","ECU","Ecuador"
3194,11550,NA,NA,NA,"Knapp, S; Peralta, IE","0.0.2002",-4,-79.216667,2090,"juglandifolium","juglandifolium","nongeophyte",NA,NA,"Potato","ECU","Ecuador"
3536,11551,NA,NA,NA,"Knapp, S; Peralta, IE","0.0.2002",-0.7,-78.22,1350,"juglandifolium","juglandifolium","nongeophyte",NA,NA,"Potato","ECU","Ecuador"
3770,11552,NA,NA,NA,"Knapp, S; Peralta, IE","0.0.2002",0.002741,-78.404423,2300,"juglandifolium","juglandifolium","nongeophyte",NA,NA,"Potato","ECU","Ecuador"
3940,11553,NA,NA,NA,"Knapp, S; Peralta, IE","0.0.2002",-0.45,-78.716667,2600,"juglandifolium","juglandifolium","nongeophyte",NA,NA,"Potato","ECU","Ecuador"
4279,11554,NA,NA,NA,"Knapp, S; Peralta, IE","0.0.2002",-0.333333,-78.916667,1500,"juglandifolium","juglandifolium","nongeophyte",NA,NA,"Potato","ECU","Ecuador"
4556,11555,NA,NA,NA,"Knapp, S; Peralta, IE","0.0.2002",0.210799,-78.300581,2550,"juglandifolium","juglandifolium","nongeophyte",NA,NA,"Potato","ECU","Ecuador"
4928,11556,NA,NA,NA,"Knapp, S; Peralta, IE","0.0.2002",-3.966667,-79.083333,2030,"juglandifolium","juglandifolium","nongeophyte",NA,NA,"Potato","ECU","Ecuador"
5000,11557,NA,NA,NA,"Knapp, S; Peralta, IE","0.0.2002",-3.4244,-78.3745,2250,"juglandifolium","juglandifolium","nongeophyte",NA,NA,"Potato","ECU","Ecuador"
5090,11558,NA,NA,NA,"Knapp, S; Peralta, IE","0.0.2002",-0.263997,-77.555297,2200,"juglandifolium","juglandifolium","nongeophyte",NA,NA,"Potato","ECU","Ecuador"
5296,11559,NA,NA,NA,"Knapp, S; Peralta, IE","0.0.2002",-3.13,-79.16,2500,"juglandifolium","juglandifolium","nongeophyte",NA,NA,"Potato","ECU","Ecuador"
53302,11560,NA,NA,NA,"Stern, S","0.2.2009",-1.1821,-78.5248,1350,"juglandifolium","juglandifolium","nongeophyte",NA,NA,"Potato","ECU","Ecuador"
5341,11561,NA,NA,NA,"Knapp, S; Peralta, IE","0.0.2002",-2.170109,-78.585782,0,"juglandifolium","juglandifolium","nongeophyte",NA,NA,"Potato","ECU","Ecuador"
5866,11562,NA,NA,NA,"Knapp, S; Peralta, IE","0.0.2002",-0.344915,-79.541591,2010,"juglandifolium","juglandifolium","nongeophyte",NA,NA,"Potato","ECU","Ecuador"
5978,11563,NA,NA,NA,"Knapp, S; Peralta, IE","0.0.2002",0.333333,-78.5,2300,"juglandifolium","juglandifolium","nongeophyte",NA,NA,"Potato","ECU","Ecuador"
5979,11564,NA,NA,NA,"Knapp, S; Peralta, IE","0.0.2002",0.833333,-78.183333,2000,"juglandifolium","juglandifolium","nongeophyte",NA,NA,"Potato","ECU","Ecuador"
6108,11565,NA,NA,NA,"Knapp, S; Peralta, IE","0.0.2002",-1.173887,-78.282846,1950,"juglandifolium","juglandifolium","nongeophyte",NA,NA,"Potato","ECU","Ecuador"
6392,11566,NA,NA,NA,"Knapp, S; Peralta, IE","0.0.2002",0.233991,-78.205653,2400,"juglandifolium","juglandifolium","nongeophyte",NA,NA,"Potato","ECU","Ecuador"
6399,11567,NA,NA,NA,"Knapp, S; Peralta, IE","0.0.2002",-2.015975,-78.444628,2700,"juglandifolium","juglandifolium","nongeophyte",NA,NA,"Potato","ECU","Ecuador"
69794,11568,NA,NA,NA,"Farruggia, F","24.10.2010",-5.667167,-77.73433,1600,"juglandifolium","juglandifolium","nongeophyte",NA,NA,"Potato","PER","Peru"
53739,11649,NA,NA,NA,"Fajardo, DA","0.11.2008",-10.659833,-75.322167,2300,"laxissimum","laxissimum","tuberous",NA,NA,"Potato","PER","Peru"
16149,11695,NA,NA,NA,"Spooner, DM","0.0.2013",9.556111,-83.675556,2700,"longiconicum","longiconicum","tuberous",NA,NA,"Potato","CRI","Costa Rica"
16152,11696,NA,NA,NA,"Bohs, L","0.4.2003",10.133333,-84.116667,2600,"longiconicum","longiconicum","tuberous",NA,NA,"Potato","CRI","Costa Rica"
18019,11697,NA,NA,NA,"Bohs, L","0.1.2001",9.116667,-82.966667,2450,"longiconicum","longiconicum","tuberous",NA,NA,"Potato","CRI","Costa Rica"
18021,11698,NA,NA,NA,"Bohs, L","0.1.2001",9.541111,-83.584444,2600,"longiconicum","longiconicum","tuberous",NA,NA,"Potato","CRI","Costa Rica"
8518,11705,NA,NA,NA,"Knapp, S","0.0.2001",9.6625,-83.819444,2700,"longiconicum","longiconicum","tuberous",NA,NA,"Potato","CRI","Costa Rica"
15021,11708,NA,NA,NA,"Knapp, S","0.0.2005",9.10975,-82.869133,3200,"longiconicum","longiconicum","tuberous",NA,NA,"Potato","PAN","Panama"
8499,11710,NA,NA,NA,"Knapp, S","0.0.2002",8.922222,-82.712222,2470,"longiconicum","longiconicum","tuberous",NA,NA,"Potato","PAN","Panama"
34777,11713,NA,NA,NA,"Knapp, S","0.12.2008",4.75,-75.583333,2000,"loxophyllum","loxophyllum","nongeophyte",NA,NA,"Potato","COL","Colombia"
19263,11714,NA,NA,NA,NA,"0.0.0",-4.494917,-79.131917,2500,"loxophyllum","loxophyllum","nongeophyte",NA,NA,"Potato","ECU","Ecuador"
23967,11715,NA,NA,NA,"Tepe, EJ","0.0.2009",0.35,-79.733333,500,"loxophyllum","loxophyllum","nongeophyte",NA,NA,"Potato","ECU","Ecuador"
34759,11716,NA,NA,NA,"Knapp, S","0.12.2008",0.869722,-78.451667,300,"loxophyllum","loxophyllum","nongeophyte",NA,NA,"Potato","ECU","Ecuador"
34761,11717,NA,NA,NA,"Knapp, S","0.12.2008",0.85,-78.266667,1000,"loxophyllum","loxophyllum","nongeophyte",NA,NA,"Potato","ECU","Ecuador"
44723,11718,NA,NA,NA,"Knapp, S","0.0.2010",-2.434722,-79.231389,950,"loxophyllum","loxophyllum","nongeophyte",NA,NA,"Potato","ECU","Ecuador"
53296,11719,NA,NA,NA,"Tepe, EJ","0.2.2009",-0.593611,-79.362222,215,"loxophyllum","loxophyllum","nongeophyte",NA,NA,"Potato","ECU","Ecuador"
53505,11720,NA,NA,NA,"Tepe, EJ","20.6.2009",0.48,-78.55,100,"loxophyllum","loxophyllum","nongeophyte",NA,NA,"Potato","ECU","Ecuador"
53507,11721,NA,NA,NA,"Tepe, EJ","20.6.2009",-0.21,-79.22,100,"loxophyllum","loxophyllum","nongeophyte",NA,NA,"Potato","ECU","Ecuador"
53520,11722,NA,NA,NA,"Tepe, EJ","20.6.2009",0.06,-79.02,650,"loxophyllum","loxophyllum","nongeophyte",NA,NA,"Potato","ECU","Ecuador"
54387,11723,NA,NA,NA,"Knapp, S","0.2.2011",1.032159,-78.615656,350,"loxophyllum","loxophyllum","nongeophyte",NA,NA,"Potato","ECU","Ecuador"
75505,11724,NA,NA,NA,NA,"0.0.0",-3.466667,-78.75,500,"loxophyllum","loxophyllum","nongeophyte",NA,NA,"Potato","ECU","Ecuador"
75506,11725,NA,NA,NA,NA,"0.0.0",-0.48,-78.44,150,"loxophyllum","loxophyllum","nongeophyte",NA,NA,"Potato","ECU","Ecuador"
29199,11797,NA,NA,NA,"Spooner, DM","0.3.2008",-18.356547,-69.620898,3250,"medians","medians","tuberous",NA,NA,"Potato","CHL","Chile"
29203,11803,NA,NA,NA,"Spooner, DM","0.3.2008",-10.15,-77.183333,2950,"medians","medians","tuberous",NA,NA,"Potato","PER","Peru"
29210,11805,NA,NA,NA,"Spooner, DM","0.3.2008",-16.553007,-72.758369,500,"medians","medians","tuberous",NA,NA,"Potato","PER","Peru"
29213,11807,NA,NA,NA,"Spooner, DM","0.3.2008",-16.209444,-73.622222,500,"medians","medians","tuberous",NA,NA,"Potato","PER","Peru"
29214,11808,NA,NA,NA,"Spooner, DM","0.3.2008",-15.796111,-74.363611,600,"medians","medians","tuberous",NA,NA,"Potato","PER","Peru"
29218,11810,NA,NA,NA,"Spooner, DM","0.3.2008",-16.056888,-71.84276,3620,"medians","medians","tuberous",NA,NA,"Potato","PER","Peru"
29220,11811,NA,NA,NA,"Spooner, DM","0.3.2008",-17.033333,-71.8,400,"medians","medians","tuberous",NA,NA,"Potato","PER","Peru"
29244,11813,NA,NA,NA,"Spooner, DM","0.3.2008",-14.833333,-74.7,2200,"medians","medians","tuberous",NA,NA,"Potato","PER","Peru"
29258,11817,NA,NA,NA,"Spooner, DM","0.3.2008",-12.066667,-76.933333,0,"medians","medians","tuberous",NA,NA,"Potato","PER","Peru"
29266,11819,NA,NA,NA,"Spooner, DM","0.3.2008",-12.866667,-76.433333,200,"medians","medians","tuberous",NA,NA,"Potato","PER","Peru"
29272,11820,NA,NA,NA,"Spooner, DM","0.3.2008",-10.810833,-76.876667,2500,"medians","medians","tuberous",NA,NA,"Potato","PER","Peru"
29273,11821,NA,NA,NA,"Spooner, DM","0.3.2008",-11.833333,-76.666667,2350,"medians","medians","tuberous",NA,NA,"Potato","PER","Peru"
29309,11823,NA,NA,NA,"Spooner, DM","0.3.2008",-12.383333,-76.783333,450,"medians","medians","tuberous",NA,NA,"Potato","PER","Peru"
29311,11824,NA,NA,NA,"Spooner, DM","0.3.2008",-12.166667,-76.266667,3760,"medians","medians","tuberous",NA,NA,"Potato","PER","Peru"
29331,11825,NA,NA,NA,"Spooner, DM","0.3.2008",-10.483333,-77.033333,3600,"medians","medians","tuberous",NA,NA,"Potato","PER","Peru"
29428,11828,NA,NA,NA,"Spooner, DM","0.3.2008",-17.066667,-70.85,3100,"medians","medians","tuberous",NA,NA,"Potato","PER","Peru"
29431,11830,NA,NA,NA,"Spooner, DM","0.3.2008",-17.639444,-71.3375,350,"medians","medians","tuberous",NA,NA,"Potato","PER","Peru"
29433,11831,NA,NA,NA,"Spooner, DM","0.3.2008",-17.474444,-70.032778,3150,"medians","medians","tuberous",NA,NA,"Potato","PER","Peru"
29434,11832,NA,NA,NA,"Spooner, DM","0.3.2008",-17.301944,-70.640833,3140,"medians","medians","tuberous",NA,NA,"Potato","PER","Peru"
29437,11833,NA,NA,NA,"Spooner, DM","0.3.2008",-17.76689,-69.942869,3450,"medians","medians","tuberous",NA,NA,"Potato","PER","Peru"
29438,11834,NA,NA,NA,"Spooner, DM","0.3.2008",-17.313889,-70.321944,3450,"medians","medians","tuberous",NA,NA,"Potato","PER","Peru"
29439,11835,NA,NA,NA,"Spooner, DM","0.3.2008",-17.420833,-70.513333,3200,"medians","medians","tuberous",NA,NA,"Potato","PER","Peru"
29443,11836,NA,NA,NA,"Spooner, DM","0.3.2008",-17.993056,-70.881111,500,"medians","medians","tuberous",NA,NA,"Potato","PER","Peru"
29461,11837,NA,NA,NA,"Spooner, DM","0.3.2008",-15.980617,-73.183911,1000,"medians","medians","tuberous",NA,NA,"Potato","PER","Peru"
24280,11927,NA,NA,NA,"Hawkes, JG","26.7.1983",-21.482987,-64.939954,3353,"microdontum","microdontum","tuberous",NA,NA,"Potato","BOL","Bolivia"
105687,11954,NA,NA,NA,"Nee, M","0.0.2004",-14.2755,-68.3256,938,"mite","mite","nongeophyte",NA,NA,"Potato","BOL","Bolivia"
105801,11955,NA,NA,NA,"Nee, M","0.0.0",-11.02,-66.07,220,"mite","mite","nongeophyte",NA,NA,"Potato","BOL","Bolivia"
105839,11956,NA,NA,NA,"Nee, M","0.0.1989",-17.44,-63.4,700,"mite","mite","nongeophyte",NA,NA,"Potato","BOL","Bolivia"
106947,11957,NA,NA,NA,"Nee, M","0.0.2000",-17.27,-64.09,375,"mite","mite","nongeophyte",NA,NA,"Potato","BOL","Bolivia"
107217,11958,NA,NA,NA,"Nee, M","0.0.2013",-14.0913,-68.4348,1150,"mite","mite","nongeophyte",NA,NA,"Potato","BOL","Bolivia"
107245,11959,NA,NA,NA,"Nee, M","0.0.1990",-14.5,-67.05,220,"mite","mite","nongeophyte",NA,NA,"Potato","BOL","Bolivia"
107257,11960,NA,NA,NA,"Nee, M","0.0.1990",-17,-64.46,235,"mite","mite","nongeophyte",NA,NA,"Potato","BOL","Bolivia"
107275,11961,NA,NA,NA,"Nee, M","0.0.2005",-14.3652,-67.3911,220,"mite","mite","nongeophyte",NA,NA,"Potato","BOL","Bolivia"
108072,11962,NA,NA,NA,"Nee, M","0.0.1989",-10.47,-65.58,110,"mite","mite","nongeophyte",NA,NA,"Potato","BOL","Bolivia"
108607,11964,NA,NA,NA,"Nee, M","0.0.1995",-11.6,-68.25,150,"mite","mite","nongeophyte",NA,NA,"Potato","BOL","Bolivia"
108831,11965,NA,NA,NA,NA,"0.0.0",-11.3,-67.34,140,"mite","mite","nongeophyte",NA,NA,"Potato","BOL","Bolivia"
108880,11966,NA,NA,NA,"Nee, M","0.0.1992",-17.78333,-63.2,0,"mite","mite","nongeophyte",NA,NA,"Potato","BOL","Bolivia"
108944,11967,NA,NA,NA,"Nee, M","0.0.1989",-17.45,-63.67,370,"mite","mite","nongeophyte",NA,NA,"Potato","BOL","Bolivia"
108945,11968,NA,NA,NA,"Nee, M","0.0.1990",-17.24,-63.5,290,"mite","mite","nongeophyte",NA,NA,"Potato","BOL","Bolivia"
108946,11969,NA,NA,NA,"Nee, M","0.0.1992",-17.16,-64.2,240,"mite","mite","nongeophyte",NA,NA,"Potato","BOL","Bolivia"
108976,11970,NA,NA,NA,"Nee, M","0.0.1990",-16.57,-65.25,0,"mite","mite","nongeophyte",NA,NA,"Potato","BOL","Bolivia"
108999,11971,NA,NA,NA,"Nee, M","0.0.1991",-18.08,-63.41,1000,"mite","mite","nongeophyte",NA,NA,"Potato","BOL","Bolivia"
15523,11972,NA,NA,NA,"Knapp, S","0.0.2006",-14.614444,-67.653056,220,"mite","mite","nongeophyte",NA,NA,"Potato","BOL","Bolivia"
162899,11973,NA,NA,NA,"Knapp, S; Barboza, GE","0.3.2020",-16.27275,-67.57105,1100,"mite","mite","nongeophyte",NA,NA,"Potato","BOL","Bolivia"
162900,11974,NA,NA,NA,"Knapp, S; Barboza, GE","0.3.2020",-17,-64.76666,320,"mite","mite","nongeophyte",NA,NA,"Potato","BOL","Bolivia"
97669,11975,NA,NA,NA,"Bohs, L","0.0.1998",-17.08333,-65.66666,670,"mite","mite","nongeophyte",NA,NA,"Potato","BOL","Bolivia"
111627,11976,NA,NA,NA,"Nee, M","0.0.2003",-8.92833,-72.53875,0,"mite","mite","nongeophyte",NA,NA,"Potato","BRA","Brazil"
111653,11977,NA,NA,NA,"Nee, M","0.0.0",-7.4465,-73.65761,225,"mite","mite","nongeophyte",NA,NA,"Potato","BRA","Brazil"
111719,11978,NA,NA,NA,"Knapp, S; Helgason, T","0.0.1996",-7.6311,-72.6697,0,"mite","mite","nongeophyte",NA,NA,"Potato","BRA","Brazil"
111781,11979,NA,NA,NA,"Knapp, S; Helgason, T","0.0.1996",-7.6144,-72.8956,0,"mite","mite","nongeophyte",NA,NA,"Potato","BRA","Brazil"
111784,11980,NA,NA,NA,"Knapp, S; Helgason, T","0.0.1996",-4.3331,-69.9164,0,"mite","mite","nongeophyte",NA,NA,"Potato","BRA","Brazil"
111835,11981,NA,NA,NA,"Knapp, S; Helgason, T","0.0.0",-9.36666,-54.9,430,"mite","mite","nongeophyte",NA,NA,"Potato","BRA","Brazil"
131392,11982,NA,NA,NA,"Knapp, S","0.1.2018",-9.713408,-68.09627,0,"mite","mite","nongeophyte",NA,NA,"Potato","BRA","Brazil"
144921,11983,NA,NA,NA,"Nee, M","0.8.1995",-1.85611,-65.5811,0,"mite","mite","nongeophyte",NA,NA,"Potato","BRA","Brazil"
145112,11984,NA,NA,NA,"Nee, M","0.0.1995",-10.4389,-62.4664,0,"mite","mite","nongeophyte",NA,NA,"Potato","BRA","Brazil"
145241,11985,NA,NA,NA,"Nee, M","0.0.1991",-11.2,-63.05,0,"mite","mite","nongeophyte",NA,NA,"Potato","BRA","Brazil"
107304,11986,NA,NA,NA,"Nee, M","0.0.1996",-3.805,-70.30556,0,"mite","mite","nongeophyte",NA,NA,"Potato","COL","Colombia"
112234,11987,NA,NA,NA,"Granados-Tochoy, JC","0.0.0",0.359863,-76.87063,330,"mite","mite","nongeophyte",NA,NA,"Potato","COL","Colombia"
106966,11988,NA,NA,NA,"Nee, M","0.0.2012",-2.32,-76.49,235,"mite","mite","nongeophyte",NA,NA,"Potato","ECU","Ecuador"
107159,11989,NA,NA,NA,"Nee, M","0.0.2001",-1.04,-77.36,375,"mite","mite","nongeophyte",NA,NA,"Potato","ECU","Ecuador"
107601,11990,NA,NA,NA,"Nee, M","0.0.1988",-1.39,-75.59,200,"mite","mite","nongeophyte",NA,NA,"Potato","ECU","Ecuador"
17002,11991,NA,NA,NA,"Knapp, S","0.0.2006",-4.766667,-79.133333,1150,"mite","mite","nongeophyte",NA,NA,"Potato","ECU","Ecuador"
24284,11992,NA,NA,NA,"Knapp, S; Helgason, T","0.0.1996",-4.366667,-78.7,1080,"mite","mite","nongeophyte",NA,NA,"Potato","ECU","Ecuador"
27079,11993,NA,NA,NA,"Knapp, S","0.6.2008",-0.828333,-77.538333,1500,"mite","mite","nongeophyte",NA,NA,"Potato","ECU","Ecuador"
105913,11994,NA,NA,NA,"Nee, M","0.0.2013",-6.700556,-77.58639,2150,"mite","mite","nongeophyte",NA,NA,"Potato","PER","Peru"
107223,11995,NA,NA,NA,"Nee, M","0.0.2005",-5.0043,-78.5409,1550,"mite","mite","nongeophyte",NA,NA,"Potato","PER","Peru"
108063,11996,NA,NA,NA,"Nee, M","0.0.2008",-10.3015,-75.0401,700,"mite","mite","nongeophyte",NA,NA,"Potato","PER","Peru"
113109,11997,NA,NA,NA,"Knapp, S","0.8.2016",-13.24361,-70.8125,840,"mite","mite","nongeophyte",NA,NA,"Potato","PER","Peru"
139683,11998,NA,NA,NA,"Knapp, S","0.11.2018",-11.37,-74.03861,1348,"mite","mite","nongeophyte",NA,NA,"Potato","PER","Peru"
14688,11999,NA,NA,NA,"Knapp, S","0.0.2002",-11.1425,-75.343667,900,"mite","mite","nongeophyte",NA,NA,"Potato","PER","Peru"
14947,12000,NA,NA,NA,"Knapp, S","0.0.2004",-9.283333,-76.083333,650,"mite","mite","nongeophyte",NA,NA,"Potato","PER","Peru"
20902,12001,NA,NA,NA,"Knapp, S","0.3.2007",-10.948768,-75.219953,609,"mite","mite","nongeophyte",NA,NA,"Potato","PER","Peru"
21524,12002,NA,NA,NA,NA,"0.0.0",-6.25,-76.283333,200,"mite","mite","nongeophyte",NA,NA,"Potato","PER","Peru"
21861,12003,NA,NA,NA,"Nee, M","0.0.2008",-12.475833,-68.976,190,"mite","mite","nongeophyte",NA,NA,"Potato","PER","Peru"
21920,12004,NA,NA,NA,"Knapp, S","0.11.2018",-13.166667,-72.166667,2300,"mite","mite","nongeophyte",NA,NA,"Potato","PER","Peru"
22061,12005,NA,NA,NA,"Nee, M","0.0.0",-12.517333,-69.072833,200,"mite","mite","nongeophyte",NA,NA,"Potato","PER","Peru"
22301,12006,NA,NA,NA,"Knapp, S","0.3.2012",-4.333333,-77.333333,0,"mite","mite","nongeophyte",NA,NA,"Potato","PER","Peru"
22491,12007,NA,NA,NA,"Knapp, S","0.0.0",-3.366667,-72.833333,120,"mite","mite","nongeophyte",NA,NA,"Potato","PER","Peru"
22492,12008,NA,NA,NA,"Nee, M","0.0.1999",-3.825792,-73.299779,95,"mite","mite","nongeophyte",NA,NA,"Potato","PER","Peru"
22497,12009,NA,NA,NA,"Knapp, S; Helgason, T","0.0.1996",-5.983333,-76.216667,180,"mite","mite","nongeophyte",NA,NA,"Potato","PER","Peru"
22498,12010,NA,NA,NA,"Nee, M","0.0.1999",-12.833333,-69.283333,260,"mite","mite","nongeophyte",NA,NA,"Potato","PER","Peru"
22501,12011,NA,NA,NA,"Nee, M","0.0.2001",-12.78725,-68.816519,200,"mite","mite","nongeophyte",NA,NA,"Potato","PER","Peru"
22503,12012,NA,NA,NA,"Knapp, S","0.0.2004",-5.016667,-79.016667,650,"mite","mite","nongeophyte",NA,NA,"Potato","PER","Peru"
22505,12013,NA,NA,NA,"Nee, M","0.0.1991",-12.25,-69.283333,260,"mite","mite","nongeophyte",NA,NA,"Potato","PER","Peru"
22522,12014,NA,NA,NA,"Nee, M","0.0.2004",-13.0545,-72.041833,2100,"mite","mite","nongeophyte",NA,NA,"Potato","PER","Peru"
22523,12015,NA,NA,NA,"Nee, M","0.0.1999",-12.653833,-68.7355,210,"mite","mite","nongeophyte",NA,NA,"Potato","PER","Peru"
22528,12016,NA,NA,NA,"Knapp, S","0.0.1996",-5.655504,-78.321878,2179,"mite","mite","nongeophyte",NA,NA,"Potato","PER","Peru"
22531,12017,NA,NA,NA,"Nee, M","0.0.2002",-13,-72.516667,2050,"mite","mite","nongeophyte",NA,NA,"Potato","PER","Peru"
22534,12018,NA,NA,NA,"Nee, M","0.0.1999",-4.55,-78.166667,350,"mite","mite","nongeophyte",NA,NA,"Potato","PER","Peru"
22539,12019,NA,NA,NA,"Nee, M","0.0.1989",-4.166667,-73.5,130,"mite","mite","nongeophyte",NA,NA,"Potato","PER","Peru"
22542,12020,NA,NA,NA,"Nee, M","0.0.1999",-5.279567,-78.763178,860,"mite","mite","nongeophyte",NA,NA,"Potato","PER","Peru"
22544,12021,NA,NA,NA,"Foster, RB","0.0.1983",-9.666667,-75.416667,450,"mite","mite","nongeophyte",NA,NA,"Potato","PER","Peru"
22545,12022,NA,NA,NA,"Nee, M","0.0.1989",-3.7,-72.833333,115,"mite","mite","nongeophyte",NA,NA,"Potato","PER","Peru"
22546,12023,NA,NA,NA,"Nee, M","0.0.1989",-6.033333,-75.833333,250,"mite","mite","nongeophyte",NA,NA,"Potato","PER","Peru"
22548,12024,NA,NA,NA,"Nee, M","0.0.2005",-5.007167,-78.904833,1550,"mite","mite","nongeophyte",NA,NA,"Potato","PER","Peru"
22549,12025,NA,NA,NA,"Nee, M","0.0.1989",-6.6,-76.166667,200,"mite","mite","nongeophyte",NA,NA,"Potato","PER","Peru"
22552,12026,NA,NA,NA,"Nee, M","0.0.1989",-6.5,-76.366667,380,"mite","mite","nongeophyte",NA,NA,"Potato","PER","Peru"
22559,12027,NA,NA,NA,NA,"0.0.0",-5.916667,-77.883333,1500,"mite","mite","nongeophyte",NA,NA,"Potato","PER","Peru"
22570,12028,NA,NA,NA,"Knapp, S; Helgason, T","0.0.1996",-8.166667,-76.416667,550,"mite","mite","nongeophyte",NA,NA,"Potato","PER","Peru"
22571,12029,NA,NA,NA,"Knapp, S; Helgason, T","0.0.1996",-6.25,-76.716667,500,"mite","mite","nongeophyte",NA,NA,"Potato","PER","Peru"
22573,12030,NA,NA,NA,"Nee, M","0.0.2002",-5.633333,-77.416667,700,"mite","mite","nongeophyte",NA,NA,"Potato","PER","Peru"
23412,12031,NA,NA,NA,"Knapp, S","0.3.2012",-5.624956,-78.416783,1000,"mite","mite","nongeophyte",NA,NA,"Potato","PER","Peru"
24285,12032,NA,NA,NA,"Knapp, S; Helgason, T","0.0.1996",-5.829337,-76.563322,220,"mite","mite","nongeophyte",NA,NA,"Potato","PER","Peru"
24287,12033,NA,NA,NA,"Knapp, S; Helgason, T","0.0.1996",-5.26386,-75.736502,135,"mite","mite","nongeophyte",NA,NA,"Potato","PER","Peru"
24288,12034,NA,NA,NA,"Knapp, S; Helgason, T","0.0.1996",-6.008092,-76.933657,1100,"mite","mite","nongeophyte",NA,NA,"Potato","PER","Peru"
27715,12035,NA,NA,NA,"Knapp, S","0.4.2007",-9.35,-76.2,650,"mite","mite","nongeophyte",NA,NA,"Potato","PER","Peru"
27717,12036,NA,NA,NA,"Knapp, S","0.4.2007",-5.75,-78.933333,790,"mite","mite","nongeophyte",NA,NA,"Potato","PER","Peru"
33091,12037,NA,NA,NA,"Knapp, S","0.9.2008",-5.671167,-77.6725,1170,"mite","mite","nongeophyte",NA,NA,"Potato","PER","Peru"
33092,12038,NA,NA,NA,"Knapp, S","0.9.2008",-13.25,-70.666667,400,"mite","mite","nongeophyte",NA,NA,"Potato","PER","Peru"
33095,12039,NA,NA,NA,"Knapp, S","0.9.2008",-11.56,-71.16,350,"mite","mite","nongeophyte",NA,NA,"Potato","PER","Peru"
33102,12040,NA,NA,NA,"Knapp, S","0.9.2008",-6.583333,-76.65,850,"mite","mite","nongeophyte",NA,NA,"Potato","PER","Peru"
33106,12041,NA,NA,NA,"Knapp, S","0.9.2008",-3.333333,-76.333333,185,"mite","mite","nongeophyte",NA,NA,"Potato","PER","Peru"
33312,12042,NA,NA,NA,"Knapp, S","0.9.2008",-6.514176,-76.063514,700,"mite","mite","nongeophyte",NA,NA,"Potato","PER","Peru"
53740,12043,NA,NA,NA,"Nee, M","0.2.2009",-10.659833,-75.322167,2300,"mite","mite","nongeophyte",NA,NA,"Potato","PER","Peru"
53813,12044,NA,NA,NA,"Nee, M","0.2.2009",-6.113676,-77.293084,1550,"mite","mite","nongeophyte",NA,NA,"Potato","PER","Peru"
53819,12045,NA,NA,NA,"Tepe, EJ","5.10.2010",-3.2744,-72.5139,100,"mite","mite","nongeophyte",NA,NA,"Potato","PER","Peru"
64973,12046,NA,NA,NA,"Knapp, S","0.2.2012",-9.9185,-75.27483,306,"mite","mite","nongeophyte",NA,NA,"Potato","PER","Peru"
65638,12047,NA,NA,NA,"Cueva, M","0.0.2012",-8.738463,-74.10015,156,"mite","mite","nongeophyte",NA,NA,"Potato","PER","Peru"
65713,12048,NA,NA,NA,"Knapp, S","29.2.2012",-12.31005,-70.38282,300,"mite","mite","nongeophyte",NA,NA,"Potato","PER","Peru"
65768,12049,NA,NA,NA,"Knapp, S","29.2.2012",-9.027812,-74.67861,300,"mite","mite","nongeophyte",NA,NA,"Potato","PER","Peru"
66024,12050,NA,NA,NA,"Knapp, S","0.0.2012",-11.78467,-72.69283,467,"mite","mite","nongeophyte",NA,NA,"Potato","PER","Peru"
66031,12051,NA,NA,NA,"Knapp, S","0.0.2012",-10.04774,-74.97199,837,"mite","mite","nongeophyte",NA,NA,"Potato","PER","Peru"
66033,12052,NA,NA,NA,"Knapp, S","0.0.2012",-10.70514,-75.14757,1250,"mite","mite","nongeophyte",NA,NA,"Potato","PER","Peru"
66035,12053,NA,NA,NA,"Knapp, S","0.0.2012",-9.208053,-75.85109,1000,"mite","mite","nongeophyte",NA,NA,"Potato","PER","Peru"
66037,12054,NA,NA,NA,"Knapp, S","0.0.2012",-13.08333,-71.16667,700,"mite","mite","nongeophyte",NA,NA,"Potato","PER","Peru"
66039,12055,NA,NA,NA,"Knapp, S","0.0.2012",-4.916667,-73.75,120,"mite","mite","nongeophyte",NA,NA,"Potato","PER","Peru"
66046,12056,NA,NA,NA,"Knapp, S","0.0.2012",-9.188186,-75.96087,600,"mite","mite","nongeophyte",NA,NA,"Potato","PER","Peru"
66049,12057,NA,NA,NA,"Knapp, S","0.0.2012",-10.17633,-75.72083,1050,"mite","mite","nongeophyte",NA,NA,"Potato","PER","Peru"
71692,12058,NA,NA,NA,"SÃ¤rkinen, T","0.6.2013",-10.0825,-75.1334,290,"mite","mite","nongeophyte",NA,NA,"Potato","PER","Peru"
73503,12059,NA,NA,NA,"Nee, M","0.0.2010",-9.2557,-74.3247,350,"mite","mite","nongeophyte",NA,NA,"Potato","PER","Peru"
74643,12060,NA,NA,NA,"Knapp, S","0.2.2014",-10.0365,-75.56833,500,"mite","mite","nongeophyte",NA,NA,"Potato","PER","Peru"
75069,12061,NA,NA,NA,"Knapp, S","0.0.2014",-12.49207,-70.13693,250,"mite","mite","nongeophyte",NA,NA,"Potato","PER","Peru"
2375,12140,NA,NA,NA,"Knapp, S; Peralta, IE","0.0.2002",-3.460724,-79.177564,2000,"neorickii","neorickii","nongeophyte",NA,NA,"Potato","ECU","Ecuador"
2553,12141,NA,NA,NA,"Knapp, S; Peralta, IE","0.0.2002",-7.483915,-78.087323,2150,"neorickii","neorickii","nongeophyte",NA,NA,"Potato","PER","Peru"
2860,12142,NA,NA,NA,"Knapp, S; Peralta, IE","0.0.2002",-5.772801,-77.906281,1700,"neorickii","neorickii","nongeophyte",NA,NA,"Potato","PER","Peru"
33392,12143,NA,NA,NA,"Knapp, S","0.9.2008",-5.670833,-79.342333,1940,"neorickii","neorickii","nongeophyte",NA,NA,"Potato","PER","Peru"
33397,12144,NA,NA,NA,"Knapp, S","0.9.2008",-5.319333,-78.684167,1000,"neorickii","neorickii","nongeophyte",NA,NA,"Potato","PER","Peru"
33472,12145,NA,NA,NA,"Knapp, S","0.9.2008",-12.400323,-74.900662,2400,"neorickii","neorickii","nongeophyte",NA,NA,"Potato","PER","Peru"
33478,12146,NA,NA,NA,"Knapp, S","0.9.2008",-5.9061,-78.6734,500,"neorickii","neorickii","nongeophyte",NA,NA,"Potato","PER","Peru"
4135,12147,NA,NA,NA,"Knapp, S; Peralta, IE","0.0.2002",-13.5407,-72.6896,2350,"neorickii","neorickii","nongeophyte",NA,NA,"Potato","PER","Peru"
4552,12148,NA,NA,NA,"Knapp, S; Peralta, IE","0.0.2002",-10.452883,-75.137233,2591,"neorickii","neorickii","nongeophyte",NA,NA,"Potato","PER","Peru"
4699,12149,NA,NA,NA,"Knapp, S","0.8.2004",-13.657667,-72.902167,2100,"neorickii","neorickii","nongeophyte",NA,NA,"Potato","PER","Peru"
4890,12150,NA,NA,NA,"Knapp, S; Peralta, IE","0.0.2002",-10.1243,-76.2094,2240,"neorickii","neorickii","nongeophyte",NA,NA,"Potato","PER","Peru"
6117,12151,NA,NA,NA,"Knapp, S; Peralta, IE","0.0.2002",-13.486225,-72.442905,1900,"neorickii","neorickii","nongeophyte",NA,NA,"Potato","PER","Peru"
6300,12152,NA,NA,NA,NA,"0.0.0",-7.259375,-78.589445,1840,"neorickii","neorickii","nongeophyte",NA,NA,"Potato","PER","Peru"
66179,12153,NA,NA,NA,NA,"0.0.0",-13.87312,-73.02347,2079,"neorickii","neorickii","nongeophyte",NA,NA,"Potato","PER","Peru"
71067,12154,NA,NA,NA,"SÃ¤rkinen, T","0.5.2013",-6.36516,-78.5857,1590,"neorickii","neorickii","nongeophyte",NA,NA,"Potato","PER","Peru"
71165,12155,NA,NA,NA,"SÃ¤rkinen, T","0.5.2013",-6.23536,-77.56551,2356,"neorickii","neorickii","nongeophyte",NA,NA,"Potato","PER","Peru"
71265,12156,NA,NA,NA,"SÃ¤rkinen, T","0.5.2013",-8.33361,-77.38197,2840,"neorickii","neorickii","nongeophyte",NA,NA,"Potato","PER","Peru"
71739,12157,NA,NA,NA,"Knapp, S","0.0.2013",-7.333611,-78.79667,2100,"neorickii","neorickii","nongeophyte",NA,NA,"Potato","PER","Peru"
75287,12158,NA,NA,NA,"Knapp, S","0.2.2014",-13.79627,-72.62485,1974,"neorickii","neorickii","nongeophyte",NA,NA,"Potato","PER","Peru"
95404,12159,NA,NA,NA,"Knapp, S","0.6.2014",-6.317944,-77.93569,1755,"neorickii","neorickii","nongeophyte",NA,NA,"Potato","PER","Peru"
120528,12179,NA,NA,NA,"Orozco, CI","1.1.2002",4.901589,-74.4256,0,"ochranthum","ochranthum","nongeophyte",NA,NA,"Potato","COL","Colombia"
1706,12180,NA,NA,NA,"Knapp, S; Peralta, IE","0.0.2002",1.316953,-77.209883,2400,"ochranthum","ochranthum","nongeophyte",NA,NA,"Potato","COL","Colombia"
2127,12181,NA,NA,NA,"Knapp, S; Peralta, IE","0.0.2002",1.56969,-76.946,2630,"ochranthum","ochranthum","nongeophyte",NA,NA,"Potato","COL","Colombia"
2392,12182,NA,NA,NA,"Knapp, S; Peralta, IE","0.0.2002",0.833333,-77.666667,3280,"ochranthum","ochranthum","nongeophyte",NA,NA,"Potato","COL","Colombia"
24429,12183,NA,NA,NA,"Correll, DS","0.0.1959",7.125165,-75.21255,2400,"ochranthum","ochranthum","nongeophyte",NA,NA,"Potato","COL","Colombia"
24431,12184,NA,NA,NA,"Ugent, D","0.0.1967",2.31591,-76.56591,2100,"ochranthum","ochranthum","nongeophyte",NA,NA,"Potato","COL","Colombia"
24432,12185,NA,NA,NA,"Correll, DS","0.0.1959",5.061742,-75.174751,2650,"ochranthum","ochranthum","nongeophyte",NA,NA,"Potato","COL","Colombia"
2645,12186,NA,NA,NA,"Knapp, S; Peralta, IE","0.0.2002",3.75,-76.5,2800,"ochranthum","ochranthum","nongeophyte",NA,NA,"Potato","COL","Colombia"
3501,12187,NA,NA,NA,"Knapp, S; Peralta, IE","0.0.2002",1.148249,-77.095726,3300,"ochranthum","ochranthum","nongeophyte",NA,NA,"Potato","COL","Colombia"
3622,12188,NA,NA,NA,"Knapp, S; Peralta, IE","0.0.2002",4.442077,-75.47106,0,"ochranthum","ochranthum","nongeophyte",NA,NA,"Potato","COL","Colombia"
3833,12189,NA,NA,NA,"Correll, DS","0.0.1959",4.390023,-75.295972,2400,"ochranthum","ochranthum","nongeophyte",NA,NA,"Potato","COL","Colombia"
39236,12190,NA,NA,NA,"Knapp, S","0.10.2009",4.2521,-75.82,0,"ochranthum","ochranthum","nongeophyte",NA,NA,"Potato","COL","Colombia"
12,12191,NA,NA,NA,"Verugo, A","18.1.2001",-2.567476,-78.410417,2748,"ochranthum","ochranthum","nongeophyte",NA,NA,"Potato","ECU","Ecuador"
1499,12192,NA,NA,NA,"Bohs, L","0.4.2005",-0.117242,-78.49165,0,"ochranthum","ochranthum","nongeophyte",NA,NA,"Potato","ECU","Ecuador"
1639,12193,NA,NA,NA,"Knapp, S; Peralta, IE","0.0.2002",0.266667,-78.166667,2700,"ochranthum","ochranthum","nongeophyte",NA,NA,"Potato","ECU","Ecuador"
2374,12194,NA,NA,NA,"Knapp, S; Peralta, IE","0.0.2002",-3.116965,-79.225968,3000,"ochranthum","ochranthum","nongeophyte",NA,NA,"Potato","ECU","Ecuador"
2528,12195,NA,NA,NA,"Knapp, S; Peralta, IE","0.0.2002",-3.733997,-79.25799,0,"ochranthum","ochranthum","nongeophyte",NA,NA,"Potato","ECU","Ecuador"
2587,12196,NA,NA,NA,"Knapp, S; Peralta, IE","0.0.2002",-0.142132,-78.838678,0,"ochranthum","ochranthum","nongeophyte",NA,NA,"Potato","ECU","Ecuador"
3696,12197,NA,NA,NA,"Knapp, S; Peralta, IE","0.0.2002",0.374821,-77.562753,3000,"ochranthum","ochranthum","nongeophyte",NA,NA,"Potato","ECU","Ecuador"
3697,12198,NA,NA,NA,"Knapp, S; Peralta, IE","0.0.2002",-0.035358,-78.343826,2956,"ochranthum","ochranthum","nongeophyte",NA,NA,"Potato","ECU","Ecuador"
3843,12199,NA,NA,NA,"Knapp, S; Peralta, IE","0.0.2002",0.144118,-78.045959,2700,"ochranthum","ochranthum","nongeophyte",NA,NA,"Potato","ECU","Ecuador"
4213,12200,NA,NA,NA,"Knapp, S; Peralta, IE","0.0.2002",-4.224918,-79.186509,1870,"ochranthum","ochranthum","nongeophyte",NA,NA,"Potato","ECU","Ecuador"
4231,12201,NA,NA,NA,"Knapp, S; Peralta, IE","0.0.2002",0.6,-77.933333,2930,"ochranthum","ochranthum","nongeophyte",NA,NA,"Potato","ECU","Ecuador"
4987,12202,NA,NA,NA,"Knapp, S; Peralta, IE","0.0.2002",-0.124622,-78.242573,2300,"ochranthum","ochranthum","nongeophyte",NA,NA,"Potato","ECU","Ecuador"
6090,12203,NA,NA,NA,"Knapp, S; Peralta, IE","0.0.2002",-3.558333,-79.383333,2780,"ochranthum","ochranthum","nongeophyte",NA,NA,"Potato","ECU","Ecuador"
167723,12204,NA,NA,NA,"Knapp, S","0.3.2020",-13.2755,-71.92982,3350,"ochranthum","ochranthum","nongeophyte",NA,NA,"Potato","PER","Peru"
22750,12205,NA,NA,NA,"Nee, M","0.0.2004",-5.675,-79.27,2400,"ochranthum","ochranthum","nongeophyte",NA,NA,"Potato","PER","Peru"
22751,12206,NA,NA,NA,NA,"0.0.0",-5.666667,-77.75,2200,"ochranthum","ochranthum","nongeophyte",NA,NA,"Potato","PER","Peru"
22754,12207,NA,NA,NA,"Nee, M","0.0.2004",-6.333333,-77.666667,1900,"ochranthum","ochranthum","nongeophyte",NA,NA,"Potato","PER","Peru"
2286,12208,NA,NA,NA,"Knapp, S; Peralta, IE","0.0.2002",-6.770092,-77.958335,2093,"ochranthum","ochranthum","nongeophyte",NA,NA,"Potato","PER","Peru"
2497,12209,NA,NA,NA,"Knapp, S; Peralta, IE","0.0.2002",-13.255588,-72.257872,3000,"ochranthum","ochranthum","nongeophyte",NA,NA,"Potato","PER","Peru"
27733,12210,NA,NA,NA,"Knapp, S","0.4.2007",-13.05,-73.083333,3300,"ochranthum","ochranthum","nongeophyte",NA,NA,"Potato","PER","Peru"
2858,12211,NA,NA,NA,"Knapp, S; Peralta, IE","0.0.2002",-5.103152,-79.492302,2400,"ochranthum","ochranthum","nongeophyte",NA,NA,"Potato","PER","Peru"
3348,12212,NA,NA,NA,"Knapp, S; Peralta, IE","0.0.2002",-6.366667,-78.85,2500,"ochranthum","ochranthum","nongeophyte",NA,NA,"Potato","PER","Peru"
3866,12213,NA,NA,NA,"Knapp, S; Peralta, IE","0.0.2002",-13.302428,-72.116712,2100,"ochranthum","ochranthum","nongeophyte",NA,NA,"Potato","PER","Peru"
3917,12214,NA,NA,NA,"Knapp, S; Peralta, IE","0.0.2002",-12.633333,-74.6,2600,"ochranthum","ochranthum","nongeophyte",NA,NA,"Potato","PER","Peru"
4045,12215,NA,NA,NA,"Knapp, S; Peralta, IE","0.0.2002",-6.683485,-77.78364,2250,"ochranthum","ochranthum","nongeophyte",NA,NA,"Potato","PER","Peru"
4394,12216,NA,NA,NA,"Knapp, S; Peralta, IE","0.0.2002",-6.452103,-78.954798,2470,"ochranthum","ochranthum","nongeophyte",NA,NA,"Potato","PER","Peru"
4878,12217,NA,NA,NA,"Knapp, S; Peralta, IE","0.0.2002",-6.308618,-78.690288,1950,"ochranthum","ochranthum","nongeophyte",NA,NA,"Potato","PER","Peru"
4910,12218,NA,NA,NA,"Knapp, S; Peralta, IE","0.0.2002",-12.400117,-74.693213,1900,"ochranthum","ochranthum","nongeophyte",NA,NA,"Potato","PER","Peru"
5396,12219,NA,NA,NA,"Knapp, S; Peralta, IE","0.0.2002",-5.86158,-77.974778,2000,"ochranthum","ochranthum","nongeophyte",NA,NA,"Potato","PER","Peru"
5722,12220,NA,NA,NA,"Knapp, S; Peralta, IE","0.0.2002",-11.506749,-74.811806,2100,"ochranthum","ochranthum","nongeophyte",NA,NA,"Potato","PER","Peru"
5875,12221,NA,NA,NA,"Knapp, S; Peralta, IE","0.0.2002",-12.158138,-74.90034,3250,"ochranthum","ochranthum","nongeophyte",NA,NA,"Potato","PER","Peru"
6002,12222,NA,NA,NA,"Knapp, S; Peralta, IE","0.0.2002",-12.308158,-74.81074,2800,"ochranthum","ochranthum","nongeophyte",NA,NA,"Potato","PER","Peru"
6102,12223,NA,NA,NA,"Knapp, S; Peralta, IE","0.0.2002",-13.626652,-72.876592,2400,"ochranthum","ochranthum","nongeophyte",NA,NA,"Potato","PER","Peru"
65036,12225,NA,NA,NA,"Knapp, S","0.2.2012",-13.54072,-73.50878,2742,"ochranthum","ochranthum","nongeophyte",NA,NA,"Potato","PER","Peru"
71160,12226,NA,NA,NA,"SÃ¤rkinen, T","0.5.2013",-6.23536,-77.56551,2356,"ochranthum","ochranthum","nongeophyte",NA,NA,"Potato","PER","Peru"
75896,12227,NA,NA,NA,NA,"0.0.0",-6.342396,-79.12481,2100,"ochranthum","ochranthum","nongeophyte",NA,NA,"Potato","PER","Peru"
139552,12258,NA,NA,NA,"Knapp, S","0.11.2018",-6.986056,-77.72283,3040,"oxycoccoides","oxycoccoides","nongeophyte",NA,NA,"Potato","PER","Peru"
22850,12259,NA,NA,NA,"Nee, M","0.0.1988",-9.133333,-77.533333,4280,"oxycoccoides","oxycoccoides","nongeophyte",NA,NA,"Potato","PER","Peru"
22851,12260,NA,NA,NA,"Knapp, S","0.9.2008",-8.983333,-77.633333,4250,"oxycoccoides","oxycoccoides","nongeophyte",NA,NA,"Potato","PER","Peru"
30703,12261,NA,NA,NA,"Knapp, S","0.0.2013",-6.1671,-79.368417,3698,"oxycoccoides","oxycoccoides","nongeophyte",NA,NA,"Potato","PER","Peru"
33727,12262,NA,NA,NA,"Knapp, S","0.9.2008",-8.816667,-77.95,3900,"oxycoccoides","oxycoccoides","nongeophyte",NA,NA,"Potato","PER","Peru"
33728,12263,NA,NA,NA,"Knapp, S","0.9.2008",-9.383333,-77.45,4100,"oxycoccoides","oxycoccoides","nongeophyte",NA,NA,"Potato","PER","Peru"
33730,12264,NA,NA,NA,"Knapp, S","0.9.2008",-7.187933,-78.570517,3700,"oxycoccoides","oxycoccoides","nongeophyte",NA,NA,"Potato","PER","Peru"
70741,12265,NA,NA,NA,"Knapp, S","0.0.2013",-7.629417,-77.95897,3680,"oxycoccoides","oxycoccoides","nongeophyte",NA,NA,"Potato","PER","Peru"
75897,12266,NA,NA,NA,NA,"0.0.0",-6.342396,-79.12481,2100,"oxycoccoides","oxycoccoides","nongeophyte",NA,NA,"Potato","PER","Peru"
98055,12267,NA,NA,NA,"Cueva, M","0.11.2014",-10.20972,-76.10444,3614,"oxycoccoides","oxycoccoides","nongeophyte",NA,NA,"Potato","PER","Peru"
138884,12268,NA,NA,NA,"Knapp, S","0.10.2018",-0.737666,-79.80033,200,"pacificum","pacificum","nongeophyte",NA,NA,"Potato","ECU","Ecuador"
53295,12269,NA,NA,NA,"Tepe, EJ","0.2.2009",-0.593611,-79.362222,215,"pacificum","pacificum","nongeophyte",NA,NA,"Potato","ECU","Ecuador"
53495,12270,NA,NA,NA,"Tepe, EJ","20.6.2009",-0.3,-79.21,220,"pacificum","pacificum","nongeophyte",NA,NA,"Potato","ECU","Ecuador"
163293,12271,NA,NA,NA,"Knapp, S","0.0.2020",-36.43333,-70.76667,0,"palustre","palustre","rhizomatous",NA,NA,"Potato","ARG","Argentina"
165071,12272,NA,NA,NA,"Matesevach, AM","0.0.2005",-40.34889,-71.22944,806,"palustre","palustre","rhizomatous",NA,NA,"Potato","ARG","Argentina"
72991,12273,NA,NA,NA,"Barboza, GE","0.0.2013",-40.81181,-71.58011,823,"palustre","palustre","rhizomatous",NA,NA,"Potato","ARG","Argentina"
95558,12274,NA,NA,NA,"Spooner, DM","0.0.2013",-38.1333,-70.9666,700,"palustre","palustre","rhizomatous",NA,NA,"Potato","ARG","Argentina"
95585,12275,NA,NA,NA,"Spooner, DM","0.0.2013",-39.45,-71.2,1020,"palustre","palustre","rhizomatous",NA,NA,"Potato","ARG","Argentina"
95587,12276,NA,NA,NA,"Spooner, DM","0.0.2013",-39.51,-71.29,1100,"palustre","palustre","rhizomatous",NA,NA,"Potato","ARG","Argentina"
95590,12277,NA,NA,NA,"Spooner, DM","0.0.2013",-39.5833,-71.4666,1253,"palustre","palustre","rhizomatous",NA,NA,"Potato","ARG","Argentina"
95607,12278,NA,NA,NA,"Spooner, DM","0.0.2013",-39.8,-71.5833,950,"palustre","palustre","rhizomatous",NA,NA,"Potato","ARG","Argentina"
95617,12279,NA,NA,NA,"Spooner, DM","0.0.2013",-40.1666,-71.35,0,"palustre","palustre","rhizomatous",NA,NA,"Potato","ARG","Argentina"
95618,12280,NA,NA,NA,"Spooner, DM","0.0.2013",-40.1666,-71.45,0,"palustre","palustre","rhizomatous",NA,NA,"Potato","ARG","Argentina"
95633,12281,NA,NA,NA,"Spooner, DM","0.0.2013",-40.47,-71.78333,0,"palustre","palustre","rhizomatous",NA,NA,"Potato","ARG","Argentina"
95634,12282,NA,NA,NA,"Spooner, DM","0.0.2013",-40.47,-71.4,750,"palustre","palustre","rhizomatous",NA,NA,"Potato","ARG","Argentina"
95641,12283,NA,NA,NA,"Spooner, DM","0.0.2013",-40.6166,-71.3166,1040,"palustre","palustre","rhizomatous",NA,NA,"Potato","ARG","Argentina"
95644,12284,NA,NA,NA,"Spooner, DM","0.0.2013",-40.7,-71.6666,0,"palustre","palustre","rhizomatous",NA,NA,"Potato","ARG","Argentina"
95654,12285,NA,NA,NA,"Spooner, DM","0.0.2013",-40.9666,-71.5,0,"palustre","palustre","rhizomatous",NA,NA,"Potato","ARG","Argentina"
95663,12286,NA,NA,NA,"Spooner, DM","0.0.2013",-41.05,-71.15,0,"palustre","palustre","rhizomatous",NA,NA,"Potato","ARG","Argentina"
95694,12287,NA,NA,NA,"Spooner, DM","0.0.2013",-39.92171,-71.06449,0,"palustre","palustre","rhizomatous",NA,NA,"Potato","ARG","Argentina"
95532,12289,NA,NA,NA,"Spooner, DM","0.0.2013",-36.9,-71.5166,1400,"palustre","palustre","rhizomatous",NA,NA,"Potato","CHL","Chile"
95541,12290,NA,NA,NA,"Spooner, DM","0.0.2013",-37.3,-71.95,500,"palustre","palustre","rhizomatous",NA,NA,"Potato","CHL","Chile"
95545,12291,NA,NA,NA,"Spooner, DM","0.0.2013",-37.3333,-71.6833,0,"palustre","palustre","rhizomatous",NA,NA,"Potato","CHL","Chile"
95548,12292,NA,NA,NA,"Spooner, DM","0.0.2013",-37.35,-71.3166,0,"palustre","palustre","rhizomatous",NA,NA,"Potato","CHL","Chile"
95550,12293,NA,NA,NA,"Spooner, DM","0.0.2013",-37.47,-72.95,750,"palustre","palustre","rhizomatous",NA,NA,"Potato","CHL","Chile"
95554,12294,NA,NA,NA,"Spooner, DM","0.0.2013",-37.8,-73.3833,0,"palustre","palustre","rhizomatous",NA,NA,"Potato","CHL","Chile"
95555,12295,NA,NA,NA,"Spooner, DM","0.0.2013",-37.8833,-71.6333,430,"palustre","palustre","rhizomatous",NA,NA,"Potato","CHL","Chile"
95559,12296,NA,NA,NA,"Spooner, DM","0.0.2013",-38.27,-71.75,700,"palustre","palustre","rhizomatous",NA,NA,"Potato","CHL","Chile"
95560,12297,NA,NA,NA,"Spooner, DM","0.0.2013",-38.27,-71.85,480,"palustre","palustre","rhizomatous",NA,NA,"Potato","CHL","Chile"
95562,12298,NA,NA,NA,"Spooner, DM","0.0.2013",-38.42,-71.63333,990,"palustre","palustre","rhizomatous",NA,NA,"Potato","CHL","Chile"
95563,12299,NA,NA,NA,"Spooner, DM","0.0.2013",-38.4333,-71.9833,740,"palustre","palustre","rhizomatous",NA,NA,"Potato","CHL","Chile"
95568,12300,NA,NA,NA,"Spooner, DM","0.0.2013",-38.6666,-72.6333,0,"palustre","palustre","rhizomatous",NA,NA,"Potato","CHL","Chile"
95572,12301,NA,NA,NA,"Spooner, DM","0.0.2013",-38.7166,-71.7166,980,"palustre","palustre","rhizomatous",NA,NA,"Potato","CHL","Chile"
95573,12302,NA,NA,NA,"Spooner, DM","0.0.2013",-38.75,-72.9666,0,"palustre","palustre","rhizomatous",NA,NA,"Potato","CHL","Chile"
95574,12303,NA,NA,NA,"Spooner, DM","0.0.2013",-38.8166,-71.2833,900,"palustre","palustre","rhizomatous",NA,NA,"Potato","CHL","Chile"
95576,12304,NA,NA,NA,"Spooner, DM","0.0.2013",-39.0166,-72.9166,850,"palustre","palustre","rhizomatous",NA,NA,"Potato","CHL","Chile"
95577,12305,NA,NA,NA,"Spooner, DM","0.0.2013",-39.1333,-71.4833,1010,"palustre","palustre","rhizomatous",NA,NA,"Potato","CHL","Chile"
95578,12306,NA,NA,NA,"Spooner, DM","0.0.2013",-39.15,-71.75,590,"palustre","palustre","rhizomatous",NA,NA,"Potato","CHL","Chile"
95581,12307,NA,NA,NA,"Spooner, DM","0.0.2013",-39.25,-71.6,920,"palustre","palustre","rhizomatous",NA,NA,"Potato","CHL","Chile"
95582,12308,NA,NA,NA,"Spooner, DM","0.0.2013",-39.2666,-71.9666,0,"palustre","palustre","rhizomatous",NA,NA,"Potato","CHL","Chile"
95591,12309,NA,NA,NA,"Spooner, DM","0.0.2013",-39.6166,-72.3166,930,"palustre","palustre","rhizomatous",NA,NA,"Potato","CHL","Chile"
95594,12310,NA,NA,NA,"Spooner, DM","0.0.2013",-39.7333,-71.8666,0,"palustre","palustre","rhizomatous",NA,NA,"Potato","CHL","Chile"
95608,12311,NA,NA,NA,"Spooner, DM","0.0.2013",-39.8,-73.2333,0,"palustre","palustre","rhizomatous",NA,NA,"Potato","CHL","Chile"
95610,12312,NA,NA,NA,"Spooner, DM","0.0.2013",-39.8166,-72.0166,550,"palustre","palustre","rhizomatous",NA,NA,"Potato","CHL","Chile"
95611,12313,NA,NA,NA,"Spooner, DM","0.0.2013",-39.95,-71.7833,650,"palustre","palustre","rhizomatous",NA,NA,"Potato","CHL","Chile"
95614,12314,NA,NA,NA,"Spooner, DM","0.0.2013",-40.06,-71.68333,680,"palustre","palustre","rhizomatous",NA,NA,"Potato","CHL","Chile"
95624,12315,NA,NA,NA,"Spooner, DM","0.0.2013",-40.2,-72.86667,0,"palustre","palustre","rhizomatous",NA,NA,"Potato","CHL","Chile"
95626,12316,NA,NA,NA,"Spooner, DM","0.0.2013",-40.2166,-73.7166,0,"palustre","palustre","rhizomatous",NA,NA,"Potato","CHL","Chile"
95627,12317,NA,NA,NA,"Spooner, DM","0.0.2013",-40.3166,-72.5,0,"palustre","palustre","rhizomatous",NA,NA,"Potato","CHL","Chile"
95628,12318,NA,NA,NA,"Spooner, DM","0.0.2013",-40.3333,-73.15,0,"palustre","palustre","rhizomatous",NA,NA,"Potato","CHL","Chile"
95631,12319,NA,NA,NA,"Spooner, DM","0.0.2013",-40.4,-72.06667,710,"palustre","palustre","rhizomatous",NA,NA,"Potato","CHL","Chile"
95640,12320,NA,NA,NA,"Spooner, DM","0.0.2013",-40.5833,-73.0166,75,"palustre","palustre","rhizomatous",NA,NA,"Potato","CHL","Chile"
95645,12321,NA,NA,NA,"Spooner, DM","0.0.2013",-40.7,-72.3,0,"palustre","palustre","rhizomatous",NA,NA,"Potato","CHL","Chile"
95662,12322,NA,NA,NA,"Spooner, DM","0.0.2013",-41.05,-71.8666,0,"palustre","palustre","rhizomatous",NA,NA,"Potato","CHL","Chile"
95664,12323,NA,NA,NA,"Spooner, DM","0.0.2013",-41.06,-72.01667,170,"palustre","palustre","rhizomatous",NA,NA,"Potato","CHL","Chile"
95668,12324,NA,NA,NA,"Spooner, DM","0.0.2013",-41.3833,-72.2833,0,"palustre","palustre","rhizomatous",NA,NA,"Potato","CHL","Chile"
95670,12325,NA,NA,NA,"Spooner, DM","0.0.2013",-41.5333,-73.45,0,"palustre","palustre","rhizomatous",NA,NA,"Potato","CHL","Chile"
95671,12326,NA,NA,NA,"Spooner, DM","0.0.2013",-41.7666,-73.6,0,"palustre","palustre","rhizomatous",NA,NA,"Potato","CHL","Chile"
95672,12327,NA,NA,NA,"Spooner, DM","0.0.2013",-42.3333,-73.55,10,"palustre","palustre","rhizomatous",NA,NA,"Potato","CHL","Chile"
96817,12328,NA,NA,NA,NA,"0.0.0",-40.09527,-72.10055,0,"palustre","palustre","rhizomatous",NA,NA,"Potato","CHL","Chile"
96850,12329,NA,NA,NA,"Spooner, DM","0.0.2016",-36.91636,-71.42619,0,"palustre","palustre","rhizomatous",NA,NA,"Potato","CHL","Chile"
3929,12335,NA,NA,NA,"Knapp, S; Peralta, IE","0.0.2002",-18.483333,-69.9,1500,"pennellii","pennellii","nongeophyte",NA,NA,"Potato","CHL","Chile"
1956,12336,NA,NA,NA,"Knapp, S; Peralta, IE","0.0.2002",-17.16683,-70.934357,1380,"pennellii","pennellii","nongeophyte",NA,NA,"Potato","PER","Peru"
2046,12337,NA,NA,NA,"Knapp, S; Peralta, IE","0.0.2002",-14.717543,-74.254765,0,"pennellii","pennellii","nongeophyte",NA,NA,"Potato","PER","Peru"
2417,12338,NA,NA,NA,"Knapp, S; Peralta, IE","0.0.2002",-9.9982,-78.1862,0,"pennellii","pennellii","nongeophyte",NA,NA,"Potato","PER","Peru"
2506,12339,NA,NA,NA,"Knapp, S; Peralta, IE","0.0.2002",-16.052693,-73.920318,0,"pennellii","pennellii","nongeophyte",NA,NA,"Potato","PER","Peru"
2520,12340,NA,NA,NA,"Knapp, S; Peralta, IE","0.0.2002",-11.468197,-76.620637,2850,"pennellii","pennellii","nongeophyte",NA,NA,"Potato","PER","Peru"
27650,12341,NA,NA,NA,"Knapp, S","0.9.2008",-16.787667,-70.903867,1660,"pennellii","pennellii","nongeophyte",NA,NA,"Potato","PER","Peru"
2827,12342,NA,NA,NA,"Knapp, S; Peralta, IE","0.0.2002",-12.335793,-76.819912,10,"pennellii","pennellii","nongeophyte",NA,NA,"Potato","PER","Peru"
3176,12343,NA,NA,NA,"Knapp, S; Peralta, IE","0.0.2002",-7.616667,-79,770,"pennellii","pennellii","nongeophyte",NA,NA,"Potato","PER","Peru"
3260,12344,NA,NA,NA,"Knapp, S; Peralta, IE","0.0.2002",-15.773202,-73.557868,1950,"pennellii","pennellii","nongeophyte",NA,NA,"Potato","PER","Peru"
3300,12345,NA,NA,NA,"Knapp, S; Peralta, IE","0.0.2002",-5.9251,-80.935,100,"pennellii","pennellii","nongeophyte",NA,NA,"Potato","PER","Peru"
3312,12346,NA,NA,NA,"Knapp, S; Peralta, IE","0.0.2002",-12.32237,-76.25696,1200,"pennellii","pennellii","nongeophyte",NA,NA,"Potato","PER","Peru"
3315,12347,NA,NA,NA,"Knapp, S; Peralta, IE","0.0.2002",-11.935785,-76.700508,800,"pennellii","pennellii","nongeophyte",NA,NA,"Potato","PER","Peru"
3316,12348,NA,NA,NA,"Knapp, S; Peralta, IE","0.0.2002",-15.864746,-74.235822,100,"pennellii","pennellii","nongeophyte",NA,NA,"Potato","PER","Peru"
3338,12349,NA,NA,NA,"Knapp, S; Peralta, IE","0.0.2003",-14.691642,-75.051702,500,"pennellii","pennellii","nongeophyte",NA,NA,"Potato","PER","Peru"
33381,12350,NA,NA,NA,"Knapp, S","0.9.2008",-18.122167,-70.388833,191,"pennellii","pennellii","nongeophyte",NA,NA,"Potato","PER","Peru"
33385,12351,NA,NA,NA,"Knapp, S","0.9.2008",-14.758003,-74.53645,1200,"pennellii","pennellii","nongeophyte",NA,NA,"Potato","PER","Peru"
3341,12352,NA,NA,NA,"Knapp, S; Peralta, IE","0.0.2002",-11.4845,-77.305333,150,"pennellii","pennellii","nongeophyte",NA,NA,"Potato","PER","Peru"
3403,12353,NA,NA,NA,"Knapp, S; Peralta, IE","0.0.2002",-11.67,-76.786333,1300,"pennellii","pennellii","nongeophyte",NA,NA,"Potato","PER","Peru"
3830,12354,NA,NA,NA,"Knapp, S; Peralta, IE","0.0.2002",-11.75,-77,750,"pennellii","pennellii","nongeophyte",NA,NA,"Potato","PER","Peru"
4388,12355,NA,NA,NA,"Knapp, S; Peralta, IE","0.0.2002",-8.416667,-78.75,350,"pennellii","pennellii","nongeophyte",NA,NA,"Potato","PER","Peru"
4419,12356,NA,NA,NA,"Knapp, S; Peralta, IE","0.0.2002",-6.867763,-79.809438,400,"pennellii","pennellii","nongeophyte",NA,NA,"Potato","PER","Peru"
4461,12357,NA,NA,NA,"Knapp, S; Peralta, IE","0.0.2002",-7.708183,-79.104293,600,"pennellii","pennellii","nongeophyte",NA,NA,"Potato","PER","Peru"
5257,12358,NA,NA,NA,"Knapp, S; Peralta, IE","0.0.2002",-12.081324,-76.522222,0,"pennellii","pennellii","nongeophyte",NA,NA,"Potato","PER","Peru"
5262,12359,NA,NA,NA,"Knapp, S; Peralta, IE","0.0.2002",-13.656852,-75.746454,700,"pennellii","pennellii","nongeophyte",NA,NA,"Potato","PER","Peru"
5263,12360,NA,NA,NA,"Knapp, S; Peralta, IE","0.0.2002",-13.51915,-75.4852,1500,"pennellii","pennellii","nongeophyte",NA,NA,"Potato","PER","Peru"
5271,12361,NA,NA,NA,"Knapp, S; Peralta, IE","0.0.2002",-12.7045,-75.969,1050,"pennellii","pennellii","nongeophyte",NA,NA,"Potato","PER","Peru"
5275,12362,NA,NA,NA,"Knapp, S; Peralta, IE","0.0.2002",-9.007042,-78.2254,660,"pennellii","pennellii","nongeophyte",NA,NA,"Potato","PER","Peru"
5282,12363,NA,NA,NA,"Knapp, S; Peralta, IE","0.0.2002",-11.135812,-77.191773,1000,"pennellii","pennellii","nongeophyte",NA,NA,"Potato","PER","Peru"
5391,12364,NA,NA,NA,"Knapp, S; Peralta, IE","0.0.2002",-7.999904,-78.83655,800,"pennellii","pennellii","nongeophyte",NA,NA,"Potato","PER","Peru"
5404,12365,NA,NA,NA,"Knapp, S; Peralta, IE","0.0.2002",-8.105609,-78.956899,60,"pennellii","pennellii","nongeophyte",NA,NA,"Potato","PER","Peru"
71583,12366,NA,NA,NA,"Knapp, S","0.0.2013",-8.58975,-78.19758,777,"pennellii","pennellii","nongeophyte",NA,NA,"Potato","PER","Peru"
74964,12367,NA,NA,NA,"Knapp, S","0.2.2014",-11.66932,-76.90617,1000,"pennellii","pennellii","nongeophyte",NA,NA,"Potato","PER","Peru"
74968,12368,NA,NA,NA,"Knapp, S","0.2.2014",-9.997597,-78.09005,565,"pennellii","pennellii","nongeophyte",NA,NA,"Potato","PER","Peru"
74969,12369,NA,NA,NA,"Knapp, S","0.2.2014",-8.345948,-78.30283,3234,"pennellii","pennellii","nongeophyte",NA,NA,"Potato","PER","Peru"
75874,12370,NA,NA,NA,"Knapp, S","0.0.2014",-10.36186,-77.25261,750,"pennellii","pennellii","nongeophyte",NA,NA,"Potato","PER","Peru"
124298,12371,NA,NA,NA,"Meza-Ortiz, J","0.0.0",6.604694,-73.35833,0,"pentaphyllum","pentaphyllum","nongeophyte",NA,NA,"Potato","COL","Colombia"
34788,12372,NA,NA,NA,"Knapp, S","0.12.2008",6.666667,-76.433333,1460,"pentaphyllum","pentaphyllum","nongeophyte",NA,NA,"Potato","COL","Colombia"
34789,12373,NA,NA,NA,"Knapp, S","0.12.2008",6.533333,-76.316667,1350,"pentaphyllum","pentaphyllum","nongeophyte",NA,NA,"Potato","COL","Colombia"
53439,12374,NA,NA,NA,"Tepe, EJ","0.12.2008",6.31,-76.19,1300,"pentaphyllum","pentaphyllum","nongeophyte",NA,NA,"Potato","COL","Colombia"
53735,12375,NA,NA,NA,"Tepe, EJ","0.12.2009",3.4742,-73.5437,855,"pentaphyllum","pentaphyllum","nongeophyte",NA,NA,"Potato","COL","Colombia"
107417,12376,NA,NA,NA,"Tepe, EJ","0.0.2011",10.3,-84.58,500,"pentaphyllum","pentaphyllum","nongeophyte",NA,NA,"Potato","CRI","Costa Rica"
34785,12377,NA,NA,NA,"Knapp, S","0.12.2008",10.383333,-84.716667,1000,"pentaphyllum","pentaphyllum","nongeophyte",NA,NA,"Potato","CRI","Costa Rica"
39608,12378,NA,NA,NA,"Knapp, S","18.10.2009",10.326898,-68.168765,1219,"pentaphyllum","pentaphyllum","nongeophyte",NA,NA,"Potato","VEN","Venezuela"
53408,12379,NA,NA,NA,"Tepe, EJ","0.12.2008",9.703684,-69.586569,1630,"pentaphyllum","pentaphyllum","nongeophyte",NA,NA,"Potato","VEN","Venezuela"
53445,12380,NA,NA,NA,"Tepe, EJ","20.6.2009",10.404314,-67.288986,1676,"pentaphyllum","pentaphyllum","nongeophyte",NA,NA,"Potato","VEN","Venezuela"
53446,12381,NA,NA,NA,"Tepe, EJ","20.6.2009",9.11,-70.09,1600,"pentaphyllum","pentaphyllum","nongeophyte",NA,NA,"Potato","VEN","Venezuela"
53451,12382,NA,NA,NA,"Tepe, EJ","0.12.2008",8.5,-70.35,1500,"pentaphyllum","pentaphyllum","nongeophyte",NA,NA,"Potato","VEN","Venezuela"
53452,12383,NA,NA,NA,"Tepe, EJ","0.12.2008",8.51,-71.35,1300,"pentaphyllum","pentaphyllum","nongeophyte",NA,NA,"Potato","VEN","Venezuela"
53453,12384,NA,NA,NA,"Tepe, EJ","0.12.2008",10.279575,-67.788854,480,"pentaphyllum","pentaphyllum","nongeophyte",NA,NA,"Potato","VEN","Venezuela"
53457,12385,NA,NA,NA,"Tepe, EJ","0.12.2008",10.444203,-67.963872,0,"pentaphyllum","pentaphyllum","nongeophyte",NA,NA,"Potato","VEN","Venezuela"
53459,12386,NA,NA,NA,"Tepe, EJ","0.12.2008",10.152482,-68.564885,1300,"pentaphyllum","pentaphyllum","nongeophyte",NA,NA,"Potato","VEN","Venezuela"
53460,12387,NA,NA,NA,"Tepe, EJ","0.12.2008",10.12,-68.35,1200,"pentaphyllum","pentaphyllum","nongeophyte",NA,NA,"Potato","VEN","Venezuela"
53465,12388,NA,NA,NA,"Tepe, EJ","0.12.2008",10.357982,-67.597848,1600,"pentaphyllum","pentaphyllum","nongeophyte",NA,NA,"Potato","VEN","Venezuela"
53466,12389,NA,NA,NA,"Tepe, EJ","20.6.2009",10.472864,-67.160025,0,"pentaphyllum","pentaphyllum","nongeophyte",NA,NA,"Potato","VEN","Venezuela"
53469,12390,NA,NA,NA,"Tepe, EJ","0.12.2008",10.35,-67.7,0,"pentaphyllum","pentaphyllum","nongeophyte",NA,NA,"Potato","VEN","Venezuela"
53470,12391,NA,NA,NA,"Tepe, EJ","20.6.2009",10.12239,-68.24001,1250,"pentaphyllum","pentaphyllum","nongeophyte",NA,NA,"Potato","VEN","Venezuela"
53529,12392,NA,NA,NA,"Tepe, EJ","20.6.2009",9.52,-69.18,1300,"pentaphyllum","pentaphyllum","nongeophyte",NA,NA,"Potato","VEN","Venezuela"
1632,12397,NA,NA,NA,"Knapp, S; Peralta, IE","0.0.2002",-18.395594,-69.593937,3350,"peruvianum","peruvianum","nongeophyte",NA,NA,"Potato","CHL","Chile"
1724,12398,NA,NA,NA,"Knapp, S; Peralta, IE","0.0.2002",-18.4,-70.3,20,"peruvianum","peruvianum","nongeophyte",NA,NA,"Potato","CHL","Chile"
1769,12399,NA,NA,NA,"Knapp, S; Peralta, IE","0.0.2002",-18.526044,-70.147892,0,"peruvianum","peruvianum","nongeophyte",NA,NA,"Potato","CHL","Chile"
2658,12400,NA,NA,NA,"Knapp, S; Peralta, IE","0.0.2002",-18.759507,-69.57578,0,"peruvianum","peruvianum","nongeophyte",NA,NA,"Potato","CHL","Chile"
3805,12401,NA,NA,NA,"Knapp, S; Peralta, IE","0.0.2002",-18.816667,-70.133333,500,"peruvianum","peruvianum","nongeophyte",NA,NA,"Potato","CHL","Chile"
1634,12402,NA,NA,NA,"Knapp, S; Peralta, IE","0.0.2002",-16.393063,-71.535557,350,"peruvianum","peruvianum","nongeophyte",NA,NA,"Potato","PER","Peru"
1693,12403,NA,NA,NA,"Knapp, S; Peralta, IE","0.0.2002",-16.218167,-73.673333,90,"peruvianum","peruvianum","nongeophyte",NA,NA,"Potato","PER","Peru"
1694,12404,NA,NA,NA,"Knapp, S; Peralta, IE","0.0.2002",-16.225667,-73.5745,60,"peruvianum","peruvianum","nongeophyte",NA,NA,"Potato","PER","Peru"
1695,12405,NA,NA,NA,"Knapp, S; Peralta, IE","0.0.2002",-15.808833,-74.352667,240,"peruvianum","peruvianum","nongeophyte",NA,NA,"Potato","PER","Peru"
1707,12406,NA,NA,NA,"Knapp, S; Peralta, IE","0.0.2002",-11.863436,-77.007087,100,"peruvianum","peruvianum","nongeophyte",NA,NA,"Potato","PER","Peru"
2047,12407,NA,NA,NA,"Knapp, S; Peralta, IE","0.0.2002",-12.174017,-76.90764,250,"peruvianum","peruvianum","nongeophyte",NA,NA,"Potato","PER","Peru"
2154,12408,NA,NA,NA,"Knapp, S; Peralta, IE","0.0.2002",-11.350478,-77.376558,300,"peruvianum","peruvianum","nongeophyte",NA,NA,"Potato","PER","Peru"
2156,12409,NA,NA,NA,"Knapp, S; Peralta, IE","0.0.2002",-17.009975,-72.016667,500,"peruvianum","peruvianum","nongeophyte",NA,NA,"Potato","PER","Peru"
2259,12410,NA,NA,NA,"Knapp, S; Peralta, IE","0.0.2002",-10.673758,-77.818357,30,"peruvianum","peruvianum","nongeophyte",NA,NA,"Potato","PER","Peru"
2263,12411,NA,NA,NA,"Knapp, S; Peralta, IE","0.0.2002",-7.384091,-79.550695,30,"peruvianum","peruvianum","nongeophyte",NA,NA,"Potato","PER","Peru"
2269,12412,NA,NA,NA,"Knapp, S; Peralta, IE","0.0.2002",-7.717595,-79.325839,60,"peruvianum","peruvianum","nongeophyte",NA,NA,"Potato","PER","Peru"
2278,12413,NA,NA,NA,"Knapp, S; Peralta, IE","0.0.2002",-16,-72.25,0,"peruvianum","peruvianum","nongeophyte",NA,NA,"Potato","PER","Peru"
2418,12414,NA,NA,NA,"Knapp, S; Peralta, IE","0.0.2002",-9.655662,-77.059697,0,"peruvianum","peruvianum","nongeophyte",NA,NA,"Potato","PER","Peru"
2434,12415,NA,NA,NA,"Knapp, S; Peralta, IE","0.0.2002",-11.500535,-77.205382,500,"peruvianum","peruvianum","nongeophyte",NA,NA,"Potato","PER","Peru"
2438,12416,NA,NA,NA,"Knapp, S; Peralta, IE","0.0.2002",-16.356063,-73.02045,480,"peruvianum","peruvianum","nongeophyte",NA,NA,"Potato","PER","Peru"
3162,12417,NA,NA,NA,"Knapp, S; Peralta, IE","0.0.2002",-10.423709,-77.923396,330,"peruvianum","peruvianum","nongeophyte",NA,NA,"Potato","PER","Peru"
3261,12418,NA,NA,NA,"Knapp, S; Peralta, IE","0.0.2002",-16.269293,-73.470198,0,"peruvianum","peruvianum","nongeophyte",NA,NA,"Potato","PER","Peru"
3317,12419,NA,NA,NA,"Knapp, S; Peralta, IE","0.0.2002",-17.091427,-71.671043,700,"peruvianum","peruvianum","nongeophyte",NA,NA,"Potato","PER","Peru"
33290,12420,NA,NA,NA,"Knapp, S","0.9.2008",-15.675482,-74.501437,100,"peruvianum","peruvianum","nongeophyte",NA,NA,"Potato","PER","Peru"
3380,12421,NA,NA,NA,"Knapp, S; Peralta, IE","0.0.2002",-15.870513,-74.241963,350,"peruvianum","peruvianum","nongeophyte",NA,NA,"Potato","PER","Peru"
3433,12422,NA,NA,NA,"Knapp, S; Peralta, IE","0.0.2002",-6.509399,-79.12221,2000,"peruvianum","peruvianum","nongeophyte",NA,NA,"Potato","PER","Peru"
3511,12423,NA,NA,NA,"Knapp, S; Peralta, IE","0.0.2002",-12.067242,-77.14087,0,"peruvianum","peruvianum","nongeophyte",NA,NA,"Potato","PER","Peru"
3568,12424,NA,NA,NA,"Knapp, S; Peralta, IE","0.0.2002",-11.333333,-77.5,400,"peruvianum","peruvianum","nongeophyte",NA,NA,"Potato","PER","Peru"
3580,12425,NA,NA,NA,"Knapp, S; Peralta, IE","0.0.2002",-10.155065,-77.443647,2500,"peruvianum","peruvianum","nongeophyte",NA,NA,"Potato","PER","Peru"
4670,12427,NA,NA,NA,"Knapp, S; Peralta, IE","0.0.2002",-15.81998,-73.392428,1800,"peruvianum","peruvianum","nongeophyte",NA,NA,"Potato","PER","Peru"
4778,12428,NA,NA,NA,"Knapp, S; Peralta, IE","0.0.2002",-17.987955,-70.87665,400,"peruvianum","peruvianum","nongeophyte",NA,NA,"Potato","PER","Peru"
4800,12429,NA,NA,NA,"Knapp, S; Peralta, IE","0.0.2002",-5.016775,-80.009783,1425,"peruvianum","peruvianum","nongeophyte",NA,NA,"Potato","PER","Peru"
4895,12430,NA,NA,NA,"Knapp, S; Peralta, IE","0.0.2002",-11.90279,-76.786243,0,"peruvianum","peruvianum","nongeophyte",NA,NA,"Potato","PER","Peru"
5040,12431,NA,NA,NA,"Knapp, S; Peralta, IE","0.0.2002",-16.617343,-72.692108,800,"peruvianum","peruvianum","nongeophyte",NA,NA,"Potato","PER","Peru"
5145,12432,NA,NA,NA,"Knapp, S; Peralta, IE","0.0.2002",-11.85,-76.4,0,"peruvianum","peruvianum","nongeophyte",NA,NA,"Potato","PER","Peru"
5229,12433,NA,NA,NA,"Knapp, S; Peralta, IE","0.0.2002",-10.792652,-77.708293,0,"peruvianum","peruvianum","nongeophyte",NA,NA,"Potato","PER","Peru"
5485,12434,NA,NA,NA,"Knapp, S; Peralta, IE","0.0.2002",-12.385702,-76.772525,152,"peruvianum","peruvianum","nongeophyte",NA,NA,"Potato","PER","Peru"
5884,12435,NA,NA,NA,"Knapp, S; Peralta, IE","0.0.2002",-10.283543,-78.046076,100,"peruvianum","peruvianum","nongeophyte",NA,NA,"Potato","PER","Peru"
6119,12436,NA,NA,NA,"Knapp, S; Peralta, IE","0.0.2002",-12.73876,-76.584645,300,"peruvianum","peruvianum","nongeophyte",NA,NA,"Potato","PER","Peru"
6233,12437,NA,NA,NA,"Knapp, S; Peralta, IE","0.0.2002",-9.847379,-78.180058,330,"peruvianum","peruvianum","nongeophyte",NA,NA,"Potato","PER","Peru"
6330,12438,NA,NA,NA,"Knapp, S; Peralta, IE","0.0.2002",-11.45159,-76.618595,0,"peruvianum","peruvianum","nongeophyte",NA,NA,"Potato","PER","Peru"
6352,12439,NA,NA,NA,"Knapp, S; Peralta, IE","0.0.2002",-15.907062,-74.121168,250,"peruvianum","peruvianum","nongeophyte",NA,NA,"Potato","PER","Peru"
69808,12440,NA,NA,NA,"Farruggia, F","24.10.2010",-7.658833,-79.053,500,"peruvianum","peruvianum","nongeophyte",NA,NA,"Potato","PER","Peru"
71762,12441,NA,NA,NA,"Knapp, S","0.0.2013",-14.83333,-74.95,1500,"peruvianum","peruvianum","nongeophyte",NA,NA,"Potato","PER","Peru"
75878,12442,NA,NA,NA,"Knapp, S","0.9.2014",-10.36186,-77.25261,750,"peruvianum","peruvianum","nongeophyte",NA,NA,"Potato","PER","Peru"
53633,12456,NA,NA,NA,"Tepe, EJ","20.6.2009",8.4504,-82.1504,1300,"phaseoloides","phaseoloides","nongeophyte",NA,NA,"Potato","PAN","Panama"
107540,12455,NA,NA,NA,"Tepe, EJ","0.0.2009",8.8,-82.4,1707,"phaseoloides","phaseoloides","nongeophyte",NA,NA,"Potato","PAN","Panama"
16163,12446,NA,NA,NA,"Bohs, L","0.6.2002",9.358333,-83.225,1810,"phaseoloides","phaseoloides","nongeophyte",NA,NA,"Potato","CRI","Costa Rica"
47087,12447,NA,NA,NA,"Bohs, L","0.12.2005",9.452,-83.47,1250,"phaseoloides","phaseoloides","nongeophyte",NA,NA,"Potato","CRI","Costa Rica"
53684,12449,NA,NA,NA,"Tepe, EJ","20.6.2009",10.03,-84.01,1660,"phaseoloides","phaseoloides","nongeophyte",NA,NA,"Potato","CRI","Costa Rica"
96023,12452,NA,NA,NA,"Knapp, S","0.0.2014",10.06,-83.59,1200,"phaseoloides","phaseoloides","nongeophyte",NA,NA,"Potato","CRI","Costa Rica"
53694,12451,NA,NA,NA,"Tepe, EJ","20.6.2009",10.12,-84.19,1700,"phaseoloides","phaseoloides","nongeophyte",NA,NA,"Potato","CRI","Costa Rica"
53556,12448,NA,NA,NA,"Tepe, EJ","20.6.2009",10.18,-84.48,1500,"phaseoloides","phaseoloides","nongeophyte",NA,NA,"Potato","CRI","Costa Rica"
107094,12445,NA,NA,NA,"Tepe, EJ","0.0.2009",10.30583,-84.80861,0,"phaseoloides","phaseoloides","nongeophyte",NA,NA,"Potato","CRI","Costa Rica"
53685,12450,NA,NA,NA,"Tepe, EJ","20.6.2009",10.46,-83.46,1400,"phaseoloides","phaseoloides","nongeophyte",NA,NA,"Potato","CRI","Costa Rica"
53562,12453,NA,NA,NA,"Tepe, EJ","0.0.2009",14.455,-91.789444,518,"phaseoloides","phaseoloides","nongeophyte",NA,NA,"Potato","GTM","Guatemala"
53637,12454,NA,NA,NA,"Tepe, EJ","20.6.2009",15.05,-86.44,1415,"phaseoloides","phaseoloides","nongeophyte",NA,NA,"Potato","HND","Honduras"
53636,12444,NA,NA,NA,"Tepe, EJ","20.6.2009",16.530275,-89.084994,500,"phaseoloides","phaseoloides","nongeophyte",NA,NA,"Potato","BLZ","Belize"
1500,12466,NA,NA,NA,"Without Collector","0.0.0",-0.252622,-79.170405,0,"pimpinellifolium","pimpinellifolium","nongeophyte",NA,NA,"Potato","ECU","Ecuador"
1673,12467,NA,NA,NA,"Knapp, S; Peralta, IE","0.0.2002",-3.441017,-79.824075,30,"pimpinellifolium","pimpinellifolium","nongeophyte",NA,NA,"Potato","ECU","Ecuador"
1692,12468,NA,NA,NA,"Knapp, S; Peralta, IE","0.0.2002",-2.167922,-79.769205,0,"pimpinellifolium","pimpinellifolium","nongeophyte",NA,NA,"Potato","ECU","Ecuador"
16921,12469,NA,NA,NA,"Knapp, S","0.0.2006",-0.405882,-80.112573,10,"pimpinellifolium","pimpinellifolium","nongeophyte",NA,NA,"Potato","ECU","Ecuador"
2000,12470,NA,NA,NA,"Knapp, S; Peralta, IE","0.0.2002",-0.958748,-80.70281,0,"pimpinellifolium","pimpinellifolium","nongeophyte",NA,NA,"Potato","ECU","Ecuador"
2002,12471,NA,NA,NA,"Knapp, S; Peralta, IE","0.0.2002",-0.616066,-80.433045,0,"pimpinellifolium","pimpinellifolium","nongeophyte",NA,NA,"Potato","ECU","Ecuador"
2244,12472,NA,NA,NA,"Knapp, S; Peralta, IE","0.0.2002",-2.20142,-80.034323,0,"pimpinellifolium","pimpinellifolium","nongeophyte",NA,NA,"Potato","ECU","Ecuador"
2245,12473,NA,NA,NA,"Knapp, S; Peralta, IE","0.0.2002",-3.45222,-79.961667,0,"pimpinellifolium","pimpinellifolium","nongeophyte",NA,NA,"Potato","ECU","Ecuador"
2248,12474,NA,NA,NA,"Knapp, S; Peralta, IE","0.0.2002",-3.192912,-79.480387,0,"pimpinellifolium","pimpinellifolium","nongeophyte",NA,NA,"Potato","ECU","Ecuador"
2276,12475,NA,NA,NA,"Knapp, S; Peralta, IE","0.0.2002",-2.112167,-77.201667,100,"pimpinellifolium","pimpinellifolium","nongeophyte",NA,NA,"Potato","ECU","Ecuador"
2328,12476,NA,NA,NA,"Knapp, S; Peralta, IE","0.0.2002",-1.079175,-80.51341,80,"pimpinellifolium","pimpinellifolium","nongeophyte",NA,NA,"Potato","ECU","Ecuador"
2670,12477,NA,NA,NA,"Knapp, S; Peralta, IE","0.0.2002",-2.923293,-79.686857,0,"pimpinellifolium","pimpinellifolium","nongeophyte",NA,NA,"Potato","ECU","Ecuador"
2700,12478,NA,NA,NA,NA,"0.0.0",-0.694,-90.3245,187,"pimpinellifolium","pimpinellifolium","nongeophyte",NA,NA,"Potato","ECU","Ecuador"
2961,12479,NA,NA,NA,NA,"0.0.0",-0.825132,-91.153185,230,"pimpinellifolium","pimpinellifolium","nongeophyte",NA,NA,"Potato","ECU","Ecuador"
2968,12480,NA,NA,NA,"Knapp, S","0.0.0",-0.859883,-90.957097,140,"pimpinellifolium","pimpinellifolium","nongeophyte",NA,NA,"Potato","ECU","Ecuador"
3001,12481,NA,NA,NA,"Knapp, S; Peralta, IE","0.0.2002",-0.906167,-89.606333,40,"pimpinellifolium","pimpinellifolium","nongeophyte",NA,NA,"Potato","ECU","Ecuador"
3022,12482,NA,NA,NA,"Knapp, S; Peralta, IE","0.0.2002",-0.673,-90.438667,200,"pimpinellifolium","pimpinellifolium","nongeophyte",NA,NA,"Potato","ECU","Ecuador"
3188,12483,NA,NA,NA,"Knapp, S; Peralta, IE","0.0.2002",-3.271327,-79.571666,200,"pimpinellifolium","pimpinellifolium","nongeophyte",NA,NA,"Potato","ECU","Ecuador"
3231,12484,NA,NA,NA,"Knapp, S; Peralta, IE","0.0.2002",-2.18514,-79.433046,0,"pimpinellifolium","pimpinellifolium","nongeophyte",NA,NA,"Potato","ECU","Ecuador"
3534,12485,NA,NA,NA,"Knapp, S; Peralta, IE","0.0.2002",-0.67525,-79.449491,200,"pimpinellifolium","pimpinellifolium","nongeophyte",NA,NA,"Potato","ECU","Ecuador"
3903,12486,NA,NA,NA,"Knapp, S; Peralta, IE","0.0.2002",-2.121435,-79.53551,0,"pimpinellifolium","pimpinellifolium","nongeophyte",NA,NA,"Potato","ECU","Ecuador"
3938,12487,NA,NA,NA,"Knapp, S; Peralta, IE","0.0.2002",-0.24333,-79.89167,0,"pimpinellifolium","pimpinellifolium","nongeophyte",NA,NA,"Potato","ECU","Ecuador"
3943,12488,NA,NA,NA,"Knapp, S; Peralta, IE","0.0.2002",-2.25,-80.916667,10,"pimpinellifolium","pimpinellifolium","nongeophyte",NA,NA,"Potato","ECU","Ecuador"
3948,12489,NA,NA,NA,"Knapp, S; Peralta, IE","0.0.2002",-2.383333,-80.683333,3,"pimpinellifolium","pimpinellifolium","nongeophyte",NA,NA,"Potato","ECU","Ecuador"
3952,12490,NA,NA,NA,"Knapp, S; Peralta, IE","0.0.2002",-2.35,-80.5,70,"pimpinellifolium","pimpinellifolium","nongeophyte",NA,NA,"Potato","ECU","Ecuador"
4557,12491,NA,NA,NA,NA,"0.0.0",0.522516,-78.280298,550,"pimpinellifolium","pimpinellifolium","nongeophyte",NA,NA,"Potato","ECU","Ecuador"
5001,12492,NA,NA,NA,"Knapp, S; Peralta, IE","0.0.2002",0.325,-79.768333,550,"pimpinellifolium","pimpinellifolium","nongeophyte",NA,NA,"Potato","ECU","Ecuador"
5082,12493,NA,NA,NA,"Knapp, S; Peralta, IE","0.0.2002",-1.291117,-80.34429,300,"pimpinellifolium","pimpinellifolium","nongeophyte",NA,NA,"Potato","ECU","Ecuador"
5508,12494,NA,NA,NA,"Knapp, S; Peralta, IE","0.0.2002",-1.49,-79.31,20,"pimpinellifolium","pimpinellifolium","nongeophyte",NA,NA,"Potato","ECU","Ecuador"
5601,12495,NA,NA,NA,"Knapp, S; Peralta, IE","0.0.2002",-2.161478,-80.170575,0,"pimpinellifolium","pimpinellifolium","nongeophyte",NA,NA,"Potato","ECU","Ecuador"
6092,12496,NA,NA,NA,"Knapp, S; Peralta, IE","0.0.2002",-4.202778,-80.116667,740,"pimpinellifolium","pimpinellifolium","nongeophyte",NA,NA,"Potato","ECU","Ecuador"
6094,12497,NA,NA,NA,"Knapp, S; Peralta, IE","0.0.2002",-3.556111,-80.2075,30,"pimpinellifolium","pimpinellifolium","nongeophyte",NA,NA,"Potato","ECU","Ecuador"
6215,12498,NA,NA,NA,"Knapp, S; Peralta, IE","0.0.2002",0.8,-79.933333,1,"pimpinellifolium","pimpinellifolium","nongeophyte",NA,NA,"Potato","ECU","Ecuador"
6381,12499,NA,NA,NA,"Knapp, S; Peralta, IE","0.0.2002",-1.529,-80.79,10,"pimpinellifolium","pimpinellifolium","nongeophyte",NA,NA,"Potato","ECU","Ecuador"
6451,12500,NA,NA,NA,"Knapp, S","14.1.2005",-0.444015,-79.541439,30,"pimpinellifolium","pimpinellifolium","nongeophyte",NA,NA,"Potato","ECU","Ecuador"
71751,12501,NA,NA,NA,"Knapp, S","0.0.2013",-2.35,-80.2833,80,"pimpinellifolium","pimpinellifolium","nongeophyte",NA,NA,"Potato","ECU","Ecuador"
71752,12502,NA,NA,NA,"Knapp, S","0.0.2013",-0.866666,-79.9333,40,"pimpinellifolium","pimpinellifolium","nongeophyte",NA,NA,"Potato","ECU","Ecuador"
72482,12503,NA,NA,NA,"Darwin, SC","0.0.2002",-0.694333,-90.22133,13,"pimpinellifolium","pimpinellifolium","nongeophyte",NA,NA,"Potato","ECU","Ecuador"
1886,12504,NA,NA,NA,"Knapp, S; Peralta, IE","0.0.2002",-11.55181,-76.675858,0,"pimpinellifolium","pimpinellifolium","nongeophyte",NA,NA,"Potato","PER","Peru"
2059,12505,NA,NA,NA,"Knapp, S; Peralta, IE","0.0.2002",-11.97622,-76.759935,762,"pimpinellifolium","pimpinellifolium","nongeophyte",NA,NA,"Potato","PER","Peru"
2080,12506,NA,NA,NA,"Knapp, S; Peralta, IE","0.0.2002",-5.606445,-78.434288,487,"pimpinellifolium","pimpinellifolium","nongeophyte",NA,NA,"Potato","PER","Peru"
2193,12507,NA,NA,NA,"Knapp, S; Peralta, IE","0.0.2002",-12.023333,-76.636667,0,"pimpinellifolium","pimpinellifolium","nongeophyte",NA,NA,"Potato","PER","Peru"
2194,12508,NA,NA,NA,"Knapp, S; Peralta, IE","0.0.2002",-8.107518,-79.024875,91,"pimpinellifolium","pimpinellifolium","nongeophyte",NA,NA,"Potato","PER","Peru"
2198,12509,NA,NA,NA,"Knapp, S; Peralta, IE","0.0.2002",-7.241655,-79.470638,45,"pimpinellifolium","pimpinellifolium","nongeophyte",NA,NA,"Potato","PER","Peru"
2199,12510,NA,NA,NA,"Knapp, S; Peralta, IE","0.0.2002",-6.472673,-79.91764,22,"pimpinellifolium","pimpinellifolium","nongeophyte",NA,NA,"Potato","PER","Peru"
2258,12511,NA,NA,NA,"Knapp, S; Peralta, IE","0.0.2002",-12.037332,-76.869593,0,"pimpinellifolium","pimpinellifolium","nongeophyte",NA,NA,"Potato","PER","Peru"
2262,12512,NA,NA,NA,"Knapp, S; Peralta, IE","0.0.2002",-11.61676,-77.233808,30,"pimpinellifolium","pimpinellifolium","nongeophyte",NA,NA,"Potato","PER","Peru"
2267,12513,NA,NA,NA,"Knapp, S; Peralta, IE","0.0.2002",-10.067873,-78.15588,60,"pimpinellifolium","pimpinellifolium","nongeophyte",NA,NA,"Potato","PER","Peru"
2274,12514,NA,NA,NA,"Knapp, S; Peralta, IE","0.0.2002",-4.7811,-80.9707,0,"pimpinellifolium","pimpinellifolium","nongeophyte",NA,NA,"Potato","PER","Peru"
22913,12515,NA,NA,NA,"Knapp, S","0.0.2004",-5.133333,-78.916667,620,"pimpinellifolium","pimpinellifolium","nongeophyte",NA,NA,"Potato","PER","Peru"
2383,12516,NA,NA,NA,"Knapp, S; Peralta, IE","0.0.2002",-12.217317,-76.985674,1,"pimpinellifolium","pimpinellifolium","nongeophyte",NA,NA,"Potato","PER","Peru"
2384,12517,NA,NA,NA,"Knapp, S; Peralta, IE","0.0.2002",-14.916667,-74.95,500,"pimpinellifolium","pimpinellifolium","nongeophyte",NA,NA,"Potato","PER","Peru"
2412,12518,NA,NA,NA,"Knapp, S; Peralta, IE","0.0.2002",-5.143667,-81.125667,0,"pimpinellifolium","pimpinellifolium","nongeophyte",NA,NA,"Potato","PER","Peru"
2414,12519,NA,NA,NA,"Knapp, S; Peralta, IE","0.0.2002",-5.316,-79.762667,0,"pimpinellifolium","pimpinellifolium","nongeophyte",NA,NA,"Potato","PER","Peru"
2415,12520,NA,NA,NA,"Knapp, S; Peralta, IE","0.0.2002",-6.068485,-79.722878,0,"pimpinellifolium","pimpinellifolium","nongeophyte",NA,NA,"Potato","PER","Peru"
2416,12521,NA,NA,NA,"Knapp, S; Peralta, IE","0.0.2002",-9.5,-77.75,0,"pimpinellifolium","pimpinellifolium","nongeophyte",NA,NA,"Potato","PER","Peru"
2419,12522,NA,NA,NA,"Knapp, S; Peralta, IE","0.0.2002",-7.044659,-79.577452,100,"pimpinellifolium","pimpinellifolium","nongeophyte",NA,NA,"Potato","PER","Peru"
2435,12523,NA,NA,NA,"Knapp, S; Peralta, IE","0.0.2002",-8.001306,-78.675532,2200,"pimpinellifolium","pimpinellifolium","nongeophyte",NA,NA,"Potato","PER","Peru"
2450,12524,NA,NA,NA,"Knapp, S; Peralta, IE","0.0.2002",-4.574448,-81.269955,180,"pimpinellifolium","pimpinellifolium","nongeophyte",NA,NA,"Potato","PER","Peru"
27633,12525,NA,NA,NA,"Knapp, S","0.4.2007",-13,-72.05,2700,"pimpinellifolium","pimpinellifolium","nongeophyte",NA,NA,"Potato","PER","Peru"
27645,12526,NA,NA,NA,"Knapp, S","0.4.2007",-5.283333,-78.766667,600,"pimpinellifolium","pimpinellifolium","nongeophyte",NA,NA,"Potato","PER","Peru"
2825,12527,NA,NA,NA,"Knapp, S; Peralta, IE","0.0.2002",-10.933768,-77.021997,650,"pimpinellifolium","pimpinellifolium","nongeophyte",NA,NA,"Potato","PER","Peru"
2835,12528,NA,NA,NA,"Knapp, S; Peralta, IE","0.0.2002",-5.50796,-80.636552,50,"pimpinellifolium","pimpinellifolium","nongeophyte",NA,NA,"Potato","PER","Peru"
2848,12529,NA,NA,NA,"Knapp, S; Peralta, IE","0.0.2002",-6.955833,-79.238667,300,"pimpinellifolium","pimpinellifolium","nongeophyte",NA,NA,"Potato","PER","Peru"
2866,12530,NA,NA,NA,"Knapp, S; Peralta, IE","0.0.2002",-12.067,-76.1217,5,"pimpinellifolium","pimpinellifolium","nongeophyte",NA,NA,"Potato","PER","Peru"
2892,12531,NA,NA,NA,"Knapp, S; Peralta, IE","0.0.2002",-11.884167,-76.437167,0,"pimpinellifolium","pimpinellifolium","nongeophyte",NA,NA,"Potato","PER","Peru"
3132,12532,NA,NA,NA,"Knapp, S; Peralta, IE","0.0.2002",-4.942645,-80.566765,260,"pimpinellifolium","pimpinellifolium","nongeophyte",NA,NA,"Potato","PER","Peru"
3313,12533,NA,NA,NA,"Knapp, S; Peralta, IE","0.0.2002",-3.559627,-80.450075,50,"pimpinellifolium","pimpinellifolium","nongeophyte",NA,NA,"Potato","PER","Peru"
3324,12534,NA,NA,NA,"Knapp, S; Peralta, IE","0.0.2002",-3.78366,-80.626338,320,"pimpinellifolium","pimpinellifolium","nongeophyte",NA,NA,"Potato","PER","Peru"
33404,12535,NA,NA,NA,"Knapp, S","0.9.2008",-13.4733,-76.1871,10,"pimpinellifolium","pimpinellifolium","nongeophyte",NA,NA,"Potato","PER","Peru"
3354,12536,NA,NA,NA,"Knapp, S; Peralta, IE","0.0.2002",-3.468792,-80.334707,10,"pimpinellifolium","pimpinellifolium","nongeophyte",NA,NA,"Potato","PER","Peru"
3355,12537,NA,NA,NA,"Knapp, S; Peralta, IE","0.0.2002",-5.20683,-80.084028,180,"pimpinellifolium","pimpinellifolium","nongeophyte",NA,NA,"Potato","PER","Peru"
33611,12538,NA,NA,NA,"Knapp, S","0.9.2008",-5.308793,-79.28335,500,"pimpinellifolium","pimpinellifolium","nongeophyte",NA,NA,"Potato","PER","Peru"
33613,12539,NA,NA,NA,"Knapp, S","0.9.2008",-6.15296,-80.237358,50,"pimpinellifolium","pimpinellifolium","nongeophyte",NA,NA,"Potato","PER","Peru"
33615,12540,NA,NA,NA,"Knapp, S","0.9.2008",-5.928,-78.672333,680,"pimpinellifolium","pimpinellifolium","nongeophyte",NA,NA,"Potato","PER","Peru"
3362,12541,NA,NA,NA,"Knapp, S; Peralta, IE","0.0.2002",-5.47144,-80.458097,100,"pimpinellifolium","pimpinellifolium","nongeophyte",NA,NA,"Potato","PER","Peru"
3364,12542,NA,NA,NA,"Knapp, S; Peralta, IE","0.0.2002",-4.5,-80.666667,50,"pimpinellifolium","pimpinellifolium","nongeophyte",NA,NA,"Potato","PER","Peru"
3627,12543,NA,NA,NA,"Knapp, S; Peralta, IE","0.0.2002",-8.153123,-78.473347,0,"pimpinellifolium","pimpinellifolium","nongeophyte",NA,NA,"Potato","PER","Peru"
3644,12544,NA,NA,NA,"Knapp, S; Peralta, IE","0.0.2002",-7.833333,-78.583333,600,"pimpinellifolium","pimpinellifolium","nongeophyte",NA,NA,"Potato","PER","Peru"
3810,12545,NA,NA,NA,"Knapp, S; Peralta, IE","0.0.2002",-4.528431,-81.053604,200,"pimpinellifolium","pimpinellifolium","nongeophyte",NA,NA,"Potato","PER","Peru"
4023,12547,NA,NA,NA,"Knapp, S; Peralta, IE","0.0.2002",-6.054874,-79.05566,950,"pimpinellifolium","pimpinellifolium","nongeophyte",NA,NA,"Potato","PER","Peru"
4418,12548,NA,NA,NA,"Knapp, S; Peralta, IE","0.0.2002",-6.65,-79.75,700,"pimpinellifolium","pimpinellifolium","nongeophyte",NA,NA,"Potato","PER","Peru"
4523,12549,NA,NA,NA,"Knapp, S; Peralta, IE","0.0.2002",-14.117778,-75.759444,412,"pimpinellifolium","pimpinellifolium","nongeophyte",NA,NA,"Potato","PER","Peru"
4779,12550,NA,NA,NA,"Knapp, S; Peralta, IE","0.0.2002",-7.82,-79.229,0,"pimpinellifolium","pimpinellifolium","nongeophyte",NA,NA,"Potato","PER","Peru"
4881,12551,NA,NA,NA,"Knapp, S; Peralta, IE","0.0.2002",-11.358833,-76.807833,500,"pimpinellifolium","pimpinellifolium","nongeophyte",NA,NA,"Potato","PER","Peru"
4898,12552,NA,NA,NA,"Knapp, S; Peralta, IE","0.0.2002",-13.0212,-76.1226,1500,"pimpinellifolium","pimpinellifolium","nongeophyte",NA,NA,"Potato","PER","Peru"
5042,12553,NA,NA,NA,"Knapp, S; Peralta, IE","0.0.2002",-15.676167,-73.563333,150,"pimpinellifolium","pimpinellifolium","nongeophyte",NA,NA,"Potato","PER","Peru"
5047,12554,NA,NA,NA,"Knapp, S; Peralta, IE","0.0.2002",-12.557895,-76.555795,100,"pimpinellifolium","pimpinellifolium","nongeophyte",NA,NA,"Potato","PER","Peru"
5240,12555,NA,NA,NA,"Knapp, S; Peralta, IE","0.0.2002",-7.25027,-78.657345,0,"pimpinellifolium","pimpinellifolium","nongeophyte",NA,NA,"Potato","PER","Peru"
5269,12556,NA,NA,NA,"Knapp, S; Peralta, IE","0.0.2002",-16.389669,-73.250282,0,"pimpinellifolium","pimpinellifolium","nongeophyte",NA,NA,"Potato","PER","Peru"
5272,12557,NA,NA,NA,"Knapp, S; Peralta, IE","0.0.2002",-6.690293,-79.464351,180,"pimpinellifolium","pimpinellifolium","nongeophyte",NA,NA,"Potato","PER","Peru"
5454,12558,NA,NA,NA,"Knapp, S; Peralta, IE","0.0.2002",-6.67603,-79.073232,1200,"pimpinellifolium","pimpinellifolium","nongeophyte",NA,NA,"Potato","PER","Peru"
5462,12559,NA,NA,NA,"Knapp, S; Peralta, IE","0.0.2002",-11.25373,-77.41657,500,"pimpinellifolium","pimpinellifolium","nongeophyte",NA,NA,"Potato","PER","Peru"
5487,12560,NA,NA,NA,"Knapp, S; Peralta, IE","0.0.2002",-12.067242,-77.14087,0,"pimpinellifolium","pimpinellifolium","nongeophyte",NA,NA,"Potato","PER","Peru"
5597,12561,NA,NA,NA,"Knapp, S; Peralta, IE","0.0.2002",-7.474505,-78.817365,1140,"pimpinellifolium","pimpinellifolium","nongeophyte",NA,NA,"Potato","PER","Peru"
5639,12562,NA,NA,NA,"Knapp, S; Peralta, IE","0.0.2002",-8.47477,-78.155608,1100,"pimpinellifolium","pimpinellifolium","nongeophyte",NA,NA,"Potato","PER","Peru"
6099,12563,NA,NA,NA,"Knapp, S","0.6.2004",-17,-71.833333,600,"pimpinellifolium","pimpinellifolium","nongeophyte",NA,NA,"Potato","PER","Peru"
6242,12564,NA,NA,NA,"Knapp, S; Peralta, IE","0.0.2002",-9.15697,-78.300107,223,"pimpinellifolium","pimpinellifolium","nongeophyte",NA,NA,"Potato","PER","Peru"
6446,12565,NA,NA,NA,"Knapp, S; Peralta, IE","0.0.2002",-12.5,-75.916667,0,"pimpinellifolium","pimpinellifolium","nongeophyte",NA,NA,"Potato","PER","Peru"
65208,12566,NA,NA,NA,"Knapp, S","0.2.2012",-15.4,-74.6,195,"pimpinellifolium","pimpinellifolium","nongeophyte",NA,NA,"Potato","PER","Peru"
71485,12567,NA,NA,NA,"Knapp, S","0.0.2013",-7.641917,-79.00967,672,"pimpinellifolium","pimpinellifolium","nongeophyte",NA,NA,"Potato","PER","Peru"
74972,12568,NA,NA,NA,"Knapp, S","0.2.2014",-11.67317,-76.90483,500,"pimpinellifolium","pimpinellifolium","nongeophyte",NA,NA,"Potato","PER","Peru"
74974,12569,NA,NA,NA,"Knapp, S","0.2.2014",-14.355,-75.66901,300,"pimpinellifolium","pimpinellifolium","nongeophyte",NA,NA,"Potato","PER","Peru"
75879,12570,NA,NA,NA,"Knapp, S","0.0.2014",-10.36186,-77.25261,750,"pimpinellifolium","pimpinellifolium","nongeophyte",NA,NA,"Potato","PER","Peru"
95357,12571,NA,NA,NA,"Knapp, S","0.5.2014",-7.423722,-78.92475,1370,"pimpinellifolium","pimpinellifolium","nongeophyte",NA,NA,"Potato","PER","Peru"
95413,12572,NA,NA,NA,"Knapp, S","0.6.2014",-7.661389,-79.33419,94,"pimpinellifolium","pimpinellifolium","nongeophyte",NA,NA,"Potato","PER","Peru"
98900,12573,NA,NA,NA,"Knapp, S","0.0.2015",-12.46667,-71.56667,1719,"pimpinellifolium","pimpinellifolium","nongeophyte",NA,NA,"Potato","PER","Peru"
118525,12671,NA,NA,NA,"Knapp, S","0.10.2016",-2.955833,-78.34139,1395,"savanillense","savanillense","nongeophyte",NA,NA,"Potato","ECU","Ecuador"
19297,12672,NA,NA,NA,"Knapp, S","0.0.2007",-3.6555,-79.273056,2910,"savanillense","savanillense","nongeophyte",NA,NA,"Potato","ECU","Ecuador"
24612,12673,NA,NA,NA,"Knapp, S","0.0.2001",-4.083333,-79.166667,2800,"savanillense","savanillense","nongeophyte",NA,NA,"Potato","ECU","Ecuador"
66022,12674,NA,NA,NA,"Knapp, S","0.12.2013",-6.0725,-78.3575,2710,"savanillense","savanillense","nongeophyte",NA,NA,"Potato","PER","Peru"
70854,12675,NA,NA,NA,"Cueva, M","19.11.2009",-6.882644,-77.59764,2900,"savanillense","savanillense","nongeophyte",NA,NA,"Potato","PER","Peru"
75219,12676,NA,NA,NA,"Cueva, M","0.11.2014",-10.27183,-75.50983,1895,"savanillense","savanillense","nongeophyte",NA,NA,"Potato","PER","Peru"
161857,12717,NA,NA,NA,"Knapp, S","0.12.2019",19.98176,-97.72126,1119,"skutchii","skutchii","nongeophyte",NA,NA,"Potato","MEX","Mexico"
161858,12718,NA,NA,NA,"Knapp, S","0.12.2019",19.98559,-97.69139,819,"skutchii","skutchii","nongeophyte",NA,NA,"Potato","MEX","Mexico"
122490,12719,NA,NA,NA,"Granados-Tochoy, JC","1.1.2005",2.255499,-75.67003,700,"sodiroi","sodiroi","nongeophyte",NA,NA,"Potato","COL","Colombia"
124041,12720,NA,NA,NA,"VÃ©lez, C","1.1.1994",4.3581,-75.64405,1920,"sodiroi","sodiroi","nongeophyte",NA,NA,"Potato","COL","Colombia"
125234,12721,NA,NA,NA,NA,"0.0.0",5.084692,-75.39146,3000,"sodiroi","sodiroi","nongeophyte",NA,NA,"Potato","COL","Colombia"
139183,12722,NA,NA,NA,"Tepe, EJ","0.10.2018",0.166667,-78.36667,2200,"sodiroi","sodiroi","nongeophyte",NA,NA,"Potato","ECU","Ecuador"
19310,12723,NA,NA,NA,NA,"0.0.0",-1.405861,-78.411167,2280,"sodiroi","sodiroi","nongeophyte",NA,NA,"Potato","ECU","Ecuador"
19337,12724,NA,NA,NA,NA,"0.0.0",-0.000222,-78.544139,2700,"sodiroi","sodiroi","nongeophyte",NA,NA,"Potato","ECU","Ecuador"
26772,12725,NA,NA,NA,"Knapp, S","0.0.1987",-1.25,-78.783333,3150,"sodiroi","sodiroi","nongeophyte",NA,NA,"Potato","ECU","Ecuador"
26774,12726,NA,NA,NA,NA,"0.0.0",-0.05,-78.666667,2700,"sodiroi","sodiroi","nongeophyte",NA,NA,"Potato","ECU","Ecuador"
53290,12727,NA,NA,NA,"Tepe, EJ","0.1.2009",-0.585833,-77.884444,2100,"sodiroi","sodiroi","nongeophyte",NA,NA,"Potato","ECU","Ecuador"
54736,12795,NA,NA,NA,"Spooner, DM","0.0.2014",-19.886037,-65.665271,3700,"stipuloideum","stipuloideum","tuberous",NA,NA,"Potato","BOL","Bolivia"
967,12830,NA,NA,NA,"Spooner, DM","0.0.2015",-17.877895,-65.930962,2800,"stipuloideum","stipuloideum","tuberous",NA,NA,"Potato","BOL","Bolivia"
161659,13101,NA,NA,NA,"Knapp, S","0.10.2019",-15.53333,-67.35,650,"suaveolens","suaveolens","nongeophyte",NA,NA,"Potato","BOL","Bolivia"
24607,13102,NA,NA,NA,NA,"0.0.0",-16.337262,-67.82499,0,"suaveolens","suaveolens","nongeophyte",NA,NA,"Potato","BOL","Bolivia"
35404,13103,NA,NA,NA,"Knapp, S","0.0.2006",-14.37502,-68.2522,1297,"suaveolens","suaveolens","nongeophyte",NA,NA,"Potato","BOL","Bolivia"
35412,13104,NA,NA,NA,"Knapp, S","0.0.2006",-16.20305,-67.26625,1155,"suaveolens","suaveolens","nongeophyte",NA,NA,"Potato","BOL","Bolivia"
112078,13105,NA,NA,NA,"Correll, DS","0.0.1962",4.933859,-74.43444,1600,"suaveolens","suaveolens","nongeophyte",NA,NA,"Potato","COL","Colombia"
112233,13106,NA,NA,NA,"Correll, DS","0.0.1962",1.209976,-76.80697,1600,"suaveolens","suaveolens","nongeophyte",NA,NA,"Potato","COL","Colombia"
7992,13107,NA,NA,NA,"Knapp, S","0.0.2000",10.304167,-84.811111,1500,"suaveolens","suaveolens","nongeophyte",NA,NA,"Potato","CRI","Costa Rica"
26830,13108,NA,NA,NA,"Nee, M","0.0.1997",-1.616667,-80.833333,20,"suaveolens","suaveolens","nongeophyte",NA,NA,"Potato","ECU","Ecuador"
26833,13109,NA,NA,NA,"Knapp, S","0.0.0",-2.166667,-79.833333,100,"suaveolens","suaveolens","nongeophyte",NA,NA,"Potato","ECU","Ecuador"
9196,13110,NA,NA,NA,"Knapp, S","0.0.2002",17.160694,-89.658397,0,"suaveolens","suaveolens","nongeophyte",NA,NA,"Potato","GTM","Guatemala"
7754,13111,NA,NA,NA,"Nee, M","0.0.1995",15.416667,-85.783333,635,"suaveolens","suaveolens","nongeophyte",NA,NA,"Potato","HND","Honduras"
7759,13112,NA,NA,NA,"Nee, M","0.0.1995",17.266667,-93.016667,750,"suaveolens","suaveolens","nongeophyte",NA,NA,"Potato","MEX","Mexico"
132554,13113,NA,NA,NA,"Orejuela, A","1.6.2017",-8.354639,-76.73242,1007,"suaveolens","suaveolens","nongeophyte",NA,NA,"Potato","PER","Peru"
15189,13114,NA,NA,NA,"Knapp, S","0.0.2005",-5.683333,-77.65,1000,"suaveolens","suaveolens","nongeophyte",NA,NA,"Potato","PER","Peru"
22212,13115,NA,NA,NA,"Knapp, S","0.0.2014",-6.6,-76.166667,250,"suaveolens","suaveolens","nongeophyte",NA,NA,"Potato","PER","Peru"
23277,13117,NA,NA,NA,NA,"0.0.0",-10.066667,-71.1,300,"suaveolens","suaveolens","nongeophyte",NA,NA,"Potato","PER","Peru"
23278,13118,NA,NA,NA,"Knapp, S","0.0.2014",-10.2,-70.95,190,"suaveolens","suaveolens","nongeophyte",NA,NA,"Potato","PER","Peru"
23279,13119,NA,NA,NA,"Knapp, S","0.0.2014",-11.900541,-71.367529,400,"suaveolens","suaveolens","nongeophyte",NA,NA,"Potato","PER","Peru"
26831,13120,NA,NA,NA,"Ugent, D","0.0.1967",-6.471617,-76.404035,250,"suaveolens","suaveolens","nongeophyte",NA,NA,"Potato","PER","Peru"
32955,13121,NA,NA,NA,"Knapp, S","0.9.2008",-12.766667,-73.166667,500,"suaveolens","suaveolens","nongeophyte",NA,NA,"Potato","PER","Peru"
70935,13122,NA,NA,NA,"Knapp, S","0.0.2014",-12.8837,-73.55174,830,"suaveolens","suaveolens","nongeophyte",NA,NA,"Potato","PER","Peru"
71384,13123,NA,NA,NA,"Knapp, S","0.0.0",-11.15082,-75.21364,1309,"suaveolens","suaveolens","nongeophyte",NA,NA,"Potato","PER","Peru"
74636,13124,NA,NA,NA,"Knapp, S","0.2.2014",-10.38109,-75.54987,1645,"suaveolens","suaveolens","nongeophyte",NA,NA,"Potato","PER","Peru"
75280,13125,NA,NA,NA,"Knapp, S","0.2.2014",-10.706,-75.05,970,"suaveolens","suaveolens","nongeophyte",NA,NA,"Potato","PER","Peru"
75310,13126,NA,NA,NA,"Knapp, S","0.2.2014",-8.079888,-76.63074,500,"suaveolens","suaveolens","nongeophyte",NA,NA,"Potato","PER","Peru"
75601,13127,NA,NA,NA,"Knapp, S","0.0.2014",-12.11364,-74.0068,460,"suaveolens","suaveolens","nongeophyte",NA,NA,"Potato","PER","Peru"
75607,13128,NA,NA,NA,"Knapp, S","0.0.2014",-11.10784,-75.33776,800,"suaveolens","suaveolens","nongeophyte",NA,NA,"Potato","PER","Peru"
75608,13129,NA,NA,NA,"Knapp, S","0.0.2014",-12.57235,-73.79683,600,"suaveolens","suaveolens","nongeophyte",NA,NA,"Potato","PER","Peru"
75611,13130,NA,NA,NA,"Knapp, S","0.0.2014",-9.074329,-76.08717,500,"suaveolens","suaveolens","nongeophyte",NA,NA,"Potato","PER","Peru"
75614,13131,NA,NA,NA,"Knapp, S","0.0.2014",-7.206401,-75.03864,160,"suaveolens","suaveolens","nongeophyte",NA,NA,"Potato","PER","Peru"
76754,13132,NA,NA,NA,"Knapp, S","0.5.2014",-10.19707,-75.45771,1146,"suaveolens","suaveolens","nongeophyte",NA,NA,"Potato","PER","Peru"
76755,13133,NA,NA,NA,"Knapp, S","0.5.2014",-11.26284,-75.55697,2300,"suaveolens","suaveolens","nongeophyte",NA,NA,"Potato","PER","Peru"
107448,13134,NA,NA,NA,"Tepe, EJ","0.0.2008",6.59,-75.24,2750,"tabanoense","tabanoense","nongeophyte",NA,NA,"Potato","COL","Colombia"
107582,13135,NA,NA,NA,"Tepe, EJ","0.0.2008",5.43,-75.15,2500,"tabanoense","tabanoense","nongeophyte",NA,NA,"Potato","COL","Colombia"
108264,13136,NA,NA,NA,"Tepe, EJ","0.0.2008",6.18,-75.41,2640,"tabanoense","tabanoense","nongeophyte",NA,NA,"Potato","COL","Colombia"
120441,13137,NA,NA,NA,"Rangel, O","0.0.0",5.514426,-72.91203,3000,"tabanoense","tabanoense","nongeophyte",NA,NA,"Potato","COL","Colombia"
121397,13138,NA,NA,NA,"Ochoa, CM","1.1.1992",1.179956,-76.9414,2200,"tabanoense","tabanoense","nongeophyte",NA,NA,"Potato","COL","Colombia"
121784,13139,NA,NA,NA,"Ochoa, CM","1.1.1992",6.27534,-75.68285,2800,"tabanoense","tabanoense","nongeophyte",NA,NA,"Potato","COL","Colombia"
124488,13140,NA,NA,NA,"Granados-Tochoy, JC","1.1.2004",2.472611,-76.20333,2700,"tabanoense","tabanoense","nongeophyte",NA,NA,"Potato","COL","Colombia"
107014,13141,NA,NA,NA,"Tepe, EJ","0.0.2008",-3.808333,-79.23333,2987,"tabanoense","tabanoense","nongeophyte",NA,NA,"Potato","ECU","Ecuador"
108289,13142,NA,NA,NA,"Tepe, EJ","0.0.2008",-2.783333,-78.61667,2438,"tabanoense","tabanoense","nongeophyte",NA,NA,"Potato","ECU","Ecuador"
108358,13143,NA,NA,NA,"Anderson, GJ","0.0.1997",-2.866667,-79.06667,3000,"tabanoense","tabanoense","nongeophyte",NA,NA,"Potato","ECU","Ecuador"
139182,13144,NA,NA,NA,"Tepe, EJ","0.10.2018",0.646417,-77.52436,2680,"tabanoense","tabanoense","nongeophyte",NA,NA,"Potato","ECU","Ecuador"
34756,13145,NA,NA,NA,"Knapp, S","0.0.2008",-2.09,-79.02,650,"tabanoense","tabanoense","nongeophyte",NA,NA,"Potato","ECU","Ecuador"
34778,13146,NA,NA,NA,"Knapp, S","0.12.2008",0.116667,-78.633333,1250,"tabanoense","tabanoense","nongeophyte",NA,NA,"Potato","ECU","Ecuador"
70750,13147,NA,NA,NA,"Tepe, EJ","0.0.2008",-6.813209,-77.6674,2500,"tabanoense","tabanoense","nongeophyte",NA,NA,"Potato","PER","Peru"
107243,13148,NA,NA,NA,"Bohs, L","0.0.1998",9.44,-83.52,3100,"taeniotrichum","taeniotrichum","nongeophyte",NA,NA,"Potato","CRI","Costa Rica"
107285,13149,NA,NA,NA,"Bohs, L","0.0.1998",9.53,-83.7,2700,"taeniotrichum","taeniotrichum","nongeophyte",NA,NA,"Potato","CRI","Costa Rica"
18101,13150,NA,NA,NA,"Bohs, L","0.1.2004",9.440833,-83.520833,3100,"taeniotrichum","taeniotrichum","nongeophyte",NA,NA,"Potato","CRI","Costa Rica"
18102,13151,NA,NA,NA,"Bohs, L","0.1.2001",9.533333,-83.7,2800,"taeniotrichum","taeniotrichum","nongeophyte",NA,NA,"Potato","CRI","Costa Rica"
97430,13152,NA,NA,NA,"Bohs, L","0.0.2000",9.57111,-83.73888,3200,"taeniotrichum","taeniotrichum","nongeophyte",NA,NA,"Potato","CRI","Costa Rica"
40993,13153,NA,NA,NA,"Knapp, S","0.0.2007",9.05641,-82.5236,3000,"taeniotrichum","taeniotrichum","nongeophyte",NA,NA,"Potato","PAN","Panama"
40996,13154,NA,NA,NA,"Knapp, S","0.0.2007",9.05769,-82.52423,3200,"taeniotrichum","taeniotrichum","nongeophyte",NA,NA,"Potato","PAN","Panama"
105104,13161,NA,NA,NA,"Knapp, S","0.1.2016",-14.78722,-69.02667,3061,"ternatum","ternatum","nongeophyte",NA,NA,"Potato","BOL","Bolivia"
11465,13162,NA,NA,NA,"Nee, M","0.0.1997",-17.26613,-65.55602,0,"ternatum","ternatum","nongeophyte",NA,NA,"Potato","BOL","Bolivia"
35338,13163,NA,NA,NA,"Knapp, S","0.0.2006",-15.090142,-68.485737,1500,"ternatum","ternatum","nongeophyte",NA,NA,"Potato","BOL","Bolivia"
114654,13164,NA,NA,NA,"Nee, M","1.1.1988",2.198881,-76.09716,2300,"ternatum","ternatum","nongeophyte",NA,NA,"Potato","COL","Colombia"
115106,13165,NA,NA,NA,"Orozco, CI","1.1.1999",5.966881,-73.1632,2600,"ternatum","ternatum","nongeophyte",NA,NA,"Potato","COL","Colombia"
122124,13166,NA,NA,NA,"Nee, M","1.1.1988",4.097671,-74.41397,2300,"ternatum","ternatum","nongeophyte",NA,NA,"Potato","COL","Colombia"
124306,13167,NA,NA,NA,"VÃ©lez, JM","16.3.2011",6.604694,-73.35833,0,"ternatum","ternatum","nongeophyte",NA,NA,"Potato","COL","Colombia"
124375,13168,NA,NA,NA,"Orozco, CI","1.1.1999",5.809952,-73.49441,2400,"ternatum","ternatum","nongeophyte",NA,NA,"Potato","COL","Colombia"
19247,13169,NA,NA,NA,"Knapp, S","0.0.2007",-4.494917,-79.131917,2500,"ternatum","ternatum","nongeophyte",NA,NA,"Potato","ECU","Ecuador"
35938,13170,NA,NA,NA,"Knapp, S","0.0.2007",-0.633333,-77.833333,2000,"ternatum","ternatum","nongeophyte",NA,NA,"Potato","ECU","Ecuador"
74781,13171,NA,NA,NA,"Knapp, S","0.2.2014",-4.116667,-78.61667,900,"ternatum","ternatum","nongeophyte",NA,NA,"Potato","ECU","Ecuador"
11466,13172,NA,NA,NA,"Knapp, S","0.0.1996",-11.205912,-75.480655,1900,"ternatum","ternatum","nongeophyte",NA,NA,"Potato","PER","Peru"
139673,13173,NA,NA,NA,"Knapp, S","0.11.2018",-11.38389,-74.02889,1346,"ternatum","ternatum","nongeophyte",NA,NA,"Potato","PER","Peru"
139703,13174,NA,NA,NA,"Knapp, S","0.11.2018",-11.30056,-74.97889,3180,"ternatum","ternatum","nongeophyte",NA,NA,"Potato","PER","Peru"
15526,13175,NA,NA,NA,"Knapp, S","0.0.2006",-10.433333,-75.383333,2210,"ternatum","ternatum","nongeophyte",NA,NA,"Potato","PER","Peru"
20620,13176,NA,NA,NA,"Knapp, S","0.3.2007",-9.507825,-75.93533,900,"ternatum","ternatum","nongeophyte",NA,NA,"Potato","PER","Peru"
21596,13177,NA,NA,NA,"SÃ¤rkinen, T","0.9.2014",-10.2,-75.216667,430,"ternatum","ternatum","nongeophyte",NA,NA,"Potato","PER","Peru"
21773,13178,NA,NA,NA,"Nee, M","0.0.2008",-10.372167,-75.608,2720,"ternatum","ternatum","nongeophyte",NA,NA,"Potato","PER","Peru"
21930,13179,NA,NA,NA,"Knapp, S","0.0.2012",-13.15,-72.5,2200,"ternatum","ternatum","nongeophyte",NA,NA,"Potato","PER","Peru"
23328,13180,NA,NA,NA,"Knapp, S; Helgason, T","0.0.1996",-9.176957,-75.800327,1620,"ternatum","ternatum","nongeophyte",NA,NA,"Potato","PER","Peru"
23330,13181,NA,NA,NA,"Nee, M","0.0.1986",-9.7,-76.083333,2850,"ternatum","ternatum","nongeophyte",NA,NA,"Potato","PER","Peru"
23331,13182,NA,NA,NA,"Nee, M","0.0.1991",-6.366042,-78.797345,2400,"ternatum","ternatum","nongeophyte",NA,NA,"Potato","PER","Peru"
23335,13183,NA,NA,NA,"Nee, M","0.0.2005",-4.9875,-78.9025,2010,"ternatum","ternatum","nongeophyte",NA,NA,"Potato","PER","Peru"
23336,13184,NA,NA,NA,"Nee, M","0.0.1997",-6.33933,-77.494918,2000,"ternatum","ternatum","nongeophyte",NA,NA,"Potato","PER","Peru"
23337,13185,NA,NA,NA,"Nee, M","0.0.2004",-5.288167,-79.272,2190,"ternatum","ternatum","nongeophyte",NA,NA,"Potato","PER","Peru"
23340,13186,NA,NA,NA,"Nee, M","0.0.1986",-10.25,-75.5,1620,"ternatum","ternatum","nongeophyte",NA,NA,"Potato","PER","Peru"
23344,13187,NA,NA,NA,"Nee, M","0.0.2005",-5.666667,-77.766667,1850,"ternatum","ternatum","nongeophyte",NA,NA,"Potato","PER","Peru"
23350,13188,NA,NA,NA,"Knapp, S; Helgason, T","0.0.1996",-9.288809,-76.012169,700,"ternatum","ternatum","nongeophyte",NA,NA,"Potato","PER","Peru"
23353,13189,NA,NA,NA,"Knapp, S","0.0.1996",-13.283333,-70.8,720,"ternatum","ternatum","nongeophyte",NA,NA,"Potato","PER","Peru"
23355,13190,NA,NA,NA,"Knapp, S","0.0.1996",-5.655504,-78.321878,2179,"ternatum","ternatum","nongeophyte",NA,NA,"Potato","PER","Peru"
23358,13191,NA,NA,NA,"Nee, M","0.0.1999",-6.1055,-78.3425,2370,"ternatum","ternatum","nongeophyte",NA,NA,"Potato","PER","Peru"
23360,13192,NA,NA,NA,"Knapp, S; Helgason, T","0.0.1996",-9.666667,-75.416667,450,"ternatum","ternatum","nongeophyte",NA,NA,"Potato","PER","Peru"
26870,13193,NA,NA,NA,"Knapp, S","0.0.1998",-6.083333,-77.266667,870,"ternatum","ternatum","nongeophyte",NA,NA,"Potato","PER","Peru"
26871,13194,NA,NA,NA,"Knapp, S","0.0.2000",-6.813209,-77.667402,2500,"ternatum","ternatum","nongeophyte",NA,NA,"Potato","PER","Peru"
27723,13195,NA,NA,NA,"Knapp, S","0.4.2007",-6.2075,-77.6765,2100,"ternatum","ternatum","nongeophyte",NA,NA,"Potato","PER","Peru"
27725,13196,NA,NA,NA,"Knapp, S","0.4.2007",-5.275452,-78.710079,1600,"ternatum","ternatum","nongeophyte",NA,NA,"Potato","PER","Peru"
27728,13197,NA,NA,NA,"Knapp, S","0.4.2007",-10.75,-74.916667,1450,"ternatum","ternatum","nongeophyte",NA,NA,"Potato","PER","Peru"
33186,13198,NA,NA,NA,"Knapp, S","0.9.2008",-13.109855,-71.610291,3250,"ternatum","ternatum","nongeophyte",NA,NA,"Potato","PER","Peru"
33189,13199,NA,NA,NA,"Knapp, S","0.9.2008",-12.257667,-72.092167,2179,"ternatum","ternatum","nongeophyte",NA,NA,"Potato","PER","Peru"
33190,13200,NA,NA,NA,"Knapp, S","0.9.2008",-12.158,-72.571833,750,"ternatum","ternatum","nongeophyte",NA,NA,"Potato","PER","Peru"
57339,13201,NA,NA,NA,"Knapp, S","0.8.2011",-10.633333,-75.166667,950,"ternatum","ternatum","nongeophyte",NA,NA,"Potato","PER","Peru"
65078,13202,NA,NA,NA,"Knapp, S","0.2.2012",-10.53833,-75.06683,1000,"ternatum","ternatum","nongeophyte",NA,NA,"Potato","PER","Peru"
73296,13204,NA,NA,NA,"Knapp, S","0.12.2013",-12.91861,-72.78139,1354,"ternatum","ternatum","nongeophyte",NA,NA,"Potato","PER","Peru"
73502,13205,NA,NA,NA,"Nee, M","0.0.2010",-9.2614,-74.333,400,"ternatum","ternatum","nongeophyte",NA,NA,"Potato","PER","Peru"
74651,13206,NA,NA,NA,"Knapp, S","0.2.2014",-13.4919,-70.8757,2791,"ternatum","ternatum","nongeophyte",NA,NA,"Potato","PER","Peru"
74766,13207,NA,NA,NA,"Knapp, S","0.2.2014",-7.649114,-77.39734,2350,"ternatum","ternatum","nongeophyte",NA,NA,"Potato","PER","Peru"
74769,13208,NA,NA,NA,"Knapp, S","0.2.2014",-12.86181,-72.65649,2600,"ternatum","ternatum","nongeophyte",NA,NA,"Potato","PER","Peru"
74777,13209,NA,NA,NA,"Knapp, S","0.2.2014",-12.44167,-72.50083,1567,"ternatum","ternatum","nongeophyte",NA,NA,"Potato","PER","Peru"
74779,13210,NA,NA,NA,"Knapp, S","0.2.2014",-11.656,-73.667,3350,"ternatum","ternatum","nongeophyte",NA,NA,"Potato","PER","Peru"
74780,13211,NA,NA,NA,"Knapp, S","0.2.2014",-12.73367,-73.36717,1167,"ternatum","ternatum","nongeophyte",NA,NA,"Potato","PER","Peru"
74783,13212,NA,NA,NA,"Knapp, S","0.2.2014",-6.350668,-79.11182,1940,"ternatum","ternatum","nongeophyte",NA,NA,"Potato","PER","Peru"
831,13213,NA,NA,NA,NA,"0.0.0",-9.596798,-75.689312,2200,"ternatum","ternatum","nongeophyte",NA,NA,"Potato","PER","Peru"
14682,13214,NA,NA,NA,"Dorr, LJ","0.0.2002",9.148653,-70.295616,1900,"ternatum","ternatum","nongeophyte",NA,NA,"Potato","VEN","Venezuela"
26873,13215,NA,NA,NA,"Knapp, S","0.10.2009",8.627836,-71.154491,0,"ternatum","ternatum","nongeophyte",NA,NA,"Potato","VEN","Venezuela"
27729,13216,NA,NA,NA,"Knapp, S","0.4.2007",7.566667,-72.416667,2200,"ternatum","ternatum","nongeophyte",NA,NA,"Potato","VEN","Venezuela"
35060,13217,NA,NA,NA,"Knapp, S; Helgason, T","0.0.1996",10.393265,-67.298169,0,"ternatum","ternatum","nongeophyte",NA,NA,"Potato","VEN","Venezuela"
76462,13218,NA,NA,NA,"Stern, S","18.2.2009",-0.689361,-77.73689,1057,"trachycarpum","trachycarpum","nongeophyte",NA,NA,"Potato","ECU","Ecuador"
76868,13219,NA,NA,NA,"Knapp, S","0.5.2014",-5.666667,-78.41667,700,"trachycarpum","trachycarpum","nongeophyte",NA,NA,"Potato","PER","Peru"
76869,13220,NA,NA,NA,"Knapp, S","0.5.2014",-10.19503,-77.10283,2600,"trachycarpum","trachycarpum","nongeophyte",NA,NA,"Potato","PER","Peru"
76870,13221,NA,NA,NA,"Knapp, S","0.5.2014",-10.20708,-77.11224,3000,"trachycarpum","trachycarpum","nongeophyte",NA,NA,"Potato","PER","Peru"
53292,13238,NA,NA,NA,"Tepe, EJ","0.2.2009",-1.676667,-79.104167,2800,"trifolium","trifolium","nongeophyte",NA,NA,"Potato","ECU","Ecuador"
53471,13239,NA,NA,NA,"Tepe, EJ","0.12.2008",-1.43,-79.06,2800,"trifolium","trifolium","nongeophyte",NA,NA,"Potato","ECU","Ecuador"
75538,13240,NA,NA,NA,NA,"0.0.0",-1.39,-79.06,2820,"trifolium","trifolium","nongeophyte",NA,NA,"Potato","ECU","Ecuador"
12759,13244,NA,NA,NA,"Bohs, L","0.0.2000",8.950083,-82.832444,1700,"trizygum","trizygum","nongeophyte",NA,NA,"Potato","CRI","Costa Rica"
12768,13245,NA,NA,NA,"Bohs, L","0.1.2001",10.8,-85.352778,1000,"trizygum","trizygum","nongeophyte",NA,NA,"Potato","CRI","Costa Rica"
130213,13246,NA,NA,NA,"Knapp, S","0.11.2017",10.15417,-83.94414,475,"trizygum","trizygum","nongeophyte",NA,NA,"Potato","CRI","Costa Rica"
16204,13247,NA,NA,NA,"Bohs, L","0.4.2002",9.358333,-83.230556,1800,"trizygum","trizygum","nongeophyte",NA,NA,"Potato","CRI","Costa Rica"
16205,13248,NA,NA,NA,"Bohs, L","0.4.2002",9.025,-82.961111,1680,"trizygum","trizygum","nongeophyte",NA,NA,"Potato","CRI","Costa Rica"
16207,13249,NA,NA,NA,"Bohs, L","0.4.2002",9.3925,-83.621944,1900,"trizygum","trizygum","nongeophyte",NA,NA,"Potato","CRI","Costa Rica"
18106,13250,NA,NA,NA,"Bohs, L","0.1.2001",10.894444,-84.788889,40,"trizygum","trizygum","nongeophyte",NA,NA,"Potato","CRI","Costa Rica"
8119,13251,NA,NA,NA,"D'Arcy, WG","0.0.1997",10.816667,-84.45,700,"trizygum","trizygum","nongeophyte",NA,NA,"Potato","CRI","Costa Rica"
8802,13252,NA,NA,NA,"Knapp, S","0.0.2001",10.113333,-84.103889,2380,"trizygum","trizygum","nongeophyte",NA,NA,"Potato","CRI","Costa Rica"
96384,13253,NA,NA,NA,"Knapp, S","0.0.2014",15.85,-91.21667,1200,"trizygum","trizygum","nongeophyte",NA,NA,"Potato","GTM","Guatemala"
126377,13254,NA,NA,NA,"Knapp, S","0.12.2016",19.99972,-97.46833,1001,"trizygum","trizygum","nongeophyte",NA,NA,"Potato","MEX","Mexico"
20829,13255,NA,NA,NA,"Knapp, S; Helgason, T","0.0.1996",15.666667,-92.850006,1850,"trizygum","trizygum","nongeophyte",NA,NA,"Potato","MEX","Mexico"
8211,13256,NA,NA,NA,"Knapp, S; Helgason, T","0.0.1996",17.866667,-96.366667,1000,"trizygum","trizygum","nongeophyte",NA,NA,"Potato","MEX","Mexico"
7998,13257,NA,NA,NA,"D'Arcy, WG","0.0.1997",8.783333,-82.666667,1400,"trizygum","trizygum","nongeophyte",NA,NA,"Potato","PAN","Panama"
8032,13258,NA,NA,NA,"Knapp, S; Helgason, T","0.0.1996",8.75,-82.216667,1200,"trizygum","trizygum","nongeophyte",NA,NA,"Potato","PAN","Panama"
8293,13259,NA,NA,NA,"Knapp, S; Helgason, T","0.0.1996",8.783333,-82.35,1800,"trizygum","trizygum","nongeophyte",NA,NA,"Potato","PAN","Panama"
26892,13260,NA,NA,NA,"Knapp, S; Helgason, T","0.0.1996",10.35,-67.7,1000,"trizygum","trizygum","nongeophyte",NA,NA,"Potato","VEN","Venezuela"
26893,13261,NA,NA,NA,"Knapp, S; Helgason, T","0.0.1996",10.404314,-67.288986,0,"trizygum","trizygum","nongeophyte",NA,NA,"Potato","VEN","Venezuela"
57341,13262,NA,NA,NA,"Knapp, S","0.8.2011",10.666667,-62.683333,800,"trizygum","trizygum","nongeophyte",NA,NA,"Potato","VEN","Venezuela"
57342,13263,NA,NA,NA,"Knapp, S","0.8.2011",11.166667,-69.583333,1300,"trizygum","trizygum","nongeophyte",NA,NA,"Potato","VEN","Venezuela"
115641,13264,NA,NA,NA,"Orejuela, A","30.7.2012",1.711853,-75.63369,350,"uleanum","uleanum","nongeophyte",NA,NA,"Potato","COL","Colombia"
161785,13265,NA,NA,NA,"Knapp, S","0.12.2009",1.436833,-75.88175,391,"uleanum","uleanum","nongeophyte",NA,NA,"Potato","COL","Colombia"
118630,13266,NA,NA,NA,"Knapp, S","0.11.2016",-0.633333,-76.5,200,"uleanum","uleanum","nongeophyte",NA,NA,"Potato","ECU","Ecuador"
26903,13267,NA,NA,NA,"Knapp, S; Helgason, T","0.0.1996",-0.25,-76.35,300,"uleanum","uleanum","nongeophyte",NA,NA,"Potato","ECU","Ecuador"
71774,13268,NA,NA,NA,"Knapp, S","0.0.2013",-4.248333,-78.65944,0,"uleanum","uleanum","nongeophyte",NA,NA,"Potato","ECU","Ecuador"
74203,13269,NA,NA,NA,"Bohs, L","0.6.2006",-0.636306,-76.14936,200,"uleanum","uleanum","nongeophyte",NA,NA,"Potato","ECU","Ecuador"
97788,13270,NA,NA,NA,"Bohs, L","0.0.1997",-0.725,-77.605,1200,"uleanum","uleanum","nongeophyte",NA,NA,"Potato","ECU","Ecuador"
128592,13271,NA,NA,NA,"Knapp, S","0.5.2017",-13.11167,-71.60728,3020,"uleanum","uleanum","nongeophyte",NA,NA,"Potato","PER","Peru"
139641,13272,NA,NA,NA,"Knapp, S","0.11.2018",-9.166389,-75.79222,1500,"uleanum","uleanum","nongeophyte",NA,NA,"Potato","PER","Peru"
139715,13273,NA,NA,NA,"Knapp, S","0.11.2018",-12.54806,-75.35639,2619,"uleanum","uleanum","nongeophyte",NA,NA,"Potato","PER","Peru"
21850,13274,NA,NA,NA,"Knapp, S","0.9.2008",-10.748223,-75.058405,1200,"uleanum","uleanum","nongeophyte",NA,NA,"Potato","PER","Peru"
23423,13275,NA,NA,NA,"Knapp, S; Helgason, T","0.0.1996",-8.257518,-76.488714,400,"uleanum","uleanum","nongeophyte",NA,NA,"Potato","PER","Peru"
23425,13276,NA,NA,NA,"Knapp, S; Helgason, T","0.0.1996",-6.45,-76.316667,750,"uleanum","uleanum","nongeophyte",NA,NA,"Potato","PER","Peru"
26355,13277,NA,NA,NA,"Knapp, S","0.0.2007",-8.152167,-74.258,150,"uleanum","uleanum","nongeophyte",NA,NA,"Potato","PER","Peru"
32972,13278,NA,NA,NA,"Knapp, S","0.9.2008",-8.123161,-76.598807,500,"uleanum","uleanum","nongeophyte",NA,NA,"Potato","PER","Peru"
33260,13279,NA,NA,NA,"Knapp, S","0.9.2008",-10.35,-75.166667,380,"uleanum","uleanum","nongeophyte",NA,NA,"Potato","PER","Peru"
33634,13280,NA,NA,NA,"Knapp, S","0.9.2008",-8.033333,-73.916667,300,"uleanum","uleanum","nongeophyte",NA,NA,"Potato","PER","Peru"
34786,13281,NA,NA,NA,"Knapp, S","0.0.2013",-13.128588,-72.544757,2560,"uleanum","uleanum","nongeophyte",NA,NA,"Potato","PER","Peru"
57334,13282,NA,NA,NA,"Knapp, S","0.8.2011",-10.2,-75.25,340,"uleanum","uleanum","nongeophyte",NA,NA,"Potato","PER","Peru"
65149,13283,NA,NA,NA,"Knapp, S","0.2.2012",-10.37467,-75.0765,420,"uleanum","uleanum","nongeophyte",NA,NA,"Potato","PER","Peru"
73492,13284,NA,NA,NA,"Nee, M","0.0.2007",-9.02,-75.32,300,"uleanum","uleanum","nongeophyte",NA,NA,"Potato","PER","Peru"
74753,13285,NA,NA,NA,"Knapp, S","0.2.2014",-10.29317,-75.60583,2200,"uleanum","uleanum","nongeophyte",NA,NA,"Potato","PER","Peru"
22016,13436,NA,NA,NA,"Spooner, DM","0.0.2014",-13.233667,-72.492333,3500,"violaceimarmoratum","violaceimarmoratum","tuberous",NA,NA,"Potato","PER","Peru"
1331,14334,NA,NA,NA,"Bennett, JR","0.6.2006",-23.53,-70.39,0,"brachyantherum","brachyantherum","nongeophyte",NA,NA,"GagnOl","CHL","Chile"
10018,14335,NA,NA,NA,"Bennett, JR","0.10.2005",-25.083333,-70.483333,0,"brachyantherum","brachyantherum","nongeophyte",NA,NA,"GagnOl","CHL","Chile"
14409,14336,NA,NA,NA,"Bennett, JR","0.6.2006",-25.4,-70.483333,200,"brachyantherum","brachyantherum","nongeophyte",NA,NA,"GagnOl","CHL","Chile"
14419,14337,NA,NA,NA,"Bennett, JR","0.6.2006",-29.03,-71.43,100,"brachyantherum","brachyantherum","nongeophyte",NA,NA,"GagnOl","CHL","Chile"
14425,14338,NA,NA,NA,"Bennett, JR","0.6.2006",-26.23,-70.65,0,"brachyantherum","brachyantherum","nongeophyte",NA,NA,"GagnOl","CHL","Chile"
14427,14339,NA,NA,NA,"Bennett, JR","0.6.2006",-22.083333,-70.166667,0,"brachyantherum","brachyantherum","nongeophyte",NA,NA,"GagnOl","CHL","Chile"
14429,14340,NA,NA,NA,"Bennett, JR","0.6.2006",-24.75,-69.316667,0,"brachyantherum","brachyantherum","nongeophyte",NA,NA,"GagnOl","CHL","Chile"
14435,14341,NA,NA,NA,"Bennett, JR","0.6.2006",-20.816667,-70.15,0,"brachyantherum","brachyantherum","nongeophyte",NA,NA,"GagnOl","CHL","Chile"
14439,14342,NA,NA,NA,"Bennett, JR","0.6.2006",-25.02,-70.28,0,"brachyantherum","brachyantherum","nongeophyte",NA,NA,"GagnOl","CHL","Chile"
14441,14343,NA,NA,NA,"Bennett, JR","0.6.2006",-27.066667,-70.833333,0,"brachyantherum","brachyantherum","nongeophyte",NA,NA,"GagnOl","CHL","Chile"
14520,14344,NA,NA,NA,"Bennett, JR","26.7.2005",-27.416667,-70.283333,0,"brachyantherum","brachyantherum","nongeophyte",NA,NA,"GagnOl","CHL","Chile"
16814,14345,NA,NA,NA,NA,"0.0.0",-24.55,-70.55,100,"brachyantherum","brachyantherum","nongeophyte",NA,NA,"GagnOl","CHL","Chile"
17751,14346,NA,NA,NA,"Bennett, JR","0.2.2007",-24.233333,-70.516667,250,"brachyantherum","brachyantherum","nongeophyte",NA,NA,"GagnOl","CHL","Chile"
96854,14347,NA,NA,NA,NA,"0.0.0",-30.06272,-71.36982,0,"brachyantherum","brachyantherum","nongeophyte",NA,NA,"GagnOl","CHL","Chile"
1233,17274,NA,NA,NA,NA,"0.0.0",-30.25,-71.483333,5,"montanum","montanum","tuberous",NA,NA,"GagnOl","CHL","Chile"
1270,17275,NA,NA,NA,NA,"0.0.0",-18.383333,-69.55,3400,"montanum","montanum","tuberous",NA,NA,"GagnOl","CHL","Chile"
16799,17276,NA,NA,NA,NA,"0.0.0",-24.933333,-70.483333,410,"montanum","montanum","tuberous",NA,NA,"GagnOl","CHL","Chile"
18181,17277,NA,NA,NA,"Bennett, JR","0.6.2006",-20.816667,-70.15,0,"montanum","montanum","tuberous",NA,NA,"GagnOl","CHL","Chile"
96963,17278,NA,NA,NA,NA,"0.0.0",-18.66111,-69.57944,0,"montanum","montanum","tuberous",NA,NA,"GagnOl","CHL","Chile"
1158,17279,NA,NA,NA,"Bennett, JR","0.6.2006",-12.133333,-76.933333,300,"montanum","montanum","tuberous",NA,NA,"GagnOl","PER","Peru"
1159,17280,NA,NA,NA,"Bennett, JR","0.6.2006",-9.633333,-78.25,400,"montanum","montanum","tuberous",NA,NA,"GagnOl","PER","Peru"
1160,17281,NA,NA,NA,"Bennett, JR","0.6.2006",-11.366667,-76.75,200,"montanum","montanum","tuberous",NA,NA,"GagnOl","PER","Peru"
1164,17282,NA,NA,NA,"Bennett, JR","0.6.2006",-10.2,-78.05,0,"montanum","montanum","tuberous",NA,NA,"GagnOl","PER","Peru"
1168,17283,NA,NA,NA,NA,"0.0.0",-11.35,-77.383333,300,"montanum","montanum","tuberous",NA,NA,"GagnOl","PER","Peru"
1169,17284,NA,NA,NA,NA,"0.0.0",-8.166667,-78.95,200,"montanum","montanum","tuberous",NA,NA,"GagnOl","PER","Peru"
1174,17285,NA,NA,NA,"Bennett, JR","0.6.2006",-13.84175,-76.450517,330,"montanum","montanum","tuberous",NA,NA,"GagnOl","PER","Peru"
1175,17286,NA,NA,NA,"Bennett, JR","0.6.2006",-10.75,-77.766667,80,"montanum","montanum","tuberous",NA,NA,"GagnOl","PER","Peru"
1177,17287,NA,NA,NA,"Bennett, JR","0.6.2006",-11.1,-77.6,340,"montanum","montanum","tuberous",NA,NA,"GagnOl","PER","Peru"
1180,17288,NA,NA,NA,"Bennett, JR","0.6.2006",-15.833333,-74.266667,50,"montanum","montanum","tuberous",NA,NA,"GagnOl","PER","Peru"
1181,17289,NA,NA,NA,"Bennett, JR","0.6.2006",-12.183333,-77.033333,200,"montanum","montanum","tuberous",NA,NA,"GagnOl","PER","Peru"
1183,17290,NA,NA,NA,"Bennett, JR","0.6.2006",-17.016667,-72,0,"montanum","montanum","tuberous",NA,NA,"GagnOl","PER","Peru"
1185,17291,NA,NA,NA,NA,"0.0.0",-8.416667,-78.75,450,"montanum","montanum","tuberous",NA,NA,"GagnOl","PER","Peru"
1189,17292,NA,NA,NA,NA,"0.0.0",-7.983333,-79.1,600,"montanum","montanum","tuberous",NA,NA,"GagnOl","PER","Peru"
1193,17293,NA,NA,NA,NA,"0.0.0",-10.333333,-77.916667,330,"montanum","montanum","tuberous",NA,NA,"GagnOl","PER","Peru"
1194,17294,NA,NA,NA,"Bennett, JR","0.6.2006",-11.766667,-77.166667,30,"montanum","montanum","tuberous",NA,NA,"GagnOl","PER","Peru"
1196,17295,NA,NA,NA,"Bennett, JR","0.6.2006",-16.983333,-71.8,914,"montanum","montanum","tuberous",NA,NA,"GagnOl","PER","Peru"
1200,17296,NA,NA,NA,"Bennett, JR","0.6.2006",-11.55,-77.266667,160,"montanum","montanum","tuberous",NA,NA,"GagnOl","PER","Peru"
1217,17297,NA,NA,NA,"Bennett, JR","0.6.2006",-6.85,-79.816667,580,"montanum","montanum","tuberous",NA,NA,"GagnOl","PER","Peru"
1221,17298,NA,NA,NA,"Bennett, JR","0.6.2006",-17.683333,-71.333333,182,"montanum","montanum","tuberous",NA,NA,"GagnOl","PER","Peru"
1225,17299,NA,NA,NA,"Bennett, JR","30.3.2007",-11.333333,-77.5,400,"montanum","montanum","tuberous",NA,NA,"GagnOl","PER","Peru"
1245,17300,NA,NA,NA,"Bennett, JR","0.6.2006",-12.952167,-76.438167,320,"montanum","montanum","tuberous",NA,NA,"GagnOl","PER","Peru"
1274,17301,NA,NA,NA,"Bennett, JR","0.6.2006",-17.866852,-71.070005,10,"montanum","montanum","tuberous",NA,NA,"GagnOl","PER","Peru"
1433,17302,NA,NA,NA,"Bennett, JR","30.3.2007",-16.733333,-71.166667,400,"montanum","montanum","tuberous",NA,NA,"GagnOl","PER","Peru"
9969,17303,NA,NA,NA,"Bennett, JR","0.10.2005",-12.383333,-76.75,250,"montanum","montanum","tuberous",NA,NA,"GagnOl","PER","Peru"
9985,17304,NA,NA,NA,"Bennett, JR","0.10.2005",-11.933333,-76.7,1000,"montanum","montanum","tuberous",NA,NA,"GagnOl","PER","Peru"
9986,17305,NA,NA,NA,"Bennett, JR","0.10.2005",-12.15,-76.233333,2800,"montanum","montanum","tuberous",NA,NA,"GagnOl","PER","Peru"
9988,17306,NA,NA,NA,"Bennett, JR","0.10.2005",-16.2,-73.616667,600,"montanum","montanum","tuberous",NA,NA,"GagnOl","PER","Peru"
10036,17307,NA,NA,NA,"Bennett, JR","0.10.2005",-16.616667,-72.7,600,"montanum","montanum","tuberous",NA,NA,"GagnOl","PER","Peru"
10060,17308,NA,NA,NA,"Bennett, JR","0.10.2005",-12.016667,-76.466667,1000,"montanum","montanum","tuberous",NA,NA,"GagnOl","PER","Peru"
10062,17309,NA,NA,NA,"Bennett, JR","0.10.2005",-15.131911,-75.323499,400,"montanum","montanum","tuberous",NA,NA,"GagnOl","PER","Peru"
10083,17310,NA,NA,NA,"Bennett, JR","0.10.2005",-15.933333,-74.033333,400,"montanum","montanum","tuberous",NA,NA,"GagnOl","PER","Peru"
10122,17311,NA,NA,NA,"Bennett, JR","0.10.2005",-18,-70.85,600,"montanum","montanum","tuberous",NA,NA,"GagnOl","PER","Peru"
70992,17312,NA,NA,NA,"Knapp, S","0.2.2014",-15.0801,-75.1912,457,"montanum","montanum","tuberous",NA,NA,"GagnOl","PER","Peru"
71423,17313,NA,NA,NA,"Knapp, S","8.5.2013",-8.1111,-78.5638,840,"montanum","montanum","tuberous",NA,NA,"GagnOl","PER","Peru"
96930,17341,NA,NA,NA,"SÃ¤rkinen, T","0.4.2020",-24.92625,-70.48702,0,"multifidum","multifidum","nongeophyte",NA,NA,"GagnOl","CHL","Chile"
1249,17342,NA,NA,NA,"Bennett, JR","0.4.2006",-12.952167,-76.438167,320,"multifidum","multifidum","nongeophyte",NA,NA,"GagnOl","PER","Peru"
1284,17343,NA,NA,NA,"Bennett, JR","0.4.2006",-15.766667,-74.2,200,"multifidum","multifidum","nongeophyte",NA,NA,"GagnOl","PER","Peru"
1285,17344,NA,NA,NA,"Bennett, JR","0.4.2006",-11.766667,-77.166667,0,"multifidum","multifidum","nongeophyte",NA,NA,"GagnOl","PER","Peru"
1287,17345,NA,NA,NA,"Bennett, JR","0.4.2006",-11.333333,-77.5,300,"multifidum","multifidum","nongeophyte",NA,NA,"GagnOl","PER","Peru"
1288,17346,NA,NA,NA,NA,"0.0.0",-16.983333,-71.8,900,"multifidum","multifidum","nongeophyte",NA,NA,"GagnOl","PER","Peru"
1289,17347,NA,NA,NA,"Bennett, JR","0.10.2005",-7.983333,-79.1,550,"multifidum","multifidum","nongeophyte",NA,NA,"GagnOl","PER","Peru"
1292,17348,NA,NA,NA,NA,"0.0.0",-17.721769,-70.817981,850,"multifidum","multifidum","nongeophyte",NA,NA,"GagnOl","PER","Peru"
1293,17349,NA,NA,NA,"Ugent, D","0.0.1967",-17.016667,-71.916667,175,"multifidum","multifidum","nongeophyte",NA,NA,"GagnOl","PER","Peru"
1297,17350,NA,NA,NA,"Bennett, JR","0.4.2006",-9.55,-78.333333,450,"multifidum","multifidum","nongeophyte",NA,NA,"GagnOl","PER","Peru"
1311,17351,NA,NA,NA,NA,"0.0.0",-18.05,-70.283333,650,"multifidum","multifidum","nongeophyte",NA,NA,"GagnOl","PER","Peru"
1313,17352,NA,NA,NA,"Bennett, JR","0.4.2006",-12.02039,-76.886286,100,"multifidum","multifidum","nongeophyte",NA,NA,"GagnOl","PER","Peru"
1314,17353,NA,NA,NA,"Bennett, JR","0.4.2006",-12.383333,-76.783333,121,"multifidum","multifidum","nongeophyte",NA,NA,"GagnOl","PER","Peru"
1322,17354,NA,NA,NA,"Bennett, JR","0.4.2006",-11.55,-77.266667,160,"multifidum","multifidum","nongeophyte",NA,NA,"GagnOl","PER","Peru"
1330,17355,NA,NA,NA,NA,"0.0.0",-10.333333,-77.916667,330,"multifidum","multifidum","nongeophyte",NA,NA,"GagnOl","PER","Peru"
1345,17356,NA,NA,NA,"Bennett, JR","0.10.2005",-17.016667,-71.7,700,"multifidum","multifidum","nongeophyte",NA,NA,"GagnOl","PER","Peru"
1346,17357,NA,NA,NA,"Nee, M","0.0.2000",-15.75,-74.333333,500,"multifidum","multifidum","nongeophyte",NA,NA,"GagnOl","PER","Peru"
1356,17358,NA,NA,NA,"Bennett, JR","0.4.2006",-12.166667,-77.033333,200,"multifidum","multifidum","nongeophyte",NA,NA,"GagnOl","PER","Peru"
1357,17359,NA,NA,NA,"Bennett, JR","0.4.2006",-10.2,-78.05,0,"multifidum","multifidum","nongeophyte",NA,NA,"GagnOl","PER","Peru"
9962,17360,NA,NA,NA,"Bennett, JR","0.10.2005",-16.2,-73.616667,150,"multifidum","multifidum","nongeophyte",NA,NA,"GagnOl","PER","Peru"
10140,17361,NA,NA,NA,NA,"0.0.0",-9.847379,-78.180058,330,"multifidum","multifidum","nongeophyte",NA,NA,"GagnOl","PER","Peru"
10141,17362,NA,NA,NA,"Bennett, JR","0.10.2005",-11.35,-77.383333,150,"multifidum","multifidum","nongeophyte",NA,NA,"GagnOl","PER","Peru"
10142,17363,NA,NA,NA,"Bennett, JR","0.10.2005",-17.994966,-70.880415,10,"multifidum","multifidum","nongeophyte",NA,NA,"GagnOl","PER","Peru"
10149,17364,NA,NA,NA,"Bennett, JR","0.10.2005",-10.7,-77.783333,250,"multifidum","multifidum","nongeophyte",NA,NA,"GagnOl","PER","Peru"
10150,17365,NA,NA,NA,"Bennett, JR","0.10.2005",-11.366667,-76.75,0,"multifidum","multifidum","nongeophyte",NA,NA,"GagnOl","PER","Peru"
10154,17366,NA,NA,NA,"Bennett, JR","0.10.2005",-10.2,-77.55,360,"multifidum","multifidum","nongeophyte",NA,NA,"GagnOl","PER","Peru"
10155,17367,NA,NA,NA,NA,"0.0.0",-17.786184,-70.484614,530,"multifidum","multifidum","nongeophyte",NA,NA,"GagnOl","PER","Peru"
10156,17368,NA,NA,NA,"Bennett, JR","0.10.2005",-17.383333,-70.483333,1000,"multifidum","multifidum","nongeophyte",NA,NA,"GagnOl","PER","Peru"
10158,17369,NA,NA,NA,NA,"0.0.0",-16.25,-73.416667,110,"multifidum","multifidum","nongeophyte",NA,NA,"GagnOl","PER","Peru"
10162,17370,NA,NA,NA,"Bennett, JR","0.10.2005",-15.2,-75.1,740,"multifidum","multifidum","nongeophyte",NA,NA,"GagnOl","PER","Peru"
10163,17371,NA,NA,NA,"Bennett, JR","0.10.2005",-17.583333,-70.283333,500,"multifidum","multifidum","nongeophyte",NA,NA,"GagnOl","PER","Peru"
10179,17372,NA,NA,NA,"Bennett, JR","0.10.2005",-6.76,-79.74,400,"multifidum","multifidum","nongeophyte",NA,NA,"GagnOl","PER","Peru"
10180,17373,NA,NA,NA,"Bennett, JR","0.10.2005",-15.450811,-74.8694,300,"multifidum","multifidum","nongeophyte",NA,NA,"GagnOl","PER","Peru"
10218,17374,NA,NA,NA,"Bennett, JR","0.10.2005",-8.4,-78.783333,100,"multifidum","multifidum","nongeophyte",NA,NA,"GagnOl","PER","Peru"
10227,17375,NA,NA,NA,"Bennett, JR","0.10.2005",-9.066667,-78.633333,620,"multifidum","multifidum","nongeophyte",NA,NA,"GagnOl","PER","Peru"
1234,17585,NA,NA,NA,"Bennett, JR","30.3.2007",-24.916667,-70,550,"paposanum","paposanum","nongeophyte",NA,NA,"GagnOl","CHL","Chile"
1235,17586,NA,NA,NA,"Bennett, JR","30.3.2007",-25.883333,-70.433333,0,"paposanum","paposanum","nongeophyte",NA,NA,"GagnOl","CHL","Chile"
1236,17587,NA,NA,NA,"Bennett, JR","30.3.2007",-24.983333,-70.316667,0,"paposanum","paposanum","nongeophyte",NA,NA,"GagnOl","CHL","Chile"
1243,17588,NA,NA,NA,"Bennett, JR","30.3.2007",-24.583333,-70.413889,0,"paposanum","paposanum","nongeophyte",NA,NA,"GagnOl","CHL","Chile"
1252,17589,NA,NA,NA,"Bennett, JR","27.11.2006",-22.083333,-70.166667,0,"paposanum","paposanum","nongeophyte",NA,NA,"GagnOl","CHL","Chile"
1280,17590,NA,NA,NA,"Bennett, JR","27.11.2006",-18.216667,-69.583333,3430,"paposanum","paposanum","nongeophyte",NA,NA,"GagnOl","CHL","Chile"
17196,17591,NA,NA,NA,"Bennett, JR","27.11.2006",-29.116667,-71.016667,0,"paposanum","paposanum","nongeophyte",NA,NA,"GagnOl","CHL","Chile"
17198,17592,NA,NA,NA,"Bennett, JR","27.11.2006",-19.75,-69.233333,0,"paposanum","paposanum","nongeophyte",NA,NA,"GagnOl","CHL","Chile"
18183,17593,NA,NA,NA,"Bennett, JR","30.3.2007",-31.616667,-71.116667,0,"paposanum","paposanum","nongeophyte",NA,NA,"GagnOl","CHL","Chile"
18184,17594,NA,NA,NA,"Bennett, JR","30.3.2007",-29.783333,-71.05,500,"paposanum","paposanum","nongeophyte",NA,NA,"GagnOl","CHL","Chile"
18185,17595,NA,NA,NA,"Bennett, JR","0.6.2006",-27.816667,-70.3,0,"paposanum","paposanum","nongeophyte",NA,NA,"GagnOl","CHL","Chile"
1228,17596,NA,NA,NA,"Bennett, JR","27.11.2006",-16.3,-71.4,2800,"paposanum","paposanum","nongeophyte",NA,NA,"GagnOl","PER","Peru"
1229,17597,NA,NA,NA,NA,"0.0.0",-16.55,-71.45,2400,"paposanum","paposanum","nongeophyte",NA,NA,"GagnOl","PER","Peru"
1230,17598,NA,NA,NA,"Bennett, JR","27.11.2006",-15.933333,-71.75,2439,"paposanum","paposanum","nongeophyte",NA,NA,"GagnOl","PER","Peru"
1232,17599,NA,NA,NA,"Bennett, JR","27.11.2006",-16.25,-71.666667,2500,"paposanum","paposanum","nongeophyte",NA,NA,"GagnOl","PER","Peru"
1237,17600,NA,NA,NA,"Bennett, JR","27.11.2006",-17.266667,-70.233333,3000,"paposanum","paposanum","nongeophyte",NA,NA,"GagnOl","PER","Peru"
1238,17601,NA,NA,NA,"Bennett, JR","27.11.2006",-17.716667,-70.133333,0,"paposanum","paposanum","nongeophyte",NA,NA,"GagnOl","PER","Peru"
1241,17602,NA,NA,NA,"Bennett, JR","0.0.2007",-16.356005,-71.58005,2439,"paposanum","paposanum","nongeophyte",NA,NA,"GagnOl","PER","Peru"
1261,17603,NA,NA,NA,"Bennett, JR","30.3.2007",-11.884937,-76.46791,1900,"paposanum","paposanum","nongeophyte",NA,NA,"GagnOl","PER","Peru"
1267,17604,NA,NA,NA,"Bennett, JR","27.11.2006",-16.916667,-70.866667,2550,"paposanum","paposanum","nongeophyte",NA,NA,"GagnOl","PER","Peru"
1268,17605,NA,NA,NA,"Bennett, JR","27.11.2006",-16.466667,-72.5,1500,"paposanum","paposanum","nongeophyte",NA,NA,"GagnOl","PER","Peru"
10001,17606,NA,NA,NA,"Bennett, JR","0.10.2006",-16.016667,-71.866667,2500,"paposanum","paposanum","nongeophyte",NA,NA,"GagnOl","PER","Peru"
10002,17607,NA,NA,NA,"Bennett, JR","0.10.2006",-17.502336,-70.028836,3070,"paposanum","paposanum","nongeophyte",NA,NA,"GagnOl","PER","Peru"
10006,17608,NA,NA,NA,"Bennett, JR","0.10.2006",-14.842698,-74.733203,2200,"paposanum","paposanum","nongeophyte",NA,NA,"GagnOl","PER","Peru"
10008,17609,NA,NA,NA,"Bennett, JR","0.10.2005",-15.916667,-72.45,2800,"paposanum","paposanum","nongeophyte",NA,NA,"GagnOl","PER","Peru"
10009,17610,NA,NA,NA,"Bennett, JR","0.10.2006",-16.333333,-70.733333,3000,"paposanum","paposanum","nongeophyte",NA,NA,"GagnOl","PER","Peru"
10010,17611,NA,NA,NA,"Bennett, JR","0.10.2006",-15.716667,-74.35,200,"paposanum","paposanum","nongeophyte",NA,NA,"GagnOl","PER","Peru"
10012,17612,NA,NA,NA,"Bennett, JR","0.10.2006",-17.366667,-70.416667,3400,"paposanum","paposanum","nongeophyte",NA,NA,"GagnOl","PER","Peru"
10014,17613,NA,NA,NA,"Bennett, JR","0.10.2006",-15.5,-73.916667,2900,"paposanum","paposanum","nongeophyte",NA,NA,"GagnOl","PER","Peru"
10016,17614,NA,NA,NA,"Bennett, JR","0.10.2006",-17.3,-70.633333,2800,"paposanum","paposanum","nongeophyte",NA,NA,"GagnOl","PER","Peru"
68677,17615,NA,NA,NA,"SÃ¤rkinen, T","0.0.2012",-17.01837,-70.75082,3499,"paposanum","paposanum","nongeophyte",NA,NA,"GagnOl","PER","Peru"
70634,17616,NA,NA,NA,"Knapp, S","0.0.2013",-17.10029,-71.64623,750,"paposanum","paposanum","nongeophyte",NA,NA,"GagnOl","PER","Peru"
857,17929,NA,NA,NA,"Bennett, JR","0.3.2007",-32.883333,-71.3,0,"pinnatum","pinnatum","nongeophyte",NA,NA,"GagnOl","CHL","Chile"
1362,17930,NA,NA,NA,"Bennett, JR","0.3.2007",-30.66,-71.66,500,"pinnatum","pinnatum","nongeophyte",NA,NA,"GagnOl","CHL","Chile"
1364,17931,NA,NA,NA,"Bennett, JR","0.3.2007",-33.033333,-71.6,0,"pinnatum","pinnatum","nongeophyte",NA,NA,"GagnOl","CHL","Chile"
1366,17932,NA,NA,NA,"Bennett, JR","0.3.2007",-29.83,-70.93,0,"pinnatum","pinnatum","nongeophyte",NA,NA,"GagnOl","CHL","Chile"
1367,17933,NA,NA,NA,NA,"0.0.0",-29.95,-71.116667,50,"pinnatum","pinnatum","nongeophyte",NA,NA,"GagnOl","CHL","Chile"
1368,17934,NA,NA,NA,"Bennett, JR","0.3.2007",-32.55,-71.466667,0,"pinnatum","pinnatum","nongeophyte",NA,NA,"GagnOl","CHL","Chile"
1369,17935,NA,NA,NA,NA,"0.0.0",-30.016667,-70.65,750,"pinnatum","pinnatum","nongeophyte",NA,NA,"GagnOl","CHL","Chile"
1382,17936,NA,NA,NA,"Bennett, JR","0.7.2006",-27.35,-70.716667,0,"pinnatum","pinnatum","nongeophyte",NA,NA,"GagnOl","CHL","Chile"
1388,17938,NA,NA,NA,NA,"0.0.0",-34.383333,-72,5,"pinnatum","pinnatum","nongeophyte",NA,NA,"GagnOl","CHL","Chile"
1391,17939,NA,NA,NA,"MuÃ±oz, SM","0.6.1992",-29.34,-71.2,0,"pinnatum","pinnatum","nongeophyte",NA,NA,"GagnOl","CHL","Chile"
1393,17940,NA,NA,NA,"Johnston, IM","0.6.1941",-28.25,-70.75,100,"pinnatum","pinnatum","nongeophyte",NA,NA,"GagnOl","CHL","Chile"
1402,17941,NA,NA,NA,"Bennett, JR","0.3.2007",-29.733333,-71.25,50,"pinnatum","pinnatum","nongeophyte",NA,NA,"GagnOl","CHL","Chile"
1406,17942,NA,NA,NA,"Bennett, JR","0.3.2007",-32.966667,-71.483333,3,"pinnatum","pinnatum","nongeophyte",NA,NA,"GagnOl","CHL","Chile"
1409,17944,NA,NA,NA,"Bennett, JR","0.7.2006",-33.633333,-71.6,0,"pinnatum","pinnatum","nongeophyte",NA,NA,"GagnOl","CHL","Chile"
1411,17945,NA,NA,NA,"Bennett, JR","0.7.2006",-33.9,-71.683333,35,"pinnatum","pinnatum","nongeophyte",NA,NA,"GagnOl","CHL","Chile"
1415,17946,NA,NA,NA,"Bennett, JR","0.7.2006",-32.8,-70.966667,0,"pinnatum","pinnatum","nongeophyte",NA,NA,"GagnOl","CHL","Chile"
1424,17947,NA,NA,NA,"Bennett, JR","0.7.2006",-36.833333,-73.05,0,"pinnatum","pinnatum","nongeophyte",NA,NA,"GagnOl","CHL","Chile"
1445,17948,NA,NA,NA,"Bennett, JR","0.6.2006",-33.75,-70.316667,0,"pinnatum","pinnatum","nongeophyte",NA,NA,"GagnOl","CHL","Chile"
1446,17949,NA,NA,NA,"Bennett, JR","0.7.2006",-32.566667,-71.316667,0,"pinnatum","pinnatum","nongeophyte",NA,NA,"GagnOl","CHL","Chile"
1466,17950,NA,NA,NA,"Bennett, JR","0.3.2007",-31.4,-71.583333,0,"pinnatum","pinnatum","nongeophyte",NA,NA,"GagnOl","CHL","Chile"
9979,17951,NA,NA,NA,"Bennett, JR","0.10.2005",-33.166667,-70.483333,2300,"pinnatum","pinnatum","nongeophyte",NA,NA,"GagnOl","CHL","Chile"
14495,17952,NA,NA,NA,"Bennett, JR","25.7.2005",-36.483333,-72.7,0,"pinnatum","pinnatum","nongeophyte",NA,NA,"GagnOl","CHL","Chile"
14497,17953,NA,NA,NA,"Bennett, JR","25.7.2005",-32.166667,-70.4,0,"pinnatum","pinnatum","nongeophyte",NA,NA,"GagnOl","CHL","Chile"
14505,17954,NA,NA,NA,"Bennett, JR","25.7.2005",-37.2,-73.566667,0,"pinnatum","pinnatum","nongeophyte",NA,NA,"GagnOl","CHL","Chile"
17057,17955,NA,NA,NA,"Bennett, JR","25.7.2005",-32.25,-71.466667,0,"pinnatum","pinnatum","nongeophyte",NA,NA,"GagnOl","CHL","Chile"
17118,17956,NA,NA,NA,"Bennett, JR","17.11.2006",-29.15,-70.966667,0,"pinnatum","pinnatum","nongeophyte",NA,NA,"GagnOl","CHL","Chile"
17760,17957,NA,NA,NA,"Bennett, JR","0.2.2007",-31.55,-71.3,20,"pinnatum","pinnatum","nongeophyte",NA,NA,"GagnOl","CHL","Chile"
17831,17958,NA,NA,NA,"Bennett, JR","0.7.2006",-32.816667,-70.683333,0,"pinnatum","pinnatum","nongeophyte",NA,NA,"GagnOl","CHL","Chile"
96853,17959,NA,NA,NA,NA,"0.0.0",-30.18333,-71.38333,0,"pinnatum","pinnatum","nongeophyte",NA,NA,"GagnOl","CHL","Chile"
96856,17960,NA,NA,NA,NA,"0.0.0",-29.5,-71.33333,0,"pinnatum","pinnatum","nongeophyte",NA,NA,"GagnOl","CHL","Chile"
1247,18028,NA,NA,NA,NA,"0.0.0",-25.445833,-70.515833,30,"remyanum","remyanum","nongeophyte",NA,NA,"GagnOl","CHL","Chile"
14446,18029,NA,NA,NA,"Bennett, JR","0.6.2006",-28.566667,-70.75,0,"remyanum","remyanum","nongeophyte",NA,NA,"GagnOl","CHL","Chile"
14451,18031,NA,NA,NA,"Bennett, JR","0.6.2006",-26.733333,-70.733333,0,"remyanum","remyanum","nongeophyte",NA,NA,"GagnOl","CHL","Chile"
14453,18032,NA,NA,NA,"Bennett, JR","0.6.2006",-27.483333,-70.283333,700,"remyanum","remyanum","nongeophyte",NA,NA,"GagnOl","CHL","Chile"
14459,18033,NA,NA,NA,"Bennett, JR","0.6.2006",-26.383333,-70.65,0,"remyanum","remyanum","nongeophyte",NA,NA,"GagnOl","CHL","Chile"
14467,18034,NA,NA,NA,"Bennett, JR","0.6.2006",-27.666667,-69.916667,2200,"remyanum","remyanum","nongeophyte",NA,NA,"GagnOl","CHL","Chile"
14468,18035,NA,NA,NA,"Bennett, JR","0.6.2006",-25.15,-70.433333,0,"remyanum","remyanum","nongeophyte",NA,NA,"GagnOl","CHL","Chile"
14469,18036,NA,NA,NA,"Bennett, JR","0.6.2006",-28.15,-70.366667,0,"remyanum","remyanum","nongeophyte",NA,NA,"GagnOl","CHL","Chile"
14474,18037,NA,NA,NA,"Bennett, JR","0.6.2006",-28.466667,-71.216667,0,"remyanum","remyanum","nongeophyte",NA,NA,"GagnOl","CHL","Chile"
14478,18038,NA,NA,NA,"Bennett, JR","0.6.2006",-27.066667,-70.783333,0,"remyanum","remyanum","nongeophyte",NA,NA,"GagnOl","CHL","Chile"
16823,18039,NA,NA,NA,NA,"0.0.0",-26.016667,-70.6,720,"remyanum","remyanum","nongeophyte",NA,NA,"GagnOl","CHL","Chile"
16826,18040,NA,NA,NA,NA,"0.0.0",-29.966667,-71.316667,140,"remyanum","remyanum","nongeophyte",NA,NA,"GagnOl","CHL","Chile"
16827,18041,NA,NA,NA,NA,"0.0.0",-24.53,-70.31,130,"remyanum","remyanum","nongeophyte",NA,NA,"GagnOl","CHL","Chile"
16831,18042,NA,NA,NA,NA,"0.0.0",-28.866667,-71.116667,350,"remyanum","remyanum","nongeophyte",NA,NA,"GagnOl","CHL","Chile"
17653,18043,NA,NA,NA,"Bennett, JR","0.6.2006",-27.7,-70.6,0,"remyanum","remyanum","nongeophyte",NA,NA,"GagnOl","CHL","Chile"
14525,18577,NA,NA,NA,"Knapp, S","0.12.2009",-32.25,-71.466667,0,"trinominum","trinominum","nongeophyte",NA,NA,"GagnOl","CHL","Chile"
15107,18578,NA,NA,NA,"Bennett, JR","0.7.2006",-30.666667,-71.616667,0,"trinominum","trinominum","nongeophyte",NA,NA,"GagnOl","CHL","Chile"
15109,18579,NA,NA,NA,"Bennett, JR","0.7.2006",-29.9,-71.25,0,"trinominum","trinominum","nongeophyte",NA,NA,"GagnOl","CHL","Chile"
15117,18580,NA,NA,NA,"Bennett, JR","0.7.2006",-29.983333,-71.35,20,"trinominum","trinominum","nongeophyte",NA,NA,"GagnOl","CHL","Chile"
15118,18581,NA,NA,NA,"Bennett, JR","0.7.2006",-30.25,-71.483333,0,"trinominum","trinominum","nongeophyte",NA,NA,"GagnOl","CHL","Chile"
15119,18582,NA,NA,NA,"Bennett, JR","0.7.2006",-29.111111,-71.463333,0,"trinominum","trinominum","nongeophyte",NA,NA,"GagnOl","CHL","Chile"
15122,18583,NA,NA,NA,"Bennett, JR","0.7.2006",-33.033333,-71.6,0,"trinominum","trinominum","nongeophyte",NA,NA,"GagnOl","CHL","Chile"
17656,18585,NA,NA,NA,"Bennett, JR","0.3.2007",-28.283333,-71.166667,20,"trinominum","trinominum","nongeophyte",NA,NA,"GagnOl","CHL","Chile"
24798,18586,NA,NA,NA,"Bennett, JR","0.7.2006",-29.083333,-70.133333,0,"trinominum","trinominum","nongeophyte",NA,NA,"GagnOl","CHL","Chile"
