"SP1","mean.bio1","mean.bio2","mean.bio3","mean.bio4","mean.bio5","mean.bio6","mean.bio7","mean.bio12","mean.bio13","mean.bio14","mean.bio15","mean.cmimax","mean.cmimean","mean.cmimin","mean.cmirange","mean.gsl","mean.gdd5","mean.swb","mean.CCmean","mean.CCSD","sd.bio1","sd.bio2","sd.bio3","sd.bio4","sd.bio5","sd.bio6","sd.bio7","sd.bio12","sd.bio13","sd.bio14","sd.bio15","sd.cmimax","sd.cmimean","sd.cmimin","sd.cmirange","sd.gsl","sd.gdd5","sd.swb","sd.CCmean","sd.CCSD","median.bio1","median.bio2","median.bio3","median.bio4","median.bio5","median.bio6","median.bio7","median.bio12","median.bio13","median.bio14","median.bio15","median.cmimax","median.cmimean","median.cmimin","median.cmirange","median.gsl","median.gdd5","median.swb","median.CCmean","median.CCSD","shapiroP.bio1","shapiroP.bio2","shapiroP.bio3","shapiroP.bio4","shapiroP.bio6","shapiroP.bio7","shapiroP.bio12","shapiroP.bio13","shapiroP.bio14","shapiroP.bio15","shapiroP.cmimax","shapiroP.cmimean","shapiroP.cmimin","shapiroP.cmirange","shapiroP.gsl","shapiroP.gdd5","shapiroP.swb","shapiroP.CCmean","shapiroP.CCSD","skew.bio1","skew.bio2","skew.bio3","skew.bio4","skew.bio5","skew.bio6","skew.bio7","skew.bio12","skew.bio13","skew.bio14","skew.bio15","skew.cmimax","skew.cmimean","skew.cmimin","skew.cmirange","skew.gsl","skew.gdd5","skew.swb","skew.CCmean","skew.CCSD","subClade","PClade"
"acaule_48",8.43076923076926,10.8153846153846,0.700208791208791,1.41547252747253,15.3296703296703,-0.274725274725237,15.6043956043956,1177.89010989011,251.535164835165,13.6516483516484,87.2565934065934,125.814285714286,-8.27857142857143,-78.3791208791209,204.189010989011,323.725274725275,1415.70346820809,-352.181318681319,52.563956043956,19.7918681318681,4.10365871809877,2.22091629474645,0.0658339643460287,0.766051890697419,4.23510374821211,4.66444097321611,3.64321550912754,513.834151082596,85.3141032606336,18.0389717010243,18.1640174761104,91.2176088838195,48.3753753638596,27.8500781771164,73.376201526092,64.3531461853828,1404.81584276407,287.280072177091,16.7012814130484,5.28553334954426,7.75000000000004,10.75,0.6985,1.189,14.55,-1.49999999999996,15.2,1105,238.2,7.6,89.25,113.8,-16.25,-81.05,197.8,365,1056.8,-331,50.865,20.17,6.74629932070062e-13,0.195000184476538,0.000673390159966655,2.70655846210885e-09,2.60244990179069e-13,0.00491210780011829,1.05148663246213e-09,2.68934906329314e-05,1.41456302885804e-19,0.0538971934890609,0.00142565941809003,3.07640144693792e-08,1.11253348321466e-05,0.00441720561620189,5.16468542156736e-18,1.60756325246728e-15,0.189395005811685,0.00183333763677731,0.111410280035986,1.87116182978806,0.297440099429563,-0.337774836507356,1.1737770392075,1.44128953057198,1.97853867618623,0.514513299371532,1.3753238492489,0.805424030085717,2.72348628445041,-0.224268949073162,0.604275665583201,1.11507361567498,0.849703143974609,0.517627531173671,-2.03127504080651,NA,-0.124640248428981,0.266987642319225,-0.0126019746209196,"Petota","4 North"
"acroscopicum_24",8.85000000000002,9.82,0.7304,0.8288,15.27,1.85000000000004,13.42,823.6,178.3,14.72,100.42,67.48,-34.06,-94.6,162.08,246.4,1436.64,-568,48.448,23.336,2.6115129714401,1.57066864742376,0.0189023808024281,0.12566503093542,1.7469974241538,3.67287353444139,2.1123446688455,608.010115047439,103.835446741467,23.7713483000018,37.4974932495494,98.5504794508885,49.6606786099425,33.5813936577981,82.0217471162374,129.051540091546,907.381106812347,423.09632472996,25.3898881446926,10.8752829848239,9.95000000000004,9.8,0.73,0.829,16.15,3.15000000000004,13.4,569,162.2,2.8,117,50.4,-59.9,-109.7,158.1,282,1801.2,-739,40.27,25.8,0.431402251571126,0.918874827176949,0.650732844591476,0.518943313677636,0.792271670151683,0.785096563944601,0.219077963182992,0.821944150201878,0.00295554619268994,0.00899089049705721,0.721926280248862,0.20758210655331,0.108208245564206,0.254580057899257,0.324831753681944,0.435509762489039,0.332525309574272,0.010698168316697,0.123178021388262,-0.766822146512413,-0.562939437892787,-0.933012633376584,0.468191199441069,-0.889899816260927,-0.292449215678284,-0.790512163907442,0.482258053032548,0.780583776574999,2.12649937444695,-2.07055969160351,0.651987475617695,0.68883791999471,1.60728629410997,1.42141778148324,-0.510753159216392,-0.640014439267705,1.28289935934743,2.08664501679624,-1.62632661036771,"Petota","3"
"aemulans_48",6.48333333333337,9.8,0.562,2.93033333333333,13.8833333333333,-3.58333333333329,17.4666666666667,1440,316.3,13.7,96.3666666666667,180.966666666667,23.3666666666667,-73.6333333333333,254.566666666667,340,832.6,-269.333333333333,60.64,23.8966666666667,1.4742229591664,0.6,0.0461302503786832,0.467188755572449,1.00166528008778,1.12398102000582,0.30550504633039,749.788636883755,150.035095894261,4.27200187265877,2.02072594216369,155.673579432521,64.9363021224133,21.4089545128512,135.505436545304,43.3012701892219,327.628951712146,326.437334466101,11.6598284721517,2.93070526210558,5.95000000000004,9.8,0.566,2.759,13.95,-3.84999999999996,17.4,1801,396.7,13.2,95.2,263.6,50.9,-69.8,332.2,365,646.2,-132,63.3,23.24,0.391384366529689,0.999999999999993,0.85644603014995,0.382739059104326,0.604773625444431,0.636886845028962,0.178563823259113,0.0783078546762561,0.806082478518542,0,0.0877496348751824,0.281900147667715,0.70264919625567,0.00845662996245696,0,0.0160308628645872,0.287767783562558,0.620170955007344,0.62703444285985,1.41490780453698,-1.32995466491555e-14,-0.38726565556189,1.428343597496,-0.29817455220105,1.00753821078905,0.935219529582869,-1.66436335157878,-1.71896401009054,0.51947029714447,1.73205080756886,-1.71562323793478,-1.56499828536478,-0.779905744655344,-1.73189799514843,-1.73205080756888,1.73150169518917,-1.5580916544896,-0.973172244092976,0.957668691931864,"Petota","4 North"
"albicans",8.01363636363639,9.38181818181818,0.810681818181818,0.384136363636364,13.5409090909091,1.96818181818185,11.5727272727273,1376.40909090909,256.177272727273,14.9545454545455,70.1181818181818,147.522727272727,10.1227272727273,-81.7,229.227272727273,351.681818181818,1542.72777777778,-184.045454545455,76.6995454545455,13.6990909090909,4.40330454421344,1.09962606788739,0.0352249726940803,0.211457143120358,3.95629806413702,5.01736378927613,1.33280292480308,346.408465074577,52.0945379809236,12.8300141881942,13.0073106317228,59.9456971077291,34.1855710556116,18.1261715549118,57.9563479560114,36.0362071409884,1420.64438933454,215.687710154492,10.9653899143636,7.27919338093557,7.50000000000004,9.5,0.8185,0.3425,12.75,0.900000000000039,11.7,1372.5,246.45,9.95,68.95,144.85,13.9,-88.55,210.2,365,1538.25,-99,78.715,12.265,0.170029914003884,0.711257526589801,0.187934710725269,0.148194155590392,0.355733156069993,0.0783970179843438,0.598505766959311,0.045463878283315,0.00493524125037537,0.946891032596403,0.435069247753749,0.885869906210049,0.0725261194132804,0.364576937405816,3.34355743984389e-08,0.0136015824464801,0.0630578773145697,0.0753950830484489,0.266928583692078,0.8310804498676,-0.59394710474,-0.620125578643837,0.513656358573167,0.667003614733934,0.7331238611266,-1.15666205767325,-0.153248970371505,0.747547759100888,0.980094615187275,0.30268746922936,0.602205362249942,-0.0931084968823726,0.601529359788578,0.637711091650948,-3.46300891380508,NA,-0.898616995509898,-0.848487899570044,0.826970136154718,"Petota","4 North"
"albornozii",15.11,7.36,0.7482,0.4388,20.03,10.18,9.85,1076,192.91,38.31,49.59,79.8,-24.05,-82.71,162.53,351.5,3689.62,-349.8,84.368,3.897,2.5945241481928,0.291356978445495,0.0244258515147829,0.172434077580712,2.74784764254983,2.78410169035223,0.263523138347365,160.803537827306,27.9394762537406,10.4567309529423,5.72139260436944,36.089333604266,23.0623430437297,23.1034605392545,24.6458944067995,30.5405013420249,945.509466196223,231.682157755452,4.73962914629873,1.02142656232459,15,7.35,0.747,0.3935,20.1,10.15,9.9,1065,193.65,36.95,48.55,80.1,-25.2,-82.4,165.95,365,3634.75,-352,84.845,3.69,0.705777101150053,0.285527234329372,0.0391142907910381,0.0419091802355884,0.694079954471793,0.357463184573742,0.0458094587119315,0.0522499567506607,0.306657217904296,0.255555827464413,0.150683231363787,0.0911921890590472,0.811670069742298,0.565396083708012,8.12397740645017e-06,0.674152586575329,0.139468154942913,0.849960605518199,0.380015860985418,0.441550854102743,0.933975977853823,1.55872441797549,1.54211596496449,0.66673794716264,0.34487801200932,0.182147193225705,1.48125152990884,0.555807546758103,0.589375297969263,-0.319462971461331,0.174521243965166,0.267116229292972,0.194173452935141,-0.909084051280125,-2.31194104101045,0.488960217557657,-0.295387017290293,-0.213982002180973,-0.0393671668112357,"Petota","3"
"anceps",21.5953608247423,7.24587628865979,0.742067010309278,0.673829896907217,26.4432989690722,16.6216494845361,9.82164948453608,2654.4175257732,352.854639175258,105.746391752577,40.0912371134021,231.987113402062,102.095360824742,-11.6969072164948,243.687628865979,363.190721649485,6054.93505154639,37.5103092783505,78.4836082474227,8.65711340206186,4.31137838143295,0.82318004952904,0.0588267029382083,0.333839443481179,4.57614975425486,4.67948564119386,1.35269654345625,1122.48796381701,127.487175842409,85.2807774195087,17.0344264497512,130.450017382704,94.9175591519364,85.9943412448542,110.525507578281,12.5553578966016,1573.67760127501,159.252894319465,9.37230532581745,4.48712515342661,23.25,7.4,0.748,0.608,28.05,17.9,10,2440.5,323.1,72.7,41.5,202.7,81.05,-34,221.1,365,6648.05,95,77.66,8.54,5.7926262857469e-12,0.00244783943334529,0.000583737622849829,5.03516170710856e-14,6.20281362255145e-09,0.056899284643119,3.28685037249985e-10,5.97141894052492e-09,4.44259431383057e-14,9.59100641057398e-07,2.71367322651885e-08,3.27520847216871e-10,2.39120375826141e-11,2.27436653645657e-10,5.17587531903153e-29,5.85610635127368e-12,1.22464713701082e-09,0.0107215606845801,0.00505401811468405,-1.06397095654729,-0.385361012935698,-0.285246374304119,1.8251148791431,-0.899057268111797,-0.86375626671903,-0.427482103243233,1.46859121204866,1.20784996881828,1.79263721384376,-0.0830860714388081,1.12238901065387,1.44272062019643,1.57929104317088,1.31967189035511,-9.56661471721303,-1.0631711405375,-0.876235299663131,0.24676453116114,0.183928430853543,"Pteroidea",""
"andreanum_24",17.375,7.2375,0.8015,0.47225,21.9375,12.9,9.0375,3199,375.6125,164.9625,28.2,263.9375,148.7125,40.225,223.725,365,4516.925,114.5,89.15625,3.44,4.84731147868883,0.337797487937881,0.0219414806115852,0.197949308085248,4.80667318868853,4.79493780683633,0.506916448455054,1487.80202215982,143.679339776362,123.630150477717,13.0726541189724,142.060107374107,123.267704465873,127.461733753423,92.956114837671,0,1770.50764290116,108.619913985814,7.58786990155058,1.62681107867948,17.7,7.15,0.7975,0.5435,22.55,13.4,9.05,2869,385.25,123.2,28.45,266,115.7,-4.85,180.75,365,4639.75,120.5,92.16,3.37,0.955212687169462,0.698834236816353,0.915036367622505,0.191417596237455,0.9757665247761,0.812842413903493,0.340911037135308,0.446061344827615,0.0715782929457899,0.564105201881292,0.392120021972621,0.338405243793262,0.0908696590370707,0.043827631547133,NA,0.953223530459272,0.759887185059156,0.015604947316247,0.336537196728231,-0.103641018978513,0.42853318529251,0.132426705090342,-0.363226327099051,-0.0306812105814198,-0.283862600865847,0.374664421731127,0.196835400434176,-0.428908883117001,0.639735209438284,0.0903239234907124,-0.3429900614199,0.308295343299779,0.706947820530179,0.488609604901705,NA,-0.101678508629064,-0.261636173207174,-1.55413583528817,0.947082428478117,"Petota","3"
"andreanum_48",12.525,7.69375,0.8104375,0.4280625,17.19375,7.70000000000003,9.49375,2072.6875,256.41875,97.175,32.05625,148.3625,65.2125,-13.2,161.56875,357.1875,2741.28125,68.3125,87.05375,4.906875,6.37563068775682,0.75935828170897,0.0296782046851445,0.188476158969775,6.18621788063326,6.54868943631725,0.902196393992646,1067.72628944251,100.536402818415,78.6156769777292,12.978082485483,94.9052360691091,85.566612452911,75.4895754392618,50.7631719359616,31.25,2328.20405154381,184.410310178146,6.69199808228703,2.75248425669128,11.2,7.55,0.8165,0.458,15.8,7.15000000000004,9.25,1718.5,219.75,58.3,34,125.7,37.05,-40.6,164.3,365,2262.75,117.5,89.11,4.31,0.0384877731583935,0.115427930381168,0.460525374044762,0.1855481489945,0.0741917852850818,0.141957482365393,0.00065890138555818,0.138763143654225,0.000428010005622141,0.44437410454949,0.237395566243353,0.00109673861767912,0.000986329343591105,0.435704136773194,4.5531081654203e-08,0.0376497367269193,0.000756266881475754,0.641838817252578,0.282489079862078,0.891033928275397,1.00421125120926,-0.83613710727827,0.274375281390049,0.820111133577916,0.831398109564904,1.06262301313841,2.15349707465896,1.06107179633208,2.10634532310576,0.332041560296826,0.916071607255392,2.04469432615314,2.03494963625625,-0.132438135968024,-4,0.893336810871936,-2.41460809383799,-0.410210513027045,1.11548704168935,"Petota","3"
"appendiculatum",17.1357142857143,9.01785714285714,0.654785714285714,1.37307142857143,24.0714285714286,10.1071428571429,13.9642857142857,2203.42857142857,405.796428571429,28.85,78.7928571428571,278.375,59.3571428571429,-102.35,380.710714285714,346.321428571429,4430.9,-229.642857142857,71.9389285714286,14.6503571428571,3.97135244112635,2.04070677143585,0.0667568041436294,0.811461640935044,3.89028773027634,5.23000096108116,3.70047187038249,936.33281628764,155.152241797921,22.755862085609,11.7776602270264,159.697449189953,79.2293175655626,33.8283192781608,145.871722792946,23.8607900453296,1447.98520250266,209.004734003751,13.1362783892789,6.80365124312639,17.45,8.7,0.658,1.1915,24.2,9.85000000000002,13.5,1862.5,354.3,24.1,74.6,237.65,33.8,-102.7,336.2,365,4543.9,-220,72.81,12.685,0.628764630653081,0.0268299659346247,0.23836599579801,0.00914199958877817,0.311597591662304,0.0200600935348278,0.00509353167986892,0.041667547841393,0.0192088997209227,0.148765004278191,0.0487029805721427,0.00957856692592159,0.879703037446005,0.0679668778518293,1.93397357763014e-05,0.651042813476754,0.533036362427893,0.352860980130439,0.277713983995777,0.245938789241887,0.266050572930249,-0.422723743113431,1.36908350485898,0.0125428328753305,0.602211203561301,0.753948928954063,1.41722581613834,0.958871908422153,0.951457755093625,0.179243746322839,0.991128161223118,1.3616506155552,0.251778794467813,0.915283913649976,-0.748190103176071,0.240261787494473,-0.295870454317469,-0.182880627075886,0.167210095703216,"Anarrhichomenum",""
"arcanum",16.4178571428571,8.58928571428571,0.769821428571429,0.539857142857143,22.0821428571429,10.9607142857143,11.1214285714286,846.25,163.135714285714,12.2321428571429,72.9535714285714,43.8464285714286,-48.0285714285714,-105.007142857143,148.846428571429,249.535714285714,4170.61428571429,-662.178571428571,65.1210714285714,13.9367857142857,4.24822870028758,1.60331584322045,0.097754815575776,0.537134972642798,4.35847863122397,4.55804858226706,1.46625174506092,456.451419264031,79.6275599706427,13.2411550791722,18.8514756695765,85.7801474146331,47.3291066746916,28.3123703963536,69.9259422115991,128.348911649819,1549.76918752541,478.680830305108,15.7224181391686,7.18715678269562,16.55,8.85,0.798,0.3545,22.2,10.2,11.3,920.5,173.35,10,69.3,57.25,-39.5,-97.85,144.7,300.5,4218.5,-533.5,69.895,12.775,0.591778899795073,0.00037743511973396,6.9833926960881e-08,3.04556422557603e-06,0.135853609730565,0.284435436014403,0.599218986364467,0.452102028113675,2.19265900772365e-05,0.51276388722183,0.162174972324947,0.544428175264837,0.540048753003991,0.425966054265865,0.000197402336022136,0.598055663909078,0.0753736077875988,0.083917367928785,0.106783943462344,-0.250797845955304,-1.89992796127732,-3.78554295430087,2.2743103999064,-0.0320081423869194,-0.482479606343891,-0.746806886405994,-0.0525131116103851,-0.0186003934081606,2.22041943038137,-0.1906608536938,0.0909038919411307,-0.0451564590432505,-0.344271140068717,0.548799726021301,-0.77939463923136,-0.2502907006058,-0.702262544315997,-0.459868749933755,0.415339779295227,"Tomato",""
"basendopogon",12.9821428571429,8.675,0.800428571428571,0.457178571428571,18.275,7.41071428571432,10.8642857142857,1216.82142857143,207.753571428571,30.575,63.4321428571429,91.6035714285714,-10.2,-74.4178571428571,166.007142857143,329.607142857143,3062.14814814815,-369.107142857143,72.3907142857143,14.6832142857143,4.58120585544319,1.31476656145154,0.0478983712484461,0.255569814129486,4.39895821000078,5.00639141762357,1.76723560769969,755.302345817808,70.6676387886115,58.049950553461,20.7064322368397,81.0353351466386,67.3607754859909,59.7848181742404,49.8963512996279,48.4579537374751,1500.32159690216,302.160533649314,15.7672374640797,10.6479864393058,12.8,8.3,0.8095,0.3945,18.45,7.10000000000004,10.55,966,197.9,12.6,67.9,79.05,-30.05,-88.2,166.05,343.5,3061.6,-439,74.045,12.94,0.895255511900162,0.0380870718243785,0.243723773571796,0.0675486391885474,0.973263674907599,0.0416832655592438,9.71746611460212e-08,0.000278566756368561,2.54678607436564e-09,0.576448100687694,0.00333286192020014,1.01973939570746e-06,3.21363376017673e-08,0.967152457060073,3.38636871464413e-06,0.452523006632194,0.461889696996567,0.232561305492879,0.0173741721716395,0.128495186048984,0.759663342133221,-0.330301372800695,0.293223412003536,0.203784865743548,0.00674444973185606,0.939928315852966,3.44224813901087,2.04039465957741,4.4708273684999,-0.369394471704667,1.58923845611914,3.07656757057046,4.06027832485207,-0.162788606746929,-2.57132113869072,NA,0.241639092756933,-0.1925462535532,0.364915465725728,"Basarthrum",""
"berthaultii",13.926,10.3626666666667,0.6234,2.15208,21.0046666666667,4.22200000000004,16.7826666666667,986.746666666667,213.136,8.86666666666667,90.1813333333333,78.348,-25.3733333333333,-87.6413333333333,165.986666666667,264.12,3339.48648648649,-464.666666666667,50.1596,20.5050666666667,4.54419261106815,1.60504048389907,0.0767405245493416,0.907042711232498,4.91987951218466,4.54198313634152,2.69951814185387,448.152154824535,82.9896601179116,9.48928746411323,12.1967174730383,89.5464010172108,44.251557716767,23.6300546906833,72.2480437092924,95.6574632230558,1496.22083604856,326.254681371957,11.8235485870017,5.40012621807779,13.85,10,0.65,1.726,21.05,4.85000000000004,17.1,837,193.3,4.9,91.4,57.2,-42.8,-90.6,152.2,290,3257.15,-532,49.03,21.93,0.16096956258215,0.17392454912246,2.59872986130899e-07,2.01584909480203e-07,0.083663053374779,0.357384654640618,1.31682639463793e-05,0.000545841492457327,1.29181480786435e-10,0.337837811855215,0.0130722424819436,0.000448639050156604,0.0570040162464094,0.0112275531339868,1.10539943956456e-05,0.480848165249622,0.00757608811591196,0.0773775846503642,0.000484269145167308,-0.419040823608817,0.435517568580532,-0.976781176482936,1.06051969338382,-0.0556959655973821,-0.502467674612098,-0.117830301703453,0.837234601383889,0.721422785963088,2.28196149015496,-0.184212666495646,0.598825856093595,0.641229566615267,0.356888820735544,0.684961070671009,-0.618130892800756,NA,-0.0209735103659613,0.598729093895427,-0.873502857820239,"Petota","4 South"
"blanco-galdosii",13.6785714285714,8.77142857142857,0.791428571428571,0.421714285714286,19.0785714285714,7.97857142857146,11.1,1136.85714285714,198.528571428571,17,58.8428571428571,77.3142857142857,-20.4571428571429,-84.7857142857143,162.1,326.857142857143,3166.4,-370.428571428571,78.6071428571429,7.63571428571429,4.0758288669154,0.701698619338069,0.0514938738843666,0.381745864105827,3.8169421817795,4.28318973263083,0.871779788708134,357.690009445529,71.1846124356876,12.114729327008,14.9012143960212,79.3841803839915,37.3196935117308,16.5567134995071,76.9481210513508,65.4940927906952,1481.16071038898,293.900695895091,8.81998623257753,3.51349236108869,12.85,8.7,0.806,0.275,18.35,7.35000000000004,11.2,982,177.9,14.8,63.7,61,-30.2,-87.8,149.9,365,2853,-404,82.71,6.27,0.342456109032916,0.47065382909133,0.137070558240238,0.00388335756667334,0.347562842580124,0.77042550196132,0.088567708066126,0.274280437218633,0.0845618580595713,0.013607797003605,0.501971673306992,0.281305294537791,0.794459953674364,0.532485451248565,0.00176844249547299,0.340243424890247,0.577394496328054,0.15143299339969,0.103721460075857,1.14452272169421,0.165721099799603,-1.59029694351057,2.12846799323577,0.770867649492288,1.21774707514325,-0.91917224952087,1.03857458233352,0.967309386458443,1.56759130505569,-1.95990409641317,0.570482307112218,0.346812445940414,0.413530387088304,0.594902996211948,-2.13725947747992,1.14494296795985,-0.544692614572301,-1.36550570986719,1.15283037173264,"Petota","3"
"boliviense",9.96676646706589,11.2479041916168,0.633119760479042,2.25653892215569,17.690119760479,-0.162574850299362,17.8526946107784,1094.11377245509,246.673652694611,9.87425149700599,96.3622754491018,113.283233532934,-15.5958083832335,-87.8778443113772,201.161676646707,289.748502994012,1966.39938650307,-435.37125748503,47.6991017964072,18.828502994012,4.00261439704086,2.48787029267506,0.0719261504127344,0.949045308175493,4.25249834265055,4.53741048755969,3.72577822987679,607.570804234843,102.271898532043,13.8546454480288,16.4087348791218,107.760387726545,55.9300588981328,27.395363694456,86.9555410128335,84.3347259839125,1285.89660411757,324.708757196686,16.7112262182789,5.53113875601074,9.25000000000004,11,0.654,2.025,17.45,-0.349999999999962,17.7,885,216.2,5,94.9,84.1,-34.9,-89.8,178.2,322,1580.2,-461,45.03,19.61,0.00772713439610282,0.00231614387069445,6.89054715511327e-09,2.29148459375844e-06,0.567747899425007,0.0349497412389765,6.51332945233449e-11,3.52246578884753e-07,1.5072545688598e-18,0.0651513136422259,5.80079676797832e-07,6.81429073617022e-10,0.00952523054762714,8.93996019874977e-07,1.77187495643221e-12,3.25226910823801e-07,0.0114255431558327,3.3001575802247e-05,0.00453764968698174,0.36177525558931,0.514500535508738,-0.847982544413048,0.457410563079756,0.420276237674734,0.172209042090385,0.285818964941198,1.39200914194932,0.910732864868426,2.67629940009861,-0.0270824636573245,0.874417696257628,1.20927628909579,0.442321281364149,0.837786107128741,-1.19888832377679,NA,0.142661292555212,0.664581439196887,-0.505210393416126,"Petota","4 North"
"brachyantherum",16.0285714285714,7.02857142857143,0.534428571428571,1.98807142857143,22.75,10,12.75,53.2142857142857,11.0857142857143,1.72857142857143,59.7571428571429,-49.8714285714286,-106.292857142857,-157.978571428571,108.107142857143,22.2142857142857,4023.80714285714,-1275.57142857143,25.6135714285714,8.66785714285714,2.25326381105227,3.50788750179859,0.064008069546214,0.526298023832609,2.54618870531564,4.35232033606124,4.8527153382252,28.906157372884,10.3436979805139,0.984048600604487,34.3778487331084,17.7019959140392,9.5050969554165,9.26134884439531,20.1520552219948,22.4847933961141,820.147964571765,114.047030977248,13.0037134383534,3.8521545990452,16.6,5.7,0.53,1.8365,21.5,10.4,11.25,44,7.2,1.5,47.3,-50.65,-107.3,-158.05,107.05,14,4236.8,-1287.5,27.855,9.31,0.305385803629212,0.00344586784635874,0.073302625547484,0.0335277723437157,0.00110114574053753,0.00306972220791844,0.00504484683188875,9.23945517035091e-05,0.616730480919047,0.0392400319310889,0.307566612858648,0.856003646663349,0.779444207030217,0.406448722508319,0.000543707470873324,0.329081799418321,0.853953910804617,0.509170140218561,0.56692302020736,-1.02735017433327,1.71913109859205,1.03413107789513,1.48856754954446,1.64042328591161,-2.41321161528558,1.67559837204362,1.75480211928979,2.55260975893161,0.451932053542707,0.88486716778608,1.07146982576793,0.165782022645225,0.257475320767382,0.925600517570983,2.02600443948611,-1.00767901184691,0.16621287081202,-0.139805194136418,0.051421440596759,"Regmandra",""
"brevicaule_24",10.4182242990654,10.203738317757,0.672990654205607,1.60942056074766,17.1471962616822,1.85747663551406,15.2897196261682,1141.99065420561,246.43738317757,13.4598130841122,89.3532710280374,118.917757009346,-11.4710280373832,-81.3560747663551,200.271962616822,290.317757009346,2089.27523809524,-413.122641509434,48.8836448598131,19.3981308411215,3.84535000077502,2.16132057961273,0.0538841341382798,0.848306771200038,4.01653323585189,4.30867271368971,3.66366489825238,656.359750863306,114.717227838276,19.4827977331774,16.1862410576636,119.710888214839,59.5756741057924,32.6037709868106,94.8442246124571,99.6105243862637,1247.46391814483,333.826750128757,17.3123911558474,5.9518063106991,9.85000000000004,10.1,0.678,1.388,17.05,2.35000000000004,15,1005,224.6,8.2,89.9,97.8,-18.1,-81.8,183.7,337,1814.7,-349.5,45.83,21.14,0.0875998219020882,0.471248710880552,2.60090319583503e-06,2.13375133476918e-08,0.0632769498467173,0.534413873427959,4.47472293072208e-08,0.000153635292335941,1.36686691866789e-16,0.023861592207329,0.000118040251586318,1.32775098253956e-07,7.51543313947894e-07,0.000150500713594152,7.80088848784619e-12,0.00220232746293324,0.106916448016316,0.000200746875791165,3.98812868499084e-06,0.119706953583448,0.0775408387848696,-1.16691904994514,1.31641327783068,0.215768233088441,-0.164224323522201,0.232579013303447,1.81012427680807,1.08566742639919,4.4095919159419,0.438592530695648,1.02914320331753,1.67187858499789,1.45994643410654,0.864984226405787,-1.22349834683375,NA,NA,0.853074042717469,-1.02392387019743,"Petota","4 South"
"brevicaule_48",10.5833333333334,11.76,0.6549,1.9052,17.98,0.0666666666667047,17.9133333333333,886.1,208.103333333333,5.91333333333333,97.2633333333333,75.68,-33.8566666666667,-90.69,166.396666666667,260.7,2091.63,-532.566666666667,42.7316666666667,20.2733333333333,3.65582514232619,1.55110639044611,0.02301176610585,0.438311131818326,3.51343725990807,4.191624105723,2.26924464621332,414.792374318891,80.9412238148379,9.59955937686127,11.8110259221345,84.9484078720726,38.632509834231,18.4327547663354,72.6899911686056,88.0525509235135,1240.59277381753,296.778413023558,11.3265382858237,4.11456230825415,10.15,11.85,0.658,1.902,18,-0.449999999999962,17.95,835,206.9,2.85,97.75,81.6,-42.8,-94.1,162.55,292.5,1881.5,-553,39.88,20.97,0.000943759865446445,0.353359880020638,0.0406787625254238,0.27727473589305,5.67233969379113e-05,0.567153138081091,0.00592040145755215,0.0205113288318422,2.08344339546687e-09,0.0529375402277388,0.118496766828907,0.060656281092204,0.396927653174595,0.0791390827945126,0.00743781943402793,0.000231674825421844,0.506912788032108,0.00497823426778995,0.283894648348889,1.43558154622526,-0.633344740697492,-1.09298895689592,0.756200534696672,0.713910196673474,2.18941623245619,0.107411137057059,1.23403801480533,0.772197792750767,4.53348419598472,-0.939389900940324,0.511590452234112,0.797159872226449,0.455481288709917,0.525245742992391,-0.525536002022126,2.02133563521607,0.107433274749717,0.853919421554631,0.281874676841884,"Petota","4 South"
"bulbocastanum_24",16.49375,11.425,0.642,1.7269375,25.08125,7.32500000000003,17.75625,1198.3125,238.85625,14.78125,88.44375,106.86875,-23.9125,-121.6625,228.55625,286.4375,4199.9625,-501.4375,54.594375,19.278125,4.61576555586033,1.62870091381649,0.0517635650498173,0.506560357542251,4.85890505498238,5.17268466723678,2.00398561205746,491.30679061051,83.1691206217789,15.4713162012804,12.8005191951993,86.6276377664773,44.7415224744681,29.220766017794,74.6908291447707,73.2638780937328,1679.63391284133,295.71517123746,10.7657215077919,4.99606007269729,15.5,12.2,0.6475,1.6845,24.05,5.75000000000004,18.2,1074,221.45,9.2,89.9,90.85,-25.1,-116.3,223.35,308.5,3845.4,-484.5,52.19,18.895,0.795133740004776,0.000294874804659402,0.00349626668409245,0.123918485818453,0.651429699246363,0.0958814482738629,0.124820710165861,0.283291138682701,0.000266824122864523,0.564187646438808,0.432738001244994,0.322643139027826,0.77962164807028,0.569938380709599,0.0244177557083856,0.79402142792152,0.609017930857916,0.124559920957303,0.384868761572976,0.399751031250439,-1.56850533509509,-2.03098837407988,1.16045579297195,0.601026907162268,0.155121257650598,-0.971904080350124,1.08772329043747,0.517697726309692,1.62575609333544,-0.334811511590503,0.637725139301309,0.880260716312898,-0.134323078473356,0.343632414516098,-1.10983977772705,0.399971076808125,-0.397009572912488,0.185408929342675,-0.800764924180446,"Petota","1+2"
"candolleanum_24",8.50954198473285,9.6412213740458,0.735923664122137,0.88536641221374,14.5645038167939,1.48740458015271,13.0770992366412,1300.25954198473,248.932824427481,18.4320610687023,76.8496183206107,129.843511450382,3.58167938931298,-68.6900763358779,198.531297709924,339.732824427481,1557.86465517241,-275.541984732824,63.166106870229,18.2341984732824,3.98496749578392,1.74575838618185,0.0566062810215114,0.307617274850194,3.72056906601467,4.61259706385863,2.18246737170063,581.741874926385,96.9785776842162,20.8717853984588,14.5868242657849,105.125636263866,55.8068065899971,29.1520756747778,85.2555994858262,54.0327286042708,1320.38712710914,298.026567208671,15.3524104633326,5.58515159965015,7.85000000000004,9.6,0.734,0.869,14.05,0.750000000000038,12.9,1151,227.9,12,76.2,109.3,-7.4,-71.1,188,365,1233.5,-265,63.63,19,1.29610836810125e-05,0.0613479342844876,4.79700755601855e-13,2.26983624208482e-05,2.70404979195502e-06,0.219435325771542,1.23713835776139e-09,1.52724687522379e-07,2.23813752874378e-16,0.249472459590836,7.91108599814968e-06,7.21191784336772e-07,1.42987722545067e-06,1.39967529229822e-05,9.47274306159232e-19,1.68866285757334e-08,0.00106889502336976,0.0909145200702755,0.0393622893233187,0.88762243705428,-0.209663038674637,-2.9833698984971,0.576946215058937,0.681309195557096,0.950264686425062,0.369882467172844,1.61964704022312,1.1797278247491,2.86623697982104,0.164589619399035,1.00635340553685,1.20581721437906,1.15768675714118,0.969711273389441,-3.57316712629259,NA,-0.724253418961544,0.0814759593316581,-0.243925980766988,"Petota","4 North"
"cardiophyllum_24",17.05,12.44,0.6392,2.1276,26.53,7.01000000000003,19.52,543.2,113.26,6.24,84.62,-24.56,-78.5,-130.92,106.34,138.2,4408.58,-958.6,42.704,16.044,1.78745629317195,0.81117199162693,0.0281904239060004,0.606300090714161,2.08734280845289,2.11730961363706,2.07292064488731,214.446263665283,42.4438805954404,2.89965515191031,5.16449416690541,44.8145958366245,22.6933911084263,14.4797099418462,33.9912194544415,88.1487379376472,645.90819935963,254.919202885934,4.66310304411129,4.00172212928384,16.45,12.6,0.656,1.773,27.05,6.65000000000004,19.2,549,113.4,6.1,85.4,-26.8,-75.2,-126.9,94.9,118,4199.4,-910,42.51,15.74,0.788979902941532,0.379466549325517,0.124400878132446,0.0894109568973419,0.674175964993703,0.618256376810177,0.909277398263384,0.97523985386717,0.435896787894543,0.410148946685178,0.699716381555788,0.957717887158956,0.410757769235087,0.476985020018946,0.122748620258262,0.804887596224626,0.94706197394218,0.30484171246519,0.925171187341729,0.390042039771696,-0.240561533348954,-1.14825606025524,1.27907368822429,-1.15367961927516,1.06205302039065,0.442691083431715,0.53143742718553,-0.0458390748173112,1.2134427948931,-1.33381330933257,0.266051273200728,0.108800308022793,-1.31069085246565,0.533053452138548,1.71234215028003,0.373841873444517,-0.0995078692865211,1.35321167493104,-0.150648345520778,"Petota","1+2"
"caripense",13.4308219178082,8.26301369863014,0.790520547945205,0.500616438356164,18.6938356164384,8.19794520547948,10.4958904109589,1831.15068493151,284.561643835616,51.3246575342466,54.5890410958904,171.842465753425,42.172602739726,-58.5369863013699,230.382191780822,346.780821917808,3122.77916666667,-140.739726027397,81.0732876712329,9.5313698630137,4.75837441705108,1.17432094436116,0.0605229776359178,0.288951054589267,4.8496559528993,4.92849170044956,1.59429872742466,1117.30134539574,142.090638746831,52.5193477069322,22.9608880105801,147.374634970623,95.2187222782281,52.5371575037064,128.299962482096,45.0090258156142,1703.94114797344,314.097562134463,13.7247044144243,7.06190175737002,12.65,8.1,0.794,0.393,18.15,7.35000000000004,10.7,1404,256.3,41.1,48.3,142.3,10.1,-70.7,199.1,365,2796.35,-83,85.32,7.65,0.014213127945665,0.456654867994784,0.0209239788864477,2.134024324848e-05,0.103653788135762,0.492169843574402,1.88739691366909e-08,1.72353175429237e-07,1.2311145150683e-09,0.003140890831007,1.07475191728895e-06,1.86405768402195e-07,5.58381197438142e-09,3.26350678741872e-06,9.46002695780723e-15,0.00517110663646059,0.000367243035139752,2.95386807465249e-05,1.444586366226e-05,0.694970306842154,0.0760450929370014,-0.0547445327446573,1.26189242194567,0.780248101500938,0.442115576897755,-0.172306898818835,2.01480571583116,1.86609598589908,2.7678654697734,0.640398227323638,1.70733547877175,1.88792963630611,2.84481195615845,1.66690506395065,-2.99284098241643,NA,-0.697067718989862,-1.07146274848027,0.651866705291373,"Basarthrum",""
"chacoense_24",17.5763157894737,9.4421052631579,0.513421052631579,3.41994736842105,26.0763157894737,7.45000000000003,18.6263157894737,1127.15789473684,198.384210526316,23.7631578947368,74.1736842105263,62.1052631578947,-18.5052631578947,-75.4263157894737,137.542105263158,309.842105263158,4578.78421052632,-327.105263157895,53.1126315789474,13.7747368421053,4.22582563994082,0.78762356312707,0.0723988303999095,0.881725925776902,5.42175065057026,4.42178948189781,2.37061691578448,416.123414273257,42.0245862317907,28.9804763883534,29.756676974444,54.1819514197221,29.0740524577464,30.1414598574651,44.5329380694719,78.984712415262,1542.51424782296,245.52277439891,8.8701401981312,8.07464644456204,18.05,9.4,0.498,3.568,28.45,7.35000000000004,18.6,1015,192.9,6.9,84.1,62.8,-19.6,-78.3,129.7,336,4750.7,-301,52.03,13.22,0.339110264782585,0.637072180345737,0.0136156795125067,0.146861187774168,0.541698024511038,0.751831030814808,0.558047680306796,0.0674568060369259,0.000127046939300101,0.0292965853865081,0.990317798476342,0.975095691209402,0.991216159022214,0.275164386343567,0.000186503857196953,0.333098546771004,0.151251311365091,0.0807062834373241,0.0498778038735914,-0.357311685877819,0.417088144985662,1.30129213774684,-0.820844610542004,-0.566550735314255,0.123792584497652,0.0296072912906738,0.327775683498678,0.733071839564365,1.66065165975839,-0.579278176819258,-0.0102566633184444,-0.0483823195976532,0.243439185978069,0.707369629025636,-1.9185571956468,-0.36176531876997,-0.991180196330212,-1.05623135372355,0.388270237966115,"Petota","4 South"
"chamaepolybotryon",18.7833333333333,7.6,0.803,0.478,23.15,13.6833333333333,9.46666666666667,1681.33333333333,237.466666666667,50.8,38.6,115.433333333333,24.8,-49.3,164.733333333333,365,5019.03333333333,-15,81.8133333333333,8.69666666666667,3.67740850781271,0.360555127546399,0.0144222051018559,0.0445084261685358,3.73630833845388,3.35608899365514,0.55075705472861,275.027877374882,38.0632806433357,4.50333209967908,1.15325625946708,55.816335721125,37.3050934860107,17.9602338514842,39.5587327063612,0,1341.82987868557,164.993939282629,3.3781701161033,1.58509726305149,19.65,7.5,0.807,0.479,23.75,14.65,9.2,1610,225,51,38.2,91,10.7,-50,142.8,365,5340.4,-48,83.35,8.55,0.607441344171162,0.536737125066197,0.536737125066193,0.962836451160314,0.518511929690609,0.173623970095165,0.567317556524387,0.450738123752831,0.926525749867596,0.417327659907981,0.257404970855268,0.363113154971025,0.935523632625991,0.0434549234989744,NA,0.600975492581868,0.667513602537205,0.226673073451952,0.846794840610572,-1.00162566414481,1.15206963831394,-1.15206963831397,-0.101053414087448,-0.704003057179467,-1.18861842205259,1.66803368344324,1.08863809338569,1.31575665207557,-0.199457830821544,1.37303277881037,1.59238840710943,1.45786296732131,0.175121048985386,1.72801732918284,NA,-1.01592557787169,0.864029092366266,-1.62341395080041,0.412813402865386,"Pteroidea",""
"chilense",13.6152777777778,10.7013888888889,0.660666666666667,1.82186111111111,21.3402777777778,5.23055555555558,16.1097222222222,171.152777777778,49.6611111111111,1.57083333333333,96.8291666666667,-48.8444444444444,-102.665277777778,-148.194444444444,99.3597222222222,60.0555555555556,3254.45774647887,-1236.05555555556,17.57375,9.97291666666667,4.90338083201014,3.53937581254238,0.108323199237087,0.996037788546616,4.6772496951184,6.47412268000408,4.7407778443669,175.532963857579,52.1790108240759,1.28812971746408,36.0864394081063,40.6979699424122,22.8424065708918,19.6282341114757,29.7636211436667,80.9691105923089,1617.2580731121,265.938883632793,8.32356512821651,6.81010815357438,14.85,10.55,0.7015,1.8895,22.1,4.80000000000004,14.8,102,28.8,1.35,106.6,-62.95,-106.1,-147.25,97.05,22,3613.7,-1273.5,16.62,7.865,0.00303504573158358,0.227793089439593,4.86970349396332e-07,0.00215076001585007,0.0110071647384021,0.000370474493959411,8.83772926101418e-08,1.616573552621e-07,9.56278167199631e-07,0.000486629591566362,9.3410397092973e-08,0.0355868281620412,0.146284455272845,2.09775564374993e-05,1.86897566411658e-10,0.00431065533196002,0.0726707639842338,0.00109961341041848,2.99121772728932e-05,-0.640974440403347,0.0767040685291461,-1.61478600909505,0.369412975121383,-0.281059460878549,-0.340007203726833,0.5162469318971,1.54815315494125,1.14968840161964,1.8546802088075,-0.582311054468828,1.58066564243987,0.693734614472289,0.206167874152562,1.29468269493621,1.83424755726749,NA,0.585901785858302,0.954714560071812,0.820897082241702,"Tomato",""
"chimborazense",16.25,7.975,0.74625,0.4985,21.875,11.2,10.675,1804,329.625,36.875,66.8,223.55,47.425,-58,281.55,355.25,4109.725,-81,80.1925,12.595,5.74514287608817,1.9838934783232,0.0398110118769501,0.135620794865684,5.88805287566838,5.85974971024074,2.45271957902516,548.555679337415,105.375625739542,19.9234158717826,12.3946224898811,116.217970497968,54.3674764910052,23.520062358194,102.574639490796,19.5,2092.57854870492,141.499116605016,12.139652315175,7.11576887389316,13.95,7.45,0.764,0.515,20,8.95000000000002,10.3,1864,300.25,38.85,65.9,190.35,41.1,-51.5,262,365,3266.65,-40.5,77.725,14.435,0.0632768836274768,0.390448308063197,0.0217969078479722,0.90108264261209,0.106761713024594,0.661515030674689,0.80581415681123,0.336702767915464,0.91436855971537,0.428032841956478,0.365524368320273,0.879194521797651,0.221232263140692,0.701922297215643,0.00124072593197728,0.0584498243608378,0.232972466475756,0.314110428195808,0.341943405075263,1.84118363739815,1.40591248271291,-1.90982914882878,-0.622224343899193,1.45226378187054,1.69976509775127,0.88062459967569,-0.468392493349035,1.09709410371454,-0.554214665363773,0.196623729231105,1.23821106253835,0.554394181170715,-1.48930358707514,1.02303909747472,-2,1.85202577018086,-1.5274261972953,0.593805968495242,-1.4047080688126,"Anarrhichomenum",""
"chomatophilum",11.2274193548387,8.90483870967742,0.797322580645161,0.464741935483871,16.5983870967742,5.43387096774197,11.1645161290323,1260.27419354839,224.212903225806,20.9548387096774,64.9193548387097,114.861290322581,-2.03870967741936,-80.9161290322581,195.772580645161,342.177419354839,2386.49833333333,-248.177419354839,74.8033870967742,13.3108064516129,5.3200338762276,1.20646175801762,0.0531400173971443,0.325392974799167,4.98416317969205,5.80322673240222,1.39531966772687,422.096336193561,65.9544489702862,19.7664368408521,16.8889996084334,66.1768677202132,36.9078931308325,22.9849358618475,63.9750416738084,66.0547523001019,1872.66146311097,285.925332692293,13.539530338314,8.58211928780541,9.85000000000004,9.1,0.8005,0.3955,16.2,4.75000000000004,11.4,1225,222.15,13.7,64.65,106.85,2.7,-85.15,189.75,365,1942.1,-203.5,79.2,10.905,0.00910692201401567,0.0788114303725345,5.18548261272647e-08,4.22413713263495e-09,0.0393278052263745,0.150394441904221,0.389449388878688,0.134910461428088,3.15228199020053e-07,0.620261574601966,0.196187626042264,0.356132582653458,0.261629090848093,0.365178584516352,1.73607623112412e-14,0.000798309873042446,0.000107856774940604,2.45563923848767e-05,3.17602768481124e-05,0.840532179683063,-0.256364250507569,-2.78667087520848,3.18613819753771,0.855745264357511,0.702797559523166,-0.339130800398955,-0.262034916426969,-0.452065593723915,1.61246917999479,0.0786051501444168,-0.396248691776842,-0.232015990102566,0.299014506908103,0.324826283559432,-3.79235563718458,NA,-1.47196476091366,-1.30167177953427,0.914831652656849,"Petota","3"
"clarum",13.3722222222222,8.38888888888889,0.687,0.837777777777778,19.4722222222222,7.29444444444448,12.1777777777778,2746.55555555556,510.977777777778,22.4333333333333,79.1333333333333,390.955555555556,108.655555555556,-88.6777777777778,479.611111111111,360.666666666667,3059.96666666667,-136.777777777778,75.6711111111111,15.7211111111111,6.32174378193583,1.46410761595967,0.0373296129098602,0.20365398214728,5.47397884946996,7.00287639315286,1.96391049807379,590.955394067757,100.431341942864,13.9797174506497,7.33859659608021,98.6662823753777,50.1279889660235,25.0884823065176,90.8989472497405,13,2313.21427671541,135.867378146649,13.5002346687423,4.83347557261968,10.75,8.5,0.686,0.808,17.15,4.05000000000004,12.5,2675,493.9,21.1,78.6,384.3,103.4,-86,457.6,365,2111.7,-115,77.01,15.93,0.00610934343258939,0.361648844075533,0.814676790893736,0.501095691781505,0.0174127077614468,0.913744313335567,0.0705822900261646,0.185408808817657,0.396963715550102,0.953441965449279,0.158613653082052,0.564310102996523,0.183291000556433,0.410997592580646,3.21749285541393e-07,0.0061823880601803,0.234971440992968,0.433558452639397,0.832955375743505,1.65472626759552,-1.16074383967843,-0.360975841171121,0.422246841986326,1.72476945601525,1.63501258422719,-0.524424265829426,1.51809658522069,1.23954431610496,0.603433463758194,-0.169595906047658,1.11616488031264,0.825372349652867,-1.30161129932868,0.877889019101061,-3,1.65362254418596,-1.08304450944725,-1.11395936317122,-0.653550249699949,"Petota","1+2"
"colombianum",14.8227941176471,7.35808823529412,0.805632352941177,0.443926470588235,19.3639705882353,10.1948529411765,9.16911764705882,2523.02941176471,334.302941176471,98.1536764705882,38.5757352941176,225.227941176471,100.071323529412,-15.9522058823529,241.182352941176,361.911764705882,3583.4625,75.4044117647059,88.5224264705882,4.50595588235294,5.51961441100619,1.00624385138651,0.0480611969184858,0.212926300320537,5.86557026110995,5.62498157828016,1.39313208040876,1070.01962558102,128.448675405812,70.5850334656463,14.8776267338953,132.664399026503,95.0202574176516,78.0776232627332,105.477810116703,15.2972864154908,2013.69562556887,223.113602642456,9.69893300709077,3.61015653270489,13.45,7.4,0.811,0.4125,18.3,9.10000000000004,9.2,2357.5,321.45,79.5,37.65,218.5,86.35,-31.05,215.9,365,3078.25,167.5,91.49,3.38,0.000824007903929699,0.000287915826018193,0.0204095275412509,1.32477541704686e-05,0.00387827815973885,0.00560828144888111,2.72958569036853e-06,2.99670134853658e-06,3.9529324408271e-10,0.000175974491419065,4.40584403988623e-06,5.12902032275846e-05,5.44839033063542e-06,7.72163552396956e-08,6.14466326316515e-24,0.000581811533810808,7.00299838006982e-14,2.20720225748369e-11,9.4161540901121e-13,0.525157182864072,-0.461077555630037,-0.502947706630318,0.756072928885186,0.66489029058303,0.435752156504108,-0.235674126468352,1.11463390125122,1.02447227636246,1.63496968340719,0.916059020088575,1.00887734162524,0.944096699156239,1.10426626279612,1.28731570792349,-5.39966216017732,0.532520313853132,-2.0263654399814,-1.64402093977967,2.20578888575265,"Petota","3"
"commersonii_24",17.0363636363636,7.82727272727273,0.381863636363636,4.35545454545455,27.7772727272727,7.75909090909095,20.0181818181818,1245.63636363636,135.190909090909,70.8181818181818,18.9818181818182,49.3227272727273,-10.8409090909091,-91.5409090909091,140.85,365,4382.69090909091,-226.52380952381,51.9886363636364,6.53772727272727,1.54651542401295,2.23418927837409,0.0675434924816845,0.427679088333066,2.18636071135876,2.08370299750664,3.34758425529819,180.562492929218,25.9092355126215,15.9514631770624,8.21523766364247,23.1563203717727,16.0542728058506,21.6184149696703,26.7693988405738,0,567.680106858558,81.301057217984,2.09894371497063,1.31266334790572,16.8,8.95,0.406,4.4485,28.6,7.40000000000004,21.55,1219,131.65,71.25,16.65,50.95,-12.6,-93.35,146.4,365,4292.25,-242,51.915,6.555,0.0599575602447195,0.000821424953124621,0.00120636823335634,0.434127181515309,0.0281104642986086,0.00657351489397474,4.94939573222871e-05,5.35757478144198e-05,0.111718446569232,0.0498780387797844,0.227131325812772,0.000345119872655344,0.00406489106534508,0.0859920155467552,NA,0.0674986681724674,0.000724705047193671,0.386277741745168,0.421736327789299,-0.329939176245924,-1.29997190536338,-1.78277072667182,-0.55868422042794,-0.319901901406433,0.223749817123908,-1.13934541181053,2.5601855297517,2.28282249809883,0.24122836507416,0.846197312783568,0.231785973146224,2.02774190285718,1.75735224281993,-0.57683669471176,NA,-0.308661645963433,NA,0.200068112682225,-0.0347800437320292,"Petota","4 South"
"complectens",16.7785714285714,7.97142857142857,0.609428571428571,2.00742857142857,22.35,9.30714285714289,13.0428571428571,1266.28571428571,224.857142857143,24.1142857142857,68.7,87.4285714285714,-2.38571428571429,-68.9571428571429,156.371428571429,352.571428571429,4297.45714285714,-196,69.1114285714286,15.6514285714286,3.82043378240146,1.66103811486902,0.0397905229204859,0.250950763526007,3.50380745285278,4.53205514193325,2.34652732270274,261.608304076734,33.244340728554,12.2412456571256,9.43115404744651,33.0655265740476,19.9254802176701,10.2678879916721,25.9750979648916,23.2655477968114,1393.95560170466,121.391927243948,12.4681346220026,5.47309305777342,16.75,7.8,0.602,1.942,22.75,7.25000000000004,12.4,1309,228.5,23.3,71.3,79.9,-3,-71.6,151.3,365,4269.5,-195,72.88,13.84,0.383066798600217,0.641725038076594,0.467397790125056,0.76114713848617,0.0791090076529179,0.240599551474096,0.917577778182822,0.973678764984666,0.642801968921132,0.661921274166886,0.679659266995801,0.433374557427487,0.168927265903142,0.985660851504977,0.000778435104629323,0.396677230206676,0.380317686714634,0.816959335520334,0.683825349404475,0.372891176730934,0.214811743583754,0.299084555205004,0.375293644248208,-0.337151559260129,0.841242815955681,0.6262376251855,0.311535190864688,0.120005541157369,0.0715163207975394,-0.130130100066527,0.402780412145585,0.496464328355527,1.40264166026901,0.206998506337742,-1.87415855394786,0.381749521505568,0.506580877216395,-0.282301582844885,0.851677696083818,"Anarrhichomenum",""
"conicum",19.4884615384615,7.62692307692308,0.730346153846154,0.6675,24.3846153846154,13.9269230769231,10.4576923076923,2443.26923076923,380.392307692308,71.8653846153846,50.7076923076923,260.976923076923,91.2461538461538,-30.55,291.542307692308,358.576923076923,5287.22692307692,21.9230769230769,80.195,8.94115384615385,4.30014668801676,0.833574324128421,0.040288899024612,0.2142324438548,4.44341691113425,4.37248741037022,1.1997243273096,999.530992323592,156.893681002332,37.4770003314854,11.4390182472771,158.121994188518,82.6858935043662,35.9425458196828,132.82754886868,22.0057684745125,1564.39841614793,178.694134895787,8.65762935219567,4.18425843075982,20.35,7.4,0.727,0.5925,25.1,15,10.2,2457,363.9,71.3,50.25,241.95,86.4,-29.45,280.55,365,5592.9,106,80.7,9.12,0.0763230357903134,0.0225834334064797,0.0828167913297603,0.025552215998181,0.165817052832273,0.000943705298102789,0.394387739403318,0.111354528314166,0.255105450204502,0.666718844972741,0.155525268400499,0.473521193510323,0.634158091394701,0.182736368194862,5.82394247068687e-10,0.0777124367078581,0.000822511758420144,0.908987066659615,0.378954127859574,-0.78436912474931,1.23769853090431,0.799749903540884,0.720690804720041,-0.772839548668699,-0.629441154594765,1.77724174422311,0.261249256079344,0.262555823537107,0.189922521609252,-0.0856323217857441,0.190138226795264,0.253431791894198,0.0987111963635038,0.241607684710386,-3.37762438940957,-0.781535104211591,-1.0481688611309,0.0572242349210704,0.00340526611125566,"Pteroidea",""
"crassinervium",18.1954545454545,5.98181818181818,0.840272727272727,0.273272727272727,21.9954545454545,14.8681818181818,7.12727272727273,4316.45454545455,544.718181818182,206.245454545455,38.7272727272727,442.036363636364,261.272727272727,105.963636363636,336.072727272727,364.909090909091,4813.20909090909,125.909090909091,92.5936363636364,3.08545454545455,6.28416480311642,1.41479198599524,0.0325241169260317,0.0687707654590101,5.54767764679305,6.93365966597987,1.71877334694887,2763.76060336768,296.378622097417,187.202731623427,21.3928067774704,299.887303074763,233.820499917818,191.318866151393,117.548577965955,0.301511344577764,2293.06554265444,105.936258708201,3.39515617528052,1.89014477559981,19.85,6,0.838,0.252,22.55,17.45,6.8,2670,401.1,88.1,34.6,280.7,127.7,-18.7,333.8,365,5413.8,176,92.69,2.72,0.0317879622420768,0.340762407310608,0.76163753980021,0.175830848273176,0.0126396662627131,0.406940133514997,0.037492226606173,0.105206321554369,0.0188998037420632,0.0303522576885905,0.0979601148984192,0.0413852967566778,0.0146033203971187,0.884519670572428,2.24340190161221e-08,0.0309009938007812,0.0236542605470341,0.00951976950660075,0.0682347219061355,-0.497734249314438,0.32437810552604,-0.0632418914930041,0.24343889086507,-0.370641167024558,-0.57383236805771,0.539954171187437,0.535552278317531,0.441821241621434,0.547954101110352,1.19430191346134,0.431900034547439,0.518035455540234,0.530191483475669,0.0554633598162919,-3.31662479035571,-0.499344258774725,-0.933820887004693,-1.9552243276763,1.1210397219992,"Herpystichum",""
"demissum",14.3177419354839,11.9612903225806,0.632677419354839,2.08729032258065,23.3161290322581,4.3403225806452,18.9758064516129,1142.03225806452,233.433870967742,12.3064516129032,89.791935483871,102.23064516129,-24.5161290322581,-122.127419354839,224.345161290323,258.564516129032,3504.4131147541,-544.709677419355,54.7775806451613,18.2043548387097,4.69334283306731,1.81273770300747,0.0425274353852217,0.735118020793244,5.15837512694558,4.89418221630202,3.27046823157299,559.428014904859,108.088356303427,12.2400427376268,12.5926376927689,113.991565101682,50.1822586164865,26.9662519466604,107.309961155003,91.4564522309939,1556.89914375503,302.362684568659,13.7788766447686,3.81545288589499,14.35,12.35,0.6275,1.8925,22.95,4.10000000000004,19,1072.5,215.75,8.4,92.95,85.75,-32.55,-122.85,212.85,292,3403.5,-478.5,51.405,18.34,0.00947380939820072,2.14784192023645e-05,0.433171494576751,5.01627708833659e-05,0.000385913862280176,0.0733316236356762,0.00137374817714664,0.00383092897287587,1.54022048701056e-10,0.0142004013503495,0.0031404118216488,0.00281553259786623,0.113542944770465,0.00218489212289919,3.30144640437134e-05,0.00813305693813629,0.0731524883759003,0.0365781038934071,0.550787641710729,0.0679567438583195,-1.18261995247358,0.255273361318768,0.98189479086382,-0.139992707767242,0.69407021840259,-0.0231712857507314,0.87220177238492,0.759694394864752,2.18540157200535,-0.421336825666166,0.781530479230852,0.868745153550414,0.423675632045132,0.855370134549946,-0.540321561377682,NA,-0.103248529366141,0.282914254889516,0.16600790514305,"Petota","4 South"
"doddsii",14.01,9.63,0.6628,1.6794,20.23,5.77000000000004,14.46,1030.9,197.93,15.46,78.9,62.46,-26.14,-84.84,147.28,266.3,3294.52,-475.5,50.785,19.997,3.22117990804611,1.90090621663575,0.0425383487116168,0.272481681341456,3.98965328485237,2.59349613884853,2.3884909229237,586.696675368873,90.1444772450192,16.3010020141912,10.2467338969818,97.8695412838495,53.6139326833779,22.2595397776125,78.2147584822995,102.598516341883,1140.68938785085,353.382150715687,16.0542851669647,3.94381386195872,14.75,9.8,0.6635,1.6955,21.4,6.25000000000004,15.05,840,174.5,9.65,80.1,46.5,-37.35,-83.85,133.8,274.5,3550.55,-492,46.775,20.645,0.0733116547652316,0.61638386771352,0.876347062844288,0.993065917042716,0.0755472690804583,0.321869957982698,0.00739985932225045,0.00786413136362591,0.0114264917164668,0.748506941021504,0.042407864204567,0.0651815295654921,0.753938432845421,0.00872347123246919,0.0441992040621307,0.0927351237040041,0.959946408767352,0.0971972967152888,0.745658317146882,-1.6475918203789,-0.302497415874042,-0.579091942184624,-0.101798170947454,-1.36245632348422,-1.49384061071847,-0.0375921401449559,2.03898794067044,2.07057254336577,1.8021435294468,0.00234540718371013,1.77099151250818,1.64191713895886,0.282054317668125,2.06602398096044,-0.386262231647172,-1.58689275646249,0.0176863096332538,0.969872830801566,-0.767451979056925,"Petota","4 South"
"dolichocremastrum",10.4277777777778,9.27222222222222,0.810333333333333,0.424666666666667,15.7277777777778,4.28333333333337,11.4444444444444,1471.61111111111,256.455555555556,24.45,67.6388888888889,144.227777777778,15.3333333333333,-75.8722222222222,220.1,352.944444444444,2122.85294117647,-221.666666666667,71.2527777777778,15.0588888888889,5.60194877389639,1.15646802837502,0.037419717985544,0.170412647970259,5.19361095686246,6.03977015534628,1.35439251510311,859.3011619497,95.354238760913,39.0868602865314,17.5040210132983,100.822306154445,72.7180534263511,38.0276185323487,76.9820376298722,32.978553141705,2013.17600296076,241.637063771755,12.3930966578673,6.99562627132872,9.25000000000004,9.35,0.813,0.3915,14.4,2.35000000000004,11.6,1306,236.6,12.65,65.95,120.85,6.15,-81.75,214.5,365,1787.3,-141.5,69.635,13.795,0.0541520278513293,0.3907972009331,0.265265677841125,0.491680572398359,0.0583513834805383,0.578131827878958,9.81603807094159e-06,0.000144591799306685,5.09820188990185e-06,0.840092539500279,0.0007793461761852,2.69232643078624e-05,0.000424418972629829,0.21731646427642,2.34056893892029e-07,0.0422526870622088,0.277675102545211,0.927597603374329,0.189409080589262,0.965615198307745,-0.0936989193490482,-0.0376886509364076,-0.0512676176308747,1.05643730616609,0.95811575602792,-0.275510239279655,3.27293539266338,2.65574347441248,3.01932953407035,-0.211860588988039,2.32365375267335,3.03870493257216,2.45213317848936,1.02976694199195,-3.16662636679278,NA,-0.522112981373264,-0.191397722475454,0.950442013719071,"Petota","4 North"
"ehrenbergii",17.5369565217391,12.8586956521739,0.60545652173913,2.52867391304348,27.8695652173913,6.63478260869569,21.2347826086957,626.521739130435,144.25,6.44565217391304,91.2652173913043,3.20869565217391,-74.6847826086957,-141.384782608696,144.584782608696,155.434782608696,4577.19782608696,-909.826086956522,41.525,14.4082608695652,1.85551534568368,0.918834064805688,0.0240690733069446,0.348883492450342,2.1553674154659,1.96762320142905,1.30762165634226,186.114270648788,56.1749479552743,3.10717495997314,14.6693060866151,52.1379956401469,16.6403387704739,19.8842647716039,60.3359887717339,63.150843110027,676.802154740834,182.696263338036,5.37191368756672,2.78596187606349,17.4,13,0.6115,2.507,27.55,6.75000000000004,21.1,586.5,129.85,5.7,89.9,-4.9,-78.85,-141.7,129.5,140,4530.15,-955,41.85,14.32,0.482256718445497,0.000383959180508987,0.0515594343549286,0.887504532119027,0.277112762948428,0.106360243160661,0.00185909168003317,0.00297396768372901,1.44246552725262e-05,0.11233655796524,0.00134074958625393,0.0108338167942128,0.848061479402454,0.000527112839391661,0.000374962158666219,0.467494995893707,0.0521976958972887,0.269943848211955,0.98615983629589,0.187703385766329,-1.51823468909588,-0.712628294079626,0.0958783461515283,0.511070112098117,0.41952201350734,-0.57573939025897,1.00001809936643,0.808793472420947,2.12694388893527,0.204344267851867,0.900306342234661,0.960420487417045,0.0728622155355936,0.931692072541179,0.919221568706504,0.189319524983401,0.752090027404405,0.142058145857069,-0.111047066894367,"Petota","1+2"
"etuberosum",8.40789473684213,10.4368421052632,0.458763157894737,4.49228947368421,21.4394736842105,-1.28947368421049,22.7289473684211,1828.97368421053,393.734210526316,25.5,89.8684210526316,350.342105263158,53.3131578947368,-142.8,493.123684210526,224.105263157895,1832.58918918919,-384.166666666667,44.1734210526316,17.9089473684211,5.17481591676494,1.7109221557523,0.0375020246015817,0.844107778051644,4.65552792452645,5.66418522914811,3.32451239218681,957.666998684743,184.188948631585,23.9565710671894,13.1620483344525,181.172437841096,82.4330430042915,33.531429387319,155.776496916143,121.221438981922,1213.00300054218,268.791103169091,11.5636156499169,3.40812129389665,8.35000000000004,10.85,0.4655,4.556,21.45,-2.49999999999996,23.6,1659,379.05,16.2,92.35,342.2,40.15,-153.2,491.75,263,1508.1,-354.5,39.905,17.645,0.171350432231458,1.83989301409341e-06,0.0558618519859706,0.0239992719393108,0.319888545638764,1.77234878515336e-07,0.0895770659998416,0.10590506291611,0.000309817069424651,0.107593781766237,0.101512956626464,0.0560336073994174,0.0286877372489728,0.251181122663561,0.000226596045037744,0.0205505590252002,0.148935041252103,0.025359569545319,0.026625004273811,-0.395742444997312,-2.05236162085761,-0.835311165728547,-0.891842998977753,-0.315391362718706,-0.0853303891460384,-2.35886839130948,0.373452718850733,0.181422803570947,0.90129792834834,-0.139206416176252,0.163825814979043,0.324647282505702,0.719728001393478,0.145851602112662,-0.833226389831794,NA,NA,0.686262996061067,0.713690499898468,"Etuberosum",""
"evolvulifolium",17.45,6.69047619047619,0.781214285714286,0.492619047619048,21.9261904761905,13.3,8.62619047619048,3575.09523809524,459.519047619048,138.421428571429,38.1690476190476,350.135714285714,184.661904761905,18.7380952380952,331.402380952381,363.714285714286,4541.60952380952,112.333333333333,89.1469047619048,5.27952380952381,5.02869812954096,1.1009551338435,0.0654841391015229,0.220858629585727,5.10226202938387,5.22121609981578,1.61985538707288,1621.6182794872,195.737158552216,103.072814744591,18.4585162854735,198.195497009501,137.18505563277,105.621750236931,168.000208315921,8.33238089795296,1835.14279417953,170.003825877561,7.84646556693825,5.191397176653,17.5,6.8,0.786,0.549,21.6,14.05,8.8,3475.5,459.8,124.8,35.3,339.8,189.4,16.2,300,365,4555.65,180.5,90.435,3.625,0.209116877327142,0.31263885378462,0.114966453515665,0.0150212427988268,0.120548211344578,0.206979194281651,0.00666045877753403,0.266404312385498,8.87393294398319e-05,0.00243447453257569,0.277997619488883,0.00520428204556475,8.24113269005403e-05,0.0226574870431049,2.80480794122878e-14,0.208930546779331,6.77734690258667e-07,0.00386521127063215,2.55299329511657e-07,-0.127238448902159,-0.396563279736963,0.120865667183112,0.00886942798860976,0.0574885748056564,-0.195960510706093,-0.419506975926594,1.08164148706593,0.611979028826901,1.64188711522319,1.41248864578838,0.604166406076965,1.15921547935639,1.62185791467086,0.657743614023377,-6.48074069840786,-0.127333237135716,-1.84446376037652,-0.833165793823885,2.18903394957074,"Herpystichum",""
"flahaultii",11.2558823529412,8.1235294117647,0.841352941176471,0.359294117647059,16.3382352941176,6.7088235294118,9.62941176470588,2116.94117647059,282.770588235294,62.6941176470588,39.9823529411765,171.735294117647,65.9058823529412,-49.0352941176471,220.782352941176,364.764705882353,2281.15882352941,57.9411764705882,90.5717647058824,6.64294117647059,3.02953597689382,1.07443555632987,0.0337211750545384,0.117018569416291,3.23068923624301,2.93876224445118,1.00732610526728,738.017400759311,98.7127763052096,19.7033141434454,4.56648597037668,104.99956512515,68.1315590474436,25.3036791093823,91.4909164568682,0.970142500145332,1106.32708039871,249.478573876655,5.20862054110073,3.38100163543639,11.55,8.1,0.837,0.355,15.75,7.15000000000004,9.7,1977,284.7,62.4,40.6,165.9,63.4,-43.8,197.4,365,2398.9,154,92.2,6.14,0.00733611641143284,0.618409463102222,0.398683807075166,0.59720866068332,0.0292121721337019,0.566505476448989,0.447177745743249,0.685712832959666,0.213819639350531,0.94318121816617,0.840382431064854,0.540668417912231,0.807398401649132,0.5257568888526,2.16690964289437e-08,0.00727226909765889,0.0002324379533819,0.000789178999261053,0.0912807913327137,-0.0429311711784538,0.322544115559445,-0.261271585577528,0.388832920746133,0.026758113621898,-0.0573205536429204,0.0960513898705101,0.0503801079222935,0.222151318474208,0.75768643628156,-0.197823183873038,0.196528041142372,-0.0437891398322332,0.198345434190935,0.549598156842488,-4.12310562561762,-0.0462649298947963,-1.54054989714002,-2.09157139063844,1.21819162843561,"Petota","4 North"
"gandarillasii",16.57,10.64,0.6787,1.6359,23.45,7.76000000000003,15.69,667.5,144.14,6.12,86.39,-1.17,-60.21,-100.22,99.03,178.5,4222.84,-743.3,45.9,20.476,1.88667844519292,1.34511461717332,0.0318505189212916,0.350502639077083,1.99387952383176,2.40575698412508,1.9750949344272,185.518043447112,35.632575607784,4.08052284231649,9.7892741757951,52.1661245978226,22.1680175026997,12.7899092169482,43.4875984876404,89.7926624074719,687.681712874657,231.439961017011,9.77812638267452,3.04606923391078,16.7,10.5,0.6705,1.5365,23.85,7.50000000000004,14.9,624,128.9,6.1,83.2,-20.6,-67.5,-99.65,82.5,146,4270.2,-810.5,44.655,20.345,0.888321310279034,0.841137882364354,0.243366175374822,0.173387823843878,0.98281035501303,0.117170688679636,0.119880062028527,0.0237695747827577,0.363994279191814,0.218335863289337,0.0305173710537474,0.182615312727086,0.834475635530367,0.0293718044644426,0.060292498556853,0.896044235634704,0.398687328182266,0.447881148588197,0.0438956052261824,-0.210580023385691,0.319423349849589,0.592757513394788,0.34660902245428,-0.13656240761143,0.22376204855706,0.599771935263727,0.949915859352249,1.14719290165677,0.315541444286417,0.271154936097365,0.997605552456927,0.883522254585566,-0.160480878776516,1.06752925821679,0.936030728023255,-0.210031895143595,0.655330560497766,0.417568802464196,0.0432295925347959,"Petota","4 South"
"guerreroense",16.25,11.6333333333333,0.633333333333333,1.37233333333333,26.0833333333333,7.71666666666668,18.3666666666667,1079,232.466666666667,5.66666666666667,101.766666666667,94.8333333333333,-49.1,-158.8,253.666666666667,294,4170.73333333333,-689,56.9233333333333,20.75,9.09450383473445,0.404145188432738,0.0210792156716832,0.351346457692878,8.34405976328869,9.58610104960994,1.24230967690562,71.8957578720748,28.09027115094,0.665832811847939,0.850490054811541,65.096722907788,35.4588493891158,26.2227000898077,39.119091673163,40.7062648740952,3212.23919460138,275.370659293978,16.1932156575936,3.56080047180406,21.35,11.4,0.645,1.174,30.75,13.05,17.7,1039,216.6,6,102.1,57.5,-67.9,-171,234.2,271,5956.5,-826,47.79,22.43,0.0315016512244858,0,0.0453062031884018,0.0244619000087796,0.0398493170604579,0.0768880477067223,0.0398493170604579,0.0237971379653731,0.143553969850042,0.338610992874742,0.0073347164287437,0.0889032294765827,0.207982867147648,0.149057365654568,0.0234596241057576,0.0406707730445681,0.149267205610208,0.0253582628082415,0.196114675233443,-1.72993074632868,1.73205080756889,-1.72766648583313,1.73077231760365,-1.72953230522274,-1.72865869431285,1.71943369208186,1.72865869431285,1.73084085241955,-1.68820179837075,-1.49276907622105,1.73193585141165,1.71518917770173,1.64043734367122,1.68479095908889,1.73087492666429,-1.7285174505155,1.6846584130858,1.73067691757838,-1.65051406525905,"Petota","4 South"
"habrochaites",16.3217647058824,8.43882352941177,0.778811764705882,0.568623529411765,21.7805882352941,10.9405882352941,10.84,951.117647058824,194.762352941176,15.9670588235294,78.5505882352941,75.08,-37.0235294117647,-100.001176470588,175.075294117647,269.141176470588,4193.94166666667,-603.294117647059,67.4601176470588,15.2496470588235,5.01116875837662,1.43045897709583,0.0730527360260816,0.528980465398401,5.13788504592094,5.345528249753,1.74104511579628,468.847330511469,84.8003593552451,24.9014313426591,23.9216360700707,90.4266590484613,46.5482868772255,33.046920086006,82.7039886552988,108.00255210181,1744.69767224012,416.597465401881,16.9299796426422,8.95030532161558,16.45,8.4,0.801,0.338,21.25,11.25,10.6,947,186.8,7.9,79.3,70.2,-32.9,-104.4,161.9,315,4245.2,-543,67.87,12.78,0.0455943165218979,0.0674996268866457,2.165377720077e-09,8.94063394794087e-11,0.0395986737342007,0.03687843184226,0.0790627634837818,0.0858716557548449,2.53291059597785e-14,0.271095416501537,0.140900017610363,0.168750413753522,3.99141806160276e-05,0.00237654574056245,1.43086096518984e-08,0.016866086099092,0.256946157708972,0.00421544498165303,0.000424820496324032,-0.237686992572853,-0.630973532713647,-2.30042770421486,1.98006921244486,-0.0510927088928155,-0.279936510966922,0.67451719364695,0.434656957012817,0.351119543309389,3.01214643963713,-0.317998093001979,0.466790831138929,0.466441091250938,1.2401768234821,0.80992212840013,-1.03102026990759,NA,-0.339055752369911,-0.536110151745596,0.364791905029338,"Tomato",""
"hjertingii",14.2071428571429,11.5357142857143,0.570285714285714,3.47135714285714,23.75,3.48571428571433,20.2642857142857,645.071428571429,123.557142857143,14.3857142857143,66.95,5.01428571428571,-57.8714285714286,-100.607142857143,105.614285714286,187.5,3385.61428571429,-720.857142857143,51.785,13.4721428571429,3.14709005657222,0.882833848691589,0.0248671193823013,0.46704004228642,3.4124207514044,3.1599920016591,1.79897712084359,260.7517134056,58.3801034901145,5.41051073131053,8.767926691159,53.3687153697724,22.238996538355,15.5493984195142,42.8058022153154,96.2686545359072,1108.95716353223,231.46418800685,7.99153951664846,2.62995518701637,14.6,11.55,0.5715,3.442,24,4.20000000000004,19.8,564.5,99.25,12.6,68.9,-16.8,-62.05,-97.7,85.2,144,3509.25,-760.5,51.135,13.77,0.458545592410069,0.152267618058394,0.0754100677774808,0.00673271828287599,0.266217914722876,0.15562459933196,0.0604026800085379,0.134134424617185,0.056524878457202,0.278858889660666,0.0319327239197724,0.282238699631987,0.479247600161353,0.0116030705345078,0.0721052905812406,0.568484414722081,0.909533040964991,0.335053572383159,0.986960683199834,-0.817812146710837,-0.579254258186968,-1.39930497894224,1.97278324205015,-0.788267270185724,-0.75904042052033,0.576057062175013,1.37511508432703,0.764666262392007,0.925862407326856,-0.627108180645516,0.805586743946598,1.07994179188833,-0.335232146419911,0.842100256405557,0.723473794662576,-0.699388647538031,0.494950852756796,0.300734862135726,0.0359022929691414,"Petota","4 South"
"hougasii",16.8205882352941,12.1294117647059,0.627294117647059,1.77882352941176,26.6205882352941,7.29705882352944,19.3235294117647,1278.17647058824,288.688235294118,6.13529411764706,102.888235294118,157.141176470588,-15.7352941176471,-149.523529411765,306.641176470588,290.764705882353,4319.65882352941,-481.941176470588,55.1870588235294,21.7323529411765,4.45263471243183,0.688989029196359,0.0134199697553793,0.277378404732172,4.66821227905854,4.2110149677748,1.30073508629001,280.495150424681,57.1059528678156,2.77757564624048,3.75980091775834,59.4747746824602,24.0310721040612,12.7654577577424,56.954796317162,35.1897169137603,1626.80603025485,103.941973348255,13.0772831489887,5.1166926932978,16.85,12.2,0.63,1.785,26.55,7.55000000000004,19.3,1263,288.1,6.6,102.6,161.6,-13.9,-147,302.2,296,4332.9,-473,56.3,21.39,0.835543635939908,0.427417151881293,0.0919279054707613,0.256312598972751,0.922300032914324,0.18376326030025,0.247044903395745,0.824136783749207,0.343275105929445,0.430468895743092,0.839856333050626,0.511511418958402,0.910476687868628,0.995348224177733,0.0105824510172274,0.832455454069147,0.066193695094792,0.986595956063035,0.30417160667119,-0.106285605048927,-0.81205667660128,-0.0418503069429222,-0.188065936209378,-0.24986058447744,-0.160937984638218,-0.752164531699752,0.796635518361638,0.528402798246423,0.0966377803385287,0.3714816717335,0.348070858046543,0.273784707200648,-0.109862423958092,0.320950899586094,-1.77935784279423,-0.118201896922211,-1.34037929462295,0.0918593881476923,-0.278941517566622,"Petota","4 South"
"huancabambense",14.6666666666667,9,0.792166666666667,0.337166666666667,20.8,9.45000000000002,11.35,1127.66666666667,265.183333333333,12.2333333333333,81.95,134.866666666667,-31.3666666666667,-121.15,255.983333333333,327.166666666667,3532.23333333333,-547.666666666667,80.165,9.23666666666667,1.65700533091076,0.409878030638384,0.0152238847429514,0.146938649329122,1.7547079529084,1.88361354847536,0.550454357780916,231.591594550983,55.9329032561932,5.18832021628067,12.7696123668653,53.3093112567276,18.6013619573048,12.08350114826,58.1914569904094,28.5406143358314,612.884634059842,151.788888482216,9.45888524087273,5.56083327089265,14.95,8.95,0.7915,0.305,20.95,9.55000000000002,11.5,1038,259.4,11.7,81.25,135.4,-34.4,-119.95,263.65,324.5,3635.45,-583.5,83.22,10.375,0.901416954559799,0.885272099509734,0.760508501598412,0.226066389529841,0.967465196479898,0.256420653395293,0.0561708786599169,0.897495359718779,0.683794573499952,0.250739335813787,0.75221309236712,0.491593158613397,0.566463301711439,0.529638772471662,0.534609332937724,0.89280336420547,0.558520820946398,0.555184602291737,0.0757522957369383,-0.483172348649103,0.365962527355699,-0.654727503076216,0.345464291291495,0.407292900082912,0.0541368703709718,-0.188862881309011,0.638331851338359,0.0106297523422512,0.101057312559646,0.0979269408380424,-0.250401286493111,1.17016606525795,0.0126058472898991,-0.342605672163335,0.256181476033345,-0.514939770897988,0.602200586587584,-0.749019372983655,-0.237784600421576,"Petota","3"
"immite_24",15.41,7.96,0.7454,0.5862,20.99,10.31,10.68,540.8,123.06,4.36,82.52,15.66,-65.66,-106.62,122.26,199,3793.12,-806.8,59.602,22.514,2.9669850016473,2.07074865688717,0.151885812372321,0.888062328893642,2.84306172989613,3.40117626711699,1.68285471743701,274.137191931339,62.5437287024047,2.94159820505792,6.44220459159751,68.617111568471,30.4811909216159,18.7005882260425,54.8098804961295,107.349895202557,1086.25934840626,352.028692012455,11.0782250383353,9.87578503208732,14.45,7.5,0.808,0.177,20.55,9.65000000000004,10.7,606,138.2,4.7,80.9,30.4,-56.3,-103.7,134.1,221,3439.9,-691,59.37,21.91,0.731471083593353,0.793949369567734,0.000573480268885418,0.000644952978464921,0.656390271009706,0.660976942856233,0.0830983010253408,0.22107642655739,0.63437397388399,0.884440230489529,0.183727234887389,0.114228058754598,0.516690554048756,0.446880904734944,0.20066767274411,0.722963046368934,0.0813154003749904,0.706975919581379,0.737088426883019,0.757891889157199,-0.262755120773928,-2.22352715482643,2.21665182005157,1.24601901259859,0.446511275912423,0.272837266026903,-1.71845841781024,-1.59571637983381,0.175118308302442,0.48233875593584,-1.54144622084428,-1.72173372933294,-0.664978031054076,-1.28512557133294,-1.61072038657787,0.750749568244457,-1.8182094631821,0.385143057933191,-0.769127654158217,"Petota","3"
"incurvum",17.3681818181818,7.14545454545455,0.718181818181818,0.651545454545455,21.9863636363636,12.0318181818182,9.95454545454546,3149.45454545455,465.709090909091,104.518181818182,46.2909090909091,351.463636363636,150.127272727273,-1.6,353.072727272727,365,4512.80909090909,121.363636363636,81.5027272727273,8.71,4.73726042809938,0.341653732201586,0.0272279936161965,0.211398374466959,4.72298056893583,4.80995180471034,0.518389113241465,942.039740524397,146.396942963611,32.1650063945841,7.18323806447406,145.740270843218,79.1971854412654,34.8379103850963,119.763835033027,0,1722.80037987838,92.297641061159,9.01892132231908,5.14859786738098,16.85,7,0.72,0.605,21.25,11.95,9.9,3073,438.2,99.2,46.6,331.3,144.7,0.1,358.6,365,4305.5,145,84.54,7.56,0.936969179641528,0.267941932372157,0.158781021347862,0.0360562551762054,0.990893356680737,0.260636865023317,0.147137327433025,0.168812868949434,0.821983374987602,0.853192536829915,0.140207264394991,0.116438673802093,0.497237533085317,0.326668295998948,NA,0.93299082901978,0.0110261514891877,0.326445959352669,0.16178884027916,-0.125217174621114,1.05056784669069,-1.30154935612658,1.67785049280261,-0.0632669001340453,-0.128833216393671,0.391727377662089,0.209390660845631,0.600408397804575,0.66179985841237,-0.473821650962415,0.716425812958411,0.489703743498277,0.765120783256505,0.366438665469067,NA,-0.120551404020762,-1.7209236101514,-0.450278975773678,0.188633146794098,"Pteroidea",""
"infundibuliforme",9.06084337349401,13.4457831325301,0.643313253012048,2.62396385542169,18.3102409638554,-2.54638554216863,20.8566265060241,841.10843373494,215.014457831325,4.46987951807229,111.012048192771,73.9024096385542,-41.1963855421687,-107.585542168675,181.496385542169,241.21686746988,1612.31204819277,-629.048192771084,35.1440963855422,16.7592771084337,2.99983788375763,2.80114528862833,0.0367890916066174,0.777495266173074,3.11404919361476,3.88218086129284,4.0629555735877,476.512329634668,81.6182086518929,8.91034935314341,16.1419495723921,87.6757551601543,45.3510223774372,26.1630773742363,67.5578278863937,92.367776055734,950.910507624985,306.306394652855,13.5178965418968,4.79919372881161,8.95000000000004,13.8,0.653,2.615,18.85,-3.54999999999996,21.5,689,206.2,1.2,114.6,52.2,-58.3,-117.5,171,255,1453.6,-728,30.24,16.44,0.0166535517621876,0.0595161553114032,3.03970899382228e-09,0.0314344216945657,0.00238059841395131,0.0147004669113014,4.39715718880209e-09,6.12632747940646e-06,1.300677257187e-15,0.0227068132471316,6.95331052737588e-06,4.21117574896336e-09,0.000587471119307714,0.000213613041953999,0.000298740651353472,2.54532370354772e-05,0.000128231771136969,9.77922137909233e-08,0.243728407460336,0.639326963572959,-0.339616757248704,-2.12881311974856,0.453647756335563,-0.565711757614745,0.799822415481519,-0.288005629163636,1.89421713797265,1.22694618307774,4.43219388122672,-0.490872742513879,1.17021407540907,1.72430305892149,0.839570504508892,0.960450071928044,-0.329474197307958,1.16993939740308,0.807830845695908,1.48727519624974,0.456580048756357,"Petota","4 South"
"iopetalum",15.9223076923077,11.3923076923077,0.627169230769231,1.79989230769231,24.87,6.71461538461542,18.1553846153846,1248.50769230769,262.935384615385,11.3276923076923,92.8369230769231,134.146153846154,-18.4123076923077,-130.072307692308,264.207692307692,288.307692307692,3991.75076923077,-506.921875,58.2978461538462,19.846,3.78386821306532,1.51485433420054,0.0364025107439245,0.539319858800094,4.06959764595961,4.10169289627887,2.18982239357091,429.735569968503,86.6965296861148,11.220203703759,12.1848082826368,88.3937074911923,36.8934509249792,26.3011793205903,90.7252192538208,71.1064174048577,1372.56465354586,236.051803884367,12.4473375029948,4.90319564161986,15.55,12,0.631,1.805,24.95,6.35000000000004,18.6,1220,268.1,7.5,97.1,128.9,-16,-133.8,273.9,304,3865.5,-469.5,58.1,20.26,0.75305607524114,1.53141979566573e-05,0.000253315682936782,0.0176202231009116,0.0759264225624882,0.0717954630244586,0.354387726933258,0.231112898400711,1.90523252413812e-10,0.000100950728071276,0.348847002780779,0.555586105997484,0.0390859718571482,0.26298328846482,1.22296624524347e-07,0.738872397356385,0.0284870761555156,0.267285777515641,0.0112268655551721,0.224360570882606,-0.950576200066341,-1.26652499014836,0.567257274993961,0.158738635267109,0.117608770989244,-0.653606687766691,0.00798661635513328,-0.308113138334468,2.28608279063216,-0.670920149128658,-0.282600165503017,-0.00989978198854645,0.649532339210016,-0.264833947334015,-1.60313693668973,0.266890642685685,NA,0.00484336652644958,-0.69596397107668,"Petota","4 South"
"jamesii",11.494,13.1273333333333,0.398093333333333,7.67207333333333,28.922,-4.27866666666663,33.2006666666667,417.073333333333,78.0393333333333,13.2653333333333,57.7126666666667,-11.472,-72.8986666666667,-154.083333333333,142.606,128.653333333333,2801.362,-877.073333333333,37.5484,9.84786666666667,3.42667154135743,0.730256612676627,0.0408730801394938,1.00740885041852,3.14832692332092,3.67272436354259,2.82045492705091,114.834289518493,25.3726664127926,4.57279651952156,13.428544658045,15.1222229465657,17.2876298508875,25.4760116584675,26.9614321359009,37.4893249533599,949.323276786323,205.776450562896,7.00583305194164,3.24526574886566,10.8,13.1,0.399,7.647,28.7,-5.04999999999996,32.8,403.5,76.65,13.05,59.15,-12.15,-72.85,-154.9,142.95,123,2547.85,-875.5,37.955,9.22,0.000318610812927114,0.469907777776833,3.60999819266594e-13,1.12054060287669e-12,0.00132821593013669,1.05286501488526e-09,0.0096903672123466,0.0165321064499586,0.126780531506076,0.0157169468594257,0.0189960262421578,0.202161026313876,0.0216149761623616,0.292602824581913,0.00629529225656123,6.8018022060728e-07,0.20480080805356,0.0140645761716353,0.00032472226931253,0.444827463000744,0.227042008628418,2.49415609718298,-2.17834848056543,0.376560085568501,0.429079110203964,-0.842114328835474,0.38796013040847,0.497645537480533,0.323187400638569,-0.154258362606988,-0.179393027342623,-0.403052769654091,0.293210142730409,-0.217382742708113,0.356171366263202,1.02774157234483,-0.405557345433437,0.489567707425519,0.471801605078437,"Petota","1+2"
"kurtzianum",13.4207317073171,11.1926829268293,0.478585365853659,4.80126829268293,24.8243902439024,1.20000000000004,23.6243902439024,417.280487804878,88.6939024390244,7.75975609756098,77.4512195121951,-19.0024390243902,-71.2512195121951,-124.819512195122,105.821951219512,111.792682926829,3323.65925925926,-869.222222222222,36.2440243902439,9.34634146341463,5.59239977652381,1.3785643353208,0.0564704557781361,1.0364663501685,5.581645648205,5.49667127102653,3.53733389787971,244.162882002788,55.1815552194282,7.43086422629654,24.0382526629333,44.0699163244261,25.9139708918436,27.0753563820663,36.309764779849,84.0901541196919,1579.04180175651,281.593767686716,10.2999973462487,4.61973932036604,14.7,11.1,0.471,5.1075,25.5,2.30000000000004,24.05,352.5,68.4,5.25,83.85,-32.75,-76.4,-129,101.35,89.5,3529.1,-917,34.495,8.395,0.00025323570023375,0.586830671566983,0.00388797750882961,0.00624460028292564,0.000341389943932925,0.0258966570943302,3.94674548590862e-06,5.32032730265225e-06,4.40858834621922e-10,0.00617674519088194,1.71736428691346e-10,0.000307890701533623,0.263821668752905,7.35773254732093e-11,1.57959270520416e-07,0.0126684728749145,0.0122921562575489,5.57389683560165e-05,1.7235055074759e-06,-1.02869216171773,-0.0531452727542451,0.759311687885248,-0.277883013284798,-0.628210889616605,-1.0505287490783,-0.0758526684539541,1.1398143981651,1.01969067515342,2.06871275867625,-0.384209750458501,2.50447666941607,1.00918631755704,0.315088260418096,3.35840750280239,1.41694017607437,NA,NA,1.24083203767593,1.36280424467295,"Petota","4 South"
"laxissimum",14.7142857142857,8,0.724928571428571,0.739357142857143,19.8464285714286,8.81071428571431,11.0357142857143,2101.10714285714,361.735714285714,52.25,63.8142857142857,246.375,68.7785714285714,-41.55,287.925,353.714285714286,3565.10357142857,-59.5357142857143,75.5864285714286,12.5025,5.75996491023996,1.21898561350244,0.0299245081910495,0.208601021673879,5.4508227134964,6.36822780660563,1.60905177637254,964.399461545148,153.982087015643,37.1119777011262,13.2741384399422,161.621575899681,82.4685500420115,34.1264153145657,135.144727977084,40.4198861424324,2073.0260226846,279.134970955955,14.7633651223374,5.73741303492553,14.1,7.75,0.7225,0.6855,18.9,9.00000000000004,10.55,1975.5,340.15,48.7,65.85,217.95,61.75,-39.4,253.75,365,3332.4,28,73.96,13.01,0.488772659102166,1.15406435292872e-05,0.860438433859368,0.280915243404742,0.472315255888305,7.83038825738526e-05,0.456715789999209,0.153800843308388,0.0717094638055534,0.458206228527168,0.224023246373519,0.779960611482631,0.790367531866088,0.268757599818379,2.3255534212878e-10,0.408753171454439,9.59158214634436e-05,0.12110265871047,0.235841485200323,-0.0574101374927923,1.8864435197927,0.25814667275304,0.409602175843071,0.0975995862205405,-0.173552799272941,1.69191800254001,0.464825892363687,0.190091419011062,0.618482924792855,0.276268988001223,0.12807514799296,0.302651837661116,0.241812607456931,0.212000635281431,-4.3528517027677,-0.0100135728327137,-1.70838491787005,-0.64058292805676,-0.126859247072516,"Petota","4 South"
"lesteri",15.79,10.82,0.6452,1.3126,24.47,7.65000000000003,16.82,1041.6,214.5,5.22,90.44,77.68,-42.62,-131.64,209.3,275,3936.52,-690.8,56.836,21.75,2.1559220765139,0.846758525200662,0.0190446842977247,0.232839644390727,2.29608362217059,2.1851773383412,1.60530370958271,452.825904736025,79.0492567960003,1.37003649586425,1.60872620417521,73.0180936480815,29.3984183248011,4.91812972582057,75.1362761919966,48.0468521341409,791.666417754347,135.38537587199,12.5506525726753,3.33741666562627,14.95,10.9,0.643,1.383,23.85,7.35000000000004,17.2,783,171.8,5.5,89.9,51.2,-52,-133,176.5,283,3617.7,-678,51.38,22.32,0.627598453537869,0.185758026527684,0.975672630231351,0.476375342817988,0.884565750961684,0.350238665940809,0.0927608645360697,0.129115760139828,0.76611353131235,0.270498417345847,0.379018732432611,0.433452687366468,0.846756130236073,0.288941185904426,0.955590882859171,0.625889438899034,0.595514188906018,0.0657954751866763,0.911142151196227,0.805690141788385,-1.5627731554466,0.273282387035624,-0.379124751810298,0.125626263735162,0.700818915561291,-1.14453745916154,1.27401893195048,1.31422891747802,-0.874878015648985,1.41065556846327,1.22766117838587,1.04993503441998,-0.0407331147580868,1.18220050270031,0.101382884039527,0.806205582929344,0.83959962597262,1.7134113885956,0.140741887335047,"Petota","1+2"
"lignicaule",10.925,8.5625,0.7385,0.79,16.5625,4.98750000000004,11.575,1168.625,240.45,12.85,83.3375,115.2875,-10.375,-78.725,194.025,347.625,2168.9875,-353.125,66.21875,17.925,2.80344176224255,0.989859297360705,0.0157570845744292,0.115935942904446,2.75236910938299,2.8878748983589,1.28702314331506,466.825124033156,80.2693679342963,7.0575187869797,6.78126357799826,99.606847692028,50.2799803954957,16.8604990605684,86.5549330111891,22.6396460093477,1017.7080600721,265.396435275877,14.6614513387026,6.62015537150429,11.55,8.2,0.745,0.7405,17.15,5.65000000000004,10.95,973,204.4,10.3,83.4,67.6,-31,-76.85,153.35,359,2400.25,-416,62.27,20.25,0.420901844980293,0.262170900326332,0.0109983234828535,0.00724225361698041,0.598133633578766,0.117964132759969,0.0042678405663778,0.00144601064116238,0.375094993540397,0.747727888749195,0.014472390486658,0.0936859100957175,0.788400841668914,0.00529901139394865,0.0221796266812002,0.425357756499176,0.818976729237439,0.0887631140594292,0.000119794402148936,-0.587461633785543,0.809723834932165,-1.87191813578983,1.65814263685608,-0.972535529241564,-0.137002804659415,0.742811447407439,2.04284840793777,1.94294891979019,0.862865852337827,-0.305871734894277,1.59262033452724,1.42363156412102,-0.347878799770034,1.7320108082749,-1.53697354335798,-0.568433119624428,0.144446447679223,1.58604300813864,-2.61268534814157,"Petota","4 North"
"longiconicum",13.9029411764706,6.7,0.714235294117647,0.648941176470588,18.8794117647059,9.50882352941179,9.37058823529412,4231.05882352941,585.5,115.558823529412,46.2235294117647,478.605882352941,238.629411764706,-4.94705882352941,483.552941176471,365,3252.44705882353,144.176470588235,90.9011764705882,7.40588235294118,6.0137465076958,1.07238052947636,0.0264067449048645,0.139713756744028,6.06946915984857,6.36268996018284,1.44038393574524,494.005499790771,87.9662719455588,46.0522944437018,11.4193109146177,87.8396726327876,45.4376463506018,44.1561309113335,107.860014125063,0,2192.11507998487,86.5615642867243,6.1213661489419,4.46885899702532,11.45,6.6,0.724,0.581,16.25,7.25000000000004,9.5,4154,560.9,110.9,47.8,465.7,237.8,4.3,484.7,365,2364.4,157,91.28,7.18,0.0103638949948848,0.0446595126697965,0.0451296914170324,0.0476781586522681,0.0154459493120742,0.10390284647069,0.0367553441491875,0.0888331044203961,0.443223106912632,0.634188196425285,0.273732269179683,0.178374856750326,0.822801287807724,0.339883689351638,NA,0.0105390325937489,0.00116824283242407,0.0011274189204126,0.0530006544188167,0.929582011037946,-1.33988777837939,-0.574148538743696,1.18587241292971,0.966912884420081,0.99864892126389,-1.21889165492792,0.646449177741999,0.0659470625316908,0.82742219455544,-0.160570080196144,0.0479276139243056,0.36418512136336,0.127010217746742,-0.0784815069744701,NA,0.932546116914203,-2.18014084705295,-2.09948475169376,1.42021983938127,"Petota","4 North"
"loxophyllum",19.1115384615385,5.86923076923077,0.804230769230769,0.428615384615385,22.7115384615385,15.3961538461539,7.31538461538462,3556.53846153846,505.5,142.8,46.8076923076923,404.876923076923,200.261538461538,45.4769230769231,359.4,364.923076923077,5147.78461538462,141.923076923077,92.1769230769231,2.80076923076923,4.601365460661,1.11682930312008,0.0583939977596925,0.218550352116523,4.12685078914872,5.14435214330812,1.49546322469336,1950.75223163547,215.232719012081,132.782127311372,23.6610601882242,219.605373924251,166.392084840103,136.113385049905,140.491660487969,0.277350098112615,1683.34531209244,88.3642664754458,5.43355988988095,1.611414810751,20.65,5.4,0.804,0.382,24.55,17.05,6.8,3268,453.4,85.2,39.2,375,188.3,-12.5,360.7,365,5701.7,184,94.96,2.96,0.0397587919692067,0.183689258758069,0.504002488203337,0.0845436926516929,0.0856469455358775,0.298441513330737,0.0341615934844845,0.834421787367744,0.0021386801410169,0.0755442115110775,0.865442670767535,0.0483161961332984,0.0008756500424985,0.86892295454751,5.04459737485585e-07,0.0426233440527013,0.0481331735101217,0.252473038249551,0.56164340568992,-0.877494034923706,0.309093839212087,0.0806053525676879,0.705114158402172,-0.802974699951501,-0.755122580469613,0.790634183176001,1.00300911583421,0.267301386840724,1.41194240815345,0.31999548706108,0.292483834968489,1.02215100354264,1.52848115050302,-0.390195157060902,-3.60555127546377,-0.867117601439828,-1.09748740846191,-0.527383452017938,0.588777070546742,"Herpystichum",""
"medians_24",12.26875,8.78125,0.767875,0.5144375,17.75625,6.26250000000003,11.49375,627.8125,137.95,5.74375,90.21875,31.54375,-51.64375,-100.65,132.1875,233.625,2879.47333333333,-661.9375,46.01875,26.055,4.86103126918557,1.49898576822241,0.0643820627193631,0.297464164508377,4.20784485613874,5.84110434763837,2.07732801133251,321.314221855595,57.1246590070056,3.47332093727794,19.0339772950024,57.2480097907342,32.8570026782724,26.8230249350566,36.5808305901693,115.780755453285,1574.29728925396,350.952127552083,16.1510531648352,6.92679050258247,12.55,8.55,0.7715,0.466,17.75,7.35000000000004,11,647.5,154.9,5.85,80.8,50.6,-50.65,-94.95,133.2,291,3027,-636.5,48.01,27.86,0.99999115650474,0.851227207674871,0.224630912064367,0.154543653960579,0.956094785712762,0.276491786312039,0.711354504953379,0.479151169689643,0.419540946496571,0.00598332511268386,0.297081888180846,0.973620803002172,0.766053806482156,0.762697356959717,0.0497313433390931,0.999586458224957,0.999516724158783,0.783024829555181,0.0448118635557485,-0.0562887429196173,0.0236834582916153,-0.127327853892381,0.537987555397688,-0.0967422896151723,-0.000998474560553165,0.180429871643065,-0.102005729381312,-0.710199942173416,0.520577490010491,0.70436226891061,-0.515825817443736,0.0447858738205663,0.400877544833066,-0.24806463861561,-0.654187244356654,NA,-0.0878782377054288,-0.123956716976202,-1.07898888343439,"Petota","4 North"
"microdontum_24",12.2534482758621,9.45862068965517,0.589931034482759,2.57689655172414,19.1224137931035,2.95344827586211,16.1689655172414,1378.27586206897,290,14.1896551724138,89.0931034482759,155.706896551724,13.8896551724138,-73.8655172413793,229.558620689655,327.344827586207,2730.94137931034,-222.275862068966,59.538275862069,19.5603448275862,4.76628657182181,1.25257370509663,0.0716927626525075,0.750606390328493,4.78150428748438,4.90090973760562,2.36463579924144,568.380147973904,107.654500270873,14.5278143284722,12.4081750423571,110.15529599821,48.7777492073383,17.2799486577873,97.4724851917613,62.9377673704458,1585.76565182637,214.078406289399,9.7845319141145,4.92562358833784,12.75,9.8,0.578,2.481,19.45,2.75000000000004,16.7,1316,270.7,10.2,89.9,128.5,11.8,-74.9,199.9,351,2805.7,-206,60.7,18.64,0.583896586287607,0.180877810513448,0.121472654839079,0.187816638624285,0.325070309699964,0.282563406172401,0.0624165881271562,0.185093870397753,6.79612638677605e-07,0.34779728733488,0.24848738683171,0.190171814792634,0.446398284271567,0.149194266560301,4.677923976126e-07,0.395390236174442,0.68057657259218,0.424726405682588,0.0557763252976623,-0.124169632375725,-0.597030398053335,-0.178239231012401,0.419249894388379,-0.0654072175978979,0.28467847919415,-0.551066057123647,0.827353640438447,0.473757184778441,2.59981876720379,-0.555382396393082,0.399071645028869,0.668935375120454,0.496934550792464,0.383259245274784,-2.12076026822565,0.249130868901125,-0.489446909473042,0.385831110203518,0.107529436252773,"Petota","4 South"
"mite",22.7210280373832,7.25607476635514,0.71507476635514,0.79718691588785,27.6004672897196,17.3658878504673,10.2345794392523,2303.43925233645,321.159813084112,81.4261682242991,43.992523364486,192.232710280374,69.8028037383177,-34.2981308411215,226.528037383178,363.644859813084,6532.19528301887,-15.8411214953271,74.6116822429907,10.7532710280374,3.9275036323631,0.755630134402826,0.0626088035485787,0.492916563241445,3.98353625568226,4.23721494355311,1.48914961194068,927.993881908611,120.563575071109,63.960744648055,15.9088957014774,126.591263801603,80.6045968279771,62.5021357843503,102.397354766092,8.01561252082059,1266.14757489248,160.445144304232,8.39529961549479,4.59539592720123,24.05,7.4,0.728,0.589,29.15,18.35,10.4,2097,291.2,59.6,44.8,159.7,51.7,-50.6,204.2,365,6968.2,-9,73.7,10.56,5.10387122048347e-12,0.00274206565125627,1.30203892429106e-05,5.14316819639324e-12,3.2972025697513e-08,0.0229257754459686,6.65002705438943e-09,1.95295228405856e-09,4.76688090473402e-12,0.0297189248215506,2.96625892157816e-09,5.74636727301193e-09,3.13456689437946e-11,2.1753865555957e-08,6.06578693210463e-22,6.6175168462758e-11,0.000382320363620692,0.172336000156886,0.202989385425173,-2.1612548684074,-0.54173713618305,-0.864504324947549,1.64862578422463,-1.96971730405795,-1.6006340970029,-0.163733370298514,1.91945528266086,1.85850257367884,3.01543277114083,-0.103013644451362,1.82166960150464,1.91993950318429,2.91905692237471,1.68341187681723,-8.36731890959821,NA,-0.575382497158966,0.317006323002606,0.326645295528456,"Pteroidea",""
"mochiquense",17.0318181818182,7.58181818181818,0.704090909090909,0.892590909090909,22.8227272727273,12.0318181818182,10.7909090909091,631.727272727273,143.268181818182,6.23181818181818,81.8681818181818,35.0545454545454,-60.2590909090909,-113.027272727273,148.086363636364,174.818181818182,4386.23636363636,-824.136363636364,57.5263636363636,16.81,4.18086757499608,1.95024695960876,0.154592832055512,0.840240252438659,4.16369591065001,4.57671501694394,1.5330980433063,544.116950123092,116.20441097424,5.82640838184508,14.7824022264453,112.236449928892,48.7040788268528,19.2559003157395,102.890030501616,139.890990337081,1522.47992419181,454.714174531079,18.5115954768779,7.0285201314427,18.95,7.95,0.791,0.476,24.3,13.75,10.75,594,135.7,4.4,83.6,35.7,-60.5,-119.9,136.9,202.5,5084.45,-791.5,55.845,18.025,0.00690628443555647,0.0594184427248644,0.000106971369136028,0.000347936292335786,0.00746253019158245,0.903414980449927,0.0327856832103786,0.0216763321540077,0.000592785406104237,0.156584212488818,0.0441723841465067,0.130831009094537,0.0816911651885793,0.0213910871188909,0.00342340856637731,0.00735580631270132,0.195810886093026,0.394221448739972,0.303579589641243,-0.721426560552654,-0.236911634020751,-0.964935806909803,0.955648697311282,-0.758523847363127,-0.748748444601327,-0.37704883000814,0.600185602105067,0.293508057218524,1.34111079480522,-0.727771535779216,0.291477985324158,0.666184118123494,0.940897071475547,0.462393993355128,0.067804056963805,-0.72497517691751,0.31406685152353,0.140913407430611,-0.285199407141773,"Petota","3"
"morelliforme",16.1133333333333,10.2566666666667,0.6429,1.57886666666667,23.84,7.89333333333336,15.9466666666667,1619.36666666667,315.493333333333,20.3133333333333,85.0233333333333,185.156666666667,12.4866666666667,-110.626666666667,295.79,303.5,4064.12333333333,-404.533333333333,60.4033333333333,17.0446666666667,4.14957275186114,2.15049045461781,0.0537300724888323,0.567996523382593,4.68580762552714,4.51531366255593,3.06737373158137,955.661658615185,165.643437026298,19.3796326311811,12.7643275369784,168.051042499169,81.1701012278125,35.6715276524215,149.529970124779,77.4257152327981,1500.54516522664,296.624659301527,16.1645212464346,5.36787232833768,16.25,9.7,0.658,1.66,24.1,7.55000000000004,16.15,1524,302.35,12.95,84.95,168,-5.7,-115.2,298.9,330.5,4112.85,-386.5,66.485,16.905,0.349895428338859,0.0385494328112875,0.00223686648815896,0.639063479733705,0.0345773891459722,0.691925986910642,0.000535885682125436,0.00230608414244301,8.4151528311741e-05,0.730679000398304,0.0051100768946217,0.000469411551315415,0.367937236377179,0.0244683945263756,3.45708028191643e-05,0.408453412569607,0.452300521355848,0.0376110785815309,0.983104082892892,0.00528708068950497,-0.341031361459846,-0.995360989305943,0.189436032126928,-0.490597899393545,1.09023722470149,-0.226525675332106,1.39174416805424,1.23917395511,1.56288209252768,0.349149703299432,1.20881497063363,1.45725492814284,0.240086248901792,0.971442428657265,-1.37186956801022,0.0606748111037903,-0.188917221693503,0.213502459391734,-0.153702658604204,"Petota","1+2"
"multifidum",18.2842857142857,5.44571428571429,0.514914285714286,1.81951428571429,24.13,13.5814285714286,10.5485714285714,108.771428571429,25.2828571428571,1.81428571428571,68.9771428571429,-71.2514285714286,-106.877142857143,-135.011428571429,63.7628571428571,34.9142857142857,4839.75714285714,-1287.45714285714,36.4405714285714,12.5062857142857,2.60564351960518,1.77322286465382,0.146395992276503,0.6729126056108,3.36738683813533,2.68796571106581,1.86458817856122,181.006676138541,43.7392506842558,1.84281479985229,29.6951281973232,43.9183090014429,21.6158858483386,15.6340272074309,34.3755306758121,70.1776617000073,947.723713861337,242.737008843285,12.7398820159966,6.48694031280146,18.65,5.1,0.513,1.902,24.45,13.95,10.2,55,11.3,1.2,62.8,-82.2,-112.6,-137.6,53.9,19,4961.4,-1351,34.87,10.33,7.37483399002442e-07,0.126042114409481,0.0611734360533813,0.00318011654608377,5.64066815794562e-07,0.0925211915249849,2.0267900662423e-10,4.44813127124226e-10,4.73817427414584e-08,0.0370978994699516,4.51443507009128e-08,5.59050900691698e-06,0.000163742011378574,3.38261129875019e-07,1.37888906735465e-10,7.70483238145338e-07,2.38524494526591e-05,0.65393416642656,0.000816655775794907,-2.69108644458963,0.248829912714809,0.776548918358192,-1.11731487808782,-1.73257112395267,-2.70631356743393,0.698542363499026,3.91626579032447,3.57821241781113,3.60631900300587,0.324877832707109,2.9627895721792,2.48571283056425,2.05210748215903,2.43613385953162,4.02519446150917,-2.68248632075585,2.21750223055303,0.328503422882067,1.35526617411117,"Regmandra",""
"multiinterruptum_24",9.16111111111114,8.85,0.822,0.301222222222222,14.4,3.61111111111114,10.7888888888889,1030.66666666667,207.772222222222,11.2,78.4388888888889,94.3222222222222,-21.9833333333333,-87.9277777777778,182.244444444444,341.611111111111,1995.7,-422.777777777778,62.1277777777778,25.2122222222222,5.66068888853736,1.3836226959348,0.0284294793149232,0.163668443742599,5.20511626134494,6.24821281637339,1.79374366615447,438.876104719906,48.2248996651358,18.2227072309119,13.2947198226739,49.9362953649071,34.6263967652018,20.4404099635287,45.2283126087842,53.3127717717521,1932.61922345224,212.606113451905,8.05178062554054,7.58791962154361,8.25000000000004,9.25,0.8245,0.255,13.15,2.70000000000004,11.1,969,214.65,7,78.9,93.95,-28.2,-90.95,178.75,365,1261.5,-441,62.575,25.665,0.0374850451853933,0.22073486387545,0.742539576832227,0.0962552594755428,0.0751342300046305,0.297331745603176,9.20227019427034e-05,0.838991739033037,5.81143561630446e-07,0.104130292457271,0.886525453262649,0.0036788418045301,0.247808844039013,0.842552419839109,9.97181389568431e-07,0.00729587834207928,0.532729111271411,0.179012107986224,0.263011571443649,1.44911336528532,-0.240814453610301,-0.365527540156755,0.990438243360694,1.64981631929903,1.24728530860197,-0.25472010543704,2.77444201121612,0.282761416769438,3.79266133473014,-0.92840173136161,0.0512142896923238,1.95008926366658,0.968531796831742,0.0177022581888395,-3.22043046053937,NA,0.360427060747603,-0.677898078992812,-0.439010482546903,"Petota","3"
"neocardenasii",18.69,8.76,0.6316,2.067,24.83,11.01,13.82,834.6,153.12,15.9,70.76,2.74,-50.68,-94.08,96.82,224,4994.44,-641.8,56.7,16.186,2.92455124762757,1.03585713300629,0.043165958810155,0.145512886027321,2.62240347772802,3.34185577187285,0.903880523078133,373.442498920517,48.3002277427343,13.0220966053858,14.6943186300012,50.9556964430867,25.8264786604756,9.6424581928054,43.4924361239975,114.359083591991,1062.74040715501,262.797831041278,7.19475850880347,3.55184881435007,17.95,8.9,0.645,2.11,24.45,9.95000000000004,13.5,665,137.4,11.1,77.2,-20.7,-68.8,-95.3,85.6,159,4732,-824,59.05,16.74,0.713492714945881,0.53290425208882,0.133669573498427,0.576308296285904,0.683455090036427,0.659493660497905,0.221060922356184,0.209345699764861,0.0107567621967061,0.0198194469898715,0.30768463383392,0.011554563317507,0.887811826292061,0.463717131381545,0.069113964038206,0.71703386640731,0.010098378147621,0.688262741055782,0.498505439932825,0.973371105757965,-1.19534884200098,-1.72167913332289,-1.08950652684474,1.06573769651057,0.852527515135103,0.407870112542879,1.24763505390954,0.417290035593401,2.09557165594703,-1.99046071970118,0.779955303760576,0.609258120068377,0.494502989200456,0.486377851270169,0.617952565252591,0.972544250625217,0.606103246426924,-0.698850215757303,-0.950102282677513,"Petota","4 South"
"neorickii",15.57,8.62,0.7621,0.57625,21.105,9.76000000000002,11.345,1194.9,213.685,23.97,62.285,85.34,-18.955,-82.815,168.145,310.4,3857.58,-416.4,68.428,12.041,4.02473928544315,0.950124645562498,0.0428484477394947,0.258031796286304,3.9630497294249,4.51930362590939,1.34808831508294,519.2844165418,92.9005595983373,19.9029513812452,19.5052563765717,100.74686569501,50.6165614149528,29.2192127672332,84.7555089033963,72.8346360636635,1464.3447748324,356.691286246539,16.3777186895393,6.48719864932387,15.55,8.55,0.7535,0.5635,21.55,9.30000000000004,11.4,1181.5,196.95,15.55,67.65,71.1,-16.75,-89,144.45,342.5,3856.2,-358.5,72.935,10.62,0.384652076973413,0.733073711672775,0.104586588843973,0.200241003555209,0.494969495334813,0.923162790728862,0.00920656882399618,0.00844311485091371,0.00499496346544953,0.276898375060344,0.0257980791662573,0.1267352036714,0.355012458706679,0.00549487979273835,0.000229851123293723,0.378516033507038,0.147408773125656,0.0233602385113157,0.107757924066083,0.081052151248217,-0.0294050185586798,-0.188819997488108,0.861772514798546,0.205911587398466,-0.150233942834794,-0.0138517667258489,1.56743295805295,1.44102933376581,1.25845753690431,-0.276575951588682,1.30330497365505,0.910574485951896,0.185530521315235,1.41571800899628,-1.28071261132694,0.116630022454408,-0.228098455374389,-0.683787122561304,0.35145016040205,"Tomato",""
"neorossii",9.75000000000002,10.8928571428571,0.608857142857143,2.65192857142857,17.3857142857143,-0.435714285714246,17.8214285714286,1234.28571428571,279.957142857143,8.13571428571429,101.742857142857,145.707142857143,2.92857142857143,-84.4214285714286,230.121428571429,313,1803.64285714286,-328.071428571429,51.1171428571429,20.7035714285714,2.81260897224786,3.10841643723179,0.0714464373261075,0.733635569170176,3.15901813929512,3.65741757209965,4.09017181723525,538.373537549967,102.795859796048,5.38939230809462,14.1432622874593,110.636420935254,54.6548530968016,29.4364028574623,88.5903378875652,85.2886501602285,953.827310377501,332.434716387053,16.0860821010785,6.33939648564418,9.20000000000004,9.6,0.63,2.502,17.25,-0.049999999999962,17.3,1289,273,8.15,97.15,148.35,10.3,-80,215.85,361.5,1534.95,-211.5,56.13,23.87,0.333865866384376,0.000593158344038256,0.107625040342837,0.578473064490218,0.650175239543382,0.0178504511323893,0.47798220467662,0.229391582601877,0.400113081617304,0.0198776730498468,0.341093621251609,0.516748426354668,0.101346827592343,0.0883960344749685,0.000106857517125227,0.129510786007414,0.0193156348977195,0.0392835338165084,0.0533253390882454,0.901037736583321,1.72303500587885,-0.41717475738859,0.144552461725856,0.3784008300426,-0.289423560724058,1.29756880755164,0.10131783349819,0.489251199540671,-0.0216054532202918,1.01087007348336,0.352594081539811,-0.0746465370026427,-0.735423446853626,0.696391496493253,-1.45970510049512,1.11383522159642,-0.99308232913437,-0.53145458648636,-0.412103096731441,"Petota","4 South"
"okadae",11.59,9.2,0.6468,1.5321,17.49,3.39000000000004,14.1,1752.9,327.57,33.07,72.49,202.66,42.31,-58.79,261.45,322.9,2459.06,-152.6,66.876,18.006,5.1560536157888,2.11397466609439,0.0411468913366085,0.199738968545338,5.01269499482175,5.71570934647076,2.50199920063936,996.414288001398,159.589612931279,23.781087256707,12.2551984434724,160.513102268943,83.9907461834007,30.2764833566325,135.599616928335,77.7852456732281,1791.44778024182,343.136254116188,17.2087705029215,6.8817685065525,10.65,9.8,0.6645,1.5345,16.25,3.45000000000004,14.85,1578.5,292.1,26.7,66.85,194.7,35,-56.8,243.95,362,2056.2,-75,67.635,21.52,0.247597705085541,0.0685524632098327,0.0483295528279972,0.475195187307808,0.456285217171036,0.146839030586194,0.332705663627766,0.677436052953514,0.252113607675743,0.0996880007849415,0.839160479120966,0.487851828125884,0.602334066176512,0.421123619974031,0.000136903701061187,0.140460640730418,0.109679540419012,0.867763616854861,0.0616507688486725,1.02757983763077,-0.656373023088677,-0.666056789107235,0.909356656961736,0.605738897403256,0.955229021107405,-0.605852040306976,0.519673609199848,0.330517137787205,0.550741477513572,1.27001877812453,0.08348038037641,0.368963156834854,-0.734791485779853,0.223326802113092,-1.98299315191051,1.36130664667593,-1.12095587576701,0.0703454826497469,-0.847117780972361,"Petota","4 South"
"oxycarpum",16.355,9.365,0.59865,1.86425,23.815,8.31000000000003,15.505,1684.75,317.23,31.975,78.035,182,18.37,-97.22,279.215,309.75,4147.5,-339.95,61.4095,15.361,4.0966578162153,1.89993767210789,0.0555690892872155,0.301132052690999,4.35361616179131,4.32220703856379,2.02184777395644,900.84649518924,168.396696742199,21.7735444253366,9.41053580889666,157.613992165403,73.8111395101679,31.3429854487747,141.205640542624,91.6577587378292,1494.14656929175,338.583345099766,12.4687801602326,4.5217834162151,14.55,9.15,0.604,1.8785,22.25,6.45000000000004,15.15,1638.5,298.05,28.45,76.4,180.2,15.2,-93.1,260.85,363.5,3488.55,-235,63.7,14.66,0.0178732442169114,0.318377642080351,0.365593184910318,0.254304204395965,0.00362140822654648,0.362003446508082,0.17568261632126,0.114551603757413,0.345605057646823,0.543404433520443,0.25923968540817,0.484042969776051,0.455135615584969,0.224582633379776,7.00585966631824e-06,0.0185697089976316,0.0108303205436557,0.666660192045244,0.626053907102379,1.19440215641161,0.489210672293521,-0.403043788916038,-0.558377709010821,1.16298747549063,1.3754762612999,0.800708280415684,0.646112276274663,0.75940529478021,0.54962983140615,0.126590149099924,0.579017231522666,0.514204166419332,-0.104512450505869,0.556080028293699,-1.38138827536995,1.1848257612353,-0.94796333719646,-0.350299979103335,0.173272893971185,"Petota","4 North"
"oxycoccoides",8.49000000000003,9.48,0.7881,0.4171,14.36,2.32000000000004,12.04,1462.2,284,13.46,71.83,178.19,16.7,-85.06,263.24,352.9,1557.41111111111,-269.888888888889,83.593,8.467,4.31642856486186,0.61427463998877,0.0421279796176682,0.213752426886808,4.35671894893393,4.80140025872082,0.827580140463078,499.76945796148,87.1689674648546,10.4846130644441,8.90456187705056,101.450956405327,53.1251771238877,24.327999415397,95.7482718149814,25.5188383574,1403.87885645846,290.285395965955,11.0773061807563,6.00688503117696,8.70000000000004,9.4,0.7905,0.4005,14.2,1.30000000000004,12.1,1441,317.3,10.95,71.65,209.8,20.55,-83.7,292.65,365,1372.1,-207,84.27,7.045,0.859086226998804,0.347255960703496,0.507044505446947,0.296274409280002,0.618793054821366,0.864051588815907,0.0510749082130179,0.111485919927543,0.00258805695373125,0.188355756727053,0.223089671273773,0.310634793772453,0.189475318460186,0.370123897415129,5.56648897221557e-06,0.356758260236005,0.0892925975889776,0.0235926056756591,0.00663946407803691,0.544503003515351,0.264755368766149,-0.571712240310496,0.581791288862075,0.517333706440678,0.844490331534549,-0.503881045954606,0.0980198086787233,-0.239087335700447,2.29557140123401,0.991510118640588,-0.196023390178195,-0.135446442677952,-0.110679710865595,-0.370793035911416,-1.78219385070767,NA,NA,-1.83961044595343,1.76816878213747,"Oxycoccoides",""
"pacificum",23.4833333333333,5.26666666666667,0.760333333333333,0.578,26.9166666666667,20.0166666666667,6.9,3084.33333333333,567.1,52.8333333333333,80.6,456.466666666667,158.766666666667,-41.4,497.866666666667,354,6748.23333333333,-8.66666666666667,85.6133333333333,4.21,0.702376916856849,0.305505046330389,0.0427356213636041,0.127953116413786,0.907377172587747,0.65064070986477,0.264575131106459,1161.24602618624,149.054050599103,30.9433891701173,14.1446102809515,139.80119217422,91.4276945642475,25.5642328263533,114.338153445529,19.0525588832576,243.390516112139,231.500179985531,1.44244006230184,0.757429864739964,23.55,5.2,0.784,0.596,27.05,20.05,7,3493,604.2,59.5,74.3,485,188.8,-35.8,520.8,365,6781.3,61,85.11,4.28,0.842833201535051,0.636886845028965,0.0446941822338596,0.766743437423983,0.915235869864605,0.363113154971024,0.408517657909803,0.585061088153967,0.641552524566192,0.243703689812812,0.660639409753255,0.449068312301498,0.635474991520663,0.66656087392724,0,0.774770174350638,0.496442251138132,0.413681966800979,0.846978525066252,-0.423273160268028,0.935219529582822,-1.72778408907916,-0.620516494842412,-0.646968594921534,-0.229936886739971,-1.4578629673213,-1.38751220035157,-1.05067252942844,-0.924510076014254,1.60668342780564,-0.880187768216919,-1.31870660384494,-0.938450379781458,-0.866274660095195,-1.73205080756888,-0.600078927452919,-1.23157019591309,1.37905660248978,-0.412328037221786,"Herpystichum",""
"palustre",8.7189655172414,8.61896551724138,0.427706896551724,3.92805172413793,20.4620689655172,0.360344827586247,20.101724137931,2496.34482758621,459.013793103448,60.4931034482759,63.3431034482759,419.120689655172,117.094827586207,-84.2103448275862,503.327586206897,319.137931034483,1613.69827586207,-40.6851851851852,57.3936206896552,14.4555172413793,2.84020056720435,1.68465279847856,0.0367485570169934,0.757360222119968,2.35983032293745,3.62722114191308,3.42106433522127,886.031712072056,163.10738411789,25.3021312608244,10.6928753467949,159.314866167512,74.3186747148606,42.5956331245647,137.962008237335,95.2859865759364,695.55987054009,163.435963349572,7.30445783097395,3.48053493187157,8.85000000000004,8.7,0.424,4.1515,20.45,0.400000000000038,20.7,2411.5,456.95,56.3,63.5,422.25,107,-86.6,508.7,365,1579.1,1,57.895,14.025,0.00240871986314174,0.0224708559658918,0.163156330946634,0.00462444085081682,0.63975018643579,0.00147675516577149,0.0652773455615024,0.0712744977066484,0.0161037737271394,0.817725563847255,0.0775862819032054,0.0693308984264453,0.0617520897688276,0.0910970440766215,4.09586002237725e-12,0.0109481453372511,0.00288311880365279,0.780953549323532,5.52652369902892e-06,-0.739516361758257,-0.875649900689034,0.170962156566415,-0.807147389379863,-0.5332760684338,-0.263032302955126,-1.13947330691855,0.32294373013158,0.288665502422684,0.47348106999837,-0.220580865721551,0.265266974217824,0.306990913017756,0.24892253611674,0.203038529746958,-2.32694515074586,-0.157670260722955,NA,-0.170213796530789,1.78725761083433,"Etuberosum",""
"paucissectum",16.7055555555556,9.15555555555556,0.789666666666667,0.313,23.1055555555556,11.4944444444445,11.6111111111111,1098.66666666667,261.977777777778,13.2555555555556,82.6333333333333,132.255555555556,-31.0555555555556,-112.622222222222,244.855555555556,316.111111111111,4269.11111111111,-526.666666666667,81.3233333333333,8.70111111111111,3.70003753734711,0.22973414586817,0.0138834433769148,0.14096542129189,3.69564308040939,3.6308095209991,0.434293807359846,153.614777934937,22.1605379998872,5.78556633163753,10.5846587096609,29.3295972999593,16.8985288643058,13.8757682469997,28.0450134208878,38.8890873010811,1354.66432506769,171.470114014075,8.51615670358408,6.74972859536671,16.75,9.3,0.797,0.26,22.95,11.85,11.6,1151,255.8,15.3,81,121.6,-32,-111.3,243.4,337,4291.5,-508,83.26,5.57,0.29712842806509,0.101061375912551,0.0563696415023393,0.0102793632007764,0.324232584441953,0.443654730980919,0.293588631973502,0.062236043293019,0.0341303004065338,0.102159582006875,0.238909991988186,0.916831106306993,0.0559819478745781,0.259173016752531,0.078257505480458,0.296914937118688,0.974744568471563,0.749027778631854,0.0664263905730713,-0.920105136233581,-0.409757713595983,-0.279785072461742,0.168599273123133,-0.737538488906548,-1.08538341986435,0.0798372843910232,0.121463655350364,0.65748453399507,-0.242112474739949,0.105733722426728,0.9912246281472,0.393122719984183,-1.6047991152254,0.0736036401150139,-0.162937591848487,-0.930556553312807,-0.149713460339242,-0.173230349551797,0.493565231221097,"Petota","3"
"pennellii",18.0305555555556,7.325,0.670055555555556,1.13152777777778,23.7027777777778,12.7222222222222,10.9805555555556,318.916666666667,73.8583333333333,3.09722222222222,90.1055555555556,-41.8111111111111,-93.125,-125.919444444444,84.1222222222222,100.055555555556,4906.09428571429,-1131.63888888889,38.1927777777778,18.0916666666667,4.78854701759129,2.05806774843368,0.165143737296496,0.876195427845739,4.80520468486953,5.34322594432084,1.98563691752897,297.11915599157,63.024826740851,2.88330030259088,26.442756982308,65.4449988388408,32.6519426243349,22.8654801510854,47.0510428675139,111.044378373036,1506.9809712181,362.938180708331,13.3422880049244,7.90217384196092,19.6,7.65,0.727,0.813,25.55,14.3,10.5,206,52.8,2.25,91.7,-64.65,-100.95,-129.4,71.95,54.5,5443.4,-1211.5,36.73,18.715,2.33139991762531e-06,0.590532911351564,0.00166190503366879,0.00117690019712555,8.35840044047527e-06,0.0998277953979812,8.5457621226036e-05,0.00131469970187871,5.6706572357324e-06,0.0740532017634008,0.0010662726025842,0.0147063944933221,0.154657881087731,0.000434565986475686,2.88331344263064e-06,5.3976571907008e-06,0.0651780755897859,0.212095419883835,0.0567619374582905,-1.84184144368841,-0.281031486952155,-0.996452774984879,0.653870194257586,-1.58842454260827,-1.8191390171583,0.842369557264944,1.22618499629486,1.11635739508554,1.69021884770615,-0.810259566231153,1.24533809962055,0.95029570593602,0.434843329387719,1.49369469255404,1.47137724097678,NA,0.742628622748407,0.795041244442104,0.0277553709385608,"Tomato",""
"peruvianum",17.0366666666667,6.17111111111111,0.533622222222222,1.77708888888889,23.1322222222222,11.7011111111111,11.4311111111111,248.066666666667,58.72,2.80888888888889,74.6733333333333,-40.2555555555556,-94.6044444444444,-131.077777777778,90.8244444444445,79.8222222222222,4620.48837209302,-1167.37777777778,41.0595555555556,15.716,4.14764993701251,2.59217548352224,0.197708151403307,0.907303517979168,4.37982403594694,4.80783556585317,2.00009343216104,379.798594951683,91.3423619735613,3.36687218094603,34.1764432427845,84.649342357848,35.8276046160674,20.5333640790797,72.9426273785699,119.503002793937,1090.49849025229,353.500436471949,16.2472860608606,7.23822065025778,18.35,5.8,0.484,2.079,23.95,13.35,11.2,63,14,1.7,78,-72.6,-110,-137.2,63.1,20,4880.4,-1320,40.92,15.78,6.61155238383037e-07,0.0674088928806978,0.022665501330668,0.00208176150188662,1.15833930161513e-07,0.48931656687636,1.4139257437126e-09,2.74004752302587e-09,2.62652480056066e-09,0.0206221422758912,2.44521938028865e-08,1.96660269350733e-07,3.28922430313026e-05,2.42093170395022e-08,2.31580809619322e-09,2.44665131988044e-05,2.15172985509166e-06,0.523683313395768,0.150001553095108,-1.9168875758612,0.22412736132407,0.29777966527745,-0.523505884592006,-1.52642384335947,-1.9240410721252,0.255730539981841,2.05268022530376,2.1663932810253,2.49838886972612,0.117300146920366,2.24850559506626,1.86081874318361,1.53696771430124,2.55240824862292,1.62824926467106,NA,1.57064477827436,0.436107234777105,0.386077627530949,"Tomato",""
"pimpinellifolium",20.7799065420561,6.97009345794392,0.676158878504673,1.19216822429907,26.2126168224299,15.8995327102804,10.3130841121495,851.598130841121,178.345794392523,14.9971962616822,86.8794392523365,55.5719626168224,-52.5299065420561,-114.871962616822,170.445794392523,194.205607476636,5813.93018867925,-908.065420560748,60.5638317757009,13.2597196261682,4.4465847601186,2.28688694035706,0.150401672858816,0.764920115276337,4.57395257345795,4.8460910883086,2.72573632468849,842.995119167288,152.142997086079,30.1061250520521,24.9287881560231,155.556039646939,79.0948000759076,41.6449000125489,128.656062107666,139.532084517393,1510.61989219625,533.876041563251,21.2065267918914,8.07416126352008,22.05,6.9,0.724,1.121,27.35,16.35,10,656,154.4,4.6,87.6,16.1,-73.1,-123.8,142.4,217,6256.9,-961,62.79,11.66,1.43276407679327e-10,0.35507411539555,2.29872143170202e-07,9.94004547715913e-05,5.00103154502209e-09,0.0271638305794475,1.79240750500526e-09,7.86234884338368e-07,8.67115473408734e-18,2.51615933743765e-05,3.78354436918541e-07,2.64906613753409e-08,3.09645389331513e-09,6.52868009158181e-08,1.06210074086245e-08,5.7507186309521e-10,0.00156277336536887,0.000549635040251781,9.35149940349528e-05,-1.78515089879321,-0.164528903346299,-1.29356925030881,0.348338573494093,-1.50809323102503,-1.56139471709978,0.462803540029749,1.64304788034716,1.18710625039417,5.31397230163321,-0.866294060935332,1.25277344744256,1.48344448029771,2.24557662398117,1.40744545325296,-0.0869454235640795,NA,0.300444586833261,-0.208881942224889,0.609038495169093,"Tomato",""
"pinnatisectum",18.3954545454545,12.9818181818182,0.618727272727273,2.22340909090909,28.7863636363636,7.80909090909094,20.9772727272727,743.818181818182,181.272727272727,5.31363636363636,101.722727272727,35.0045454545455,-66.9590909090909,-149.809090909091,184.813636363636,195.636363636364,4894.06363636364,-837.045454545455,40.7977272727273,16.0222727272727,1.55279387916389,0.91788388291266,0.0199694571979116,0.254555571459434,1.91175448078596,1.81938217951905,1.37214875570844,223.444599794869,55.5882668488181,1.53321804573178,7.10237598193341,59.9713143909949,22.3728504493602,11.6846219284318,63.0572551277204,61.0101829553266,566.778889906187,191.468380399064,6.64003867732437,3.513615600595,18.55,13,0.6225,2.28,28.95,7.80000000000004,21,714,163.85,5.25,101.6,26.95,-70.3,-149.65,173.9,204,4951.55,-861.5,40.135,16.8,0.969750007730113,0.165120768337805,0.00704023527810508,0.18581742004259,0.0404566795814882,0.366290154061152,0.00109222690336597,0.00162776815257952,0.487849196350354,0.261097117607392,0.0172440057384351,0.00265430982192524,0.135865141057333,0.0363697723396086,0.487641060166234,0.95173362728733,0.406433011865851,0.460114916291028,0.463631459166548,-0.159697966145449,-0.897266518719797,-1.33908855037434,-0.937390850456342,-0.442221506614375,0.671663912265278,-0.276940417203016,2.08837663630553,1.94204380207828,-0.29997379363308,0.0744137675614994,1.50188531535372,1.81790570724058,-0.298343531242036,1.28529472934889,-0.258376241159786,-0.17422118797782,0.520559670942042,0.172679755188814,-0.0824145875306512,"Petota","1+2"
"piurae",17.05,9,0.7758,0.591,23.31,11.67,11.64,1225.4,313.78,10.94,91.94,176.28,-25.32,-120,296.26,302.2,4398.68,-598.4,82.776,11.586,5.51679254639868,0.360555127546399,0.0435453786296549,0.61010040157338,5.4527974471825,4.64187462131409,1.05023806824929,414.229767158277,102.196364905998,5.30122627323151,13.6492856955959,113.642826434404,38.8503153140357,11.0324521299664,114.363403237224,83.2267985687302,2015.71727605833,295.404468483468,12.5145247612524,6.33913085525137,16.85,8.9,0.798,0.399,22.95,11.95,11.5,1191,280.6,11.3,93.1,152.6,-31,-118.8,271.4,338,4325.2,-524,87.16,10.21,0.636596654810991,0.583770638227464,0.0681495990470075,0.0155123346496837,0.451710151888174,0.202415629922357,0.646648855481532,0.571638380649659,0.974292960594092,0.607462694635856,0.712371648211041,0.869014431736675,0.620260999224702,0.410208684693285,0.15530312166815,0.635037334417612,0.168911672033807,0.0776795170292264,0.872884404022969,0.180356486697033,-0.32001934397609,-1.7336551414945,2.05873827405189,0.164027161586893,-0.0890265546004516,1.56688559568381,-0.503480145462979,0.269955838994511,-0.0846413569841587,-0.427206603743062,0.196172421787985,-0.404295258126581,-0.758397521250691,0.187342511856934,-1.33311976243348,0.176821943303907,-1.65226542720059,-1.79141817370594,0.242288900434545,"Petota","3"
"polyadenium",15.85,11.5791666666667,0.63025,1.92229166666667,24.7458333333333,6.3916666666667,18.3541666666667,1166.25,235.958333333333,15.7583333333333,88.325,103.620833333333,-22.95,-118.9375,222.566666666667,254.916666666667,3964.25,-536.958333333333,52.1995833333333,17.43875,3.28593842065669,1.48908468140862,0.0366431083739405,0.287799217324776,3.98600586472514,3.2240828377893,2.15950460636868,672.379438037521,121.68007916938,16.751792030463,12.9517918854295,120.618208226607,56.2328930508609,28.3133984644849,111.694270868866,92.3202915500382,1185.10401304659,295.600564682444,11.388434056253,5.00322618743234,16.45,12.1,0.629,1.912,25.15,6.95000000000004,18.9,967,215.2,7.75,86.6,83.2,-42.7,-122.85,231.55,277.5,4178.25,-555,50.76,16.52,0.0299049147898108,0.00367720120092612,0.77789068661117,0.803014151777845,0.226327267809883,0.314625045944703,0.00362176984991773,0.0347177390345417,1.79406841646654e-05,0.0442841943139451,0.0489311592851642,0.00365222801256681,0.45922872023169,0.188407286825923,0.0180009807034656,0.0374143444628734,0.608346374527474,0.128967739869137,0.580071757922671,-1.22673037978512,-1.05802224825684,-0.308542890582658,0.373972375687963,-0.981248322786724,-0.518488312292996,-0.369096422382817,1.40725793409497,0.878614212206612,1.87759114796282,0.214534605867798,0.946448739953861,1.50608109855075,0.447442313609044,0.518862561883343,-0.364526454245943,-1.16660665058999,0.294683891959975,0.761255234772223,0.470727812944322,"Petota","1+2"
"raphanifolium",8.13780487804881,9.84390243902439,0.727731707317073,0.980024390243902,14.340243902439,0.854878048780526,13.4853658536585,1437.9512195122,293.268292682927,18.3951219512195,84.0780487804878,164.026829268293,14.480487804878,-66.1536585365854,230.187804878049,349.829268292683,1313.83421052632,-256,63.249512195122,19.6946341463415,3.40214602287667,1.87710532209674,0.0197560426075719,0.157295659158935,2.90050037735291,4.28316187059934,2.38668818403345,813.416589184764,132.391885021372,28.8061794691652,9.60665165901007,142.494989428383,73.8445435340764,34.1739527824992,112.457705816725,22.0713642974606,1147.4416615392,263.573708855796,13.9398556217809,5.42203425734335,7.95000000000004,9.9,0.731,0.983,14.15,0.350000000000038,13.6,1278,259.2,8.8,86.2,134.4,1.8,-73.8,188,365,1143.55,-205,61.43,21.05,0.000144433998297,0.0711394107961281,0.06202146265629,0.121676625485552,0.00166005427677355,0.0877133485396548,1.29915982351284e-07,2.95996863076989e-06,9.74408911624037e-11,0.0455414456300584,3.33765568509815e-05,1.48047187911699e-06,2.41437963184878e-07,0.000110226312997228,2.15375436989226e-07,3.28911314996526e-06,0.0943428653855054,0.00661408439813806,1.10358751434109e-05,1.88164602473221,-0.0284055909941777,-0.911910120197311,0.112356634507354,1.6792521942759,1.4600377666094,-0.0222096187571444,2.85342247720652,2.27014912570382,4.20857787504044,-0.887786729107911,1.89996788924994,2.43901212790442,3.03532273192247,1.58575502204322,-1.28433076126408,NA,-0.158520873072954,0.864797928610837,-1.80246530663371,"Petota","4 North"
"savanillense",14.55,7.55,0.7485,0.604833333333333,19.2,9.11666666666669,10.0833333333333,2021.66666666667,296.1,73.8833333333333,41.3,190.616666666667,62.8666666666667,-33.8,224.4,365,3480.18333333333,67.3333333333333,89.405,3.685,2.94346734311764,0.595818764390649,0.0267861904719578,0.14049116223687,2.59595839720131,3.01639961985586,0.881854107359413,738.125915184304,101.226913417332,30.5123854633928,12.5064783212541,97.0092658804646,59.6537229908299,34.4504281540883,84.5522087233681,0,1079.50538010084,147.114467903965,3.74492055990511,1.3469187057874,13.95,7.5,0.743,0.592,18.75,8.95000000000002,9.75,1989,265.4,64.65,43.45,173.25,60.95,-29.35,184.95,365,3253.7,94.5,90.425,3.105,0.393312659149084,0.518320736564572,0.458544456385884,0.901158534329287,0.689043053665518,0.025571599894637,0.374958602750644,0.0208176481266327,0.362244702117934,0.93722093037545,0.0308909377673464,0.78889999764462,0.243251835311518,0.0315148597027936,NA,0.37739270660337,0.252213820243405,0.695375488889105,0.155177507724049,0.927449357945134,1.1233210745425,0.447445704017008,-0.107814472109072,0.879721964296706,0.514379895879218,1.99016642223447,1.04588793841318,1.99357960846366,0.463564743646813,-0.477608902140753,1.94277783220772,0.686418735217072,-0.168907732668509,1.77948795005789,NA,0.9456383089487,-0.723309759068724,-0.481747904480939,1.32290472565783,"Pteroidea",""
"schenckii",17.9115384615385,10.9,0.644230769230769,1.50707692307692,26.25,9.40384615384618,16.8461538461538,1140.46153846154,224.530769230769,15.8692307692308,83.9076923076923,89.1538461538461,-32.1923076923077,-119.546153846154,208.676923076923,256.615384615385,4715.38461538462,-603.692307692308,55.1223076923077,20.7253846153846,2.75425079393606,1.66132477258361,0.0480540561003159,0.492314002363407,3.05177543953243,3.48965504136042,1.847347370608,575.984463821814,101.435935320571,19.8386569024293,12.4113161764081,106.26405487734,50.6744916359711,29.9488067481999,97.4401538881358,80.8337166261069,1008.17887454406,320.271859679498,11.4392461536634,4.85948833963792,17.95,11.4,0.659,1.377,26.65,9.35000000000004,17.4,856,162.4,8.3,87.8,43.5,-50.7,-122.4,158.6,268,4718.7,-660,54,21.94,0.521470272254004,0.038332209414817,0.0143883835521818,0.422377801560224,0.155118413911405,0.0511306141655966,0.0125837407656647,0.00831559695372158,0.000143536022527156,0.0348448425836794,0.0237225860208076,0.0148087153021516,0.0702702876626407,0.00763492965616214,0.414698561555513,0.520436830719068,0.152804585510886,0.0327971309149052,0.263521770784849,0.617590834442957,-1.05764880200707,-1.0515907394779,0.859734808639353,0.146322870850131,0.832572972080406,-0.85305452634484,1.07564400651079,0.904721388984155,2.05446056700862,-1.36881615682707,0.891971011764135,1.23329468918978,0.198332413782461,0.796980079547266,-0.223149930753387,0.623936671636871,0.874989674922554,0.659645925135579,-0.132831102756605,"Petota","4 South"
"skutchii",19.9,8.4,0.552,2.4355,26.85,11.65,15.2,2103.5,380.35,61,65.6,262.7,68.4,-43,305.7,365,5440.2,48,72.04,10,0.212132034355965,0.141421356237309,0.00565685424949239,0.0558614357137374,0.141421356237309,0.141421356237309,0,65.7609306503489,9.40452018978109,2.9698484809835,0.707106781186548,9.47523086789972,6.36396103067893,4.94974746830583,4.52548339959389,0,68.8722004875695,9.89949493661167,1.69705627484771,0.636396103067892,19.9,8.4,0.552,2.4355,26.85,11.65,15.2,2103.5,380.35,61,65.6,262.7,68.4,-43,305.7,365,5440.2,48,72.04,10,NA,NA,NA,NA,NA,NA,NA,NA,NA,NA,NA,NA,NA,NA,NA,NA,NA,NA,NA,NA,NA,NA,NA,NA,NA,NA,NA,NA,NA,NA,NA,NA,NA,NA,NA,NA,NA,NA,NA,"Anarrhichomenum",""
"sodiroi",13.9833333333333,7.7,0.826222222222222,0.389333333333333,18.75,9.39444444444446,9.35555555555556,2502.11111111111,315.966666666667,102.788888888889,33.9666666666667,207.811111111111,99.0555555555556,-8.48888888888889,216.322222222222,365,3280.38888888889,101.111111111111,91.5755555555556,2.80444444444444,4.78800584794964,1.00747208398049,0.0290808260619337,0.206618610004036,4.47381269165351,5.00901964238289,1.32581212009009,1094.57645283969,121.401935734155,71.0032119774247,12.0848045081416,129.63086480893,94.5828091028057,70.862092201057,100.757875347014,0,1741.15004841947,180.19950363725,7.29608647000416,1.77881358713548,14.55,7.9,0.823,0.282,18.45,10.05,9.4,2464,350.5,95.1,34.2,250.2,102.1,-5.2,209.5,365,3491.9,187,95.25,1.94,0.239033176562736,0.777768823911523,0.233411819249625,0.13304651440818,0.355306777168008,0.294231541819057,0.512401061963951,0.281925939784219,0.174689311545144,0.405325402819037,0.533040935789333,0.512854679034645,0.646024260534642,0.830330769499083,NA,0.2460233028508,0.0409215425454388,0.00607935577321453,0.0111286338724131,0.706540377202795,-0.743075405121941,0.23096395083537,0.144743842909058,1.04299189725017,0.166459278104348,-0.665774151580124,0.84552737606831,0.205127336589887,1.26794646437523,-0.489922390046641,0.120717431105512,0.527317892954263,0.843489534679422,0.479562758913577,NA,0.70902736881258,-0.999969102492917,-1.33048138688182,0.643905956987184,"Anarrhichomenum",""
"stenophyllidium",16.9233333333333,13.7177777777778,0.553666666666667,3.87686666666667,29.2811111111111,4.11444444444448,25.1666666666667,644.622222222222,159.033333333333,6.05333333333333,99.8577777777778,8.60888888888889,-74.7266666666667,-158.455555555556,167.066666666667,162.555555555556,4357.70888888889,-924.955555555556,39.4886666666667,15.3528888888889,2.89477585880622,0.80121750789002,0.0612120012000024,1.54777869571496,3.33560831457814,3.5291742245277,3.88926260830554,263.479280614494,62.6191301005168,2.68832492624885,9.39594905189777,65.6003042614279,25.629061984041,17.0618601186116,59.7372047920192,78.0805398743548,1055.78886056873,244.832220431903,7.29731382708111,4.00754267386241,16.95,13.8,0.583,3.203,28.95,4.35000000000004,23.6,563,138.8,5.5,99.6,-2.8,-80.8,-157.5,157.9,142,4381.4,-972,39.04,15.22,0.218465697491207,0.436809533822043,0.000183162753430903,0.000155080163937456,0.35511780210123,0.00331087967110139,5.98023150622575e-05,0.00732913310270882,0.00768511518004148,0.560683673590102,0.000273495094761078,0.00348606979107763,0.362087513609325,0.000213105359562622,0.000930310575630802,0.225438949057721,0.475477180180543,0.00300002406250917,0.637165875084797,0.383189749200734,-0.241324796555449,-0.313374291351937,0.302975020277283,-0.0250445309266369,0.402347075963202,0.184406805413282,1.58236404458029,0.952620505232677,0.61706924331519,-0.00418009315338922,1.19034060916221,1.3073764504212,-0.290036569422298,1.31336608885601,0.639046107733535,0.389113969411891,0.385686328147775,1.21146727521586,0.411651731438301,"Petota","1+2"
"stipuloideum",12.5182926829268,9.69268292682927,0.664,1.5210487804878,18.6085365853659,4.06219512195125,14.5463414634146,1415.70731707317,271.980487804878,24.9341463414634,74.4024390243902,144.385365853659,10.0951219512195,-65.3585365853659,209.739024390244,313.829268292683,2762.10487804878,-249.585365853659,57.7656097560976,20.3921951219512,4.90094067625746,1.95836542094452,0.0363469393484513,0.270036659661194,4.91807765340057,5.49013638819433,2.71791257778609,656.581306614133,109.357224771645,18.9247669702443,12.6753794382038,114.664442092951,60.1120992447424,32.8322019944578,91.9127653757866,80.0252780185812,1753.08436961135,355.478127007117,15.7947089319146,5.89166891135064,11.85,9.7,0.667,1.444,17.75,3.75000000000004,14.3,1317,249.9,24.3,72.4,112.8,-2.3,-67.6,185.3,365,2500.8,-154,52.92,21.42,0.464552354975741,0.147560895730596,0.00986848017702618,0.0787999806325913,0.0947199337480824,0.0973958035576229,0.015646694203209,0.0491190591759739,0.00646073864743032,0.499741812126046,0.212603866563908,0.0391092995284378,0.172817351147533,0.0306807578563183,3.22023243613486e-08,0.164985798077485,0.00200245717153801,0.17674472867874,0.00621523053699689,0.454475956092847,-0.0646298421961194,-0.986998464794624,0.472466474770389,0.166193118650602,0.598692918080835,0.239962315608272,0.375578306055483,0.433269449207239,0.681570365972867,-0.0779697406993306,0.309617020077207,0.22746258858328,0.519857039276896,0.60566061070536,-1.34328192362955,0.549083034729758,-0.593389288496575,0.406428879291894,-0.934102898994334,"Petota","4 South"
"stoloniferum",15.0763157894737,13.0832236842105,0.546450657894737,4.13294078947368,27.3634868421053,2.65953947368425,24.703947368421,704.901315789474,160.008881578947,9.53388157894737,87.4486842105263,27.2733552631579,-62.2105263157895,-146.996381578947,174.26677631579,187.608552631579,3753.60657894737,-797.860927152318,42.2519736842105,15.6292763157895,3.62350662248355,1.28577446552764,0.0890419721527228,2.06550188958725,3.73514867931546,4.83573822116657,5.24636453198796,348.324907312653,82.9879920141884,6.08292557602737,17.1078735732112,77.9096666171883,31.308538376929,22.1329962910044,76.1614446962531,89.540971276685,1210.98026425645,289.843892907227,9.29868368124896,4.76080228726704,15.45,13.3,0.576,3.6485,27,2.75000000000004,23.9,604.5,133.85,8.05,91.15,1.75,-68.95,-148.1,155.65,161.5,3824.5,-833,41.26,15.42,0.0184794661274094,1.13846388604593e-12,2.95725859786759e-11,4.68108259119517e-13,0.00951323131526994,3.50033865717698e-08,1.91092827949048e-15,2.43358626336196e-12,1.41216697920411e-16,7.53637673141127e-05,1.13980156813585e-15,2.13043243422965e-09,0.24970332261241,4.78026619702887e-13,4.2752542506216e-12,0.00257511358675979,0.0120416368264897,6.58607764754552e-09,0.0632046414181754,-0.0188463451197225,-1.65485593894584,-0.370536209984071,0.418336646113855,0.127715616181418,-0.0494734366902975,0.106631577231977,1.47238918097412,1.04407208412198,2.14275604359245,-0.193292986558432,1.33348900630529,0.993753699214979,0.211171476240341,1.21369802833674,0.505384495869521,0.29019741083879,NA,0.921054069303053,0.314399839686274,"Petota","4 South"
"suaveolens",21.4875,7.5,0.70940625,0.81425,26.50625,15.8625,10.64375,1961.65625,303.746875,58.246875,54.034375,178.55625,43.1,-57.63125,236.18125,346.875,6015.896875,-122.625,72.89125,11.750625,3.84806193364417,1.18593912698048,0.0681231614134851,0.449938490419847,4.22534117729162,4.11070592791632,1.94703041048537,838.373717936947,126.268267881484,46.4649224918908,18.9810025462643,135.305010129444,73.0266765221516,49.9036002159777,118.09422546725,52.4162927145318,1405.57817388189,299.917058426966,11.0034184570948,5.14287915941908,22.85,7.5,0.7155,0.666,27.75,16.75,10.65,1678,271.15,48.95,53.4,137.9,20.8,-64.55,212.7,365,6495.4,-69.5,71.035,10.72,0.00149827516215756,0.0253096304740107,0.0384886045742147,0.000881934125695375,0.010074141363016,0.346277251218301,0.0225900753139935,0.0431519423102655,5.85430924923245e-06,0.0140098711578761,0.0400189917428639,0.0246463787902866,0.00117212404514192,0.0128567058608277,2.68459201907439e-10,0.00153415279433095,0.000167516557608581,0.744336586575305,0.360724306992242,-1.00799260041654,-0.896498510220717,-1.14322278377497,0.930060563078247,-0.760120200363666,-0.963152150702028,0.331343014368766,0.841164871619072,0.918951227525384,2.78723475647864,0.982610330413084,1.00662423945258,0.798546298435776,1.76854004181613,1.14332504050743,-3.23538957768228,-1.0121482703193,-1.78060262646565,-0.0137572406823216,0.123577997546538,"Basarthrum",""
"tabanoense",14.1785714285714,7.57857142857143,0.787214285714286,0.481428571428571,18.9642857142857,9.30714285714288,9.65714285714286,2269.5,299.85,80.0642857142857,37.9642857142857,187.757142857143,79.8428571428571,-29.6928571428571,217.442857142857,365,3346.96428571429,88.2142857142857,87.8071428571428,4.28214285714286,4.2748690616796,1.10883068793459,0.0448744891917421,0.219068557686933,4.29254400861937,4.5159059548895,1.48516473352766,776.936563096964,89.314498349286,44.2912147417149,10.7410504530593,88.8592033611489,66.2678447872515,43.3640131602535,70.322747324097,0,1561.505426778,185.748456281577,8.16087139820387,2.7122831102836,12.85,7,0.8,0.448,18.5,7.45000000000004,9.2,2412,305.05,73.8,38.05,180.6,86.65,-29.3,224.45,365,2855.05,157,89.335,3.515,0.407103144430453,0.00967685894114391,0.816796341789766,0.63225989903369,0.285504157866746,0.403545865671001,0.595858810739577,0.670257562516659,0.0650972669522612,0.824215925530724,0.625788270566639,0.922716121474866,0.379273944963855,0.0925014060217167,NA,0.385822977254787,0.00495265528371412,0.0273910974413954,0.0211451882583023,0.544249002868374,0.527190052152371,-0.638799368432057,0.63549490560619,0.290139607380926,0.497267727177005,0.314385400263183,0.150348597480429,-0.081589613248656,1.0168870712122,0.0781347592935376,0.0820926384569645,0.265594747966834,0.654648488159073,-0.250555598271534,NA,0.543466230334291,-1.53865889373472,-1.32611520880257,1.17030453126673,"Basarthrum",""
"taeniotrichum",13.4071428571429,7.14285714285714,0.726857142857143,0.602857142857143,18.4071428571429,8.57857142857146,9.82857142857143,4596.57142857143,619.814285714286,129.9,44.4857142857143,513.214285714286,270.671428571429,15.1714285714286,498.071428571429,365,3064.84285714286,195.142857142857,92.1828571428571,6.84571428571429,6.05746292954872,0.988023520059354,0.00874506663646371,0.126262198844875,5.27758061452946,6.51503755059893,1.31746509848052,650.410602912462,115.131698915799,21.3291662596861,8.97225883328321,119.980684953474,55.8066218975763,17.2219544270014,132.834592812336,0,2207.75293141929,18.3705250462852,1.55940922879696,2.594634573775,12.65,7.7,0.724,0.542,18.05,7.45000000000004,10.6,4588,663.2,132.1,48.1,567.4,280.1,8.6,571.4,365,2798.9,194,91.24,7.99,0.0743933159427565,0.00117857377854871,0.0556101767860411,0.0125123916448896,0.0594664073219772,0.000275178702277504,0.157991903949076,0.00716506210394587,0.1577768321422,0.0195485073382855,0.00480467747169035,0.129664906041065,0.150518855469717,0.00071589963411959,NA,0.0754576356888835,0.0324463884937777,0.0478026702753647,0.112578614394721,0.773200737797355,-1.20927307867192,0.746508776052327,1.06624914672081,0.657482794187791,0.843710150417762,-1.22963409191515,-0.553712813950208,-1.12360901314427,-0.557413854241408,-1.00383215732502,-1.15267377464739,-0.729730018168803,0.153350923473126,-1.22158393790274,NA,0.768913196555087,0.0326379724152099,0.634201226086009,-0.622380080953906,"Articulatum",""
"tarnii",16.3833333333333,10.75,0.585666666666667,2.44966666666667,25.1333333333333,6.85000000000003,18.2833333333333,770.5,155.05,14.9166666666667,76.3166666666667,37.1833333333333,-51.5666666666667,-107.183333333333,144.383333333333,226.5,4154.2,-665.166666666667,55.515,16.3533333333333,2.84862539949827,1.62941707368003,0.0313793987620328,0.205887995440887,3.62127970014285,2.55968748092417,1.96307581785999,293.951526616209,68.3838211860086,10.3199644702231,5.7603529984426,69.4797068694642,30.3536928011513,20.2785025745657,53.330982239845,121.226647235663,1047.44836817859,313.78809197716,13.9013060537491,3.27532390255783,16.35,10.7,0.5885,2.389,26,6.50000000000004,18.7,747,156.85,11.55,76.55,34.35,-60.8,-117.9,146.85,209,4135.45,-741,52.37,17.285,0.984088853944576,0.270439562834584,0.490776591354708,0.0725385674883734,0.532831652471525,0.460030822726818,0.625545725511798,0.58492961204174,0.166084079815401,0.931455901772681,0.687820226034266,0.280413851858849,0.0348180705941053,0.604035409396455,0.22901914898388,0.982571461319332,0.373753181825854,0.7203224499192,0.561129811950694,0.335466872778015,0.0759344035102568,-0.314332817164938,1.81212604610747,-0.476104390799878,1.03335073705947,-0.367039265375374,0.10503626289827,0.0405173155521014,0.595735591828007,0.254479161082648,0.0927973619708934,0.422914595889427,0.891595165438983,-0.034135834958867,0.195545505182446,0.355496628225904,0.254711326292715,0.0944722716182883,-0.736388210418106,"Petota","1+2"
"ternatum",16.1946428571429,7.62857142857143,0.749196428571429,0.648482142857143,20.9267857142857,10.7160714285714,10.2107142857143,2474.26785714286,369.6375,78.2357142857143,48.7017857142857,255.182142857143,97.3732142857143,-23.6214285714286,278.805357142857,363.678571428571,4079.32678571429,61.5535714285714,85.3723214285714,7.05089285714286,4.48642070911999,0.766980925616629,0.0590834293467858,0.289132998089833,4.56671718460382,4.517653324287,0.990808406656554,1092.77750361297,159.396803392722,49.3098788869346,13.7856775620263,160.135337201941,93.0464995991915,51.2358671042277,129.939951753448,8.3035745705901,1637.53485619986,172.267120235655,10.2643705011907,4.85072301144543,15.45,7.5,0.7385,0.6165,20.1,10.25,10.3,2161.5,308.1,69,47.45,209.55,70.25,-37.25,227.9,365,3806.8,113.5,87.815,5.665,0.369236198581675,0.0093764861621744,0.0068107024063083,0.000851222352756067,0.73796832571368,0.671688791482766,6.38838283846954e-05,1.13285617264657e-05,0.000349433851951072,0.422627710309488,5.25334895908658e-05,0.000287417544946957,0.0294153692176608,1.72258929668756e-05,2.55438742116686e-16,0.370853971557051,5.44257031692065e-07,0.00200810647898541,0.000524626633064715,0.198637775465177,0.748529813245246,0.410033705619015,1.25953190539409,0.210309069918452,0.170091111580059,-0.0696997252890511,1.13627586232602,1.20198947627365,1.20577892885509,-0.0280292637925809,1.13874382655351,1.0663440821311,0.775873492253068,1.24858170640311,-7.04824927938159,0.199905335919215,-2.19315045024,-0.798950384686053,0.679159641977739,"Pteroidea",""
"trachycarpum",16.2,9.125,0.813,0.54575,21.4,10.225,11.175,2110,259.3,100.175,49.925,129.425,57.925,-5.075,134.475,327,4090.825,-221.75,71.6025,11.6725,6.34376334152947,2.01886932051912,0.045912961132996,0.257076350526454,5.70526073023836,7.43028711872336,2.00062490237426,1934.42566842633,148.811312294014,138.982693766766,34.6249789410285,148.541831930717,155.699997323913,126.909373832931,23.1865442300773,46.8187996428785,2314.52370532254,446.761961227677,18.3041696069502,9.02556507926235,16.05,9.3,0.826,0.474,21,10.25,11.6,1392,203.1,48.4,53.45,81.6,3.9,-48.2,129.75,337,4044.5,-207,68.215,12.405,0.305800880085264,0.159303339152019,0.350342600575834,0.387400383707381,0.195326999345034,0.266998609507565,0.133499799061293,0.118911169949536,0.127459718851483,0.152899836606873,0.266634418746062,0.192645107362954,0.204730072324219,0.553399341437999,0.26765788968233,0.309635224462254,0.261966371894773,0.326299032027415,0.169515256284113,0.0507649640146772,-0.132070257228801,-1.16911255624204,1.21471456343551,0.212809223252444,-0.00543915513141179,-0.586481337844367,1.56909048992844,1.68826252792417,1.52828972117723,-0.155443355735218,1.4844856720074,1.5168464031632,1.43145160208068,1.13824579101762,-0.592437791847389,0.0432398650060133,-0.064828566874525,0.52548747041721,-0.127552121957167,"Basarthrum",""
"trifidum",16.0785714285714,12.3642857142857,0.6215,1.86814285714286,26.3071428571429,6.39285714285718,19.9142857142857,1200.5,278.814285714286,6.64285714285714,102.735714285714,148.521428571429,-21.2857142857143,-147.321428571429,295.842857142857,290.928571428571,4043.95714285714,-500.071428571429,55.8478571428571,20.8107142857143,4.05470829291816,0.689042973826901,0.0175400640293542,0.245945227530552,4.54172354368391,4.05210567971275,1.5027447415452,320.54898821577,67.9793617679191,2.28362541914059,5.36779673220231,75.0885956574112,30.5595221756558,10.9192264146553,74.7664436689421,35.144677429852,1481.54142791802,126.974536687609,12.1211431160415,3.72653161962808,15.85,12.15,0.625,1.853,26.35,6.20000000000004,19.8,1132.5,277.15,6.7,101.3,143.6,-26.45,-143.3,289.05,295,3967.25,-493,53.015,19.7,0.999953149811274,0.616442686929061,0.67039896929223,0.469016187950924,0.70186089877323,0.321253315854808,0.0529398352384143,0.110833394080191,0.835646947286748,0.0169798051719755,0.157783164747733,0.205772612589144,0.0560804373511333,0.0941305404131176,0.504310343376799,0.999963002188486,0.84738403741287,0.10135750317986,0.217176326260179,0.0554062313848026,0.501173968375224,-0.584934151644978,-0.122446282671006,0.1013623359509,0.674554336443336,0.804723763431362,1.57826828415041,1.26732708148458,-0.38585893953966,1.48936843390012,1.08437808892091,1.25715458788859,-0.985318254639706,0.910493390752438,-0.730194144396538,0.0566577551134023,-0.545385413818712,0.505470429630439,0.0385543023432863,"Petota","1+2"
"trifolium",9.95000000000001,6.56666666666667,0.807666666666667,0.476666666666667,13.9166666666667,5.78333333333337,8.13333333333333,2414,450.966666666667,49.3333333333333,72.7,354.366666666667,110.366666666667,-46.7333333333333,401.033333333333,365,1802.73333333333,79,93.6266666666667,3.05,2.08086520466846,0.0577350269189624,0.0170977581376428,0.0341223289552946,2.05507501890645,1.95021366350801,0.152752523165195,128.175660716066,16.4406001512516,3.20364375880548,1.64620776331543,14.5500286368561,7.65789353107846,5.72916515151495,18.2297376101065,0,753.91294148153,28.9309522829789,2.49968664702865,1.69752761391384,11.05,6.6,0.816,0.459,14.95,6.65000000000004,8.1,2394,442.7,48.4,71.8,348.1,107.2,-49.1,393,365,2207.2,91,93.45,4.01,0.0918173461988101,0,0.167769168307423,0.112006103034346,0.245502478499271,0.636886845028962,0.741126788565236,0.139524775617558,0.51287131563103,0.0580167681577796,0.2699844929994,0.300515508116437,0.301269490763603,0.252170814582921,NA,0.0771588282911764,0.298275852154231,0.883030511308155,0.0225021789261884,-1.71406761041448,-1.73205080756888,-1.67225375184681,1.70531254447263,-1.6906189913267,-1.60484898706259,0.935219529582869,0.685065731860416,1.69061899132671,1.19973408810353,1.72486332412577,1.57861414259115,1.54263132292851,1.5416974635855,1.59793681228473,NA,-1.71934477591367,-1.54539252569502,0.316451244877987,-1.73096893946574,"Herpystichum",""
"trinominum",14.2166666666667,6.45555555555556,0.480888888888889,2.449,21.6166666666667,8.40555555555558,13.2111111111111,224.555555555556,61.4666666666667,2.32222222222222,114.711111111111,6.23333333333333,-87.3111111111111,-161.955555555556,168.166666666667,126.555555555556,3382.08888888889,-1068.44444444444,31.6711111111111,10.38,1.75712833908054,2.68100312901305,0.0451814244033,1.0136891782001,2.42487113059643,4.00284620960857,4.83255740898244,189.09925377372,44.3357361504238,4.28070606844764,16.9966499967232,45.4955767080713,16.9672806044785,11.0677584802785,47.701336459265,102.049143934566,587.702123623108,170.28954101112,9.05936041401992,1.77659787233915,14.85,5.5,0.487,2.087,20.95,9.55000000000004,11.9,122,41.6,0.8,115.5,-10.7,-92.9,-161.5,156.7,78,3593,-1115,30,10.3,0.000613900334072927,0.147010940646873,0.994819617401722,0.00187955599639814,7.07990184648449e-05,0.12993191565354,0.0175078749475029,0.135164196928008,2.59807220028731e-06,0.0585997559332225,0.0866934260316439,0.129494302858787,0.912563458012418,0.208447613489253,0.0339956246073753,0.00115993689169712,0.229375269456248,0.583360519986967,0.685460634151459,-2.49975403974531,0.880211064712799,-0.188743839548809,2.25635924355067,0.930491875558931,-2.68967464316599,1.23296488505717,0.922694428638015,0.82826032793701,2.96215053263712,-1.71009978484221,1.04060731250677,0.940419452691141,-0.45650653416277,0.875368051067311,0.917121061001073,-2.40327207234836,0.78532684427268,-0.316561489705437,-0.581005322211932,"Regmandra",""
"trizygum",19.11,6.685,0.6695,0.83525,24.375,14.45,9.925,3345.7,509.215,75.795,54.64,385.88,155.15,-59.38,445.26,360.1,5152.165,-15.55,87.2245,7.7115,3.57040466525634,1.79861789043406,0.0909091507176837,0.527285588751734,3.7274056167231,4.15780812701267,2.59003657767303,1213.05807992163,198.720658939814,41.4184611140085,13.6867357993827,204.308802912083,106.630910399525,52.4124392627712,179.483966150916,16.2930401673456,1305.13940383676,244.187907584561,7.33714807279404,4.3258297348297,19.15,6.75,0.6915,0.689,24.2,13.8,9.75,3650,539.35,82.3,54.3,420.1,191.6,-45.7,473.15,365,5155.05,104,90.395,7.72,0.945790199471233,0.00837647794008464,0.000469942425430637,4.50771056882255e-05,0.631390443703657,0.129199401520867,0.0291409008607204,0.0633725207116429,0.314952447880201,0.0764300433489546,0.0351233701989952,0.014624980591965,0.170447901181827,0.156419816357495,1.71684286887386e-08,0.940109196654424,0.000273480607407329,0.0325437938260014,0.0441678545069668,-0.0481197981986249,-1.02813465203799,-1.82839762956489,2.17200605932555,0.162887902736522,0.209078744242048,-0.228956171098249,-0.748112889768004,-0.599719491203467,0.176862704336482,1.0413065924763,-0.695166962648577,-0.818056422266022,-0.180160537028135,-0.392187798361976,-3.58209503008928,-0.0360805369697967,-1.21227675722717,-0.4132712170001,1.18487765610117,"Pteroidea",""
"venturii",11.8884615384616,10.3884615384615,0.547423076923077,3.32069230769231,20.1923076923077,1.15769230769234,19.0346153846154,1019.11538461538,234.980769230769,7.84615384615385,98.4576923076923,96.6730769230769,-16.8653846153846,-87.9076923076923,184.557692307692,285.5,2772.476,-392.461538461538,49.7107692307692,16.0019230769231,5.35283677487567,1.55931444502433,0.0710031960277412,0.676018684311655,5.53824326492963,5.38842634370541,1.87743278072847,464.993533453796,91.2546722934481,6.12275955884147,11.7909854745708,90.7286396137066,44.3030648358119,22.6892560138392,73.7201691429255,88.4281629346669,1648.823471014,287.094441711327,14.5189013146524,5.02435669054717,12,9.95,0.541,3.557,20.1,1.55000000000004,18.7,859,203.7,5.6,99.45,63.9,-30.15,-88.3,163.75,317.5,2739.5,-410.5,52.18,14.685,0.909105392161411,0.00550771763976595,0.114969957194524,0.116484349856707,0.998549449290801,0.495223912304647,0.00943188096605551,0.0557893335438933,0.00857355408138566,0.753526502701187,0.0300327849829977,0.0164559294931982,0.215253679942919,0.0231854622489414,0.0011230233791083,0.404835564942771,0.676263799201188,0.350214562988048,0.268959588431436,-0.000176290932653912,1.41171942968869,0.330322471057743,-0.212125670576757,0.190384277328071,-0.119247366562289,0.723922455360492,0.747236186386735,0.549209054910505,0.761742833705162,-0.0190178708087755,0.83449280993997,0.791412025079819,-0.202984977568229,0.916828815527596,-1.11620153681815,NA,-0.0658530041563388,-0.0901469083038569,0.51286201625557,"Petota","4 South"
"vernei",12.0833333333334,10.6,0.565897435897436,3.15682051282051,20.3448717948718,1.50128205128209,18.8435897435897,1033.38461538462,237.189743589744,7.44102564102564,97.6794871794872,97.4179487179487,-18.8897435897436,-91.1410256410256,188.54358974359,286.538461538462,2676.83076923077,-420.684210526316,48.4625641025641,17.7569230769231,5.33648481450462,2.03689650410153,0.0798649501121127,0.877732811275279,5.80226583318279,5.29731172114547,2.94312712959272,464.414890247288,94.102829519716,5.30410555725309,12.2483979508209,101.732096244046,46.7488913174014,24.3158462297274,83.6182264029478,96.6782090926405,1824.38695430228,319.485321344761,13.9004969085639,6.50410969426099,10.25,10.2,0.549,3.369,19.45,1.35000000000004,18.6,858,207,6.4,95.3,72.4,-35.9,-89.1,166.8,331,1922.6,-454.5,50.99,16.31,0.0361305625881418,1.05716153353704e-05,0.0106375687550181,0.67144848311125,0.579935818694918,0.556377977575114,0.011878382020812,0.0360808740789266,0.0335597653299469,0.034112725936457,0.0751806530488012,0.0494258304987543,0.217291461409847,0.0180046364644065,5.68171119481597e-06,0.00301463769689296,0.12429320589797,0.0870419117310064,0.145488124744661,0.441843242196603,1.95312588812958,0.116981324235388,-0.0963929715500488,0.620150135930597,0.0523531510118929,0.26468142833857,0.623365132290042,0.664645153497356,0.741685764641339,0.732311880271613,0.584574542565196,0.457464255562172,-0.441454148598054,0.838818141112549,-1.03490938558242,0.6538809396905,NA,-0.31370389272106,0.0970255144036253,"Petota","4 South"
"verrucosum_24",13.3590909090909,12.0363636363636,0.633545454545455,2.08372727272727,22.4590909090909,3.37727272727276,19.0818181818182,1122.90909090909,238.181818181818,9.62727272727273,89.8181818181818,113.836363636364,-21.4545454545455,-119.7,233.527272727273,283.636363636364,3080.63636363636,-486.545454545455,58.4827272727273,18.35,5.0206482739691,0.438800016574128,0.0540635989115849,0.788040492729795,5.15954543452319,5.03191631669106,1.28593793148673,389.70538988971,88.5515987227991,5.87640892196772,11.3582409009334,90.312172742408,36.3737092866912,20.4413796011913,97.8374375268393,74.6662878778271,1799.52612999797,231.109655201319,11.7328454271835,5.63156283814715,14.25,12.1,0.626,1.835,22.75,4.55000000000004,19,1079,224.9,8.4,92.3,113.3,-21.1,-115.4,228.1,306,3393.5,-411,60.67,17.23,0.657458501301953,0.583258471541175,0.350721789852083,0.000175668280880303,0.75650422227372,0.440621625564381,0.868748928074025,0.938526568431198,0.00723595258446364,0.684032876611821,0.708023185667978,0.61265078405088,0.96763580331273,0.893321163336677,0.178315802257532,0.540098779028652,0.459733055338712,0.175580729290343,0.279641246228828,0.130293451079364,0.28269790153236,-0.430937378804615,2.65404816950098,0.430000154530657,0.0183879256271083,0.780763339721915,0.0656465632279708,-0.144708459390772,1.89774399991047,-0.474934670871514,-0.30625019868929,-0.0938958298219583,-0.00559910117183458,0.0471255850492175,-1.24015803879635,0.199852184007268,-0.627899766111557,-0.116115061497206,0.653080565122005,"Petota","4 South"
"violaceimarmoratum",11.8651515151515,7.82424242424242,0.687515151515152,1.17006060606061,16.8166666666667,5.43181818181821,11.3848484848485,2141.87878787879,379.063636363636,48.6272727272727,63.8636363636364,260.851515151515,78.6242424242424,-32.2666666666667,293.112121212121,356.545454545455,2721.8935483871,35.6060606060606,78.4078787878788,13.6321212121212,5.1801376195595,0.93909208248922,0.0471202724499506,0.359439575884628,5.07017422448841,5.34704676348627,1.27918949244268,786.448057629037,127.11129429112,27.6697519044632,10.8566747378576,133.062022947036,68.9966893694139,33.2717754510736,115.388468221417,29.5625300307362,1733.64261271568,182.734599110626,13.9514503631289,6.71041949022924,11.65,7.8,0.704,1.164,16.55,5.35000000000004,11.4,2143,402.5,51,64.7,310.1,86.3,-34.6,314,365,2461.6,106,81.51,13.82,0.656205919221314,0.00464998776400294,0.0107686486804471,0.065335521002118,0.898872513756881,0.15422150580306,0.471956734608951,0.361440442558091,0.054657465063897,0.657087559650918,0.219889176358846,0.551538347970324,0.220318942095913,0.302533927152794,3.47583726350899e-11,0.105315906989834,0.00174362466134298,0.164602330438425,0.799515419088983,0.465126339894924,1.32124339191384,-0.90978168313257,0.346376623653163,0.518770400688328,0.256417274496852,0.726506457141002,0.383678248765969,0.3012991491418,0.672226001159334,0.0155588962520286,0.124953761427573,0.285013481118525,0.332909249774688,0.109861408828974,-4.5397580174543,NA,-1.16122323676707,-0.522098335130127,0.146769918992741,"Petota","4 South"
